month,position_id,role,function,cost_bucket,sales_role,location,origin,fte,tenure_months,salary,bonus,employer_tax,benefits,recruiting,capex,people_cost
2026-09,emp-0000,Software Engineer,R&D,R&D,False,Montreal,roster,1.0,59,8926.880072968595,714.1504058374876,1060.513352668669,535.6128043781157,0.0,0.0,11237.156635852867
2026-10,emp-0000,Software Engineer,R&D,R&D,False,Montreal,roster,1.0,60,8926.880072968595,714.1504058374876,1060.513352668669,535.6128043781157,0.0,0.0,11237.156635852867
2026-11,emp-0000,Software Engineer,R&D,R&D,False,Montreal,roster,1.0,61,8926.880072968595,714.1504058374876,1060.513352668669,535.6128043781157,0.0,0.0,11237.156635852867
2026-12,emp-0000,Software Engineer,R&D,R&D,False,Montreal,roster,1.0,62,8926.880072968595,714.1504058374876,1060.513352668669,535.6128043781157,0.0,0.0,11237.156635852867
2027-01,emp-0000,Software Engineer,R&D,R&D,False,Montreal,roster,1.0,63,9239.320875522497,739.1456700417998,1097.6313200120726,554.3592525313497,0.0,0.0,11630.457118107719
2027-02,emp-0000,Software Engineer,R&D,R&D,False,Montreal,roster,1.0,64,9239.320875522497,739.1456700417998,1097.6313200120726,554.3592525313497,0.0,0.0,11630.457118107719
2027-03,emp-0000,Software Engineer,R&D,R&D,False,Montreal,roster,1.0,65,9239.320875522497,739.1456700417998,1097.6313200120726,554.3592525313497,0.0,0.0,11630.457118107719
2027-04,emp-0000,Software Engineer,R&D,R&D,False,Montreal,roster,1.0,66,9239.320875522497,739.1456700417998,1097.6313200120726,554.3592525313497,0.0,0.0,11630.457118107719
2027-05,emp-0000,Software Engineer,R&D,R&D,False,Montreal,roster,1.0,67,9239.320875522497,739.1456700417998,1097.6313200120726,554.3592525313497,0.0,0.0,11630.457118107719
2027-06,emp-0000,Software Engineer,R&D,R&D,False,Montreal,roster,1.0,68,9239.320875522497,739.1456700417998,1097.6313200120726,554.3592525313497,0.0,0.0,11630.457118107719
2027-07,emp-0000,Software Engineer,R&D,R&D,False,Montreal,roster,1.0,69,9239.320875522497,739.1456700417998,1097.6313200120726,554.3592525313497,0.0,0.0,11630.457118107719
2027-08,emp-0000,Software Engineer,R&D,R&D,False,Montreal,roster,1.0,70,9239.320875522497,739.1456700417998,1097.6313200120726,554.3592525313497,0.0,0.0,11630.457118107719
2027-09,emp-0000,Software Engineer,R&D,R&D,False,Montreal,roster,1.0,71,9239.320875522497,739.1456700417998,1097.6313200120726,554.3592525313497,0.0,0.0,11630.457118107719
2027-10,emp-0000,Software Engineer,R&D,R&D,False,Montreal,roster,1.0,72,9239.320875522497,739.1456700417998,1097.6313200120726,554.3592525313497,0.0,0.0,11630.457118107719
2027-11,emp-0000,Software Engineer,R&D,R&D,False,Montreal,roster,1.0,73,9239.320875522497,739.1456700417998,1097.6313200120726,554.3592525313497,0.0,0.0,11630.457118107719
2027-12,emp-0000,Software Engineer,R&D,R&D,False,Montreal,roster,1.0,74,9239.320875522497,739.1456700417998,1097.6313200120726,554.3592525313497,0.0,0.0,11630.457118107719
2028-01,emp-0000,Software Engineer,R&D,R&D,False,Montreal,roster,1.0,75,9562.697106165782,765.0157684932626,1136.0484162124949,573.7618263699469,0.0,0.0,12037.523117241486
2028-02,emp-0000,Software Engineer,R&D,R&D,False,Montreal,roster,1.0,76,9562.697106165782,765.0157684932626,1136.0484162124949,573.7618263699469,0.0,0.0,12037.523117241486
2026-09,emp-0001,Software Engineer,R&D,R&D,False,Montreal,roster,1.0,48,9012.47628188621,720.9981025508968,1070.6821822880818,540.7485769131725,0.0,0.0,11344.90514363836
2026-10,emp-0001,Software Engineer,R&D,R&D,False,Montreal,roster,1.0,49,9012.47628188621,720.9981025508968,1070.6821822880818,540.7485769131725,0.0,0.0,11344.90514363836
2026-11,emp-0001,Software Engineer,R&D,R&D,False,Montreal,roster,1.0,50,9012.47628188621,720.9981025508968,1070.6821822880818,540.7485769131725,0.0,0.0,11344.90514363836
2026-12,emp-0001,Software Engineer,R&D,R&D,False,Montreal,roster,1.0,51,9012.47628188621,720.9981025508968,1070.6821822880818,540.7485769131725,0.0,0.0,11344.90514363836
2027-01,emp-0001,Software Engineer,R&D,R&D,False,Montreal,roster,1.0,52,9327.912951752225,746.233036140178,1108.1560586681644,559.6747771051334,0.0,0.0,11741.976823665702
2027-02,emp-0001,Software Engineer,R&D,R&D,False,Montreal,roster,1.0,53,9327.912951752225,746.233036140178,1108.1560586681644,559.6747771051334,0.0,0.0,11741.976823665702
2027-03,emp-0001,Software Engineer,R&D,R&D,False,Montreal,roster,1.0,54,9327.912951752225,746.233036140178,1108.1560586681644,559.6747771051334,0.0,0.0,11741.976823665702
2027-04,emp-0001,Software Engineer,R&D,R&D,False,Montreal,roster,1.0,55,9327.912951752225,746.233036140178,1108.1560586681644,559.6747771051334,0.0,0.0,11741.976823665702
2027-05,emp-0001,Software Engineer,R&D,R&D,False,Montreal,roster,1.0,56,9327.912951752225,746.233036140178,1108.1560586681644,559.6747771051334,0.0,0.0,11741.976823665702
2027-06,emp-0001,Software Engineer,R&D,R&D,False,Montreal,roster,1.0,57,9327.912951752225,746.233036140178,1108.1560586681644,559.6747771051334,0.0,0.0,11741.976823665702
2027-07,emp-0001,Software Engineer,R&D,R&D,False,Montreal,roster,1.0,58,9327.912951752225,746.233036140178,1108.1560586681644,559.6747771051334,0.0,0.0,11741.976823665702
2027-08,emp-0001,Software Engineer,R&D,R&D,False,Montreal,roster,1.0,59,9327.912951752225,746.233036140178,1108.1560586681644,559.6747771051334,0.0,0.0,11741.976823665702
2027-09,emp-0001,Software Engineer,R&D,R&D,False,Montreal,roster,1.0,60,9327.912951752225,746.233036140178,1108.1560586681644,559.6747771051334,0.0,0.0,11741.976823665702
2027-10,emp-0001,Software Engineer,R&D,R&D,False,Montreal,roster,1.0,61,9327.912951752225,746.233036140178,1108.1560586681644,559.6747771051334,0.0,0.0,11741.976823665702
2027-11,emp-0001,Software Engineer,R&D,R&D,False,Montreal,roster,1.0,62,9327.912951752225,746.233036140178,1108.1560586681644,559.6747771051334,0.0,0.0,11741.976823665702
2027-12,emp-0001,Software Engineer,R&D,R&D,False,Montreal,roster,1.0,63,9327.912951752225,746.233036140178,1108.1560586681644,559.6747771051334,0.0,0.0,11741.976823665702
2028-01,emp-0001,Software Engineer,R&D,R&D,False,Montreal,roster,1.0,64,9654.389905063554,772.3511924050844,1146.9415207215502,579.2633943038132,0.0,0.0,12152.946012494
2028-02,emp-0001,Software Engineer,R&D,R&D,False,Montreal,roster,1.0,65,9654.389905063554,772.3511924050844,1146.9415207215502,579.2633943038132,0.0,0.0,12152.946012494
2026-09,emp-0003,Software Engineer,R&D,R&D,False,Montreal,roster,1.0,50,9715.388695814172,777.2310956651338,1154.1881770627238,582.9233217488503,0.0,0.0,12229.731290290882
2026-10,emp-0003,Software Engineer,R&D,R&D,False,Montreal,roster,1.0,51,9715.388695814172,777.2310956651338,1154.1881770627238,582.9233217488503,0.0,0.0,12229.731290290882
2026-11,emp-0003,Software Engineer,R&D,R&D,False,Montreal,roster,1.0,52,9715.388695814172,777.2310956651338,1154.1881770627238,582.9233217488503,0.0,0.0,12229.731290290882
2026-12,emp-0003,Software Engineer,R&D,R&D,False,Montreal,roster,1.0,53,9715.388695814172,777.2310956651338,1154.1881770627238,582.9233217488503,0.0,0.0,12229.731290290882
2027-01,emp-0003,Software Engineer,R&D,R&D,False,Montreal,roster,1.0,54,10055.427300167668,804.4341840134135,1194.5847632599189,603.3256380100601,0.0,0.0,12657.771885451059
2027-02,emp-0003,Software Engineer,R&D,R&D,False,Montreal,roster,1.0,55,10055.427300167668,804.4341840134135,1194.5847632599189,603.3256380100601,0.0,0.0,12657.771885451059
2027-03,emp-0003,Software Engineer,R&D,R&D,False,Montreal,roster,1.0,56,10055.427300167668,804.4341840134135,1194.5847632599189,603.3256380100601,0.0,0.0,12657.771885451059
2027-04,emp-0003,Software Engineer,R&D,R&D,False,Montreal,roster,1.0,57,10055.427300167668,804.4341840134135,1194.5847632599189,603.3256380100601,0.0,0.0,12657.771885451059
2027-05,emp-0003,Software Engineer,R&D,R&D,False,Montreal,roster,1.0,58,10055.427300167668,804.4341840134135,1194.5847632599189,603.3256380100601,0.0,0.0,12657.771885451059
2027-06,emp-0003,Software Engineer,R&D,R&D,False,Montreal,roster,1.0,59,10055.427300167668,804.4341840134135,1194.5847632599189,603.3256380100601,0.0,0.0,12657.771885451059
2027-07,emp-0003,Software Engineer,R&D,R&D,False,Montreal,roster,1.0,60,10055.427300167668,804.4341840134135,1194.5847632599189,603.3256380100601,0.0,0.0,12657.771885451059
2027-08,emp-0003,Software Engineer,R&D,R&D,False,Montreal,roster,1.0,61,10055.427300167668,804.4341840134135,1194.5847632599189,603.3256380100601,0.0,0.0,12657.771885451059
2027-09,emp-0003,Software Engineer,R&D,R&D,False,Montreal,roster,1.0,62,10055.427300167668,804.4341840134135,1194.5847632599189,603.3256380100601,0.0,0.0,12657.771885451059
2027-10,emp-0003,Software Engineer,R&D,R&D,False,Montreal,roster,1.0,63,10055.427300167668,804.4341840134135,1194.5847632599189,603.3256380100601,0.0,0.0,12657.771885451059
2027-11,emp-0003,Software Engineer,R&D,R&D,False,Montreal,roster,1.0,64,10055.427300167668,804.4341840134135,1194.5847632599189,603.3256380100601,0.0,0.0,12657.771885451059
2027-12,emp-0003,Software Engineer,R&D,R&D,False,Montreal,roster,1.0,65,10055.427300167668,804.4341840134135,1194.5847632599189,603.3256380100601,0.0,0.0,12657.771885451059
2028-01,emp-0003,Software Engineer,R&D,R&D,False,Montreal,roster,1.0,66,10407.367255673535,832.5893804538828,1236.3952299740158,624.4420353404121,0.0,0.0,13100.793901441844
2028-02,emp-0003,Software Engineer,R&D,R&D,False,Montreal,roster,1.0,67,10407.367255673535,832.5893804538828,1236.3952299740158,624.4420353404121,0.0,0.0,13100.793901441844
2026-09,emp-0004,Software Engineer,R&D,R&D,False,Montreal,roster,1.0,68,9685.964419037267,774.8771535229814,1150.6925729816273,581.157865142236,0.0,0.0,12192.69201068411
2026-10,emp-0004,Software Engineer,R&D,R&D,False,Montreal,roster,1.0,69,9685.964419037267,774.8771535229814,1150.6925729816273,581.157865142236,0.0,0.0,12192.69201068411
2026-11,emp-0004,Software Engineer,R&D,R&D,False,Montreal,roster,1.0,70,9685.964419037267,774.8771535229814,1150.6925729816273,581.157865142236,0.0,0.0,12192.69201068411
2026-12,emp-0004,Software Engineer,R&D,R&D,False,Montreal,roster,1.0,71,9685.964419037267,774.8771535229814,1150.6925729816273,581.157865142236,0.0,0.0,12192.69201068411
2027-01,emp-0004,Software Engineer,R&D,R&D,False,Montreal,roster,1.0,72,10024.97317370357,801.9978538962857,1190.9668130359842,601.4983904222142,0.0,0.0,12619.436231058055
2027-02,emp-0004,Software Engineer,R&D,R&D,False,Montreal,roster,1.0,73,10024.97317370357,801.9978538962857,1190.9668130359842,601.4983904222142,0.0,0.0,12619.436231058055
2027-03,emp-0004,Software Engineer,R&D,R&D,False,Montreal,roster,1.0,74,10024.97317370357,801.9978538962857,1190.9668130359842,601.4983904222142,0.0,0.0,12619.436231058055
2027-04,emp-0004,Software Engineer,R&D,R&D,False,Montreal,roster,1.0,75,10024.97317370357,801.9978538962857,1190.9668130359842,601.4983904222142,0.0,0.0,12619.436231058055
2027-05,emp-0004,Software Engineer,R&D,R&D,False,Montreal,roster,1.0,76,10024.97317370357,801.9978538962857,1190.9668130359842,601.4983904222142,0.0,0.0,12619.436231058055
2027-06,emp-0004,Software Engineer,R&D,R&D,False,Montreal,roster,1.0,77,10024.97317370357,801.9978538962857,1190.9668130359842,601.4983904222142,0.0,0.0,12619.436231058055
2027-07,emp-0004,Software Engineer,R&D,R&D,False,Montreal,roster,1.0,78,10024.97317370357,801.9978538962857,1190.9668130359842,601.4983904222142,0.0,0.0,12619.436231058055
2027-08,emp-0004,Software Engineer,R&D,R&D,False,Montreal,roster,1.0,79,10024.97317370357,801.9978538962857,1190.9668130359842,601.4983904222142,0.0,0.0,12619.436231058055
2027-09,emp-0004,Software Engineer,R&D,R&D,False,Montreal,roster,1.0,80,10024.97317370357,801.9978538962857,1190.9668130359842,601.4983904222142,0.0,0.0,12619.436231058055
2027-10,emp-0004,Software Engineer,R&D,R&D,False,Montreal,roster,1.0,81,10024.97317370357,801.9978538962857,1190.9668130359842,601.4983904222142,0.0,0.0,12619.436231058055
2027-11,emp-0004,Software Engineer,R&D,R&D,False,Montreal,roster,1.0,82,10024.97317370357,801.9978538962857,1190.9668130359842,601.4983904222142,0.0,0.0,12619.436231058055
2027-12,emp-0004,Software Engineer,R&D,R&D,False,Montreal,roster,1.0,83,10024.97317370357,801.9978538962857,1190.9668130359842,601.4983904222142,0.0,0.0,12619.436231058055
2028-01,emp-0004,Software Engineer,R&D,R&D,False,Montreal,roster,1.0,84,10375.847234783194,830.0677787826555,1232.6506514922435,622.5508340869916,0.0,0.0,13061.116499145084
2028-02,emp-0004,Software Engineer,R&D,R&D,False,Montreal,roster,1.0,85,10375.847234783194,830.0677787826555,1232.6506514922435,622.5508340869916,0.0,0.0,13061.116499145084
2026-09,emp-0005,Software Engineer,R&D,R&D,False,Montreal,roster,1.0,46,8690.115552704176,695.209244216334,1032.385727661256,521.4069331622505,0.0,0.0,10939.117457744016
2026-10,emp-0005,Software Engineer,R&D,R&D,False,Montreal,roster,1.0,47,8690.115552704176,695.209244216334,1032.385727661256,521.4069331622505,0.0,0.0,10939.117457744016
2026-11,emp-0005,Software Engineer,R&D,R&D,False,Montreal,roster,1.0,48,8690.115552704176,695.209244216334,1032.385727661256,521.4069331622505,0.0,0.0,10939.117457744016
2026-12,emp-0005,Software Engineer,R&D,R&D,False,Montreal,roster,1.0,49,8690.115552704176,695.209244216334,1032.385727661256,521.4069331622505,0.0,0.0,10939.117457744016
2027-01,emp-0005,Software Engineer,R&D,R&D,False,Montreal,roster,1.0,50,8994.269597048818,719.5415677639055,1068.5192281293996,539.6561758229291,0.0,0.0,11321.986568765053
2027-02,emp-0005,Software Engineer,R&D,R&D,False,Montreal,roster,1.0,51,8994.269597048818,719.5415677639055,1068.5192281293996,539.6561758229291,0.0,0.0,11321.986568765053
2027-03,emp-0005,Software Engineer,R&D,R&D,False,Montreal,roster,1.0,52,8994.269597048818,719.5415677639055,1068.5192281293996,539.6561758229291,0.0,0.0,11321.986568765053
2027-04,emp-0005,Software Engineer,R&D,R&D,False,Montreal,roster,1.0,53,8994.269597048818,719.5415677639055,1068.5192281293996,539.6561758229291,0.0,0.0,11321.986568765053
2027-05,emp-0005,Software Engineer,R&D,R&D,False,Montreal,roster,1.0,54,8994.269597048818,719.5415677639055,1068.5192281293996,539.6561758229291,0.0,0.0,11321.986568765053
2027-06,emp-0005,Software Engineer,R&D,R&D,False,Montreal,roster,1.0,55,8994.269597048818,719.5415677639055,1068.5192281293996,539.6561758229291,0.0,0.0,11321.986568765053
2027-07,emp-0005,Software Engineer,R&D,R&D,False,Montreal,roster,1.0,56,8994.269597048818,719.5415677639055,1068.5192281293996,539.6561758229291,0.0,0.0,11321.986568765053
2027-08,emp-0005,Software Engineer,R&D,R&D,False,Montreal,roster,1.0,57,8994.269597048818,719.5415677639055,1068.5192281293996,539.6561758229291,0.0,0.0,11321.986568765053
2027-09,emp-0005,Software Engineer,R&D,R&D,False,Montreal,roster,1.0,58,8994.269597048818,719.5415677639055,1068.5192281293996,539.6561758229291,0.0,0.0,11321.986568765053
2027-10,emp-0005,Software Engineer,R&D,R&D,False,Montreal,roster,1.0,59,8994.269597048818,719.5415677639055,1068.5192281293996,539.6561758229291,0.0,0.0,11321.986568765053
2027-11,emp-0005,Software Engineer,R&D,R&D,False,Montreal,roster,1.0,60,8994.269597048818,719.5415677639055,1068.5192281293996,539.6561758229291,0.0,0.0,11321.986568765053
2027-12,emp-0005,Software Engineer,R&D,R&D,False,Montreal,roster,1.0,61,8994.269597048818,719.5415677639055,1068.5192281293996,539.6561758229291,0.0,0.0,11321.986568765053
2028-01,emp-0005,Software Engineer,R&D,R&D,False,Montreal,roster,1.0,62,9309.069032945526,744.7255226356422,1105.9174011139287,558.5441419767316,0.0,0.0,11718.25609867183
2028-02,emp-0005,Software Engineer,R&D,R&D,False,Montreal,roster,1.0,63,9309.069032945526,744.7255226356422,1105.9174011139287,558.5441419767316,0.0,0.0,11718.25609867183
2026-09,emp-0006,Software Engineer,R&D,R&D,False,Montreal,roster,1.0,31,8036.707822414311,642.9366257931449,954.76088930282,482.2024693448586,0.0,0.0,10116.607806855132
2026-10,emp-0006,Software Engineer,R&D,R&D,False,Montreal,roster,1.0,32,8036.707822414311,642.9366257931449,954.76088930282,482.2024693448586,0.0,0.0,10116.607806855132
2026-11,emp-0006,Software Engineer,R&D,R&D,False,Montreal,roster,1.0,33,8036.707822414311,642.9366257931449,954.76088930282,482.2024693448586,0.0,0.0,10116.607806855132
2026-12,emp-0006,Software Engineer,R&D,R&D,False,Montreal,roster,1.0,34,8036.707822414311,642.9366257931449,954.76088930282,482.2024693448586,0.0,0.0,10116.607806855132
2027-01,emp-0006,Software Engineer,R&D,R&D,False,Montreal,roster,1.0,35,8317.99259619881,665.4394076959048,988.1775204284187,499.0795557719286,0.0,0.0,10470.689080095062
2027-02,emp-0006,Software Engineer,R&D,R&D,False,Montreal,roster,1.0,36,8317.99259619881,665.4394076959048,988.1775204284187,499.0795557719286,0.0,0.0,10470.689080095062
2027-03,emp-0006,Software Engineer,R&D,R&D,False,Montreal,roster,1.0,37,8317.99259619881,665.4394076959048,988.1775204284187,499.0795557719286,0.0,0.0,10470.689080095062
2027-04,emp-0006,Software Engineer,R&D,R&D,False,Montreal,roster,1.0,38,8317.99259619881,665.4394076959048,988.1775204284187,499.0795557719286,0.0,0.0,10470.689080095062
2027-05,emp-0006,Software Engineer,R&D,R&D,False,Montreal,roster,1.0,39,8317.99259619881,665.4394076959048,988.1775204284187,499.0795557719286,0.0,0.0,10470.689080095062
2027-06,emp-0006,Software Engineer,R&D,R&D,False,Montreal,roster,1.0,40,8317.99259619881,665.4394076959048,988.1775204284187,499.0795557719286,0.0,0.0,10470.689080095062
2027-07,emp-0006,Software Engineer,R&D,R&D,False,Montreal,roster,1.0,41,8317.99259619881,665.4394076959048,988.1775204284187,499.0795557719286,0.0,0.0,10470.689080095062
2027-08,emp-0006,Software Engineer,R&D,R&D,False,Montreal,roster,1.0,42,8317.99259619881,665.4394076959048,988.1775204284187,499.0795557719286,0.0,0.0,10470.689080095062
2027-09,emp-0006,Software Engineer,R&D,R&D,False,Montreal,roster,1.0,43,8317.99259619881,665.4394076959048,988.1775204284187,499.0795557719286,0.0,0.0,10470.689080095062
2027-10,emp-0006,Software Engineer,R&D,R&D,False,Montreal,roster,1.0,44,8317.99259619881,665.4394076959048,988.1775204284187,499.0795557719286,0.0,0.0,10470.689080095062
2027-11,emp-0006,Software Engineer,R&D,R&D,False,Montreal,roster,1.0,45,8317.99259619881,665.4394076959048,988.1775204284187,499.0795557719286,0.0,0.0,10470.689080095062
2027-12,emp-0006,Software Engineer,R&D,R&D,False,Montreal,roster,1.0,46,8317.99259619881,665.4394076959048,988.1775204284187,499.0795557719286,0.0,0.0,10470.689080095062
2028-01,emp-0006,Software Engineer,R&D,R&D,False,Montreal,roster,1.0,47,8609.122337065768,688.7297869652615,1022.7637336434133,516.5473402239461,0.0,0.0,10837.163197898388
2028-02,emp-0006,Software Engineer,R&D,R&D,False,Montreal,roster,1.0,48,8609.122337065768,688.7297869652615,1022.7637336434133,516.5473402239461,0.0,0.0,10837.163197898388
2026-09,emp-0007,Software Engineer,R&D,R&D,False,Montreal,roster,1.0,83,10776.039771157955,862.0831816926365,1280.193524813565,646.5623862694773,0.0,0.0,13564.878863933634
2026-10,emp-0007,Software Engineer,R&D,R&D,False,Montreal,roster,1.0,84,10776.039771157955,862.0831816926365,1280.193524813565,646.5623862694773,0.0,0.0,13564.878863933634
2026-11,emp-0007,Software Engineer,R&D,R&D,False,Montreal,roster,1.0,85,10776.039771157955,862.0831816926365,1280.193524813565,646.5623862694773,0.0,0.0,13564.878863933634
2026-12,emp-0007,Software Engineer,R&D,R&D,False,Montreal,roster,1.0,86,10776.039771157955,862.0831816926365,1280.193524813565,646.5623862694773,0.0,0.0,13564.878863933634
2027-01,emp-0007,Software Engineer,R&D,R&D,False,Montreal,roster,1.0,87,11153.201163148486,892.2560930518789,1325.00029818204,669.1920697889091,0.0,0.0,14039.649624171314
2027-02,emp-0007,Software Engineer,R&D,R&D,False,Montreal,roster,1.0,88,11153.201163148486,892.2560930518789,1325.00029818204,669.1920697889091,0.0,0.0,14039.649624171314
2027-03,emp-0007,Software Engineer,R&D,R&D,False,Montreal,roster,1.0,89,11153.201163148486,892.2560930518789,1325.00029818204,669.1920697889091,0.0,0.0,14039.649624171314
2027-04,emp-0007,Software Engineer,R&D,R&D,False,Montreal,roster,1.0,90,11153.201163148486,892.2560930518789,1325.00029818204,669.1920697889091,0.0,0.0,14039.649624171314
2027-05,emp-0007,Software Engineer,R&D,R&D,False,Montreal,roster,1.0,91,11153.201163148486,892.2560930518789,1325.00029818204,669.1920697889091,0.0,0.0,14039.649624171314
2027-06,emp-0007,Software Engineer,R&D,R&D,False,Montreal,roster,1.0,92,11153.201163148486,892.2560930518789,1325.00029818204,669.1920697889091,0.0,0.0,14039.649624171314
2027-07,emp-0007,Software Engineer,R&D,R&D,False,Montreal,roster,1.0,93,11153.201163148486,892.2560930518789,1325.00029818204,669.1920697889091,0.0,0.0,14039.649624171314
2027-08,emp-0007,Software Engineer,R&D,R&D,False,Montreal,roster,1.0,94,11153.201163148486,892.2560930518789,1325.00029818204,669.1920697889091,0.0,0.0,14039.649624171314
2027-09,emp-0007,Software Engineer,R&D,R&D,False,Montreal,roster,1.0,95,11153.201163148486,892.2560930518789,1325.00029818204,669.1920697889091,0.0,0.0,14039.649624171314
2027-10,emp-0007,Software Engineer,R&D,R&D,False,Montreal,roster,1.0,96,11153.201163148486,892.2560930518789,1325.00029818204,669.1920697889091,0.0,0.0,14039.649624171314
2027-11,emp-0007,Software Engineer,R&D,R&D,False,Montreal,roster,1.0,97,11153.201163148486,892.2560930518789,1325.00029818204,669.1920697889091,0.0,0.0,14039.649624171314
2027-12,emp-0007,Software Engineer,R&D,R&D,False,Montreal,roster,1.0,98,11153.201163148486,892.2560930518789,1325.00029818204,669.1920697889091,0.0,0.0,14039.649624171314
2028-01,emp-0007,Software Engineer,R&D,R&D,False,Montreal,roster,1.0,99,11543.563203858683,923.4850563086947,1371.3753086184115,692.613792231521,0.0,0.0,14531.03736101731
2028-02,emp-0007,Software Engineer,R&D,R&D,False,Montreal,roster,1.0,100,11543.563203858683,923.4850563086947,1371.3753086184115,692.613792231521,0.0,0.0,14531.03736101731
2026-09,emp-0009,Software Engineer,R&D,R&D,False,Montreal,roster,1.0,62,9605.151585683678,768.4121268546942,1141.092008379221,576.3090951410206,0.0,0.0,12090.964816058615
2026-10,emp-0009,Software Engineer,R&D,R&D,False,Montreal,roster,1.0,63,9605.151585683678,768.4121268546942,1141.092008379221,576.3090951410206,0.0,0.0,12090.964816058615
2026-11,emp-0009,Software Engineer,R&D,R&D,False,Montreal,roster,1.0,64,9605.151585683678,768.4121268546942,1141.092008379221,576.3090951410206,0.0,0.0,12090.964816058615
2026-12,emp-0009,Software Engineer,R&D,R&D,False,Montreal,roster,1.0,65,9605.151585683678,768.4121268546942,1141.092008379221,576.3090951410206,0.0,0.0,12090.964816058615
2027-01,emp-0009,Software Engineer,R&D,R&D,False,Montreal,roster,1.0,66,9941.331891182605,795.3065512946084,1181.0302286724934,596.4799134709563,0.0,0.0,12514.148584620661
2027-02,emp-0009,Software Engineer,R&D,R&D,False,Montreal,roster,1.0,67,9941.331891182605,795.3065512946084,1181.0302286724934,596.4799134709563,0.0,0.0,12514.148584620661
2027-03,emp-0009,Software Engineer,R&D,R&D,False,Montreal,roster,1.0,68,9941.331891182605,795.3065512946084,1181.0302286724934,596.4799134709563,0.0,0.0,12514.148584620661
2027-04,emp-0009,Software Engineer,R&D,R&D,False,Montreal,roster,1.0,69,9941.331891182605,795.3065512946084,1181.0302286724934,596.4799134709563,0.0,0.0,12514.148584620661
2027-05,emp-0009,Software Engineer,R&D,R&D,False,Montreal,roster,1.0,70,9941.331891182605,795.3065512946084,1181.0302286724934,596.4799134709563,0.0,0.0,12514.148584620661
2027-06,emp-0009,Software Engineer,R&D,R&D,False,Montreal,roster,1.0,71,9941.331891182605,795.3065512946084,1181.0302286724934,596.4799134709563,0.0,0.0,12514.148584620661
2027-07,emp-0009,Software Engineer,R&D,R&D,False,Montreal,roster,1.0,72,9941.331891182605,795.3065512946084,1181.0302286724934,596.4799134709563,0.0,0.0,12514.148584620661
2027-08,emp-0009,Software Engineer,R&D,R&D,False,Montreal,roster,1.0,73,9941.331891182605,795.3065512946084,1181.0302286724934,596.4799134709563,0.0,0.0,12514.148584620661
2027-09,emp-0009,Software Engineer,R&D,R&D,False,Montreal,roster,1.0,74,9941.331891182605,795.3065512946084,1181.0302286724934,596.4799134709563,0.0,0.0,12514.148584620661
2027-10,emp-0009,Software Engineer,R&D,R&D,False,Montreal,roster,1.0,75,9941.331891182605,795.3065512946084,1181.0302286724934,596.4799134709563,0.0,0.0,12514.148584620661
2027-11,emp-0009,Software Engineer,R&D,R&D,False,Montreal,roster,1.0,76,9941.331891182605,795.3065512946084,1181.0302286724934,596.4799134709563,0.0,0.0,12514.148584620661
2027-12,emp-0009,Software Engineer,R&D,R&D,False,Montreal,roster,1.0,77,9941.331891182605,795.3065512946084,1181.0302286724934,596.4799134709563,0.0,0.0,12514.148584620661
2028-01,emp-0009,Software Engineer,R&D,R&D,False,Montreal,roster,1.0,78,10289.278507373996,823.1422805899197,1222.3662866760308,617.3567104424397,0.0,0.0,12952.143785082388
2028-02,emp-0009,Software Engineer,R&D,R&D,False,Montreal,roster,1.0,79,10289.278507373996,823.1422805899197,1222.3662866760308,617.3567104424397,0.0,0.0,12952.143785082388
2026-09,emp-0010,Software Engineer,R&D,R&D,False,Montreal,roster,1.0,75,10166.413744633963,813.313099570717,1207.7699528625149,609.9848246780377,0.0,0.0,12797.481621745233
2026-10,emp-0010,Software Engineer,R&D,R&D,False,Montreal,roster,1.0,76,10166.413744633963,813.313099570717,1207.7699528625149,609.9848246780377,0.0,0.0,12797.481621745233
2026-11,emp-0010,Software Engineer,R&D,R&D,False,Montreal,roster,1.0,77,10166.413744633963,813.313099570717,1207.7699528625149,609.9848246780377,0.0,0.0,12797.481621745233
2026-12,emp-0010,Software Engineer,R&D,R&D,False,Montreal,roster,1.0,78,10166.413744633963,813.313099570717,1207.7699528625149,609.9848246780377,0.0,0.0,12797.481621745233
2027-01,emp-0010,Software Engineer,R&D,R&D,False,Montreal,roster,1.0,79,10522.23822569615,841.7790580556921,1250.0419012127027,631.334293541769,0.0,0.0,13245.393478506314
2027-02,emp-0010,Software Engineer,R&D,R&D,False,Montreal,roster,1.0,80,10522.23822569615,841.7790580556921,1250.0419012127027,631.334293541769,0.0,0.0,13245.393478506314
2027-03,emp-0010,Software Engineer,R&D,R&D,False,Montreal,roster,1.0,81,10522.23822569615,841.7790580556921,1250.0419012127027,631.334293541769,0.0,0.0,13245.393478506314
2027-04,emp-0010,Software Engineer,R&D,R&D,False,Montreal,roster,1.0,82,10522.23822569615,841.7790580556921,1250.0419012127027,631.334293541769,0.0,0.0,13245.393478506314
2027-05,emp-0010,Software Engineer,R&D,R&D,False,Montreal,roster,1.0,83,10522.23822569615,841.7790580556921,1250.0419012127027,631.334293541769,0.0,0.0,13245.393478506314
2027-06,emp-0010,Software Engineer,R&D,R&D,False,Montreal,roster,1.0,84,10522.23822569615,841.7790580556921,1250.0419012127027,631.334293541769,0.0,0.0,13245.393478506314
2027-07,emp-0010,Software Engineer,R&D,R&D,False,Montreal,roster,1.0,85,10522.23822569615,841.7790580556921,1250.0419012127027,631.334293541769,0.0,0.0,13245.393478506314
2027-08,emp-0010,Software Engineer,R&D,R&D,False,Montreal,roster,1.0,86,10522.23822569615,841.7790580556921,1250.0419012127027,631.334293541769,0.0,0.0,13245.393478506314
2027-09,emp-0010,Software Engineer,R&D,R&D,False,Montreal,roster,1.0,87,10522.23822569615,841.7790580556921,1250.0419012127027,631.334293541769,0.0,0.0,13245.393478506314
2027-10,emp-0010,Software Engineer,R&D,R&D,False,Montreal,roster,1.0,88,10522.23822569615,841.7790580556921,1250.0419012127027,631.334293541769,0.0,0.0,13245.393478506314
2027-11,emp-0010,Software Engineer,R&D,R&D,False,Montreal,roster,1.0,89,10522.23822569615,841.7790580556921,1250.0419012127027,631.334293541769,0.0,0.0,13245.393478506314
2027-12,emp-0010,Software Engineer,R&D,R&D,False,Montreal,roster,1.0,90,10522.23822569615,841.7790580556921,1250.0419012127027,631.334293541769,0.0,0.0,13245.393478506314
2028-01,emp-0010,Software Engineer,R&D,R&D,False,Montreal,roster,1.0,91,10890.516563595515,871.2413250876411,1293.793367755147,653.4309938157309,0.0,0.0,13708.982250254034
2028-02,emp-0010,Software Engineer,R&D,R&D,False,Montreal,roster,1.0,92,10890.516563595515,871.2413250876411,1293.793367755147,653.4309938157309,0.0,0.0,13708.982250254034
2026-09,emp-0011,Software Engineer,R&D,R&D,False,Montreal,roster,1.0,29,7868.639501614063,629.4911601291251,934.7943727917506,472.11837009684376,0.0,0.0,9905.04340463178
2026-10,emp-0011,Software Engineer,R&D,R&D,False,Montreal,roster,1.0,30,7868.639501614063,629.4911601291251,934.7943727917506,472.11837009684376,0.0,0.0,9905.04340463178
2026-11,emp-0011,Software Engineer,R&D,R&D,False,Montreal,roster,1.0,31,7868.639501614063,629.4911601291251,934.7943727917506,472.11837009684376,0.0,0.0,9905.04340463178
2026-12,emp-0011,Software Engineer,R&D,R&D,False,Montreal,roster,1.0,32,7868.639501614063,629.4911601291251,934.7943727917506,472.11837009684376,0.0,0.0,9905.04340463178
2027-01,emp-0011,Software Engineer,R&D,R&D,False,Montreal,roster,1.0,33,8144.041884170554,651.5233507336443,967.512175839462,488.6425130502332,0.0,0.0,10251.719923793895
2027-02,emp-0011,Software Engineer,R&D,R&D,False,Montreal,roster,1.0,34,8144.041884170554,651.5233507336443,967.512175839462,488.6425130502332,0.0,0.0,10251.719923793895
2027-03,emp-0011,Software Engineer,R&D,R&D,False,Montreal,roster,1.0,35,8144.041884170554,651.5233507336443,967.512175839462,488.6425130502332,0.0,0.0,10251.719923793895
2027-04,emp-0011,Software Engineer,R&D,R&D,False,Montreal,roster,1.0,36,8144.041884170554,651.5233507336443,967.512175839462,488.6425130502332,0.0,0.0,10251.719923793895
2027-05,emp-0011,Software Engineer,R&D,R&D,False,Montreal,roster,1.0,37,8144.041884170554,651.5233507336443,967.512175839462,488.6425130502332,0.0,0.0,10251.719923793895
2027-06,emp-0011,Software Engineer,R&D,R&D,False,Montreal,roster,1.0,38,8144.041884170554,651.5233507336443,967.512175839462,488.6425130502332,0.0,0.0,10251.719923793895
2027-07,emp-0011,Software Engineer,R&D,R&D,False,Montreal,roster,1.0,39,8144.041884170554,651.5233507336443,967.512175839462,488.6425130502332,0.0,0.0,10251.719923793895
2027-08,emp-0011,Software Engineer,R&D,R&D,False,Montreal,roster,1.0,40,8144.041884170554,651.5233507336443,967.512175839462,488.6425130502332,0.0,0.0,10251.719923793895
2027-09,emp-0011,Software Engineer,R&D,R&D,False,Montreal,roster,1.0,41,8144.041884170554,651.5233507336443,967.512175839462,488.6425130502332,0.0,0.0,10251.719923793895
2027-10,emp-0011,Software Engineer,R&D,R&D,False,Montreal,roster,1.0,42,8144.041884170554,651.5233507336443,967.512175839462,488.6425130502332,0.0,0.0,10251.719923793895
2027-11,emp-0011,Software Engineer,R&D,R&D,False,Montreal,roster,1.0,43,8144.041884170554,651.5233507336443,967.512175839462,488.6425130502332,0.0,0.0,10251.719923793895
2027-12,emp-0011,Software Engineer,R&D,R&D,False,Montreal,roster,1.0,44,8144.041884170554,651.5233507336443,967.512175839462,488.6425130502332,0.0,0.0,10251.719923793895
2028-01,emp-0011,Software Engineer,R&D,R&D,False,Montreal,roster,1.0,45,8429.083350116523,674.3266680093219,1001.375101993843,505.7450010069914,0.0,0.0,10610.53012112668
2028-02,emp-0011,Software Engineer,R&D,R&D,False,Montreal,roster,1.0,46,8429.083350116523,674.3266680093219,1001.375101993843,505.7450010069914,0.0,0.0,10610.53012112668
2026-09,emp-0012,Software Engineer,R&D,R&D,False,Montreal,roster,1.0,27,8048.196665655135,643.8557332524108,956.1257638798301,482.8917999393081,0.0,0.0,10131.069962726686
2026-10,emp-0012,Software Engineer,R&D,R&D,False,Montreal,roster,1.0,28,8048.196665655135,643.8557332524108,956.1257638798301,482.8917999393081,0.0,0.0,10131.069962726686
2026-11,emp-0012,Software Engineer,R&D,R&D,False,Montreal,roster,1.0,29,8048.196665655135,643.8557332524108,956.1257638798301,482.8917999393081,0.0,0.0,10131.069962726686
2026-12,emp-0012,Software Engineer,R&D,R&D,False,Montreal,roster,1.0,30,8048.196665655135,643.8557332524108,956.1257638798301,482.8917999393081,0.0,0.0,10131.069962726686
2027-01,emp-0012,Software Engineer,R&D,R&D,False,Montreal,roster,1.0,31,8329.883548953063,666.390683916245,989.5901656156238,499.79301293718373,0.0,0.0,10485.657411422115
2027-02,emp-0012,Software Engineer,R&D,R&D,False,Montreal,roster,1.0,32,8329.883548953063,666.390683916245,989.5901656156238,499.79301293718373,0.0,0.0,10485.657411422115
2027-03,emp-0012,Software Engineer,R&D,R&D,False,Montreal,roster,1.0,33,8329.883548953063,666.390683916245,989.5901656156238,499.79301293718373,0.0,0.0,10485.657411422115
2027-04,emp-0012,Software Engineer,R&D,R&D,False,Montreal,roster,1.0,34,8329.883548953063,666.390683916245,989.5901656156238,499.79301293718373,0.0,0.0,10485.657411422115
2027-05,emp-0012,Software Engineer,R&D,R&D,False,Montreal,roster,1.0,35,8329.883548953063,666.390683916245,989.5901656156238,499.79301293718373,0.0,0.0,10485.657411422115
2027-06,emp-0012,Software Engineer,R&D,R&D,False,Montreal,roster,1.0,36,8329.883548953063,666.390683916245,989.5901656156238,499.79301293718373,0.0,0.0,10485.657411422115
2027-07,emp-0012,Software Engineer,R&D,R&D,False,Montreal,roster,1.0,37,8329.883548953063,666.390683916245,989.5901656156238,499.79301293718373,0.0,0.0,10485.657411422115
2027-08,emp-0012,Software Engineer,R&D,R&D,False,Montreal,roster,1.0,38,8329.883548953063,666.390683916245,989.5901656156238,499.79301293718373,0.0,0.0,10485.657411422115
2027-09,emp-0012,Software Engineer,R&D,R&D,False,Montreal,roster,1.0,39,8329.883548953063,666.390683916245,989.5901656156238,499.79301293718373,0.0,0.0,10485.657411422115
2027-10,emp-0012,Software Engineer,R&D,R&D,False,Montreal,roster,1.0,40,8329.883548953063,666.390683916245,989.5901656156238,499.79301293718373,0.0,0.0,10485.657411422115
2027-11,emp-0012,Software Engineer,R&D,R&D,False,Montreal,roster,1.0,41,8329.883548953063,666.390683916245,989.5901656156238,499.79301293718373,0.0,0.0,10485.657411422115
2027-12,emp-0012,Software Engineer,R&D,R&D,False,Montreal,roster,1.0,42,8329.883548953063,666.390683916245,989.5901656156238,499.79301293718373,0.0,0.0,10485.657411422115
2028-01,emp-0012,Software Engineer,R&D,R&D,False,Montreal,roster,1.0,43,8621.429473166421,689.7143578533137,1024.225821412171,517.2857683899853,0.0,0.0,10852.655420821891
2028-02,emp-0012,Software Engineer,R&D,R&D,False,Montreal,roster,1.0,44,8621.429473166421,689.7143578533137,1024.225821412171,517.2857683899853,0.0,0.0,10852.655420821891
2026-09,emp-0013,Software Engineer,R&D,R&D,False,Montreal,roster,1.0,74,9088.844039949543,727.1075231959635,1079.7546719460058,545.3306423969725,0.0,0.0,11441.036877488485
2026-10,emp-0013,Software Engineer,R&D,R&D,False,Montreal,roster,1.0,75,9088.844039949543,727.1075231959635,1079.7546719460058,545.3306423969725,0.0,0.0,11441.036877488485
2026-11,emp-0013,Software Engineer,R&D,R&D,False,Montreal,roster,1.0,76,9088.844039949543,727.1075231959635,1079.7546719460058,545.3306423969725,0.0,0.0,11441.036877488485
2026-12,emp-0013,Software Engineer,R&D,R&D,False,Montreal,roster,1.0,77,9088.844039949543,727.1075231959635,1079.7546719460058,545.3306423969725,0.0,0.0,11441.036877488485
2027-01,emp-0013,Software Engineer,R&D,R&D,False,Montreal,roster,1.0,78,9406.953581347776,752.556286507822,1117.5460854641158,564.4172148808665,0.0,0.0,11841.47316820058
2027-02,emp-0013,Software Engineer,R&D,R&D,False,Montreal,roster,1.0,79,9406.953581347776,752.556286507822,1117.5460854641158,564.4172148808665,0.0,0.0,11841.47316820058
2027-03,emp-0013,Software Engineer,R&D,R&D,False,Montreal,roster,1.0,80,9406.953581347776,752.556286507822,1117.5460854641158,564.4172148808665,0.0,0.0,11841.47316820058
2027-04,emp-0013,Software Engineer,R&D,R&D,False,Montreal,roster,1.0,81,9406.953581347776,752.556286507822,1117.5460854641158,564.4172148808665,0.0,0.0,11841.47316820058
2027-05,emp-0013,Software Engineer,R&D,R&D,False,Montreal,roster,1.0,82,9406.953581347776,752.556286507822,1117.5460854641158,564.4172148808665,0.0,0.0,11841.47316820058
2027-06,emp-0013,Software Engineer,R&D,R&D,False,Montreal,roster,1.0,83,9406.953581347776,752.556286507822,1117.5460854641158,564.4172148808665,0.0,0.0,11841.47316820058
2027-07,emp-0013,Software Engineer,R&D,R&D,False,Montreal,roster,1.0,84,9406.953581347776,752.556286507822,1117.5460854641158,564.4172148808665,0.0,0.0,11841.47316820058
2027-08,emp-0013,Software Engineer,R&D,R&D,False,Montreal,roster,1.0,85,9406.953581347776,752.556286507822,1117.5460854641158,564.4172148808665,0.0,0.0,11841.47316820058
2027-09,emp-0013,Software Engineer,R&D,R&D,False,Montreal,roster,1.0,86,9406.953581347776,752.556286507822,1117.5460854641158,564.4172148808665,0.0,0.0,11841.47316820058
2027-10,emp-0013,Software Engineer,R&D,R&D,False,Montreal,roster,1.0,87,9406.953581347776,752.556286507822,1117.5460854641158,564.4172148808665,0.0,0.0,11841.47316820058
2027-11,emp-0013,Software Engineer,R&D,R&D,False,Montreal,roster,1.0,88,9406.953581347776,752.556286507822,1117.5460854641158,564.4172148808665,0.0,0.0,11841.47316820058
2027-12,emp-0013,Software Engineer,R&D,R&D,False,Montreal,roster,1.0,89,9406.953581347776,752.556286507822,1117.5460854641158,564.4172148808665,0.0,0.0,11841.47316820058
2028-01,emp-0013,Software Engineer,R&D,R&D,False,Montreal,roster,1.0,90,9736.196956694946,778.8957565355958,1156.6601984553597,584.1718174016968,0.0,0.0,12255.9247290876
2028-02,emp-0013,Software Engineer,R&D,R&D,False,Montreal,roster,1.0,91,9736.196956694946,778.8957565355958,1156.6601984553597,584.1718174016968,0.0,0.0,12255.9247290876
2026-09,emp-0014,Software Engineer,R&D,R&D,False,Montreal,roster,1.0,57,10095.07505900906,807.6060047207247,1199.2949170102763,605.7045035405436,0.0,0.0,12707.680484280605
2026-10,emp-0014,Software Engineer,R&D,R&D,False,Montreal,roster,1.0,58,10095.07505900906,807.6060047207247,1199.2949170102763,605.7045035405436,0.0,0.0,12707.680484280605
2026-11,emp-0014,Software Engineer,R&D,R&D,False,Montreal,roster,1.0,59,10095.07505900906,807.6060047207247,1199.2949170102763,605.7045035405436,0.0,0.0,12707.680484280605
2026-12,emp-0014,Software Engineer,R&D,R&D,False,Montreal,roster,1.0,60,10095.07505900906,807.6060047207247,1199.2949170102763,605.7045035405436,0.0,0.0,12707.680484280605
2027-01,emp-0014,Software Engineer,R&D,R&D,False,Montreal,roster,1.0,61,10448.402686074374,835.8722148859499,1241.2702391056357,626.9041611644624,0.0,0.0,13152.449301230423
2027-02,emp-0014,Software Engineer,R&D,R&D,False,Montreal,roster,1.0,62,10448.402686074374,835.8722148859499,1241.2702391056357,626.9041611644624,0.0,0.0,13152.449301230423
2027-03,emp-0014,Software Engineer,R&D,R&D,False,Montreal,roster,1.0,63,10448.402686074374,835.8722148859499,1241.2702391056357,626.9041611644624,0.0,0.0,13152.449301230423
2027-04,emp-0014,Software Engineer,R&D,R&D,False,Montreal,roster,1.0,64,10448.402686074374,835.8722148859499,1241.2702391056357,626.9041611644624,0.0,0.0,13152.449301230423
2027-05,emp-0014,Software Engineer,R&D,R&D,False,Montreal,roster,1.0,65,10448.402686074374,835.8722148859499,1241.2702391056357,626.9041611644624,0.0,0.0,13152.449301230423
2027-06,emp-0014,Software Engineer,R&D,R&D,False,Montreal,roster,1.0,66,10448.402686074374,835.8722148859499,1241.2702391056357,626.9041611644624,0.0,0.0,13152.449301230423
2027-07,emp-0014,Software Engineer,R&D,R&D,False,Montreal,roster,1.0,67,10448.402686074374,835.8722148859499,1241.2702391056357,626.9041611644624,0.0,0.0,13152.449301230423
2027-08,emp-0014,Software Engineer,R&D,R&D,False,Montreal,roster,1.0,68,10448.402686074374,835.8722148859499,1241.2702391056357,626.9041611644624,0.0,0.0,13152.449301230423
2027-09,emp-0014,Software Engineer,R&D,R&D,False,Montreal,roster,1.0,69,10448.402686074374,835.8722148859499,1241.2702391056357,626.9041611644624,0.0,0.0,13152.449301230423
2027-10,emp-0014,Software Engineer,R&D,R&D,False,Montreal,roster,1.0,70,10448.402686074374,835.8722148859499,1241.2702391056357,626.9041611644624,0.0,0.0,13152.449301230423
2027-11,emp-0014,Software Engineer,R&D,R&D,False,Montreal,roster,1.0,71,10448.402686074374,835.8722148859499,1241.2702391056357,626.9041611644624,0.0,0.0,13152.449301230423
2027-12,emp-0014,Software Engineer,R&D,R&D,False,Montreal,roster,1.0,72,10448.402686074374,835.8722148859499,1241.2702391056357,626.9041611644624,0.0,0.0,13152.449301230423
2028-01,emp-0014,Software Engineer,R&D,R&D,False,Montreal,roster,1.0,73,10814.096780086978,865.1277424069583,1284.714697474333,648.8458068052187,0.0,0.0,13612.785026773488
2028-02,emp-0014,Software Engineer,R&D,R&D,False,Montreal,roster,1.0,74,10814.096780086978,865.1277424069583,1284.714697474333,648.8458068052187,0.0,0.0,13612.785026773488
2026-09,emp-0015,Senior Software Engineer,R&D,R&D,False,Montreal,roster,1.0,57,12421.07812364048,993.6862498912384,1475.624081088489,745.2646874184288,0.0,0.0,15635.653142038635
2026-10,emp-0015,Senior Software Engineer,R&D,R&D,False,Montreal,roster,1.0,58,12421.07812364048,993.6862498912384,1475.624081088489,745.2646874184288,0.0,0.0,15635.653142038635
2026-11,emp-0015,Senior Software Engineer,R&D,R&D,False,Montreal,roster,1.0,59,12421.07812364048,993.6862498912384,1475.624081088489,745.2646874184288,0.0,0.0,15635.653142038635
2026-12,emp-0015,Senior Software Engineer,R&D,R&D,False,Montreal,roster,1.0,60,12421.07812364048,993.6862498912384,1475.624081088489,745.2646874184288,0.0,0.0,15635.653142038635
2027-01,emp-0015,Senior Software Engineer,R&D,R&D,False,Montreal,roster,1.0,61,12855.815857967895,1028.4652686374316,1527.270923926586,771.3489514780737,0.0,0.0,16182.901002009987
2027-02,emp-0015,Senior Software Engineer,R&D,R&D,False,Montreal,roster,1.0,62,12855.815857967895,1028.4652686374316,1527.270923926586,771.3489514780737,0.0,0.0,16182.901002009987
2027-03,emp-0015,Senior Software Engineer,R&D,R&D,False,Montreal,roster,1.0,63,12855.815857967895,1028.4652686374316,1527.270923926586,771.3489514780737,0.0,0.0,16182.901002009987
2027-04,emp-0015,Senior Software Engineer,R&D,R&D,False,Montreal,roster,1.0,64,12855.815857967895,1028.4652686374316,1527.270923926586,771.3489514780737,0.0,0.0,16182.901002009987
2027-05,emp-0015,Senior Software Engineer,R&D,R&D,False,Montreal,roster,1.0,65,12855.815857967895,1028.4652686374316,1527.270923926586,771.3489514780737,0.0,0.0,16182.901002009987
2027-06,emp-0015,Senior Software Engineer,R&D,R&D,False,Montreal,roster,1.0,66,12855.815857967895,1028.4652686374316,1527.270923926586,771.3489514780737,0.0,0.0,16182.901002009987
2027-07,emp-0015,Senior Software Engineer,R&D,R&D,False,Montreal,roster,1.0,67,12855.815857967895,1028.4652686374316,1527.270923926586,771.3489514780737,0.0,0.0,16182.901002009987
2027-08,emp-0015,Senior Software Engineer,R&D,R&D,False,Montreal,roster,1.0,68,12855.815857967895,1028.4652686374316,1527.270923926586,771.3489514780737,0.0,0.0,16182.901002009987
2027-09,emp-0015,Senior Software Engineer,R&D,R&D,False,Montreal,roster,1.0,69,12855.815857967895,1028.4652686374316,1527.270923926586,771.3489514780737,0.0,0.0,16182.901002009987
2027-10,emp-0015,Senior Software Engineer,R&D,R&D,False,Montreal,roster,1.0,70,12855.815857967895,1028.4652686374316,1527.270923926586,771.3489514780737,0.0,0.0,16182.901002009987
2027-11,emp-0015,Senior Software Engineer,R&D,R&D,False,Montreal,roster,1.0,71,12855.815857967895,1028.4652686374316,1527.270923926586,771.3489514780737,0.0,0.0,16182.901002009987
2027-12,emp-0015,Senior Software Engineer,R&D,R&D,False,Montreal,roster,1.0,72,12855.815857967895,1028.4652686374316,1527.270923926586,771.3489514780737,0.0,0.0,16182.901002009987
2028-01,emp-0015,Senior Software Engineer,R&D,R&D,False,Montreal,roster,1.0,73,13305.76941299677,1064.4615530397416,1580.7254062640163,798.3461647798061,0.0,0.0,16749.302537080333
2028-02,emp-0015,Senior Software Engineer,R&D,R&D,False,Montreal,roster,1.0,74,13305.76941299677,1064.4615530397416,1580.7254062640163,798.3461647798061,0.0,0.0,16749.302537080333
2026-09,emp-0017,Senior Software Engineer,R&D,R&D,False,Montreal,roster,1.0,50,11413.740884880186,913.099270790415,1355.952417123766,684.8244530928112,0.0,0.0,14367.617025887179
2026-10,emp-0017,Senior Software Engineer,R&D,R&D,False,Montreal,roster,1.0,51,11413.740884880186,913.099270790415,1355.952417123766,684.8244530928112,0.0,0.0,14367.617025887179
2026-11,emp-0017,Senior Software Engineer,R&D,R&D,False,Montreal,roster,1.0,52,11413.740884880186,913.099270790415,1355.952417123766,684.8244530928112,0.0,0.0,14367.617025887179
2026-12,emp-0017,Senior Software Engineer,R&D,R&D,False,Montreal,roster,1.0,53,11413.740884880186,913.099270790415,1355.952417123766,684.8244530928112,0.0,0.0,14367.617025887179
2027-01,emp-0017,Senior Software Engineer,R&D,R&D,False,Montreal,roster,1.0,54,11813.221815850993,945.0577452680794,1403.410751723098,708.7933089510595,0.0,0.0,14870.48362179323
2027-02,emp-0017,Senior Software Engineer,R&D,R&D,False,Montreal,roster,1.0,55,11813.221815850993,945.0577452680794,1403.410751723098,708.7933089510595,0.0,0.0,14870.48362179323
2027-03,emp-0017,Senior Software Engineer,R&D,R&D,False,Montreal,roster,1.0,56,11813.221815850993,945.0577452680794,1403.410751723098,708.7933089510595,0.0,0.0,14870.48362179323
2027-04,emp-0017,Senior Software Engineer,R&D,R&D,False,Montreal,roster,1.0,57,11813.221815850993,945.0577452680794,1403.410751723098,708.7933089510595,0.0,0.0,14870.48362179323
2027-05,emp-0017,Senior Software Engineer,R&D,R&D,False,Montreal,roster,1.0,58,11813.221815850993,945.0577452680794,1403.410751723098,708.7933089510595,0.0,0.0,14870.48362179323
2027-06,emp-0017,Senior Software Engineer,R&D,R&D,False,Montreal,roster,1.0,59,11813.221815850993,945.0577452680794,1403.410751723098,708.7933089510595,0.0,0.0,14870.48362179323
2027-07,emp-0017,Senior Software Engineer,R&D,R&D,False,Montreal,roster,1.0,60,11813.221815850993,945.0577452680794,1403.410751723098,708.7933089510595,0.0,0.0,14870.48362179323
2027-08,emp-0017,Senior Software Engineer,R&D,R&D,False,Montreal,roster,1.0,61,11813.221815850993,945.0577452680794,1403.410751723098,708.7933089510595,0.0,0.0,14870.48362179323
2027-09,emp-0017,Senior Software Engineer,R&D,R&D,False,Montreal,roster,1.0,62,11813.221815850993,945.0577452680794,1403.410751723098,708.7933089510595,0.0,0.0,14870.48362179323
2027-10,emp-0017,Senior Software Engineer,R&D,R&D,False,Montreal,roster,1.0,63,11813.221815850993,945.0577452680794,1403.410751723098,708.7933089510595,0.0,0.0,14870.48362179323
2027-11,emp-0017,Senior Software Engineer,R&D,R&D,False,Montreal,roster,1.0,64,11813.221815850993,945.0577452680794,1403.410751723098,708.7933089510595,0.0,0.0,14870.48362179323
2027-12,emp-0017,Senior Software Engineer,R&D,R&D,False,Montreal,roster,1.0,65,11813.221815850993,945.0577452680794,1403.410751723098,708.7933089510595,0.0,0.0,14870.48362179323
2028-01,emp-0017,Senior Software Engineer,R&D,R&D,False,Montreal,roster,1.0,66,12226.684579405775,978.1347663524621,1452.5301280334063,733.6010747643465,0.0,0.0,15390.950548555991
2028-02,emp-0017,Senior Software Engineer,R&D,R&D,False,Montreal,roster,1.0,67,12226.684579405775,978.1347663524621,1452.5301280334063,733.6010747643465,0.0,0.0,15390.950548555991
2026-09,emp-0018,Senior Software Engineer,R&D,R&D,False,Montreal,roster,1.0,78,12202.2786772212,976.182294177696,1449.6307068538786,732.136720633272,0.0,0.0,15360.228398886047
2026-10,emp-0018,Senior Software Engineer,R&D,R&D,False,Montreal,roster,1.0,79,12202.2786772212,976.182294177696,1449.6307068538786,732.136720633272,0.0,0.0,15360.228398886047
2026-11,emp-0018,Senior Software Engineer,R&D,R&D,False,Montreal,roster,1.0,80,12202.2786772212,976.182294177696,1449.6307068538786,732.136720633272,0.0,0.0,15360.228398886047
2026-12,emp-0018,Senior Software Engineer,R&D,R&D,False,Montreal,roster,1.0,81,12202.2786772212,976.182294177696,1449.6307068538786,732.136720633272,0.0,0.0,15360.228398886047
2027-01,emp-0018,Senior Software Engineer,R&D,R&D,False,Montreal,roster,1.0,82,12629.358430923943,1010.3486744739155,1500.3677815937644,757.7615058554366,0.0,0.0,15897.836392847059
2027-02,emp-0018,Senior Software Engineer,R&D,R&D,False,Montreal,roster,1.0,83,12629.358430923943,1010.3486744739155,1500.3677815937644,757.7615058554366,0.0,0.0,15897.836392847059
2027-03,emp-0018,Senior Software Engineer,R&D,R&D,False,Montreal,roster,1.0,84,12629.358430923943,1010.3486744739155,1500.3677815937644,757.7615058554366,0.0,0.0,15897.836392847059
2027-04,emp-0018,Senior Software Engineer,R&D,R&D,False,Montreal,roster,1.0,85,12629.358430923943,1010.3486744739155,1500.3677815937644,757.7615058554366,0.0,0.0,15897.836392847059
2027-05,emp-0018,Senior Software Engineer,R&D,R&D,False,Montreal,roster,1.0,86,12629.358430923943,1010.3486744739155,1500.3677815937644,757.7615058554366,0.0,0.0,15897.836392847059
2027-06,emp-0018,Senior Software Engineer,R&D,R&D,False,Montreal,roster,1.0,87,12629.358430923943,1010.3486744739155,1500.3677815937644,757.7615058554366,0.0,0.0,15897.836392847059
2027-07,emp-0018,Senior Software Engineer,R&D,R&D,False,Montreal,roster,1.0,88,12629.358430923943,1010.3486744739155,1500.3677815937644,757.7615058554366,0.0,0.0,15897.836392847059
2027-08,emp-0018,Senior Software Engineer,R&D,R&D,False,Montreal,roster,1.0,89,12629.358430923943,1010.3486744739155,1500.3677815937644,757.7615058554366,0.0,0.0,15897.836392847059
2027-09,emp-0018,Senior Software Engineer,R&D,R&D,False,Montreal,roster,1.0,90,12629.358430923943,1010.3486744739155,1500.3677815937644,757.7615058554366,0.0,0.0,15897.836392847059
2027-10,emp-0018,Senior Software Engineer,R&D,R&D,False,Montreal,roster,1.0,91,12629.358430923943,1010.3486744739155,1500.3677815937644,757.7615058554366,0.0,0.0,15897.836392847059
2027-11,emp-0018,Senior Software Engineer,R&D,R&D,False,Montreal,roster,1.0,92,12629.358430923943,1010.3486744739155,1500.3677815937644,757.7615058554366,0.0,0.0,15897.836392847059
2027-12,emp-0018,Senior Software Engineer,R&D,R&D,False,Montreal,roster,1.0,93,12629.358430923943,1010.3486744739155,1500.3677815937644,757.7615058554366,0.0,0.0,15897.836392847059
2028-01,emp-0018,Senior Software Engineer,R&D,R&D,False,Montreal,roster,1.0,94,13071.385976006279,1045.7108780805024,1552.880653949546,784.2831585603767,0.0,0.0,16454.260666596703
2028-02,emp-0018,Senior Software Engineer,R&D,R&D,False,Montreal,roster,1.0,95,13071.385976006279,1045.7108780805024,1552.880653949546,784.2831585603767,0.0,0.0,16454.260666596703
2026-09,emp-0019,Senior Software Engineer,R&D,R&D,False,Montreal,roster,1.0,79,13571.421849077315,1085.713747926185,1612.284915670385,814.2853109446388,0.0,0.0,17083.705823618526
2026-10,emp-0019,Senior Software Engineer,R&D,R&D,False,Montreal,roster,1.0,80,13571.421849077315,1085.713747926185,1612.284915670385,814.2853109446388,0.0,0.0,17083.705823618526
2026-11,emp-0019,Senior Software Engineer,R&D,R&D,False,Montreal,roster,1.0,81,13571.421849077315,1085.713747926185,1612.284915670385,814.2853109446388,0.0,0.0,17083.705823618526
2026-12,emp-0019,Senior Software Engineer,R&D,R&D,False,Montreal,roster,1.0,82,13571.421849077315,1085.713747926185,1612.284915670385,814.2853109446388,0.0,0.0,17083.705823618526
2027-01,emp-0019,Senior Software Engineer,R&D,R&D,False,Montreal,roster,1.0,83,14046.421613795019,1123.7137291036015,1668.7148877188483,842.7852968277011,0.0,0.0,17681.63552744517
2027-02,emp-0019,Senior Software Engineer,R&D,R&D,False,Montreal,roster,1.0,84,14046.421613795019,1123.7137291036015,1668.7148877188483,842.7852968277011,0.0,0.0,17681.63552744517
2027-03,emp-0019,Senior Software Engineer,R&D,R&D,False,Montreal,roster,1.0,85,14046.421613795019,1123.7137291036015,1668.7148877188483,842.7852968277011,0.0,0.0,17681.63552744517
2027-04,emp-0019,Senior Software Engineer,R&D,R&D,False,Montreal,roster,1.0,86,14046.421613795019,1123.7137291036015,1668.7148877188483,842.7852968277011,0.0,0.0,17681.63552744517
2027-05,emp-0019,Senior Software Engineer,R&D,R&D,False,Montreal,roster,1.0,87,14046.421613795019,1123.7137291036015,1668.7148877188483,842.7852968277011,0.0,0.0,17681.63552744517
2027-06,emp-0019,Senior Software Engineer,R&D,R&D,False,Montreal,roster,1.0,88,14046.421613795019,1123.7137291036015,1668.7148877188483,842.7852968277011,0.0,0.0,17681.63552744517
2027-07,emp-0019,Senior Software Engineer,R&D,R&D,False,Montreal,roster,1.0,89,14046.421613795019,1123.7137291036015,1668.7148877188483,842.7852968277011,0.0,0.0,17681.63552744517
2027-08,emp-0019,Senior Software Engineer,R&D,R&D,False,Montreal,roster,1.0,90,14046.421613795019,1123.7137291036015,1668.7148877188483,842.7852968277011,0.0,0.0,17681.63552744517
2027-09,emp-0019,Senior Software Engineer,R&D,R&D,False,Montreal,roster,1.0,91,14046.421613795019,1123.7137291036015,1668.7148877188483,842.7852968277011,0.0,0.0,17681.63552744517
2027-10,emp-0019,Senior Software Engineer,R&D,R&D,False,Montreal,roster,1.0,92,14046.421613795019,1123.7137291036015,1668.7148877188483,842.7852968277011,0.0,0.0,17681.63552744517
2027-11,emp-0019,Senior Software Engineer,R&D,R&D,False,Montreal,roster,1.0,93,14046.421613795019,1123.7137291036015,1668.7148877188483,842.7852968277011,0.0,0.0,17681.63552744517
2027-12,emp-0019,Senior Software Engineer,R&D,R&D,False,Montreal,roster,1.0,94,14046.421613795019,1123.7137291036015,1668.7148877188483,842.7852968277011,0.0,0.0,17681.63552744517
2028-01,emp-0019,Senior Software Engineer,R&D,R&D,False,Montreal,roster,1.0,95,14538.046370277845,1163.0437096222277,1727.1199087890082,872.2827822166706,0.0,0.0,18300.492770905752
2028-02,emp-0019,Senior Software Engineer,R&D,R&D,False,Montreal,roster,1.0,96,14538.046370277845,1163.0437096222277,1727.1199087890082,872.2827822166706,0.0,0.0,18300.492770905752
2026-09,emp-0021,Senior Software Engineer,R&D,R&D,False,Montreal,roster,1.0,28,10941.917648153363,875.3534118522691,1299.8998166006195,656.5150588892018,0.0,0.0,13773.685935495452
2026-10,emp-0021,Senior Software Engineer,R&D,R&D,False,Montreal,roster,1.0,29,10941.917648153363,875.3534118522691,1299.8998166006195,656.5150588892018,0.0,0.0,13773.685935495452
2026-11,emp-0021,Senior Software Engineer,R&D,R&D,False,Montreal,roster,1.0,30,10941.917648153363,875.3534118522691,1299.8998166006195,656.5150588892018,0.0,0.0,13773.685935495452
2026-12,emp-0021,Senior Software Engineer,R&D,R&D,False,Montreal,roster,1.0,31,10941.917648153363,875.3534118522691,1299.8998166006195,656.5150588892018,0.0,0.0,13773.685935495452
2027-01,emp-0021,Senior Software Engineer,R&D,R&D,False,Montreal,roster,1.0,32,11324.88476583873,905.9907812670983,1345.3963101816412,679.4930859503237,0.0,0.0,14255.764943237793
2027-02,emp-0021,Senior Software Engineer,R&D,R&D,False,Montreal,roster,1.0,33,11324.88476583873,905.9907812670983,1345.3963101816412,679.4930859503237,0.0,0.0,14255.764943237793
2027-03,emp-0021,Senior Software Engineer,R&D,R&D,False,Montreal,roster,1.0,34,11324.88476583873,905.9907812670983,1345.3963101816412,679.4930859503237,0.0,0.0,14255.764943237793
2027-04,emp-0021,Senior Software Engineer,R&D,R&D,False,Montreal,roster,1.0,35,11324.88476583873,905.9907812670983,1345.3963101816412,679.4930859503237,0.0,0.0,14255.764943237793
2027-05,emp-0021,Senior Software Engineer,R&D,R&D,False,Montreal,roster,1.0,36,11324.88476583873,905.9907812670983,1345.3963101816412,679.4930859503237,0.0,0.0,14255.764943237793
2027-06,emp-0021,Senior Software Engineer,R&D,R&D,False,Montreal,roster,1.0,37,11324.88476583873,905.9907812670983,1345.3963101816412,679.4930859503237,0.0,0.0,14255.764943237793
2027-07,emp-0021,Senior Software Engineer,R&D,R&D,False,Montreal,roster,1.0,38,11324.88476583873,905.9907812670983,1345.3963101816412,679.4930859503237,0.0,0.0,14255.764943237793
2027-08,emp-0021,Senior Software Engineer,R&D,R&D,False,Montreal,roster,1.0,39,11324.88476583873,905.9907812670983,1345.3963101816412,679.4930859503237,0.0,0.0,14255.764943237793
2027-09,emp-0021,Senior Software Engineer,R&D,R&D,False,Montreal,roster,1.0,40,11324.88476583873,905.9907812670983,1345.3963101816412,679.4930859503237,0.0,0.0,14255.764943237793
2027-10,emp-0021,Senior Software Engineer,R&D,R&D,False,Montreal,roster,1.0,41,11324.88476583873,905.9907812670983,1345.3963101816412,679.4930859503237,0.0,0.0,14255.764943237793
2027-11,emp-0021,Senior Software Engineer,R&D,R&D,False,Montreal,roster,1.0,42,11324.88476583873,905.9907812670983,1345.3963101816412,679.4930859503237,0.0,0.0,14255.764943237793
2027-12,emp-0021,Senior Software Engineer,R&D,R&D,False,Montreal,roster,1.0,43,11324.88476583873,905.9907812670983,1345.3963101816412,679.4930859503237,0.0,0.0,14255.764943237793
2028-01,emp-0021,Senior Software Engineer,R&D,R&D,False,Montreal,roster,1.0,44,11721.255732643085,937.7004586114468,1392.4851810379985,703.275343958585,0.0,0.0,14754.716716251116
2028-02,emp-0021,Senior Software Engineer,R&D,R&D,False,Montreal,roster,1.0,45,11721.255732643085,937.7004586114468,1392.4851810379985,703.275343958585,0.0,0.0,14754.716716251116
2026-09,emp-0022,Senior Software Engineer,R&D,R&D,False,Montreal,roster,1.0,80,13222.88097420566,1057.8304779364528,1570.8782597356326,793.3728584523395,0.0,0.0,16644.962570330084
2026-10,emp-0022,Senior Software Engineer,R&D,R&D,False,Montreal,roster,1.0,81,13222.88097420566,1057.8304779364528,1570.8782597356326,793.3728584523395,0.0,0.0,16644.962570330084
2026-11,emp-0022,Senior Software Engineer,R&D,R&D,False,Montreal,roster,1.0,82,13222.88097420566,1057.8304779364528,1570.8782597356326,793.3728584523395,0.0,0.0,16644.962570330084
2026-12,emp-0022,Senior Software Engineer,R&D,R&D,False,Montreal,roster,1.0,83,13222.88097420566,1057.8304779364528,1570.8782597356326,793.3728584523395,0.0,0.0,16644.962570330084
2027-01,emp-0022,Senior Software Engineer,R&D,R&D,False,Montreal,roster,1.0,84,13685.681808302856,1094.8545446642286,1625.8589988263793,821.1409084981713,0.0,0.0,17227.536260291636
2027-02,emp-0022,Senior Software Engineer,R&D,R&D,False,Montreal,roster,1.0,85,13685.681808302856,1094.8545446642286,1625.8589988263793,821.1409084981713,0.0,0.0,17227.536260291636
2027-03,emp-0022,Senior Software Engineer,R&D,R&D,False,Montreal,roster,1.0,86,13685.681808302856,1094.8545446642286,1625.8589988263793,821.1409084981713,0.0,0.0,17227.536260291636
2027-04,emp-0022,Senior Software Engineer,R&D,R&D,False,Montreal,roster,1.0,87,13685.681808302856,1094.8545446642286,1625.8589988263793,821.1409084981713,0.0,0.0,17227.536260291636
2027-05,emp-0022,Senior Software Engineer,R&D,R&D,False,Montreal,roster,1.0,88,13685.681808302856,1094.8545446642286,1625.8589988263793,821.1409084981713,0.0,0.0,17227.536260291636
2027-06,emp-0022,Senior Software Engineer,R&D,R&D,False,Montreal,roster,1.0,89,13685.681808302856,1094.8545446642286,1625.8589988263793,821.1409084981713,0.0,0.0,17227.536260291636
2027-07,emp-0022,Senior Software Engineer,R&D,R&D,False,Montreal,roster,1.0,90,13685.681808302856,1094.8545446642286,1625.8589988263793,821.1409084981713,0.0,0.0,17227.536260291636
2027-08,emp-0022,Senior Software Engineer,R&D,R&D,False,Montreal,roster,1.0,91,13685.681808302856,1094.8545446642286,1625.8589988263793,821.1409084981713,0.0,0.0,17227.536260291636
2027-09,emp-0022,Senior Software Engineer,R&D,R&D,False,Montreal,roster,1.0,92,13685.681808302856,1094.8545446642286,1625.8589988263793,821.1409084981713,0.0,0.0,17227.536260291636
2027-10,emp-0022,Senior Software Engineer,R&D,R&D,False,Montreal,roster,1.0,93,13685.681808302856,1094.8545446642286,1625.8589988263793,821.1409084981713,0.0,0.0,17227.536260291636
2027-11,emp-0022,Senior Software Engineer,R&D,R&D,False,Montreal,roster,1.0,94,13685.681808302856,1094.8545446642286,1625.8589988263793,821.1409084981713,0.0,0.0,17227.536260291636
2027-12,emp-0022,Senior Software Engineer,R&D,R&D,False,Montreal,roster,1.0,95,13685.681808302856,1094.8545446642286,1625.8589988263793,821.1409084981713,0.0,0.0,17227.536260291636
2028-01,emp-0022,Senior Software Engineer,R&D,R&D,False,Montreal,roster,1.0,96,14164.680671593456,1133.1744537274765,1682.7640637853026,849.8808402956073,0.0,0.0,17830.500029401843
2028-02,emp-0022,Senior Software Engineer,R&D,R&D,False,Montreal,roster,1.0,97,14164.680671593456,1133.1744537274765,1682.7640637853026,849.8808402956073,0.0,0.0,17830.500029401843
2026-09,emp-0023,Senior Software Engineer,R&D,R&D,False,Montreal,roster,1.0,51,12846.718167706962,1027.737453416557,1526.190118323587,770.8030900624177,0.0,0.0,16171.448829509525
2026-10,emp-0023,Senior Software Engineer,R&D,R&D,False,Montreal,roster,1.0,52,12846.718167706962,1027.737453416557,1526.190118323587,770.8030900624177,0.0,0.0,16171.448829509525
2026-11,emp-0023,Senior Software Engineer,R&D,R&D,False,Montreal,roster,1.0,53,12846.718167706962,1027.737453416557,1526.190118323587,770.8030900624177,0.0,0.0,16171.448829509525
2026-12,emp-0023,Senior Software Engineer,R&D,R&D,False,Montreal,roster,1.0,54,12846.718167706962,1027.737453416557,1526.190118323587,770.8030900624177,0.0,0.0,16171.448829509525
2027-01,emp-0023,Senior Software Engineer,R&D,R&D,False,Montreal,roster,1.0,55,13296.353303576705,1063.7082642861365,1579.6067724649126,797.7811982146022,0.0,0.0,16737.449538542358
2027-02,emp-0023,Senior Software Engineer,R&D,R&D,False,Montreal,roster,1.0,56,13296.353303576705,1063.7082642861365,1579.6067724649126,797.7811982146022,0.0,0.0,16737.449538542358
2027-03,emp-0023,Senior Software Engineer,R&D,R&D,False,Montreal,roster,1.0,57,13296.353303576705,1063.7082642861365,1579.6067724649126,797.7811982146022,0.0,0.0,16737.449538542358
2027-04,emp-0023,Senior Software Engineer,R&D,R&D,False,Montreal,roster,1.0,58,13296.353303576705,1063.7082642861365,1579.6067724649126,797.7811982146022,0.0,0.0,16737.449538542358
2027-05,emp-0023,Senior Software Engineer,R&D,R&D,False,Montreal,roster,1.0,59,13296.353303576705,1063.7082642861365,1579.6067724649126,797.7811982146022,0.0,0.0,16737.449538542358
2027-06,emp-0023,Senior Software Engineer,R&D,R&D,False,Montreal,roster,1.0,60,13296.353303576705,1063.7082642861365,1579.6067724649126,797.7811982146022,0.0,0.0,16737.449538542358
2027-07,emp-0023,Senior Software Engineer,R&D,R&D,False,Montreal,roster,1.0,61,13296.353303576705,1063.7082642861365,1579.6067724649126,797.7811982146022,0.0,0.0,16737.449538542358
2027-08,emp-0023,Senior Software Engineer,R&D,R&D,False,Montreal,roster,1.0,62,13296.353303576705,1063.7082642861365,1579.6067724649126,797.7811982146022,0.0,0.0,16737.449538542358
2027-09,emp-0023,Senior Software Engineer,R&D,R&D,False,Montreal,roster,1.0,63,13296.353303576705,1063.7082642861365,1579.6067724649126,797.7811982146022,0.0,0.0,16737.449538542358
2027-10,emp-0023,Senior Software Engineer,R&D,R&D,False,Montreal,roster,1.0,64,13296.353303576705,1063.7082642861365,1579.6067724649126,797.7811982146022,0.0,0.0,16737.449538542358
2027-11,emp-0023,Senior Software Engineer,R&D,R&D,False,Montreal,roster,1.0,65,13296.353303576705,1063.7082642861365,1579.6067724649126,797.7811982146022,0.0,0.0,16737.449538542358
2027-12,emp-0023,Senior Software Engineer,R&D,R&D,False,Montreal,roster,1.0,66,13296.353303576705,1063.7082642861365,1579.6067724649126,797.7811982146022,0.0,0.0,16737.449538542358
2028-01,emp-0023,Senior Software Engineer,R&D,R&D,False,Montreal,roster,1.0,67,13761.725669201887,1100.938053536151,1634.8930095011842,825.7035401521132,0.0,0.0,17323.260272391337
2028-02,emp-0023,Senior Software Engineer,R&D,R&D,False,Montreal,roster,1.0,68,13761.725669201887,1100.938053536151,1634.8930095011842,825.7035401521132,0.0,0.0,17323.260272391337
2026-09,emp-0024,Senior Software Engineer,R&D,R&D,False,Montreal,roster,1.0,67,11554.005171925492,924.3204137540394,1372.6158144247484,693.2403103155294,0.0,0.0,14544.181710419809
2026-10,emp-0024,Senior Software Engineer,R&D,R&D,False,Montreal,roster,1.0,68,11554.005171925492,924.3204137540394,1372.6158144247484,693.2403103155294,0.0,0.0,14544.181710419809
2026-11,emp-0024,Senior Software Engineer,R&D,R&D,False,Montreal,roster,1.0,69,11554.005171925492,924.3204137540394,1372.6158144247484,693.2403103155294,0.0,0.0,14544.181710419809
2026-12,emp-0024,Senior Software Engineer,R&D,R&D,False,Montreal,roster,1.0,70,11554.005171925492,924.3204137540394,1372.6158144247484,693.2403103155294,0.0,0.0,14544.181710419809
2027-01,emp-0024,Senior Software Engineer,R&D,R&D,False,Montreal,roster,1.0,71,11958.395352942884,956.6716282354307,1420.6573679296146,717.503721176573,0.0,0.0,15053.228070284502
2027-02,emp-0024,Senior Software Engineer,R&D,R&D,False,Montreal,roster,1.0,72,11958.395352942884,956.6716282354307,1420.6573679296146,717.503721176573,0.0,0.0,15053.228070284502
2027-03,emp-0024,Senior Software Engineer,R&D,R&D,False,Montreal,roster,1.0,73,11958.395352942884,956.6716282354307,1420.6573679296146,717.503721176573,0.0,0.0,15053.228070284502
2027-04,emp-0024,Senior Software Engineer,R&D,R&D,False,Montreal,roster,1.0,74,11958.395352942884,956.6716282354307,1420.6573679296146,717.503721176573,0.0,0.0,15053.228070284502
2027-05,emp-0024,Senior Software Engineer,R&D,R&D,False,Montreal,roster,1.0,75,11958.395352942884,956.6716282354307,1420.6573679296146,717.503721176573,0.0,0.0,15053.228070284502
2027-06,emp-0024,Senior Software Engineer,R&D,R&D,False,Montreal,roster,1.0,76,11958.395352942884,956.6716282354307,1420.6573679296146,717.503721176573,0.0,0.0,15053.228070284502
2027-07,emp-0024,Senior Software Engineer,R&D,R&D,False,Montreal,roster,1.0,77,11958.395352942884,956.6716282354307,1420.6573679296146,717.503721176573,0.0,0.0,15053.228070284502
2027-08,emp-0024,Senior Software Engineer,R&D,R&D,False,Montreal,roster,1.0,78,11958.395352942884,956.6716282354307,1420.6573679296146,717.503721176573,0.0,0.0,15053.228070284502
2027-09,emp-0024,Senior Software Engineer,R&D,R&D,False,Montreal,roster,1.0,79,11958.395352942884,956.6716282354307,1420.6573679296146,717.503721176573,0.0,0.0,15053.228070284502
2027-10,emp-0024,Senior Software Engineer,R&D,R&D,False,Montreal,roster,1.0,80,11958.395352942884,956.6716282354307,1420.6573679296146,717.503721176573,0.0,0.0,15053.228070284502
2027-11,emp-0024,Senior Software Engineer,R&D,R&D,False,Montreal,roster,1.0,81,11958.395352942884,956.6716282354307,1420.6573679296146,717.503721176573,0.0,0.0,15053.228070284502
2027-12,emp-0024,Senior Software Engineer,R&D,R&D,False,Montreal,roster,1.0,82,11958.395352942884,956.6716282354307,1420.6573679296146,717.503721176573,0.0,0.0,15053.228070284502
2028-01,emp-0024,Senior Software Engineer,R&D,R&D,False,Montreal,roster,1.0,83,12376.939190295883,990.1551352236706,1470.380375807151,742.616351417753,0.0,0.0,15580.09105274446
2028-02,emp-0024,Senior Software Engineer,R&D,R&D,False,Montreal,roster,1.0,84,12376.939190295883,990.1551352236706,1470.380375807151,742.616351417753,0.0,0.0,15580.09105274446
2026-09,emp-0026,Engineering Manager,R&D,R&D,False,Montreal,roster,1.0,72,16456.835088639335,1316.5468070911468,1955.072008530353,987.41010531836,0.0,0.0,20715.864009579196
2026-10,emp-0026,Engineering Manager,R&D,R&D,False,Montreal,roster,1.0,73,16456.835088639335,1316.5468070911468,1955.072008530353,987.41010531836,0.0,0.0,20715.864009579196
2026-11,emp-0026,Engineering Manager,R&D,R&D,False,Montreal,roster,1.0,74,16456.835088639335,1316.5468070911468,1955.072008530353,987.41010531836,0.0,0.0,20715.864009579196
2026-12,emp-0026,Engineering Manager,R&D,R&D,False,Montreal,roster,1.0,75,16456.835088639335,1316.5468070911468,1955.072008530353,987.41010531836,0.0,0.0,20715.864009579196
2027-01,emp-0026,Engineering Manager,R&D,R&D,False,Montreal,roster,1.0,76,17032.824316741706,1362.6259453393366,2023.4995288289147,1021.9694590045024,0.0,0.0,21440.91924991446
2027-02,emp-0026,Engineering Manager,R&D,R&D,False,Montreal,roster,1.0,77,17032.824316741706,1362.6259453393366,2023.4995288289147,1021.9694590045024,0.0,0.0,21440.91924991446
2027-03,emp-0026,Engineering Manager,R&D,R&D,False,Montreal,roster,1.0,78,17032.824316741706,1362.6259453393366,2023.4995288289147,1021.9694590045024,0.0,0.0,21440.91924991446
2027-04,emp-0026,Engineering Manager,R&D,R&D,False,Montreal,roster,1.0,79,17032.824316741706,1362.6259453393366,2023.4995288289147,1021.9694590045024,0.0,0.0,21440.91924991446
2027-05,emp-0026,Engineering Manager,R&D,R&D,False,Montreal,roster,1.0,80,17032.824316741706,1362.6259453393366,2023.4995288289147,1021.9694590045024,0.0,0.0,21440.91924991446
2027-06,emp-0026,Engineering Manager,R&D,R&D,False,Montreal,roster,1.0,81,17032.824316741706,1362.6259453393366,2023.4995288289147,1021.9694590045024,0.0,0.0,21440.91924991446
2027-07,emp-0026,Engineering Manager,R&D,R&D,False,Montreal,roster,1.0,82,17032.824316741706,1362.6259453393366,2023.4995288289147,1021.9694590045024,0.0,0.0,21440.91924991446
2027-08,emp-0026,Engineering Manager,R&D,R&D,False,Montreal,roster,1.0,83,17032.824316741706,1362.6259453393366,2023.4995288289147,1021.9694590045024,0.0,0.0,21440.91924991446
2027-09,emp-0026,Engineering Manager,R&D,R&D,False,Montreal,roster,1.0,84,17032.824316741706,1362.6259453393366,2023.4995288289147,1021.9694590045024,0.0,0.0,21440.91924991446
2027-10,emp-0026,Engineering Manager,R&D,R&D,False,Montreal,roster,1.0,85,17032.824316741706,1362.6259453393366,2023.4995288289147,1021.9694590045024,0.0,0.0,21440.91924991446
2027-11,emp-0026,Engineering Manager,R&D,R&D,False,Montreal,roster,1.0,86,17032.824316741706,1362.6259453393366,2023.4995288289147,1021.9694590045024,0.0,0.0,21440.91924991446
2027-12,emp-0026,Engineering Manager,R&D,R&D,False,Montreal,roster,1.0,87,17032.824316741706,1362.6259453393366,2023.4995288289147,1021.9694590045024,0.0,0.0,21440.91924991446
2028-01,emp-0026,Engineering Manager,R&D,R&D,False,Montreal,roster,1.0,88,17628.97316782767,1410.3178534262136,2094.3220123379274,1057.7383900696602,0.0,0.0,22191.351423661472
2028-02,emp-0026,Engineering Manager,R&D,R&D,False,Montreal,roster,1.0,89,17628.97316782767,1410.3178534262136,2094.3220123379274,1057.7383900696602,0.0,0.0,22191.351423661472
2026-09,emp-0028,Product Manager,R&D,R&D,False,Montreal,roster,1.0,91,12665.214495257876,1013.2171596206301,1504.6274820366357,759.9128697154725,0.0,0.0,15942.972006630614
2026-10,emp-0028,Product Manager,R&D,R&D,False,Montreal,roster,1.0,92,12665.214495257876,1013.2171596206301,1504.6274820366357,759.9128697154725,0.0,0.0,15942.972006630614
2026-11,emp-0028,Product Manager,R&D,R&D,False,Montreal,roster,1.0,93,12665.214495257876,1013.2171596206301,1504.6274820366357,759.9128697154725,0.0,0.0,15942.972006630614
2026-12,emp-0028,Product Manager,R&D,R&D,False,Montreal,roster,1.0,94,12665.214495257876,1013.2171596206301,1504.6274820366357,759.9128697154725,0.0,0.0,15942.972006630614
2027-01,emp-0028,Product Manager,R&D,R&D,False,Montreal,roster,1.0,95,13108.497002591901,1048.679760207352,1557.2894439079178,786.509820155514,0.0,0.0,16500.976026862685
2027-02,emp-0028,Product Manager,R&D,R&D,False,Montreal,roster,1.0,96,13108.497002591901,1048.679760207352,1557.2894439079178,786.509820155514,0.0,0.0,16500.976026862685
2027-03,emp-0028,Product Manager,R&D,R&D,False,Montreal,roster,1.0,97,13108.497002591901,1048.679760207352,1557.2894439079178,786.509820155514,0.0,0.0,16500.976026862685
2027-04,emp-0028,Product Manager,R&D,R&D,False,Montreal,roster,1.0,98,13108.497002591901,1048.679760207352,1557.2894439079178,786.509820155514,0.0,0.0,16500.976026862685
2027-05,emp-0028,Product Manager,R&D,R&D,False,Montreal,roster,1.0,99,13108.497002591901,1048.679760207352,1557.2894439079178,786.509820155514,0.0,0.0,16500.976026862685
2027-06,emp-0028,Product Manager,R&D,R&D,False,Montreal,roster,1.0,100,13108.497002591901,1048.679760207352,1557.2894439079178,786.509820155514,0.0,0.0,16500.976026862685
2027-07,emp-0028,Product Manager,R&D,R&D,False,Montreal,roster,1.0,101,13108.497002591901,1048.679760207352,1557.2894439079178,786.509820155514,0.0,0.0,16500.976026862685
2027-08,emp-0028,Product Manager,R&D,R&D,False,Montreal,roster,1.0,102,13108.497002591901,1048.679760207352,1557.2894439079178,786.509820155514,0.0,0.0,16500.976026862685
2027-09,emp-0028,Product Manager,R&D,R&D,False,Montreal,roster,1.0,103,13108.497002591901,1048.679760207352,1557.2894439079178,786.509820155514,0.0,0.0,16500.976026862685
2027-10,emp-0028,Product Manager,R&D,R&D,False,Montreal,roster,1.0,104,13108.497002591901,1048.679760207352,1557.2894439079178,786.509820155514,0.0,0.0,16500.976026862685
2027-11,emp-0028,Product Manager,R&D,R&D,False,Montreal,roster,1.0,105,13108.497002591901,1048.679760207352,1557.2894439079178,786.509820155514,0.0,0.0,16500.976026862685
2027-12,emp-0028,Product Manager,R&D,R&D,False,Montreal,roster,1.0,106,13108.497002591901,1048.679760207352,1557.2894439079178,786.509820155514,0.0,0.0,16500.976026862685
2028-01,emp-0028,Product Manager,R&D,R&D,False,Montreal,roster,1.0,107,13567.29439768262,1085.3835518146095,1611.7945744446952,814.0376638609571,0.0,0.0,17078.51018780288
2028-02,emp-0028,Product Manager,R&D,R&D,False,Montreal,roster,1.0,108,13567.29439768262,1085.3835518146095,1611.7945744446952,814.0376638609571,0.0,0.0,17078.51018780288
2026-09,emp-0029,Product Manager,R&D,R&D,False,Montreal,roster,1.0,59,12235.34160904579,978.8273287236633,1453.5585831546398,734.1204965427474,0.0,0.0,15401.84801746684
2026-10,emp-0029,Product Manager,R&D,R&D,False,Montreal,roster,1.0,60,12235.34160904579,978.8273287236633,1453.5585831546398,734.1204965427474,0.0,0.0,15401.84801746684
2026-11,emp-0029,Product Manager,R&D,R&D,False,Montreal,roster,1.0,61,12235.34160904579,978.8273287236633,1453.5585831546398,734.1204965427474,0.0,0.0,15401.84801746684
2026-12,emp-0029,Product Manager,R&D,R&D,False,Montreal,roster,1.0,62,12235.34160904579,978.8273287236633,1453.5585831546398,734.1204965427474,0.0,0.0,15401.84801746684
2027-01,emp-0029,Product Manager,R&D,R&D,False,Montreal,roster,1.0,63,12663.578565362392,1013.0862852289913,1504.4331335650522,759.8147139217434,0.0,0.0,15940.91269807818
2027-02,emp-0029,Product Manager,R&D,R&D,False,Montreal,roster,1.0,64,12663.578565362392,1013.0862852289913,1504.4331335650522,759.8147139217434,0.0,0.0,15940.91269807818
2027-03,emp-0029,Product Manager,R&D,R&D,False,Montreal,roster,1.0,65,12663.578565362392,1013.0862852289913,1504.4331335650522,759.8147139217434,0.0,0.0,15940.91269807818
2027-04,emp-0029,Product Manager,R&D,R&D,False,Montreal,roster,1.0,66,12663.578565362392,1013.0862852289913,1504.4331335650522,759.8147139217434,0.0,0.0,15940.91269807818
2027-05,emp-0029,Product Manager,R&D,R&D,False,Montreal,roster,1.0,67,12663.578565362392,1013.0862852289913,1504.4331335650522,759.8147139217434,0.0,0.0,15940.91269807818
2027-06,emp-0029,Product Manager,R&D,R&D,False,Montreal,roster,1.0,68,12663.578565362392,1013.0862852289913,1504.4331335650522,759.8147139217434,0.0,0.0,15940.91269807818
2027-07,emp-0029,Product Manager,R&D,R&D,False,Montreal,roster,1.0,69,12663.578565362392,1013.0862852289913,1504.4331335650522,759.8147139217434,0.0,0.0,15940.91269807818
2027-08,emp-0029,Product Manager,R&D,R&D,False,Montreal,roster,1.0,70,12663.578565362392,1013.0862852289913,1504.4331335650522,759.8147139217434,0.0,0.0,15940.91269807818
2027-09,emp-0029,Product Manager,R&D,R&D,False,Montreal,roster,1.0,71,12663.578565362392,1013.0862852289913,1504.4331335650522,759.8147139217434,0.0,0.0,15940.91269807818
2027-10,emp-0029,Product Manager,R&D,R&D,False,Montreal,roster,1.0,72,12663.578565362392,1013.0862852289913,1504.4331335650522,759.8147139217434,0.0,0.0,15940.91269807818
2027-11,emp-0029,Product Manager,R&D,R&D,False,Montreal,roster,1.0,73,12663.578565362392,1013.0862852289913,1504.4331335650522,759.8147139217434,0.0,0.0,15940.91269807818
2027-12,emp-0029,Product Manager,R&D,R&D,False,Montreal,roster,1.0,74,12663.578565362392,1013.0862852289913,1504.4331335650522,759.8147139217434,0.0,0.0,15940.91269807818
2028-01,emp-0029,Product Manager,R&D,R&D,False,Montreal,roster,1.0,75,13106.803815150075,1048.544305212006,1557.088293239829,786.4082289090045,0.0,0.0,16498.844642510914
2028-02,emp-0029,Product Manager,R&D,R&D,False,Montreal,roster,1.0,76,13106.803815150075,1048.544305212006,1557.088293239829,786.4082289090045,0.0,0.0,16498.844642510914
2026-09,emp-0031,Product Designer,R&D,R&D,False,Montreal,roster,1.0,91,10197.49189002867,815.7993512022937,1211.462036535406,611.8495134017202,0.0,0.0,12836.602791168089
2026-10,emp-0031,Product Designer,R&D,R&D,False,Montreal,roster,1.0,92,10197.49189002867,815.7993512022937,1211.462036535406,611.8495134017202,0.0,0.0,12836.602791168089
2026-11,emp-0031,Product Designer,R&D,R&D,False,Montreal,roster,1.0,93,10197.49189002867,815.7993512022937,1211.462036535406,611.8495134017202,0.0,0.0,12836.602791168089
2026-12,emp-0031,Product Designer,R&D,R&D,False,Montreal,roster,1.0,94,10197.49189002867,815.7993512022937,1211.462036535406,611.8495134017202,0.0,0.0,12836.602791168089
2027-01,emp-0031,Product Designer,R&D,R&D,False,Montreal,roster,1.0,95,10554.404106179674,844.352328494374,1253.8632078141452,633.2642463707805,0.0,0.0,13285.883888858973
2027-02,emp-0031,Product Designer,R&D,R&D,False,Montreal,roster,1.0,96,10554.404106179674,844.352328494374,1253.8632078141452,633.2642463707805,0.0,0.0,13285.883888858973
2027-03,emp-0031,Product Designer,R&D,R&D,False,Montreal,roster,1.0,97,10554.404106179674,844.352328494374,1253.8632078141452,633.2642463707805,0.0,0.0,13285.883888858973
2027-04,emp-0031,Product Designer,R&D,R&D,False,Montreal,roster,1.0,98,10554.404106179674,844.352328494374,1253.8632078141452,633.2642463707805,0.0,0.0,13285.883888858973
2027-05,emp-0031,Product Designer,R&D,R&D,False,Montreal,roster,1.0,99,10554.404106179674,844.352328494374,1253.8632078141452,633.2642463707805,0.0,0.0,13285.883888858973
2027-06,emp-0031,Product Designer,R&D,R&D,False,Montreal,roster,1.0,100,10554.404106179674,844.352328494374,1253.8632078141452,633.2642463707805,0.0,0.0,13285.883888858973
2027-07,emp-0031,Product Designer,R&D,R&D,False,Montreal,roster,1.0,101,10554.404106179674,844.352328494374,1253.8632078141452,633.2642463707805,0.0,0.0,13285.883888858973
2027-08,emp-0031,Product Designer,R&D,R&D,False,Montreal,roster,1.0,102,10554.404106179674,844.352328494374,1253.8632078141452,633.2642463707805,0.0,0.0,13285.883888858973
2027-09,emp-0031,Product Designer,R&D,R&D,False,Montreal,roster,1.0,103,10554.404106179674,844.352328494374,1253.8632078141452,633.2642463707805,0.0,0.0,13285.883888858973
2027-10,emp-0031,Product Designer,R&D,R&D,False,Montreal,roster,1.0,104,10554.404106179674,844.352328494374,1253.8632078141452,633.2642463707805,0.0,0.0,13285.883888858973
2027-11,emp-0031,Product Designer,R&D,R&D,False,Montreal,roster,1.0,105,10554.404106179674,844.352328494374,1253.8632078141452,633.2642463707805,0.0,0.0,13285.883888858973
2027-12,emp-0031,Product Designer,R&D,R&D,False,Montreal,roster,1.0,106,10554.404106179674,844.352328494374,1253.8632078141452,633.2642463707805,0.0,0.0,13285.883888858973
2028-01,emp-0031,Product Designer,R&D,R&D,False,Montreal,roster,1.0,107,10923.808249895963,873.904659991677,1297.7484200876404,655.4284949937578,0.0,0.0,13750.889824969037
2028-02,emp-0031,Product Designer,R&D,R&D,False,Montreal,roster,1.0,108,10923.808249895963,873.904659991677,1297.7484200876404,655.4284949937578,0.0,0.0,13750.889824969037
2026-09,emp-0032,Product Designer,R&D,R&D,False,Montreal,roster,1.0,49,8800.798588759835,704.0638871007868,1045.5348723446684,528.0479153255901,0.0,0.0,11078.44526353088
2026-10,emp-0032,Product Designer,R&D,R&D,False,Montreal,roster,1.0,50,8800.798588759835,704.0638871007868,1045.5348723446684,528.0479153255901,0.0,0.0,11078.44526353088
2026-11,emp-0032,Product Designer,R&D,R&D,False,Montreal,roster,1.0,51,8800.798588759835,704.0638871007868,1045.5348723446684,528.0479153255901,0.0,0.0,11078.44526353088
2026-12,emp-0032,Product Designer,R&D,R&D,False,Montreal,roster,1.0,52,8800.798588759835,704.0638871007868,1045.5348723446684,528.0479153255901,0.0,0.0,11078.44526353088
2027-01,emp-0032,Product Designer,R&D,R&D,False,Montreal,roster,1.0,53,9108.826539366428,728.7061231493143,1082.1285928767315,546.5295923619857,0.0,0.0,11466.190847754458
2027-02,emp-0032,Product Designer,R&D,R&D,False,Montreal,roster,1.0,54,9108.826539366428,728.7061231493143,1082.1285928767315,546.5295923619857,0.0,0.0,11466.190847754458
2027-03,emp-0032,Product Designer,R&D,R&D,False,Montreal,roster,1.0,55,9108.826539366428,728.7061231493143,1082.1285928767315,546.5295923619857,0.0,0.0,11466.190847754458
2027-04,emp-0032,Product Designer,R&D,R&D,False,Montreal,roster,1.0,56,9108.826539366428,728.7061231493143,1082.1285928767315,546.5295923619857,0.0,0.0,11466.190847754458
2027-05,emp-0032,Product Designer,R&D,R&D,False,Montreal,roster,1.0,57,9108.826539366428,728.7061231493143,1082.1285928767315,546.5295923619857,0.0,0.0,11466.190847754458
2027-06,emp-0032,Product Designer,R&D,R&D,False,Montreal,roster,1.0,58,9108.826539366428,728.7061231493143,1082.1285928767315,546.5295923619857,0.0,0.0,11466.190847754458
2027-07,emp-0032,Product Designer,R&D,R&D,False,Montreal,roster,1.0,59,9108.826539366428,728.7061231493143,1082.1285928767315,546.5295923619857,0.0,0.0,11466.190847754458
2027-08,emp-0032,Product Designer,R&D,R&D,False,Montreal,roster,1.0,60,9108.826539366428,728.7061231493143,1082.1285928767315,546.5295923619857,0.0,0.0,11466.190847754458
2027-09,emp-0032,Product Designer,R&D,R&D,False,Montreal,roster,1.0,61,9108.826539366428,728.7061231493143,1082.1285928767315,546.5295923619857,0.0,0.0,11466.190847754458
2027-10,emp-0032,Product Designer,R&D,R&D,False,Montreal,roster,1.0,62,9108.826539366428,728.7061231493143,1082.1285928767315,546.5295923619857,0.0,0.0,11466.190847754458
2027-11,emp-0032,Product Designer,R&D,R&D,False,Montreal,roster,1.0,63,9108.826539366428,728.7061231493143,1082.1285928767315,546.5295923619857,0.0,0.0,11466.190847754458
2027-12,emp-0032,Product Designer,R&D,R&D,False,Montreal,roster,1.0,64,9108.826539366428,728.7061231493143,1082.1285928767315,546.5295923619857,0.0,0.0,11466.190847754458
2028-01,emp-0032,Product Designer,R&D,R&D,False,Montreal,roster,1.0,65,9427.635468244252,754.2108374595402,1120.0030936274172,565.6581280946551,0.0,0.0,11867.507527425867
2028-02,emp-0032,Product Designer,R&D,R&D,False,Montreal,roster,1.0,66,9427.635468244252,754.2108374595402,1120.0030936274172,565.6581280946551,0.0,0.0,11867.507527425867
2026-09,emp-0033,Data Engineer,R&D,R&D,False,Montreal,roster,1.0,59,12480.232438057996,998.4185950446397,1482.65161364129,748.8139462834797,0.0,0.0,15710.116593027404
2026-10,emp-0033,Data Engineer,R&D,R&D,False,Montreal,roster,1.0,60,12480.232438057996,998.4185950446397,1482.65161364129,748.8139462834797,0.0,0.0,15710.116593027404
2026-11,emp-0033,Data Engineer,R&D,R&D,False,Montreal,roster,1.0,61,12480.232438057996,998.4185950446397,1482.65161364129,748.8139462834797,0.0,0.0,15710.116593027404
2026-12,emp-0033,Data Engineer,R&D,R&D,False,Montreal,roster,1.0,62,12480.232438057996,998.4185950446397,1482.65161364129,748.8139462834797,0.0,0.0,15710.116593027404
2027-01,emp-0033,Data Engineer,R&D,R&D,False,Montreal,roster,1.0,63,12917.040573390024,1033.363245871202,1534.544420118735,775.0224344034015,0.0,0.0,16259.970673783362
2027-02,emp-0033,Data Engineer,R&D,R&D,False,Montreal,roster,1.0,64,12917.040573390024,1033.363245871202,1534.544420118735,775.0224344034015,0.0,0.0,16259.970673783362
2027-03,emp-0033,Data Engineer,R&D,R&D,False,Montreal,roster,1.0,65,12917.040573390024,1033.363245871202,1534.544420118735,775.0224344034015,0.0,0.0,16259.970673783362
2027-04,emp-0033,Data Engineer,R&D,R&D,False,Montreal,roster,1.0,66,12917.040573390024,1033.363245871202,1534.544420118735,775.0224344034015,0.0,0.0,16259.970673783362
2027-05,emp-0033,Data Engineer,R&D,R&D,False,Montreal,roster,1.0,67,12917.040573390024,1033.363245871202,1534.544420118735,775.0224344034015,0.0,0.0,16259.970673783362
2027-06,emp-0033,Data Engineer,R&D,R&D,False,Montreal,roster,1.0,68,12917.040573390024,1033.363245871202,1534.544420118735,775.0224344034015,0.0,0.0,16259.970673783362
2027-07,emp-0033,Data Engineer,R&D,R&D,False,Montreal,roster,1.0,69,12917.040573390024,1033.363245871202,1534.544420118735,775.0224344034015,0.0,0.0,16259.970673783362
2027-08,emp-0033,Data Engineer,R&D,R&D,False,Montreal,roster,1.0,70,12917.040573390024,1033.363245871202,1534.544420118735,775.0224344034015,0.0,0.0,16259.970673783362
2027-09,emp-0033,Data Engineer,R&D,R&D,False,Montreal,roster,1.0,71,12917.040573390024,1033.363245871202,1534.544420118735,775.0224344034015,0.0,0.0,16259.970673783362
2027-10,emp-0033,Data Engineer,R&D,R&D,False,Montreal,roster,1.0,72,12917.040573390024,1033.363245871202,1534.544420118735,775.0224344034015,0.0,0.0,16259.970673783362
2027-11,emp-0033,Data Engineer,R&D,R&D,False,Montreal,roster,1.0,73,12917.040573390024,1033.363245871202,1534.544420118735,775.0224344034015,0.0,0.0,16259.970673783362
2027-12,emp-0033,Data Engineer,R&D,R&D,False,Montreal,roster,1.0,74,12917.040573390024,1033.363245871202,1534.544420118735,775.0224344034015,0.0,0.0,16259.970673783362
2028-01,emp-0033,Data Engineer,R&D,R&D,False,Montreal,roster,1.0,75,13369.136993458675,1069.530959476694,1588.2534748228904,802.1482196075204,0.0,0.0,16829.069647365777
2028-02,emp-0033,Data Engineer,R&D,R&D,False,Montreal,roster,1.0,76,13369.136993458675,1069.530959476694,1588.2534748228904,802.1482196075204,0.0,0.0,16829.069647365777
2026-09,emp-0034,Data Engineer,R&D,R&D,False,Montreal,roster,1.0,63,12248.917471650762,979.913397732061,1455.1713956321107,734.9350482990457,0.0,0.0,15418.93731331398
2026-10,emp-0034,Data Engineer,R&D,R&D,False,Montreal,roster,1.0,64,12248.917471650762,979.913397732061,1455.1713956321107,734.9350482990457,0.0,0.0,15418.93731331398
2026-11,emp-0034,Data Engineer,R&D,R&D,False,Montreal,roster,1.0,65,12248.917471650762,979.913397732061,1455.1713956321107,734.9350482990457,0.0,0.0,15418.93731331398
2026-12,emp-0034,Data Engineer,R&D,R&D,False,Montreal,roster,1.0,66,12248.917471650762,979.913397732061,1455.1713956321107,734.9350482990457,0.0,0.0,15418.93731331398
2027-01,emp-0034,Data Engineer,R&D,R&D,False,Montreal,roster,1.0,67,12677.629583158538,1014.210366652683,1506.1023944792344,760.6577749895122,0.0,0.0,15958.600119279967
2027-02,emp-0034,Data Engineer,R&D,R&D,False,Montreal,roster,1.0,68,12677.629583158538,1014.210366652683,1506.1023944792344,760.6577749895122,0.0,0.0,15958.600119279967
2027-03,emp-0034,Data Engineer,R&D,R&D,False,Montreal,roster,1.0,69,12677.629583158538,1014.210366652683,1506.1023944792344,760.6577749895122,0.0,0.0,15958.600119279967
2027-04,emp-0034,Data Engineer,R&D,R&D,False,Montreal,roster,1.0,70,12677.629583158538,1014.210366652683,1506.1023944792344,760.6577749895122,0.0,0.0,15958.600119279967
2027-05,emp-0034,Data Engineer,R&D,R&D,False,Montreal,roster,1.0,71,12677.629583158538,1014.210366652683,1506.1023944792344,760.6577749895122,0.0,0.0,15958.600119279967
2027-06,emp-0034,Data Engineer,R&D,R&D,False,Montreal,roster,1.0,72,12677.629583158538,1014.210366652683,1506.1023944792344,760.6577749895122,0.0,0.0,15958.600119279967
2027-07,emp-0034,Data Engineer,R&D,R&D,False,Montreal,roster,1.0,73,12677.629583158538,1014.210366652683,1506.1023944792344,760.6577749895122,0.0,0.0,15958.600119279967
2027-08,emp-0034,Data Engineer,R&D,R&D,False,Montreal,roster,1.0,74,12677.629583158538,1014.210366652683,1506.1023944792344,760.6577749895122,0.0,0.0,15958.600119279967
2027-09,emp-0034,Data Engineer,R&D,R&D,False,Montreal,roster,1.0,75,12677.629583158538,1014.210366652683,1506.1023944792344,760.6577749895122,0.0,0.0,15958.600119279967
2027-10,emp-0034,Data Engineer,R&D,R&D,False,Montreal,roster,1.0,76,12677.629583158538,1014.210366652683,1506.1023944792344,760.6577749895122,0.0,0.0,15958.600119279967
2027-11,emp-0034,Data Engineer,R&D,R&D,False,Montreal,roster,1.0,77,12677.629583158538,1014.210366652683,1506.1023944792344,760.6577749895122,0.0,0.0,15958.600119279967
2027-12,emp-0034,Data Engineer,R&D,R&D,False,Montreal,roster,1.0,78,12677.629583158538,1014.210366652683,1506.1023944792344,760.6577749895122,0.0,0.0,15958.600119279967
2028-01,emp-0034,Data Engineer,R&D,R&D,False,Montreal,roster,1.0,79,13121.346618569085,1049.707729485527,1558.8159782860073,787.2807971141451,0.0,0.0,16517.151123454765
2028-02,emp-0034,Data Engineer,R&D,R&D,False,Montreal,roster,1.0,80,13121.346618569085,1049.707729485527,1558.8159782860073,787.2807971141451,0.0,0.0,16517.151123454765
2026-09,emp-0035,Software Engineer,R&D,R&D,False,Paris,roster,1.0,65,8115.132287963027,649.2105830370422,3681.0240058200293,405.7566143981514,0.0,0.0,12851.12349121825
2026-10,emp-0035,Software Engineer,R&D,R&D,False,Paris,roster,1.0,66,8115.132287963027,649.2105830370422,3681.0240058200293,405.7566143981514,0.0,0.0,12851.12349121825
2026-11,emp-0035,Software Engineer,R&D,R&D,False,Paris,roster,1.0,67,8115.132287963027,649.2105830370422,3681.0240058200293,405.7566143981514,0.0,0.0,12851.12349121825
2026-12,emp-0035,Software Engineer,R&D,R&D,False,Paris,roster,1.0,68,8115.132287963027,649.2105830370422,3681.0240058200293,405.7566143981514,0.0,0.0,12851.12349121825
2027-01,emp-0035,Software Engineer,R&D,R&D,False,Paris,roster,1.0,69,8399.161918041731,671.9329534433385,3809.859846023729,419.9580959020866,0.0,0.0,13300.912813410883
2027-02,emp-0035,Software Engineer,R&D,R&D,False,Paris,roster,1.0,70,8399.161918041731,671.9329534433385,3809.859846023729,419.9580959020866,0.0,0.0,13300.912813410883
2027-03,emp-0035,Software Engineer,R&D,R&D,False,Paris,roster,1.0,71,8399.161918041731,671.9329534433385,3809.859846023729,419.9580959020866,0.0,0.0,13300.912813410883
2027-04,emp-0035,Software Engineer,R&D,R&D,False,Paris,roster,1.0,72,8399.161918041731,671.9329534433385,3809.859846023729,419.9580959020866,0.0,0.0,13300.912813410883
2027-05,emp-0035,Software Engineer,R&D,R&D,False,Paris,roster,1.0,73,8399.161918041731,671.9329534433385,3809.859846023729,419.9580959020866,0.0,0.0,13300.912813410883
2027-06,emp-0035,Software Engineer,R&D,R&D,False,Paris,roster,1.0,74,8399.161918041731,671.9329534433385,3809.859846023729,419.9580959020866,0.0,0.0,13300.912813410883
2027-07,emp-0035,Software Engineer,R&D,R&D,False,Paris,roster,1.0,75,8399.161918041731,671.9329534433385,3809.859846023729,419.9580959020866,0.0,0.0,13300.912813410883
2027-08,emp-0035,Software Engineer,R&D,R&D,False,Paris,roster,1.0,76,8399.161918041731,671.9329534433385,3809.859846023729,419.9580959020866,0.0,0.0,13300.912813410883
2027-09,emp-0035,Software Engineer,R&D,R&D,False,Paris,roster,1.0,77,8399.161918041731,671.9329534433385,3809.859846023729,419.9580959020866,0.0,0.0,13300.912813410883
2027-10,emp-0035,Software Engineer,R&D,R&D,False,Paris,roster,1.0,78,8399.161918041731,671.9329534433385,3809.859846023729,419.9580959020866,0.0,0.0,13300.912813410883
2027-11,emp-0035,Software Engineer,R&D,R&D,False,Paris,roster,1.0,79,8399.161918041731,671.9329534433385,3809.859846023729,419.9580959020866,0.0,0.0,13300.912813410883
2027-12,emp-0035,Software Engineer,R&D,R&D,False,Paris,roster,1.0,80,8399.161918041731,671.9329534433385,3809.859846023729,419.9580959020866,0.0,0.0,13300.912813410883
2028-01,emp-0035,Software Engineer,R&D,R&D,False,Paris,roster,1.0,81,8693.13258517319,695.4506068138553,3943.2049406345595,434.65662925865956,0.0,0.0,13766.444761880266
2028-02,emp-0035,Software Engineer,R&D,R&D,False,Paris,roster,1.0,82,8693.13258517319,695.4506068138553,3943.2049406345595,434.65662925865956,0.0,0.0,13766.444761880266
2026-09,emp-0036,Software Engineer,R&D,R&D,False,Paris,roster,1.0,76,8921.385692820922,713.7108554256738,4046.74055026357,446.0692846410461,0.0,0.0,14127.906383151212
2026-10,emp-0036,Software Engineer,R&D,R&D,False,Paris,roster,1.0,77,8921.385692820922,713.7108554256738,4046.74055026357,446.0692846410461,0.0,0.0,14127.906383151212
2026-11,emp-0036,Software Engineer,R&D,R&D,False,Paris,roster,1.0,78,8921.385692820922,713.7108554256738,4046.74055026357,446.0692846410461,0.0,0.0,14127.906383151212
2026-12,emp-0036,Software Engineer,R&D,R&D,False,Paris,roster,1.0,79,8921.385692820922,713.7108554256738,4046.74055026357,446.0692846410461,0.0,0.0,14127.906383151212
2027-01,emp-0036,Software Engineer,R&D,R&D,False,Paris,roster,1.0,80,9233.634192069654,738.6907353655723,4188.376469522795,461.6817096034827,0.0,0.0,14622.383106561503
2027-02,emp-0036,Software Engineer,R&D,R&D,False,Paris,roster,1.0,81,9233.634192069654,738.6907353655723,4188.376469522795,461.6817096034827,0.0,0.0,14622.383106561503
2027-03,emp-0036,Software Engineer,R&D,R&D,False,Paris,roster,1.0,82,9233.634192069654,738.6907353655723,4188.376469522795,461.6817096034827,0.0,0.0,14622.383106561503
2027-04,emp-0036,Software Engineer,R&D,R&D,False,Paris,roster,1.0,83,9233.634192069654,738.6907353655723,4188.376469522795,461.6817096034827,0.0,0.0,14622.383106561503
2027-05,emp-0036,Software Engineer,R&D,R&D,False,Paris,roster,1.0,84,9233.634192069654,738.6907353655723,4188.376469522795,461.6817096034827,0.0,0.0,14622.383106561503
2027-06,emp-0036,Software Engineer,R&D,R&D,False,Paris,roster,1.0,85,9233.634192069654,738.6907353655723,4188.376469522795,461.6817096034827,0.0,0.0,14622.383106561503
2027-07,emp-0036,Software Engineer,R&D,R&D,False,Paris,roster,1.0,86,9233.634192069654,738.6907353655723,4188.376469522795,461.6817096034827,0.0,0.0,14622.383106561503
2027-08,emp-0036,Software Engineer,R&D,R&D,False,Paris,roster,1.0,87,9233.634192069654,738.6907353655723,4188.376469522795,461.6817096034827,0.0,0.0,14622.383106561503
2027-09,emp-0036,Software Engineer,R&D,R&D,False,Paris,roster,1.0,88,9233.634192069654,738.6907353655723,4188.376469522795,461.6817096034827,0.0,0.0,14622.383106561503
2027-10,emp-0036,Software Engineer,R&D,R&D,False,Paris,roster,1.0,89,9233.634192069654,738.6907353655723,4188.376469522795,461.6817096034827,0.0,0.0,14622.383106561503
2027-11,emp-0036,Software Engineer,R&D,R&D,False,Paris,roster,1.0,90,9233.634192069654,738.6907353655723,4188.376469522795,461.6817096034827,0.0,0.0,14622.383106561503
2027-12,emp-0036,Software Engineer,R&D,R&D,False,Paris,roster,1.0,91,9233.634192069654,738.6907353655723,4188.376469522795,461.6817096034827,0.0,0.0,14622.383106561503
2028-01,emp-0036,Software Engineer,R&D,R&D,False,Paris,roster,1.0,92,9556.811388792092,764.5449111033673,4334.969645956093,477.8405694396046,0.0,0.0,15134.166515291156
2028-02,emp-0036,Software Engineer,R&D,R&D,False,Paris,roster,1.0,93,9556.811388792092,764.5449111033673,4334.969645956093,477.8405694396046,0.0,0.0,15134.166515291156
2026-09,emp-0037,Software Engineer,R&D,R&D,False,Paris,roster,1.0,59,7429.907885313963,594.3926308251171,3370.2062167784134,371.49539426569817,0.0,0.0,11766.00212718319
2026-10,emp-0037,Software Engineer,R&D,R&D,False,Paris,roster,1.0,60,7429.907885313963,594.3926308251171,3370.2062167784134,371.49539426569817,0.0,0.0,11766.00212718319
2026-11,emp-0037,Software Engineer,R&D,R&D,False,Paris,roster,1.0,61,7429.907885313963,594.3926308251171,3370.2062167784134,371.49539426569817,0.0,0.0,11766.00212718319
2026-12,emp-0037,Software Engineer,R&D,R&D,False,Paris,roster,1.0,62,7429.907885313963,594.3926308251171,3370.2062167784134,371.49539426569817,0.0,0.0,11766.00212718319
2027-01,emp-0037,Software Engineer,R&D,R&D,False,Paris,roster,1.0,63,7689.95466129995,615.196372903996,3488.163434365657,384.49773306499753,0.0,0.0,12177.8122016346
2027-02,emp-0037,Software Engineer,R&D,R&D,False,Paris,roster,1.0,64,7689.95466129995,615.196372903996,3488.163434365657,384.49773306499753,0.0,0.0,12177.8122016346
2027-03,emp-0037,Software Engineer,R&D,R&D,False,Paris,roster,1.0,65,7689.95466129995,615.196372903996,3488.163434365657,384.49773306499753,0.0,0.0,12177.8122016346
2027-04,emp-0037,Software Engineer,R&D,R&D,False,Paris,roster,1.0,66,7689.95466129995,615.196372903996,3488.163434365657,384.49773306499753,0.0,0.0,12177.8122016346
2027-05,emp-0037,Software Engineer,R&D,R&D,False,Paris,roster,1.0,67,7689.95466129995,615.196372903996,3488.163434365657,384.49773306499753,0.0,0.0,12177.8122016346
2027-06,emp-0037,Software Engineer,R&D,R&D,False,Paris,roster,1.0,68,7689.95466129995,615.196372903996,3488.163434365657,384.49773306499753,0.0,0.0,12177.8122016346
2027-07,emp-0037,Software Engineer,R&D,R&D,False,Paris,roster,1.0,69,7689.95466129995,615.196372903996,3488.163434365657,384.49773306499753,0.0,0.0,12177.8122016346
2027-08,emp-0037,Software Engineer,R&D,R&D,False,Paris,roster,1.0,70,7689.95466129995,615.196372903996,3488.163434365657,384.49773306499753,0.0,0.0,12177.8122016346
2027-09,emp-0037,Software Engineer,R&D,R&D,False,Paris,roster,1.0,71,7689.95466129995,615.196372903996,3488.163434365657,384.49773306499753,0.0,0.0,12177.8122016346
2027-10,emp-0037,Software Engineer,R&D,R&D,False,Paris,roster,1.0,72,7689.95466129995,615.196372903996,3488.163434365657,384.49773306499753,0.0,0.0,12177.8122016346
2027-11,emp-0037,Software Engineer,R&D,R&D,False,Paris,roster,1.0,73,7689.95466129995,615.196372903996,3488.163434365657,384.49773306499753,0.0,0.0,12177.8122016346
2027-12,emp-0037,Software Engineer,R&D,R&D,False,Paris,roster,1.0,74,7689.95466129995,615.196372903996,3488.163434365657,384.49773306499753,0.0,0.0,12177.8122016346
2028-01,emp-0037,Software Engineer,R&D,R&D,False,Paris,roster,1.0,75,7959.103074445447,636.7282459556358,3610.2491545684547,397.95515372227237,0.0,0.0,12604.03562869181
2028-02,emp-0037,Software Engineer,R&D,R&D,False,Paris,roster,1.0,76,7959.103074445447,636.7282459556358,3610.2491545684547,397.95515372227237,0.0,0.0,12604.03562869181
2026-09,emp-0038,Software Engineer,R&D,R&D,False,Paris,roster,1.0,36,8088.513520167454,647.0810816133963,3668.949732747957,404.4256760083727,0.0,0.0,12808.970010537181
2026-10,emp-0038,Software Engineer,R&D,R&D,False,Paris,roster,1.0,37,8088.513520167454,647.0810816133963,3668.949732747957,404.4256760083727,0.0,0.0,12808.970010537181
2026-11,emp-0038,Software Engineer,R&D,R&D,False,Paris,roster,1.0,38,8088.513520167454,647.0810816133963,3668.949732747957,404.4256760083727,0.0,0.0,12808.970010537181
2026-12,emp-0038,Software Engineer,R&D,R&D,False,Paris,roster,1.0,39,8088.513520167454,647.0810816133963,3668.949732747957,404.4256760083727,0.0,0.0,12808.970010537181
2027-01,emp-0038,Software Engineer,R&D,R&D,False,Paris,roster,1.0,40,8371.611493373315,669.7289194698652,3797.362973394136,418.5805746686658,0.0,0.0,13257.283960905983
2027-02,emp-0038,Software Engineer,R&D,R&D,False,Paris,roster,1.0,41,8371.611493373315,669.7289194698652,3797.362973394136,418.5805746686658,0.0,0.0,13257.283960905983
2027-03,emp-0038,Software Engineer,R&D,R&D,False,Paris,roster,1.0,42,8371.611493373315,669.7289194698652,3797.362973394136,418.5805746686658,0.0,0.0,13257.283960905983
2027-04,emp-0038,Software Engineer,R&D,R&D,False,Paris,roster,1.0,43,8371.611493373315,669.7289194698652,3797.362973394136,418.5805746686658,0.0,0.0,13257.283960905983
2027-05,emp-0038,Software Engineer,R&D,R&D,False,Paris,roster,1.0,44,8371.611493373315,669.7289194698652,3797.362973394136,418.5805746686658,0.0,0.0,13257.283960905983
2027-06,emp-0038,Software Engineer,R&D,R&D,False,Paris,roster,1.0,45,8371.611493373315,669.7289194698652,3797.362973394136,418.5805746686658,0.0,0.0,13257.283960905983
2027-07,emp-0038,Software Engineer,R&D,R&D,False,Paris,roster,1.0,46,8371.611493373315,669.7289194698652,3797.362973394136,418.5805746686658,0.0,0.0,13257.283960905983
2027-08,emp-0038,Software Engineer,R&D,R&D,False,Paris,roster,1.0,47,8371.611493373315,669.7289194698652,3797.362973394136,418.5805746686658,0.0,0.0,13257.283960905983
2027-09,emp-0038,Software Engineer,R&D,R&D,False,Paris,roster,1.0,48,8371.611493373315,669.7289194698652,3797.362973394136,418.5805746686658,0.0,0.0,13257.283960905983
2027-10,emp-0038,Software Engineer,R&D,R&D,False,Paris,roster,1.0,49,8371.611493373315,669.7289194698652,3797.362973394136,418.5805746686658,0.0,0.0,13257.283960905983
2027-11,emp-0038,Software Engineer,R&D,R&D,False,Paris,roster,1.0,50,8371.611493373315,669.7289194698652,3797.362973394136,418.5805746686658,0.0,0.0,13257.283960905983
2027-12,emp-0038,Software Engineer,R&D,R&D,False,Paris,roster,1.0,51,8371.611493373315,669.7289194698652,3797.362973394136,418.5805746686658,0.0,0.0,13257.283960905983
2028-01,emp-0038,Software Engineer,R&D,R&D,False,Paris,roster,1.0,52,8664.61789564138,693.1694316513104,3930.2706774629305,433.2308947820691,0.0,0.0,13721.28889953769
2028-02,emp-0038,Software Engineer,R&D,R&D,False,Paris,roster,1.0,53,8664.61789564138,693.1694316513104,3930.2706774629305,433.2308947820691,0.0,0.0,13721.28889953769
2026-09,emp-0039,Software Engineer,R&D,R&D,False,Paris,roster,1.0,33,6985.4875460593985,558.8390036847519,3168.617150892543,349.2743773029699,0.0,0.0,11062.218077939664
2026-10,emp-0039,Software Engineer,R&D,R&D,False,Paris,roster,1.0,34,6985.4875460593985,558.8390036847519,3168.617150892543,349.2743773029699,0.0,0.0,11062.218077939664
2026-11,emp-0039,Software Engineer,R&D,R&D,False,Paris,roster,1.0,35,6985.4875460593985,558.8390036847519,3168.617150892543,349.2743773029699,0.0,0.0,11062.218077939664
2026-12,emp-0039,Software Engineer,R&D,R&D,False,Paris,roster,1.0,36,6985.4875460593985,558.8390036847519,3168.617150892543,349.2743773029699,0.0,0.0,11062.218077939664
2027-01,emp-0039,Software Engineer,R&D,R&D,False,Paris,roster,1.0,37,7229.979610171477,578.3983688137182,3279.518751173782,361.4989805085739,0.0,0.0,11449.395710667552
2027-02,emp-0039,Software Engineer,R&D,R&D,False,Paris,roster,1.0,38,7229.979610171477,578.3983688137182,3279.518751173782,361.4989805085739,0.0,0.0,11449.395710667552
2027-03,emp-0039,Software Engineer,R&D,R&D,False,Paris,roster,1.0,39,7229.979610171477,578.3983688137182,3279.518751173782,361.4989805085739,0.0,0.0,11449.395710667552
2027-04,emp-0039,Software Engineer,R&D,R&D,False,Paris,roster,1.0,40,7229.979610171477,578.3983688137182,3279.518751173782,361.4989805085739,0.0,0.0,11449.395710667552
2027-05,emp-0039,Software Engineer,R&D,R&D,False,Paris,roster,1.0,41,7229.979610171477,578.3983688137182,3279.518751173782,361.4989805085739,0.0,0.0,11449.395710667552
2027-06,emp-0039,Software Engineer,R&D,R&D,False,Paris,roster,1.0,42,7229.979610171477,578.3983688137182,3279.518751173782,361.4989805085739,0.0,0.0,11449.395710667552
2027-07,emp-0039,Software Engineer,R&D,R&D,False,Paris,roster,1.0,43,7229.979610171477,578.3983688137182,3279.518751173782,361.4989805085739,0.0,0.0,11449.395710667552
2027-08,emp-0039,Software Engineer,R&D,R&D,False,Paris,roster,1.0,44,7229.979610171477,578.3983688137182,3279.518751173782,361.4989805085739,0.0,0.0,11449.395710667552
2027-09,emp-0039,Software Engineer,R&D,R&D,False,Paris,roster,1.0,45,7229.979610171477,578.3983688137182,3279.518751173782,361.4989805085739,0.0,0.0,11449.395710667552
2027-10,emp-0039,Software Engineer,R&D,R&D,False,Paris,roster,1.0,46,7229.979610171477,578.3983688137182,3279.518751173782,361.4989805085739,0.0,0.0,11449.395710667552
2027-11,emp-0039,Software Engineer,R&D,R&D,False,Paris,roster,1.0,47,7229.979610171477,578.3983688137182,3279.518751173782,361.4989805085739,0.0,0.0,11449.395710667552
2027-12,emp-0039,Software Engineer,R&D,R&D,False,Paris,roster,1.0,48,7229.979610171477,578.3983688137182,3279.518751173782,361.4989805085739,0.0,0.0,11449.395710667552
2028-01,emp-0039,Software Engineer,R&D,R&D,False,Paris,roster,1.0,49,7483.028896527478,598.6423117221982,3394.3019074648637,374.1514448263739,0.0,0.0,11850.124560540913
2028-02,emp-0039,Software Engineer,R&D,R&D,False,Paris,roster,1.0,50,7483.028896527478,598.6423117221982,3394.3019074648637,374.1514448263739,0.0,0.0,11850.124560540913
2026-09,emp-0040,Software Engineer,R&D,R&D,False,Paris,roster,1.0,61,7723.2717662274445,617.8617412981956,3503.276073160768,386.1635883113722,0.0,0.0,12230.57316899778
2026-10,emp-0040,Software Engineer,R&D,R&D,False,Paris,roster,1.0,62,7723.2717662274445,617.8617412981956,3503.276073160768,386.1635883113722,0.0,0.0,12230.57316899778
2026-11,emp-0040,Software Engineer,R&D,R&D,False,Paris,roster,1.0,63,7723.2717662274445,617.8617412981956,3503.276073160768,386.1635883113722,0.0,0.0,12230.57316899778
2026-12,emp-0040,Software Engineer,R&D,R&D,False,Paris,roster,1.0,64,7723.2717662274445,617.8617412981956,3503.276073160768,386.1635883113722,0.0,0.0,12230.57316899778
2027-01,emp-0040,Software Engineer,R&D,R&D,False,Paris,roster,1.0,65,7993.586278045404,639.4869022436322,3625.890735721395,399.6793139022702,0.0,0.0,12658.643229912701
2027-02,emp-0040,Software Engineer,R&D,R&D,False,Paris,roster,1.0,66,7993.586278045404,639.4869022436322,3625.890735721395,399.6793139022702,0.0,0.0,12658.643229912701
2027-03,emp-0040,Software Engineer,R&D,R&D,False,Paris,roster,1.0,67,7993.586278045404,639.4869022436322,3625.890735721395,399.6793139022702,0.0,0.0,12658.643229912701
2027-04,emp-0040,Software Engineer,R&D,R&D,False,Paris,roster,1.0,68,7993.586278045404,639.4869022436322,3625.890735721395,399.6793139022702,0.0,0.0,12658.643229912701
2027-05,emp-0040,Software Engineer,R&D,R&D,False,Paris,roster,1.0,69,7993.586278045404,639.4869022436322,3625.890735721395,399.6793139022702,0.0,0.0,12658.643229912701
2027-06,emp-0040,Software Engineer,R&D,R&D,False,Paris,roster,1.0,70,7993.586278045404,639.4869022436322,3625.890735721395,399.6793139022702,0.0,0.0,12658.643229912701
2027-07,emp-0040,Software Engineer,R&D,R&D,False,Paris,roster,1.0,71,7993.586278045404,639.4869022436322,3625.890735721395,399.6793139022702,0.0,0.0,12658.643229912701
2027-08,emp-0040,Software Engineer,R&D,R&D,False,Paris,roster,1.0,72,7993.586278045404,639.4869022436322,3625.890735721395,399.6793139022702,0.0,0.0,12658.643229912701
2027-09,emp-0040,Software Engineer,R&D,R&D,False,Paris,roster,1.0,73,7993.586278045404,639.4869022436322,3625.890735721395,399.6793139022702,0.0,0.0,12658.643229912701
2027-10,emp-0040,Software Engineer,R&D,R&D,False,Paris,roster,1.0,74,7993.586278045404,639.4869022436322,3625.890735721395,399.6793139022702,0.0,0.0,12658.643229912701
2027-11,emp-0040,Software Engineer,R&D,R&D,False,Paris,roster,1.0,75,7993.586278045404,639.4869022436322,3625.890735721395,399.6793139022702,0.0,0.0,12658.643229912701
2027-12,emp-0040,Software Engineer,R&D,R&D,False,Paris,roster,1.0,76,7993.586278045404,639.4869022436322,3625.890735721395,399.6793139022702,0.0,0.0,12658.643229912701
2028-01,emp-0040,Software Engineer,R&D,R&D,False,Paris,roster,1.0,77,8273.361797776992,661.8689438221594,3752.7969114716434,413.66808988884964,0.0,0.0,13101.695742959644
2028-02,emp-0040,Software Engineer,R&D,R&D,False,Paris,roster,1.0,78,8273.361797776992,661.8689438221594,3752.7969114716434,413.66808988884964,0.0,0.0,13101.695742959644
2026-09,emp-0041,Senior Software Engineer,R&D,R&D,False,Paris,roster,1.0,52,9505.354989558595,760.4283991646876,4311.629023263778,475.2677494779298,0.0,0.0,15052.68016146499
2026-10,emp-0041,Senior Software Engineer,R&D,R&D,False,Paris,roster,1.0,53,9505.354989558595,760.4283991646876,4311.629023263778,475.2677494779298,0.0,0.0,15052.68016146499
2026-11,emp-0041,Senior Software Engineer,R&D,R&D,False,Paris,roster,1.0,54,9505.354989558595,760.4283991646876,4311.629023263778,475.2677494779298,0.0,0.0,15052.68016146499
2026-12,emp-0041,Senior Software Engineer,R&D,R&D,False,Paris,roster,1.0,55,9505.354989558595,760.4283991646876,4311.629023263778,475.2677494779298,0.0,0.0,15052.68016146499
2027-01,emp-0041,Senior Software Engineer,R&D,R&D,False,Paris,roster,1.0,56,9838.042414193143,787.0433931354515,4462.53603907801,491.9021207096572,0.0,0.0,15579.523967116262
2027-02,emp-0041,Senior Software Engineer,R&D,R&D,False,Paris,roster,1.0,57,9838.042414193143,787.0433931354515,4462.53603907801,491.9021207096572,0.0,0.0,15579.523967116262
2027-03,emp-0041,Senior Software Engineer,R&D,R&D,False,Paris,roster,1.0,58,9838.042414193143,787.0433931354515,4462.53603907801,491.9021207096572,0.0,0.0,15579.523967116262
2027-04,emp-0041,Senior Software Engineer,R&D,R&D,False,Paris,roster,1.0,59,9838.042414193143,787.0433931354515,4462.53603907801,491.9021207096572,0.0,0.0,15579.523967116262
2027-05,emp-0041,Senior Software Engineer,R&D,R&D,False,Paris,roster,1.0,60,9838.042414193143,787.0433931354515,4462.53603907801,491.9021207096572,0.0,0.0,15579.523967116262
2027-06,emp-0041,Senior Software Engineer,R&D,R&D,False,Paris,roster,1.0,61,9838.042414193143,787.0433931354515,4462.53603907801,491.9021207096572,0.0,0.0,15579.523967116262
2027-07,emp-0041,Senior Software Engineer,R&D,R&D,False,Paris,roster,1.0,62,9838.042414193143,787.0433931354515,4462.53603907801,491.9021207096572,0.0,0.0,15579.523967116262
2027-08,emp-0041,Senior Software Engineer,R&D,R&D,False,Paris,roster,1.0,63,9838.042414193143,787.0433931354515,4462.53603907801,491.9021207096572,0.0,0.0,15579.523967116262
2027-09,emp-0041,Senior Software Engineer,R&D,R&D,False,Paris,roster,1.0,64,9838.042414193143,787.0433931354515,4462.53603907801,491.9021207096572,0.0,0.0,15579.523967116262
2027-10,emp-0041,Senior Software Engineer,R&D,R&D,False,Paris,roster,1.0,65,9838.042414193143,787.0433931354515,4462.53603907801,491.9021207096572,0.0,0.0,15579.523967116262
2027-11,emp-0041,Senior Software Engineer,R&D,R&D,False,Paris,roster,1.0,66,9838.042414193143,787.0433931354515,4462.53603907801,491.9021207096572,0.0,0.0,15579.523967116262
2027-12,emp-0041,Senior Software Engineer,R&D,R&D,False,Paris,roster,1.0,67,9838.042414193143,787.0433931354515,4462.53603907801,491.9021207096572,0.0,0.0,15579.523967116262
2028-01,emp-0041,Senior Software Engineer,R&D,R&D,False,Paris,roster,1.0,68,10182.373898689902,814.5899118951922,4618.72480044574,509.1186949344951,0.0,0.0,16124.80730596533
2028-02,emp-0041,Senior Software Engineer,R&D,R&D,False,Paris,roster,1.0,69,10182.373898689902,814.5899118951922,4618.72480044574,509.1186949344951,0.0,0.0,16124.80730596533
2026-09,emp-0042,Senior Software Engineer,R&D,R&D,False,Paris,roster,1.0,34,10021.738574542887,801.739085963431,4545.8606174126535,501.08692872714437,0.0,0.0,15870.425206646116
2026-10,emp-0042,Senior Software Engineer,R&D,R&D,False,Paris,roster,1.0,35,10021.738574542887,801.739085963431,4545.8606174126535,501.08692872714437,0.0,0.0,15870.425206646116
2026-11,emp-0042,Senior Software Engineer,R&D,R&D,False,Paris,roster,1.0,36,10021.738574542887,801.739085963431,4545.8606174126535,501.08692872714437,0.0,0.0,15870.425206646116
2026-12,emp-0042,Senior Software Engineer,R&D,R&D,False,Paris,roster,1.0,37,10021.738574542887,801.739085963431,4545.8606174126535,501.08692872714437,0.0,0.0,15870.425206646116
2027-01,emp-0042,Senior Software Engineer,R&D,R&D,False,Paris,roster,1.0,38,10372.499424651887,829.799953972151,4704.965739022096,518.6249712325944,0.0,0.0,16425.89008887873
2027-02,emp-0042,Senior Software Engineer,R&D,R&D,False,Paris,roster,1.0,39,10372.499424651887,829.799953972151,4704.965739022096,518.6249712325944,0.0,0.0,16425.89008887873
2027-03,emp-0042,Senior Software Engineer,R&D,R&D,False,Paris,roster,1.0,40,10372.499424651887,829.799953972151,4704.965739022096,518.6249712325944,0.0,0.0,16425.89008887873
2027-04,emp-0042,Senior Software Engineer,R&D,R&D,False,Paris,roster,1.0,41,10372.499424651887,829.799953972151,4704.965739022096,518.6249712325944,0.0,0.0,16425.89008887873
2027-05,emp-0042,Senior Software Engineer,R&D,R&D,False,Paris,roster,1.0,42,10372.499424651887,829.799953972151,4704.965739022096,518.6249712325944,0.0,0.0,16425.89008887873
2027-06,emp-0042,Senior Software Engineer,R&D,R&D,False,Paris,roster,1.0,43,10372.499424651887,829.799953972151,4704.965739022096,518.6249712325944,0.0,0.0,16425.89008887873
2027-07,emp-0042,Senior Software Engineer,R&D,R&D,False,Paris,roster,1.0,44,10372.499424651887,829.799953972151,4704.965739022096,518.6249712325944,0.0,0.0,16425.89008887873
2027-08,emp-0042,Senior Software Engineer,R&D,R&D,False,Paris,roster,1.0,45,10372.499424651887,829.799953972151,4704.965739022096,518.6249712325944,0.0,0.0,16425.89008887873
2027-09,emp-0042,Senior Software Engineer,R&D,R&D,False,Paris,roster,1.0,46,10372.499424651887,829.799953972151,4704.965739022096,518.6249712325944,0.0,0.0,16425.89008887873
2027-10,emp-0042,Senior Software Engineer,R&D,R&D,False,Paris,roster,1.0,47,10372.499424651887,829.799953972151,4704.965739022096,518.6249712325944,0.0,0.0,16425.89008887873
2027-11,emp-0042,Senior Software Engineer,R&D,R&D,False,Paris,roster,1.0,48,10372.499424651887,829.799953972151,4704.965739022096,518.6249712325944,0.0,0.0,16425.89008887873
2027-12,emp-0042,Senior Software Engineer,R&D,R&D,False,Paris,roster,1.0,49,10372.499424651887,829.799953972151,4704.965739022096,518.6249712325944,0.0,0.0,16425.89008887873
2028-01,emp-0042,Senior Software Engineer,R&D,R&D,False,Paris,roster,1.0,50,10735.536904514702,858.8429523611761,4869.6395398878685,536.7768452257351,0.0,0.0,17000.796241989483
2028-02,emp-0042,Senior Software Engineer,R&D,R&D,False,Paris,roster,1.0,51,10735.536904514702,858.8429523611761,4869.6395398878685,536.7768452257351,0.0,0.0,17000.796241989483
2026-09,emp-0043,Senior Software Engineer,R&D,R&D,False,Paris,roster,1.0,90,11030.924748911819,882.4739799129455,5003.627466106401,551.5462374455909,0.0,0.0,17468.572432376754
2026-10,emp-0043,Senior Software Engineer,R&D,R&D,False,Paris,roster,1.0,91,11030.924748911819,882.4739799129455,5003.627466106401,551.5462374455909,0.0,0.0,17468.572432376754
2026-11,emp-0043,Senior Software Engineer,R&D,R&D,False,Paris,roster,1.0,92,11030.924748911819,882.4739799129455,5003.627466106401,551.5462374455909,0.0,0.0,17468.572432376754
2026-12,emp-0043,Senior Software Engineer,R&D,R&D,False,Paris,roster,1.0,93,11030.924748911819,882.4739799129455,5003.627466106401,551.5462374455909,0.0,0.0,17468.572432376754
2027-01,emp-0043,Senior Software Engineer,R&D,R&D,False,Paris,roster,1.0,94,11417.00711512373,913.3605692098984,5178.754427420124,570.8503557561866,0.0,0.0,18079.97246750994
2027-02,emp-0043,Senior Software Engineer,R&D,R&D,False,Paris,roster,1.0,95,11417.00711512373,913.3605692098984,5178.754427420124,570.8503557561866,0.0,0.0,18079.97246750994
2027-03,emp-0043,Senior Software Engineer,R&D,R&D,False,Paris,roster,1.0,96,11417.00711512373,913.3605692098984,5178.754427420124,570.8503557561866,0.0,0.0,18079.97246750994
2027-04,emp-0043,Senior Software Engineer,R&D,R&D,False,Paris,roster,1.0,97,11417.00711512373,913.3605692098984,5178.754427420124,570.8503557561866,0.0,0.0,18079.97246750994
2027-05,emp-0043,Senior Software Engineer,R&D,R&D,False,Paris,roster,1.0,98,11417.00711512373,913.3605692098984,5178.754427420124,570.8503557561866,0.0,0.0,18079.97246750994
2027-06,emp-0043,Senior Software Engineer,R&D,R&D,False,Paris,roster,1.0,99,11417.00711512373,913.3605692098984,5178.754427420124,570.8503557561866,0.0,0.0,18079.97246750994
2027-07,emp-0043,Senior Software Engineer,R&D,R&D,False,Paris,roster,1.0,100,11417.00711512373,913.3605692098984,5178.754427420124,570.8503557561866,0.0,0.0,18079.97246750994
2027-08,emp-0043,Senior Software Engineer,R&D,R&D,False,Paris,roster,1.0,101,11417.00711512373,913.3605692098984,5178.754427420124,570.8503557561866,0.0,0.0,18079.97246750994
2027-09,emp-0043,Senior Software Engineer,R&D,R&D,False,Paris,roster,1.0,102,11417.00711512373,913.3605692098984,5178.754427420124,570.8503557561866,0.0,0.0,18079.97246750994
2027-10,emp-0043,Senior Software Engineer,R&D,R&D,False,Paris,roster,1.0,103,11417.00711512373,913.3605692098984,5178.754427420124,570.8503557561866,0.0,0.0,18079.97246750994
2027-11,emp-0043,Senior Software Engineer,R&D,R&D,False,Paris,roster,1.0,104,11417.00711512373,913.3605692098984,5178.754427420124,570.8503557561866,0.0,0.0,18079.97246750994
2027-12,emp-0043,Senior Software Engineer,R&D,R&D,False,Paris,roster,1.0,105,11417.00711512373,913.3605692098984,5178.754427420124,570.8503557561866,0.0,0.0,18079.97246750994
2028-01,emp-0043,Senior Software Engineer,R&D,R&D,False,Paris,roster,1.0,106,11816.602364153061,945.3281891322449,5360.010832379829,590.8301182076531,0.0,0.0,18712.77150387279
2028-02,emp-0043,Senior Software Engineer,R&D,R&D,False,Paris,roster,1.0,107,11816.602364153061,945.3281891322449,5360.010832379829,590.8301182076531,0.0,0.0,18712.77150387279
2026-09,emp-0044,Senior Software Engineer,R&D,R&D,False,Paris,roster,1.0,47,9924.029511085479,793.9223608868383,4501.539786228373,496.20147555427394,0.0,0.0,15715.693133754961
2026-10,emp-0044,Senior Software Engineer,R&D,R&D,False,Paris,roster,1.0,48,9924.029511085479,793.9223608868383,4501.539786228373,496.20147555427394,0.0,0.0,15715.693133754961
2026-11,emp-0044,Senior Software Engineer,R&D,R&D,False,Paris,roster,1.0,49,9924.029511085479,793.9223608868383,4501.539786228373,496.20147555427394,0.0,0.0,15715.693133754961
2026-12,emp-0044,Senior Software Engineer,R&D,R&D,False,Paris,roster,1.0,50,9924.029511085479,793.9223608868383,4501.539786228373,496.20147555427394,0.0,0.0,15715.693133754961
2027-01,emp-0044,Senior Software Engineer,R&D,R&D,False,Paris,roster,1.0,51,10271.37054397347,821.7096435178776,4659.093678746365,513.5685271986735,0.0,0.0,16265.742393436385
2027-02,emp-0044,Senior Software Engineer,R&D,R&D,False,Paris,roster,1.0,52,10271.37054397347,821.7096435178776,4659.093678746365,513.5685271986735,0.0,0.0,16265.742393436385
2027-03,emp-0044,Senior Software Engineer,R&D,R&D,False,Paris,roster,1.0,53,10271.37054397347,821.7096435178776,4659.093678746365,513.5685271986735,0.0,0.0,16265.742393436385
2027-04,emp-0044,Senior Software Engineer,R&D,R&D,False,Paris,roster,1.0,54,10271.37054397347,821.7096435178776,4659.093678746365,513.5685271986735,0.0,0.0,16265.742393436385
2027-05,emp-0044,Senior Software Engineer,R&D,R&D,False,Paris,roster,1.0,55,10271.37054397347,821.7096435178776,4659.093678746365,513.5685271986735,0.0,0.0,16265.742393436385
2027-06,emp-0044,Senior Software Engineer,R&D,R&D,False,Paris,roster,1.0,56,10271.37054397347,821.7096435178776,4659.093678746365,513.5685271986735,0.0,0.0,16265.742393436385
2027-07,emp-0044,Senior Software Engineer,R&D,R&D,False,Paris,roster,1.0,57,10271.37054397347,821.7096435178776,4659.093678746365,513.5685271986735,0.0,0.0,16265.742393436385
2027-08,emp-0044,Senior Software Engineer,R&D,R&D,False,Paris,roster,1.0,58,10271.37054397347,821.7096435178776,4659.093678746365,513.5685271986735,0.0,0.0,16265.742393436385
2027-09,emp-0044,Senior Software Engineer,R&D,R&D,False,Paris,roster,1.0,59,10271.37054397347,821.7096435178776,4659.093678746365,513.5685271986735,0.0,0.0,16265.742393436385
2027-10,emp-0044,Senior Software Engineer,R&D,R&D,False,Paris,roster,1.0,60,10271.37054397347,821.7096435178776,4659.093678746365,513.5685271986735,0.0,0.0,16265.742393436385
2027-11,emp-0044,Senior Software Engineer,R&D,R&D,False,Paris,roster,1.0,61,10271.37054397347,821.7096435178776,4659.093678746365,513.5685271986735,0.0,0.0,16265.742393436385
2027-12,emp-0044,Senior Software Engineer,R&D,R&D,False,Paris,roster,1.0,62,10271.37054397347,821.7096435178776,4659.093678746365,513.5685271986735,0.0,0.0,16265.742393436385
2028-01,emp-0044,Senior Software Engineer,R&D,R&D,False,Paris,roster,1.0,63,10630.86851301254,850.4694810410032,4822.161957502488,531.543425650627,0.0,0.0,16835.043377206657
2028-02,emp-0044,Senior Software Engineer,R&D,R&D,False,Paris,roster,1.0,64,10630.86851301254,850.4694810410032,4822.161957502488,531.543425650627,0.0,0.0,16835.043377206657
2026-09,emp-0045,Senior Software Engineer,R&D,R&D,False,Paris,roster,1.0,48,10889.799600568911,871.1839680455129,4939.613098818058,544.4899800284455,0.0,0.0,17245.086647460925
2026-10,emp-0045,Senior Software Engineer,R&D,R&D,False,Paris,roster,1.0,49,10889.799600568911,871.1839680455129,4939.613098818058,544.4899800284455,0.0,0.0,17245.086647460925
2026-11,emp-0045,Senior Software Engineer,R&D,R&D,False,Paris,roster,1.0,50,10889.799600568911,871.1839680455129,4939.613098818058,544.4899800284455,0.0,0.0,17245.086647460925
2026-12,emp-0045,Senior Software Engineer,R&D,R&D,False,Paris,roster,1.0,51,10889.799600568911,871.1839680455129,4939.613098818058,544.4899800284455,0.0,0.0,17245.086647460925
2027-01,emp-0045,Senior Software Engineer,R&D,R&D,False,Paris,roster,1.0,52,11270.94258658882,901.6754069271057,5112.499557276689,563.5471293294411,0.0,0.0,17848.664680122056
2027-02,emp-0045,Senior Software Engineer,R&D,R&D,False,Paris,roster,1.0,53,11270.94258658882,901.6754069271057,5112.499557276689,563.5471293294411,0.0,0.0,17848.664680122056
2027-03,emp-0045,Senior Software Engineer,R&D,R&D,False,Paris,roster,1.0,54,11270.94258658882,901.6754069271057,5112.499557276689,563.5471293294411,0.0,0.0,17848.664680122056
2027-04,emp-0045,Senior Software Engineer,R&D,R&D,False,Paris,roster,1.0,55,11270.94258658882,901.6754069271057,5112.499557276689,563.5471293294411,0.0,0.0,17848.664680122056
2027-05,emp-0045,Senior Software Engineer,R&D,R&D,False,Paris,roster,1.0,56,11270.94258658882,901.6754069271057,5112.499557276689,563.5471293294411,0.0,0.0,17848.664680122056
2027-06,emp-0045,Senior Software Engineer,R&D,R&D,False,Paris,roster,1.0,57,11270.94258658882,901.6754069271057,5112.499557276689,563.5471293294411,0.0,0.0,17848.664680122056
2027-07,emp-0045,Senior Software Engineer,R&D,R&D,False,Paris,roster,1.0,58,11270.94258658882,901.6754069271057,5112.499557276689,563.5471293294411,0.0,0.0,17848.664680122056
2027-08,emp-0045,Senior Software Engineer,R&D,R&D,False,Paris,roster,1.0,59,11270.94258658882,901.6754069271057,5112.499557276689,563.5471293294411,0.0,0.0,17848.664680122056
2027-09,emp-0045,Senior Software Engineer,R&D,R&D,False,Paris,roster,1.0,60,11270.94258658882,901.6754069271057,5112.499557276689,563.5471293294411,0.0,0.0,17848.664680122056
2027-10,emp-0045,Senior Software Engineer,R&D,R&D,False,Paris,roster,1.0,61,11270.94258658882,901.6754069271057,5112.499557276689,563.5471293294411,0.0,0.0,17848.664680122056
2027-11,emp-0045,Senior Software Engineer,R&D,R&D,False,Paris,roster,1.0,62,11270.94258658882,901.6754069271057,5112.499557276689,563.5471293294411,0.0,0.0,17848.664680122056
2027-12,emp-0045,Senior Software Engineer,R&D,R&D,False,Paris,roster,1.0,63,11270.94258658882,901.6754069271057,5112.499557276689,563.5471293294411,0.0,0.0,17848.664680122056
2028-01,emp-0045,Senior Software Engineer,R&D,R&D,False,Paris,roster,1.0,64,11665.42557711943,933.2340461695544,5291.437041781373,583.2712788559714,0.0,0.0,18473.36794392633
2028-02,emp-0045,Senior Software Engineer,R&D,R&D,False,Paris,roster,1.0,65,11665.42557711943,933.2340461695544,5291.437041781373,583.2712788559714,0.0,0.0,18473.36794392633
2026-09,emp-0046,Senior Software Engineer,R&D,R&D,False,Paris,roster,1.0,57,9940.370565887855,795.2296452710284,4508.952088686731,497.0185282943928,0.0,0.0,15741.570828140008
2026-10,emp-0046,Senior Software Engineer,R&D,R&D,False,Paris,roster,1.0,58,9940.370565887855,795.2296452710284,4508.952088686731,497.0185282943928,0.0,0.0,15741.570828140008
2026-11,emp-0046,Senior Software Engineer,R&D,R&D,False,Paris,roster,1.0,59,9940.370565887855,795.2296452710284,4508.952088686731,497.0185282943928,0.0,0.0,15741.570828140008
2026-12,emp-0046,Senior Software Engineer,R&D,R&D,False,Paris,roster,1.0,60,9940.370565887855,795.2296452710284,4508.952088686731,497.0185282943928,0.0,0.0,15741.570828140008
2027-01,emp-0046,Senior Software Engineer,R&D,R&D,False,Paris,roster,1.0,61,10288.28353569393,823.0626828555145,4666.765411790767,514.4141767846966,0.0,0.0,16292.525807124908
2027-02,emp-0046,Senior Software Engineer,R&D,R&D,False,Paris,roster,1.0,62,10288.28353569393,823.0626828555145,4666.765411790767,514.4141767846966,0.0,0.0,16292.525807124908
2027-03,emp-0046,Senior Software Engineer,R&D,R&D,False,Paris,roster,1.0,63,10288.28353569393,823.0626828555145,4666.765411790767,514.4141767846966,0.0,0.0,16292.525807124908
2027-04,emp-0046,Senior Software Engineer,R&D,R&D,False,Paris,roster,1.0,64,10288.28353569393,823.0626828555145,4666.765411790767,514.4141767846966,0.0,0.0,16292.525807124908
2027-05,emp-0046,Senior Software Engineer,R&D,R&D,False,Paris,roster,1.0,65,10288.28353569393,823.0626828555145,4666.765411790767,514.4141767846966,0.0,0.0,16292.525807124908
2027-06,emp-0046,Senior Software Engineer,R&D,R&D,False,Paris,roster,1.0,66,10288.28353569393,823.0626828555145,4666.765411790767,514.4141767846966,0.0,0.0,16292.525807124908
2027-07,emp-0046,Senior Software Engineer,R&D,R&D,False,Paris,roster,1.0,67,10288.28353569393,823.0626828555145,4666.765411790767,514.4141767846966,0.0,0.0,16292.525807124908
2027-08,emp-0046,Senior Software Engineer,R&D,R&D,False,Paris,roster,1.0,68,10288.28353569393,823.0626828555145,4666.765411790767,514.4141767846966,0.0,0.0,16292.525807124908
2027-09,emp-0046,Senior Software Engineer,R&D,R&D,False,Paris,roster,1.0,69,10288.28353569393,823.0626828555145,4666.765411790767,514.4141767846966,0.0,0.0,16292.525807124908
2027-10,emp-0046,Senior Software Engineer,R&D,R&D,False,Paris,roster,1.0,70,10288.28353569393,823.0626828555145,4666.765411790767,514.4141767846966,0.0,0.0,16292.525807124908
2027-11,emp-0046,Senior Software Engineer,R&D,R&D,False,Paris,roster,1.0,71,10288.28353569393,823.0626828555145,4666.765411790767,514.4141767846966,0.0,0.0,16292.525807124908
2027-12,emp-0046,Senior Software Engineer,R&D,R&D,False,Paris,roster,1.0,72,10288.28353569393,823.0626828555145,4666.765411790767,514.4141767846966,0.0,0.0,16292.525807124908
2028-01,emp-0046,Senior Software Engineer,R&D,R&D,False,Paris,roster,1.0,73,10648.373459443217,851.8698767554574,4830.102201203444,532.4186729721608,0.0,0.0,16862.76421037428
2028-02,emp-0046,Senior Software Engineer,R&D,R&D,False,Paris,roster,1.0,74,10648.373459443217,851.8698767554574,4830.102201203444,532.4186729721608,0.0,0.0,16862.76421037428
2026-09,emp-0047,Engineering Manager,R&D,R&D,False,Paris,roster,1.0,56,11525.08045132797,922.0064361062377,5227.776492722367,576.2540225663986,0.0,0.0,18251.11740272297
2026-10,emp-0047,Engineering Manager,R&D,R&D,False,Paris,roster,1.0,57,11525.08045132797,922.0064361062377,5227.776492722367,576.2540225663986,0.0,0.0,18251.11740272297
2026-11,emp-0047,Engineering Manager,R&D,R&D,False,Paris,roster,1.0,58,11525.08045132797,922.0064361062377,5227.776492722367,576.2540225663986,0.0,0.0,18251.11740272297
2026-12,emp-0047,Engineering Manager,R&D,R&D,False,Paris,roster,1.0,59,11525.08045132797,922.0064361062377,5227.776492722367,576.2540225663986,0.0,0.0,18251.11740272297
2027-01,emp-0047,Engineering Manager,R&D,R&D,False,Paris,roster,1.0,60,11928.458267124448,954.2766613699558,5410.748669967649,596.4229133562225,0.0,0.0,18889.906511818273
2027-02,emp-0047,Engineering Manager,R&D,R&D,False,Paris,roster,1.0,61,11928.458267124448,954.2766613699558,5410.748669967649,596.4229133562225,0.0,0.0,18889.906511818273
2027-03,emp-0047,Engineering Manager,R&D,R&D,False,Paris,roster,1.0,62,11928.458267124448,954.2766613699558,5410.748669967649,596.4229133562225,0.0,0.0,18889.906511818273
2027-04,emp-0047,Engineering Manager,R&D,R&D,False,Paris,roster,1.0,63,11928.458267124448,954.2766613699558,5410.748669967649,596.4229133562225,0.0,0.0,18889.906511818273
2027-05,emp-0047,Engineering Manager,R&D,R&D,False,Paris,roster,1.0,64,11928.458267124448,954.2766613699558,5410.748669967649,596.4229133562225,0.0,0.0,18889.906511818273
2027-06,emp-0047,Engineering Manager,R&D,R&D,False,Paris,roster,1.0,65,11928.458267124448,954.2766613699558,5410.748669967649,596.4229133562225,0.0,0.0,18889.906511818273
2027-07,emp-0047,Engineering Manager,R&D,R&D,False,Paris,roster,1.0,66,11928.458267124448,954.2766613699558,5410.748669967649,596.4229133562225,0.0,0.0,18889.906511818273
2027-08,emp-0047,Engineering Manager,R&D,R&D,False,Paris,roster,1.0,67,11928.458267124448,954.2766613699558,5410.748669967649,596.4229133562225,0.0,0.0,18889.906511818273
2027-09,emp-0047,Engineering Manager,R&D,R&D,False,Paris,roster,1.0,68,11928.458267124448,954.2766613699558,5410.748669967649,596.4229133562225,0.0,0.0,18889.906511818273
2027-10,emp-0047,Engineering Manager,R&D,R&D,False,Paris,roster,1.0,69,11928.458267124448,954.2766613699558,5410.748669967649,596.4229133562225,0.0,0.0,18889.906511818273
2027-11,emp-0047,Engineering Manager,R&D,R&D,False,Paris,roster,1.0,70,11928.458267124448,954.2766613699558,5410.748669967649,596.4229133562225,0.0,0.0,18889.906511818273
2027-12,emp-0047,Engineering Manager,R&D,R&D,False,Paris,roster,1.0,71,11928.458267124448,954.2766613699558,5410.748669967649,596.4229133562225,0.0,0.0,18889.906511818273
2028-01,emp-0047,Engineering Manager,R&D,R&D,False,Paris,roster,1.0,72,12345.954306473803,987.6763445179042,5600.1248734165165,617.2977153236902,0.0,0.0,19551.053239731915
2028-02,emp-0047,Engineering Manager,R&D,R&D,False,Paris,roster,1.0,73,12345.954306473803,987.6763445179042,5600.1248734165165,617.2977153236902,0.0,0.0,19551.053239731915
2026-09,emp-0049,Data Engineer,R&D,R&D,False,Paris,roster,1.0,30,8516.872989177571,681.3498391342057,3863.253587890946,425.8436494588786,0.0,0.0,13487.3200656616
2026-10,emp-0049,Data Engineer,R&D,R&D,False,Paris,roster,1.0,31,8516.872989177571,681.3498391342057,3863.253587890946,425.8436494588786,0.0,0.0,13487.3200656616
2026-11,emp-0049,Data Engineer,R&D,R&D,False,Paris,roster,1.0,32,8516.872989177571,681.3498391342057,3863.253587890946,425.8436494588786,0.0,0.0,13487.3200656616
2026-12,emp-0049,Data Engineer,R&D,R&D,False,Paris,roster,1.0,33,8516.872989177571,681.3498391342057,3863.253587890946,425.8436494588786,0.0,0.0,13487.3200656616
2027-01,emp-0049,Data Engineer,R&D,R&D,False,Paris,roster,1.0,34,8814.963543798787,705.197083503903,3998.4674634671296,440.7481771899394,0.0,0.0,13959.37626795976
2027-02,emp-0049,Data Engineer,R&D,R&D,False,Paris,roster,1.0,35,8814.963543798787,705.197083503903,3998.4674634671296,440.7481771899394,0.0,0.0,13959.37626795976
2027-03,emp-0049,Data Engineer,R&D,R&D,False,Paris,roster,1.0,36,8814.963543798787,705.197083503903,3998.4674634671296,440.7481771899394,0.0,0.0,13959.37626795976
2027-04,emp-0049,Data Engineer,R&D,R&D,False,Paris,roster,1.0,37,8814.963543798787,705.197083503903,3998.4674634671296,440.7481771899394,0.0,0.0,13959.37626795976
2027-05,emp-0049,Data Engineer,R&D,R&D,False,Paris,roster,1.0,38,8814.963543798787,705.197083503903,3998.4674634671296,440.7481771899394,0.0,0.0,13959.37626795976
2027-06,emp-0049,Data Engineer,R&D,R&D,False,Paris,roster,1.0,39,8814.963543798787,705.197083503903,3998.4674634671296,440.7481771899394,0.0,0.0,13959.37626795976
2027-07,emp-0049,Data Engineer,R&D,R&D,False,Paris,roster,1.0,40,8814.963543798787,705.197083503903,3998.4674634671296,440.7481771899394,0.0,0.0,13959.37626795976
2027-08,emp-0049,Data Engineer,R&D,R&D,False,Paris,roster,1.0,41,8814.963543798787,705.197083503903,3998.4674634671296,440.7481771899394,0.0,0.0,13959.37626795976
2027-09,emp-0049,Data Engineer,R&D,R&D,False,Paris,roster,1.0,42,8814.963543798787,705.197083503903,3998.4674634671296,440.7481771899394,0.0,0.0,13959.37626795976
2027-10,emp-0049,Data Engineer,R&D,R&D,False,Paris,roster,1.0,43,8814.963543798787,705.197083503903,3998.4674634671296,440.7481771899394,0.0,0.0,13959.37626795976
2027-11,emp-0049,Data Engineer,R&D,R&D,False,Paris,roster,1.0,44,8814.963543798787,705.197083503903,3998.4674634671296,440.7481771899394,0.0,0.0,13959.37626795976
2027-12,emp-0049,Data Engineer,R&D,R&D,False,Paris,roster,1.0,45,8814.963543798787,705.197083503903,3998.4674634671296,440.7481771899394,0.0,0.0,13959.37626795976
2028-01,emp-0049,Data Engineer,R&D,R&D,False,Paris,roster,1.0,46,9123.487267831742,729.8789814265394,4138.413824688479,456.1743633915871,0.0,0.0,14447.954437338347
2028-02,emp-0049,Data Engineer,R&D,R&D,False,Paris,roster,1.0,47,9123.487267831742,729.8789814265394,4138.413824688479,456.1743633915871,0.0,0.0,14447.954437338347
2026-09,emp-0050,Data Engineer,R&D,R&D,False,Paris,roster,1.0,58,10158.016320117182,812.6413056093745,4607.6762028051535,507.9008160058591,0.0,0.0,16086.23464453757
2026-10,emp-0050,Data Engineer,R&D,R&D,False,Paris,roster,1.0,59,10158.016320117182,812.6413056093745,4607.6762028051535,507.9008160058591,0.0,0.0,16086.23464453757
2026-11,emp-0050,Data Engineer,R&D,R&D,False,Paris,roster,1.0,60,10158.016320117182,812.6413056093745,4607.6762028051535,507.9008160058591,0.0,0.0,16086.23464453757
2026-12,emp-0050,Data Engineer,R&D,R&D,False,Paris,roster,1.0,61,10158.016320117182,812.6413056093745,4607.6762028051535,507.9008160058591,0.0,0.0,16086.23464453757
2027-01,emp-0050,Data Engineer,R&D,R&D,False,Paris,roster,1.0,62,10513.54689132128,841.0837513057024,4768.944869903333,525.6773445660641,0.0,0.0,16649.25285709638
2027-02,emp-0050,Data Engineer,R&D,R&D,False,Paris,roster,1.0,63,10513.54689132128,841.0837513057024,4768.944869903333,525.6773445660641,0.0,0.0,16649.25285709638
2027-03,emp-0050,Data Engineer,R&D,R&D,False,Paris,roster,1.0,64,10513.54689132128,841.0837513057024,4768.944869903333,525.6773445660641,0.0,0.0,16649.25285709638
2027-04,emp-0050,Data Engineer,R&D,R&D,False,Paris,roster,1.0,65,10513.54689132128,841.0837513057024,4768.944869903333,525.6773445660641,0.0,0.0,16649.25285709638
2027-05,emp-0050,Data Engineer,R&D,R&D,False,Paris,roster,1.0,66,10513.54689132128,841.0837513057024,4768.944869903333,525.6773445660641,0.0,0.0,16649.25285709638
2027-06,emp-0050,Data Engineer,R&D,R&D,False,Paris,roster,1.0,67,10513.54689132128,841.0837513057024,4768.944869903333,525.6773445660641,0.0,0.0,16649.25285709638
2027-07,emp-0050,Data Engineer,R&D,R&D,False,Paris,roster,1.0,68,10513.54689132128,841.0837513057024,4768.944869903333,525.6773445660641,0.0,0.0,16649.25285709638
2027-08,emp-0050,Data Engineer,R&D,R&D,False,Paris,roster,1.0,69,10513.54689132128,841.0837513057024,4768.944869903333,525.6773445660641,0.0,0.0,16649.25285709638
2027-09,emp-0050,Data Engineer,R&D,R&D,False,Paris,roster,1.0,70,10513.54689132128,841.0837513057024,4768.944869903333,525.6773445660641,0.0,0.0,16649.25285709638
2027-10,emp-0050,Data Engineer,R&D,R&D,False,Paris,roster,1.0,71,10513.54689132128,841.0837513057024,4768.944869903333,525.6773445660641,0.0,0.0,16649.25285709638
2027-11,emp-0050,Data Engineer,R&D,R&D,False,Paris,roster,1.0,72,10513.54689132128,841.0837513057024,4768.944869903333,525.6773445660641,0.0,0.0,16649.25285709638
2027-12,emp-0050,Data Engineer,R&D,R&D,False,Paris,roster,1.0,73,10513.54689132128,841.0837513057024,4768.944869903333,525.6773445660641,0.0,0.0,16649.25285709638
2028-01,emp-0050,Data Engineer,R&D,R&D,False,Paris,roster,1.0,74,10881.521032517527,870.5216826014022,4935.85794034995,544.0760516258764,0.0,0.0,17231.976707094756
2028-02,emp-0050,Data Engineer,R&D,R&D,False,Paris,roster,1.0,75,10881.521032517527,870.5216826014022,4935.85794034995,544.0760516258764,0.0,0.0,17231.976707094756
2026-09,emp-0051,Site Reliability Engineer,Customer Operations,COGS,False,Montreal,roster,1.0,71,12915.558488883558,1033.2446791106847,1534.3683484793667,774.9335093330135,0.0,0.0,16258.105025806624
2026-10,emp-0051,Site Reliability Engineer,Customer Operations,COGS,False,Montreal,roster,1.0,72,12915.558488883558,1033.2446791106847,1534.3683484793667,774.9335093330135,0.0,0.0,16258.105025806624
2026-11,emp-0051,Site Reliability Engineer,Customer Operations,COGS,False,Montreal,roster,1.0,73,12915.558488883558,1033.2446791106847,1534.3683484793667,774.9335093330135,0.0,0.0,16258.105025806624
2026-12,emp-0051,Site Reliability Engineer,Customer Operations,COGS,False,Montreal,roster,1.0,74,12915.558488883558,1033.2446791106847,1534.3683484793667,774.9335093330135,0.0,0.0,16258.105025806624
2027-01,emp-0051,Site Reliability Engineer,Customer Operations,COGS,False,Montreal,roster,1.0,75,13367.603035994483,1069.4082428795587,1588.0712406761447,802.056182159669,0.0,0.0,16827.138701709857
2027-02,emp-0051,Site Reliability Engineer,Customer Operations,COGS,False,Montreal,roster,1.0,76,13367.603035994483,1069.4082428795587,1588.0712406761447,802.056182159669,0.0,0.0,16827.138701709857
2027-03,emp-0051,Site Reliability Engineer,Customer Operations,COGS,False,Montreal,roster,1.0,77,13367.603035994483,1069.4082428795587,1588.0712406761447,802.056182159669,0.0,0.0,16827.138701709857
2027-04,emp-0051,Site Reliability Engineer,Customer Operations,COGS,False,Montreal,roster,1.0,78,13367.603035994483,1069.4082428795587,1588.0712406761447,802.056182159669,0.0,0.0,16827.138701709857
2027-05,emp-0051,Site Reliability Engineer,Customer Operations,COGS,False,Montreal,roster,1.0,79,13367.603035994483,1069.4082428795587,1588.0712406761447,802.056182159669,0.0,0.0,16827.138701709857
2027-06,emp-0051,Site Reliability Engineer,Customer Operations,COGS,False,Montreal,roster,1.0,80,13367.603035994483,1069.4082428795587,1588.0712406761447,802.056182159669,0.0,0.0,16827.138701709857
2027-07,emp-0051,Site Reliability Engineer,Customer Operations,COGS,False,Montreal,roster,1.0,81,13367.603035994483,1069.4082428795587,1588.0712406761447,802.056182159669,0.0,0.0,16827.138701709857
2027-08,emp-0051,Site Reliability Engineer,Customer Operations,COGS,False,Montreal,roster,1.0,82,13367.603035994483,1069.4082428795587,1588.0712406761447,802.056182159669,0.0,0.0,16827.138701709857
2027-09,emp-0051,Site Reliability Engineer,Customer Operations,COGS,False,Montreal,roster,1.0,83,13367.603035994483,1069.4082428795587,1588.0712406761447,802.056182159669,0.0,0.0,16827.138701709857
2027-10,emp-0051,Site Reliability Engineer,Customer Operations,COGS,False,Montreal,roster,1.0,84,13367.603035994483,1069.4082428795587,1588.0712406761447,802.056182159669,0.0,0.0,16827.138701709857
2027-11,emp-0051,Site Reliability Engineer,Customer Operations,COGS,False,Montreal,roster,1.0,85,13367.603035994483,1069.4082428795587,1588.0712406761447,802.056182159669,0.0,0.0,16827.138701709857
2027-12,emp-0051,Site Reliability Engineer,Customer Operations,COGS,False,Montreal,roster,1.0,86,13367.603035994483,1069.4082428795587,1588.0712406761447,802.056182159669,0.0,0.0,16827.138701709857
2028-01,emp-0051,Site Reliability Engineer,Customer Operations,COGS,False,Montreal,roster,1.0,87,13835.46914225429,1106.837531380343,1643.6537340998095,830.1281485352573,0.0,0.0,17416.088556269697
2028-02,emp-0051,Site Reliability Engineer,Customer Operations,COGS,False,Montreal,roster,1.0,88,13835.46914225429,1106.837531380343,1643.6537340998095,830.1281485352573,0.0,0.0,17416.088556269697
2026-09,emp-0052,Site Reliability Engineer,Customer Operations,COGS,False,Montreal,roster,1.0,92,13069.083930894543,1045.5267144715635,1552.6071709902717,784.1450358536725,0.0,0.0,16451.36285221005
2026-10,emp-0052,Site Reliability Engineer,Customer Operations,COGS,False,Montreal,roster,1.0,93,13069.083930894543,1045.5267144715635,1552.6071709902717,784.1450358536725,0.0,0.0,16451.36285221005
2026-11,emp-0052,Site Reliability Engineer,Customer Operations,COGS,False,Montreal,roster,1.0,94,13069.083930894543,1045.5267144715635,1552.6071709902717,784.1450358536725,0.0,0.0,16451.36285221005
2026-12,emp-0052,Site Reliability Engineer,Customer Operations,COGS,False,Montreal,roster,1.0,95,13069.083930894543,1045.5267144715635,1552.6071709902717,784.1450358536725,0.0,0.0,16451.36285221005
2027-01,emp-0052,Site Reliability Engineer,Customer Operations,COGS,False,Montreal,roster,1.0,96,13526.501868475852,1082.1201494780682,1606.9484219749313,811.5901121085511,0.0,0.0,17027.160552037403
2027-02,emp-0052,Site Reliability Engineer,Customer Operations,COGS,False,Montreal,roster,1.0,97,13526.501868475852,1082.1201494780682,1606.9484219749313,811.5901121085511,0.0,0.0,17027.160552037403
2027-03,emp-0052,Site Reliability Engineer,Customer Operations,COGS,False,Montreal,roster,1.0,98,13526.501868475852,1082.1201494780682,1606.9484219749313,811.5901121085511,0.0,0.0,17027.160552037403
2027-04,emp-0052,Site Reliability Engineer,Customer Operations,COGS,False,Montreal,roster,1.0,99,13526.501868475852,1082.1201494780682,1606.9484219749313,811.5901121085511,0.0,0.0,17027.160552037403
2027-05,emp-0052,Site Reliability Engineer,Customer Operations,COGS,False,Montreal,roster,1.0,100,13526.501868475852,1082.1201494780682,1606.9484219749313,811.5901121085511,0.0,0.0,17027.160552037403
2027-06,emp-0052,Site Reliability Engineer,Customer Operations,COGS,False,Montreal,roster,1.0,101,13526.501868475852,1082.1201494780682,1606.9484219749313,811.5901121085511,0.0,0.0,17027.160552037403
2027-07,emp-0052,Site Reliability Engineer,Customer Operations,COGS,False,Montreal,roster,1.0,102,13526.501868475852,1082.1201494780682,1606.9484219749313,811.5901121085511,0.0,0.0,17027.160552037403
2027-08,emp-0052,Site Reliability Engineer,Customer Operations,COGS,False,Montreal,roster,1.0,103,13526.501868475852,1082.1201494780682,1606.9484219749313,811.5901121085511,0.0,0.0,17027.160552037403
2027-09,emp-0052,Site Reliability Engineer,Customer Operations,COGS,False,Montreal,roster,1.0,104,13526.501868475852,1082.1201494780682,1606.9484219749313,811.5901121085511,0.0,0.0,17027.160552037403
2027-10,emp-0052,Site Reliability Engineer,Customer Operations,COGS,False,Montreal,roster,1.0,105,13526.501868475852,1082.1201494780682,1606.9484219749313,811.5901121085511,0.0,0.0,17027.160552037403
2027-11,emp-0052,Site Reliability Engineer,Customer Operations,COGS,False,Montreal,roster,1.0,106,13526.501868475852,1082.1201494780682,1606.9484219749313,811.5901121085511,0.0,0.0,17027.160552037403
2027-12,emp-0052,Site Reliability Engineer,Customer Operations,COGS,False,Montreal,roster,1.0,107,13526.501868475852,1082.1201494780682,1606.9484219749313,811.5901121085511,0.0,0.0,17027.160552037403
2028-01,emp-0052,Site Reliability Engineer,Customer Operations,COGS,False,Montreal,roster,1.0,108,13999.929433872509,1119.9943547098007,1663.191616744054,839.9957660323505,0.0,0.0,17623.111171358712
2028-02,emp-0052,Site Reliability Engineer,Customer Operations,COGS,False,Montreal,roster,1.0,109,13999.929433872509,1119.9943547098007,1663.191616744054,839.9957660323505,0.0,0.0,17623.111171358712
2026-09,emp-0053,Site Reliability Engineer,Customer Operations,COGS,False,Montreal,roster,1.0,83,13786.0152613542,1102.881220908336,1637.778613048879,827.1609156812519,0.0,0.0,17353.836010992665
2026-10,emp-0053,Site Reliability Engineer,Customer Operations,COGS,False,Montreal,roster,1.0,84,13786.0152613542,1102.881220908336,1637.778613048879,827.1609156812519,0.0,0.0,17353.836010992665
2026-11,emp-0053,Site Reliability Engineer,Customer Operations,COGS,False,Montreal,roster,1.0,85,13786.0152613542,1102.881220908336,1637.778613048879,827.1609156812519,0.0,0.0,17353.836010992665
2026-12,emp-0053,Site Reliability Engineer,Customer Operations,COGS,False,Montreal,roster,1.0,86,13786.0152613542,1102.881220908336,1637.778613048879,827.1609156812519,0.0,0.0,17353.836010992665
2027-01,emp-0053,Site Reliability Engineer,Customer Operations,COGS,False,Montreal,roster,1.0,87,14268.525795501597,1141.4820636401278,1695.1008645055897,856.1115477300958,0.0,0.0,17961.22027137741
2027-02,emp-0053,Site Reliability Engineer,Customer Operations,COGS,False,Montreal,roster,1.0,88,14268.525795501597,1141.4820636401278,1695.1008645055897,856.1115477300958,0.0,0.0,17961.22027137741
2027-03,emp-0053,Site Reliability Engineer,Customer Operations,COGS,False,Montreal,roster,1.0,89,14268.525795501597,1141.4820636401278,1695.1008645055897,856.1115477300958,0.0,0.0,17961.22027137741
2027-04,emp-0053,Site Reliability Engineer,Customer Operations,COGS,False,Montreal,roster,1.0,90,14268.525795501597,1141.4820636401278,1695.1008645055897,856.1115477300958,0.0,0.0,17961.22027137741
2027-05,emp-0053,Site Reliability Engineer,Customer Operations,COGS,False,Montreal,roster,1.0,91,14268.525795501597,1141.4820636401278,1695.1008645055897,856.1115477300958,0.0,0.0,17961.22027137741
2027-06,emp-0053,Site Reliability Engineer,Customer Operations,COGS,False,Montreal,roster,1.0,92,14268.525795501597,1141.4820636401278,1695.1008645055897,856.1115477300958,0.0,0.0,17961.22027137741
2027-07,emp-0053,Site Reliability Engineer,Customer Operations,COGS,False,Montreal,roster,1.0,93,14268.525795501597,1141.4820636401278,1695.1008645055897,856.1115477300958,0.0,0.0,17961.22027137741
2027-08,emp-0053,Site Reliability Engineer,Customer Operations,COGS,False,Montreal,roster,1.0,94,14268.525795501597,1141.4820636401278,1695.1008645055897,856.1115477300958,0.0,0.0,17961.22027137741
2027-09,emp-0053,Site Reliability Engineer,Customer Operations,COGS,False,Montreal,roster,1.0,95,14268.525795501597,1141.4820636401278,1695.1008645055897,856.1115477300958,0.0,0.0,17961.22027137741
2027-10,emp-0053,Site Reliability Engineer,Customer Operations,COGS,False,Montreal,roster,1.0,96,14268.525795501597,1141.4820636401278,1695.1008645055897,856.1115477300958,0.0,0.0,17961.22027137741
2027-11,emp-0053,Site Reliability Engineer,Customer Operations,COGS,False,Montreal,roster,1.0,97,14268.525795501597,1141.4820636401278,1695.1008645055897,856.1115477300958,0.0,0.0,17961.22027137741
2027-12,emp-0053,Site Reliability Engineer,Customer Operations,COGS,False,Montreal,roster,1.0,98,14268.525795501597,1141.4820636401278,1695.1008645055897,856.1115477300958,0.0,0.0,17961.22027137741
2028-01,emp-0053,Site Reliability Engineer,Customer Operations,COGS,False,Montreal,roster,1.0,99,14767.924198344152,1181.4339358675322,1754.4293947632852,886.0754519006491,0.0,0.0,18589.862980875616
2028-02,emp-0053,Site Reliability Engineer,Customer Operations,COGS,False,Montreal,roster,1.0,100,14767.924198344152,1181.4339358675322,1754.4293947632852,886.0754519006491,0.0,0.0,18589.862980875616
2026-09,emp-0054,Site Reliability Engineer,Customer Operations,COGS,False,Paris,roster,1.0,74,10373.435939797702,829.8748751838162,4705.390542292237,518.6717969898851,0.0,0.0,16427.37315426364
2026-10,emp-0054,Site Reliability Engineer,Customer Operations,COGS,False,Paris,roster,1.0,75,10373.435939797702,829.8748751838162,4705.390542292237,518.6717969898851,0.0,0.0,16427.37315426364
2026-11,emp-0054,Site Reliability Engineer,Customer Operations,COGS,False,Paris,roster,1.0,76,10373.435939797702,829.8748751838162,4705.390542292237,518.6717969898851,0.0,0.0,16427.37315426364
2026-12,emp-0054,Site Reliability Engineer,Customer Operations,COGS,False,Paris,roster,1.0,77,10373.435939797702,829.8748751838162,4705.390542292237,518.6717969898851,0.0,0.0,16427.37315426364
2027-01,emp-0054,Site Reliability Engineer,Customer Operations,COGS,False,Paris,roster,1.0,78,10736.506197690622,858.9204958152498,4870.079211272466,536.8253098845311,0.0,0.0,17002.331214662867
2027-02,emp-0054,Site Reliability Engineer,Customer Operations,COGS,False,Paris,roster,1.0,79,10736.506197690622,858.9204958152498,4870.079211272466,536.8253098845311,0.0,0.0,17002.331214662867
2027-03,emp-0054,Site Reliability Engineer,Customer Operations,COGS,False,Paris,roster,1.0,80,10736.506197690622,858.9204958152498,4870.079211272466,536.8253098845311,0.0,0.0,17002.331214662867
2027-04,emp-0054,Site Reliability Engineer,Customer Operations,COGS,False,Paris,roster,1.0,81,10736.506197690622,858.9204958152498,4870.079211272466,536.8253098845311,0.0,0.0,17002.331214662867
2027-05,emp-0054,Site Reliability Engineer,Customer Operations,COGS,False,Paris,roster,1.0,82,10736.506197690622,858.9204958152498,4870.079211272466,536.8253098845311,0.0,0.0,17002.331214662867
2027-06,emp-0054,Site Reliability Engineer,Customer Operations,COGS,False,Paris,roster,1.0,83,10736.506197690622,858.9204958152498,4870.079211272466,536.8253098845311,0.0,0.0,17002.331214662867
2027-07,emp-0054,Site Reliability Engineer,Customer Operations,COGS,False,Paris,roster,1.0,84,10736.506197690622,858.9204958152498,4870.079211272466,536.8253098845311,0.0,0.0,17002.331214662867
2027-08,emp-0054,Site Reliability Engineer,Customer Operations,COGS,False,Paris,roster,1.0,85,10736.506197690622,858.9204958152498,4870.079211272466,536.8253098845311,0.0,0.0,17002.331214662867
2027-09,emp-0054,Site Reliability Engineer,Customer Operations,COGS,False,Paris,roster,1.0,86,10736.506197690622,858.9204958152498,4870.079211272466,536.8253098845311,0.0,0.0,17002.331214662867
2027-10,emp-0054,Site Reliability Engineer,Customer Operations,COGS,False,Paris,roster,1.0,87,10736.506197690622,858.9204958152498,4870.079211272466,536.8253098845311,0.0,0.0,17002.331214662867
2027-11,emp-0054,Site Reliability Engineer,Customer Operations,COGS,False,Paris,roster,1.0,88,10736.506197690622,858.9204958152498,4870.079211272466,536.8253098845311,0.0,0.0,17002.331214662867
2027-12,emp-0054,Site Reliability Engineer,Customer Operations,COGS,False,Paris,roster,1.0,89,10736.506197690622,858.9204958152498,4870.079211272466,536.8253098845311,0.0,0.0,17002.331214662867
2028-01,emp-0054,Site Reliability Engineer,Customer Operations,COGS,False,Paris,roster,1.0,90,11112.283914609792,888.9827131687834,5040.531983667001,555.6141957304897,0.0,0.0,17597.412807176068
2028-02,emp-0054,Site Reliability Engineer,Customer Operations,COGS,False,Paris,roster,1.0,91,11112.283914609792,888.9827131687834,5040.531983667001,555.6141957304897,0.0,0.0,17597.412807176068
2026-09,emp-0055,Customer Success Manager,Customer Operations,COGS,False,Austin,roster,1.0,64,8263.02168217885,661.0417345743081,758.5453904240186,1156.8230355050391,0.0,0.0,10839.431842682217
2026-10,emp-0055,Customer Success Manager,Customer Operations,COGS,False,Austin,roster,1.0,65,8263.02168217885,661.0417345743081,758.5453904240186,1156.8230355050391,0.0,0.0,10839.431842682217
2026-11,emp-0055,Customer Success Manager,Customer Operations,COGS,False,Austin,roster,1.0,66,8263.02168217885,661.0417345743081,758.5453904240186,1156.8230355050391,0.0,0.0,10839.431842682217
2026-12,emp-0055,Customer Success Manager,Customer Operations,COGS,False,Austin,roster,1.0,67,8263.02168217885,661.0417345743081,758.5453904240186,1156.8230355050391,0.0,0.0,10839.431842682217
2027-01,emp-0055,Customer Success Manager,Customer Operations,COGS,False,Austin,roster,1.0,68,8552.227441055109,684.1781952844087,785.0944790888591,1197.3118417477153,0.0,0.0,11218.81195717609
2027-02,emp-0055,Customer Success Manager,Customer Operations,COGS,False,Austin,roster,1.0,69,8552.227441055109,684.1781952844087,785.0944790888591,1197.3118417477153,0.0,0.0,11218.81195717609
2027-03,emp-0055,Customer Success Manager,Customer Operations,COGS,False,Austin,roster,1.0,70,8552.227441055109,684.1781952844087,785.0944790888591,1197.3118417477153,0.0,0.0,11218.81195717609
2027-04,emp-0055,Customer Success Manager,Customer Operations,COGS,False,Austin,roster,1.0,71,8552.227441055109,684.1781952844087,785.0944790888591,1197.3118417477153,0.0,0.0,11218.81195717609
2027-05,emp-0055,Customer Success Manager,Customer Operations,COGS,False,Austin,roster,1.0,72,8552.227441055109,684.1781952844087,785.0944790888591,1197.3118417477153,0.0,0.0,11218.81195717609
2027-06,emp-0055,Customer Success Manager,Customer Operations,COGS,False,Austin,roster,1.0,73,8552.227441055109,684.1781952844087,785.0944790888591,1197.3118417477153,0.0,0.0,11218.81195717609
2027-07,emp-0055,Customer Success Manager,Customer Operations,COGS,False,Austin,roster,1.0,74,8552.227441055109,684.1781952844087,785.0944790888591,1197.3118417477153,0.0,0.0,11218.81195717609
2027-08,emp-0055,Customer Success Manager,Customer Operations,COGS,False,Austin,roster,1.0,75,8552.227441055109,684.1781952844087,785.0944790888591,1197.3118417477153,0.0,0.0,11218.81195717609
2027-09,emp-0055,Customer Success Manager,Customer Operations,COGS,False,Austin,roster,1.0,76,8552.227441055109,684.1781952844087,785.0944790888591,1197.3118417477153,0.0,0.0,11218.81195717609
2027-10,emp-0055,Customer Success Manager,Customer Operations,COGS,False,Austin,roster,1.0,77,8552.227441055109,684.1781952844087,785.0944790888591,1197.3118417477153,0.0,0.0,11218.81195717609
2027-11,emp-0055,Customer Success Manager,Customer Operations,COGS,False,Austin,roster,1.0,78,8552.227441055109,684.1781952844087,785.0944790888591,1197.3118417477153,0.0,0.0,11218.81195717609
2027-12,emp-0055,Customer Success Manager,Customer Operations,COGS,False,Austin,roster,1.0,79,8552.227441055109,684.1781952844087,785.0944790888591,1197.3118417477153,0.0,0.0,11218.81195717609
2028-01,emp-0055,Customer Success Manager,Customer Operations,COGS,False,Austin,roster,1.0,80,8851.555401492036,708.124432119363,812.572785856969,1239.2177562088852,0.0,0.0,11611.470375677252
2028-02,emp-0055,Customer Success Manager,Customer Operations,COGS,False,Austin,roster,1.0,81,8851.555401492036,708.124432119363,812.572785856969,1239.2177562088852,0.0,0.0,11611.470375677252
2026-09,emp-0057,Customer Success Manager,Customer Operations,COGS,False,Austin,roster,1.0,60,8774.934703716912,701.9947762973529,805.5390058012126,1228.4908585203677,0.0,0.0,11510.959344335846
2026-10,emp-0057,Customer Success Manager,Customer Operations,COGS,False,Austin,roster,1.0,61,8774.934703716912,701.9947762973529,805.5390058012126,1228.4908585203677,0.0,0.0,11510.959344335846
2026-11,emp-0057,Customer Success Manager,Customer Operations,COGS,False,Austin,roster,1.0,62,8774.934703716912,701.9947762973529,805.5390058012126,1228.4908585203677,0.0,0.0,11510.959344335846
2026-12,emp-0057,Customer Success Manager,Customer Operations,COGS,False,Austin,roster,1.0,63,8774.934703716912,701.9947762973529,805.5390058012126,1228.4908585203677,0.0,0.0,11510.959344335846
2027-01,emp-0057,Customer Success Manager,Customer Operations,COGS,False,Austin,roster,1.0,64,9082.057418347003,726.5645934677603,833.7328710042549,1271.4880385685806,0.0,0.0,11913.842921387599
2027-02,emp-0057,Customer Success Manager,Customer Operations,COGS,False,Austin,roster,1.0,65,9082.057418347003,726.5645934677603,833.7328710042549,1271.4880385685806,0.0,0.0,11913.842921387599
2027-03,emp-0057,Customer Success Manager,Customer Operations,COGS,False,Austin,roster,1.0,66,9082.057418347003,726.5645934677603,833.7328710042549,1271.4880385685806,0.0,0.0,11913.842921387599
2027-04,emp-0057,Customer Success Manager,Customer Operations,COGS,False,Austin,roster,1.0,67,9082.057418347003,726.5645934677603,833.7328710042549,1271.4880385685806,0.0,0.0,11913.842921387599
2027-05,emp-0057,Customer Success Manager,Customer Operations,COGS,False,Austin,roster,1.0,68,9082.057418347003,726.5645934677603,833.7328710042549,1271.4880385685806,0.0,0.0,11913.842921387599
2027-06,emp-0057,Customer Success Manager,Customer Operations,COGS,False,Austin,roster,1.0,69,9082.057418347003,726.5645934677603,833.7328710042549,1271.4880385685806,0.0,0.0,11913.842921387599
2027-07,emp-0057,Customer Success Manager,Customer Operations,COGS,False,Austin,roster,1.0,70,9082.057418347003,726.5645934677603,833.7328710042549,1271.4880385685806,0.0,0.0,11913.842921387599
2027-08,emp-0057,Customer Success Manager,Customer Operations,COGS,False,Austin,roster,1.0,71,9082.057418347003,726.5645934677603,833.7328710042549,1271.4880385685806,0.0,0.0,11913.842921387599
2027-09,emp-0057,Customer Success Manager,Customer Operations,COGS,False,Austin,roster,1.0,72,9082.057418347003,726.5645934677603,833.7328710042549,1271.4880385685806,0.0,0.0,11913.842921387599
2027-10,emp-0057,Customer Success Manager,Customer Operations,COGS,False,Austin,roster,1.0,73,9082.057418347003,726.5645934677603,833.7328710042549,1271.4880385685806,0.0,0.0,11913.842921387599
2027-11,emp-0057,Customer Success Manager,Customer Operations,COGS,False,Austin,roster,1.0,74,9082.057418347003,726.5645934677603,833.7328710042549,1271.4880385685806,0.0,0.0,11913.842921387599
2027-12,emp-0057,Customer Success Manager,Customer Operations,COGS,False,Austin,roster,1.0,75,9082.057418347003,726.5645934677603,833.7328710042549,1271.4880385685806,0.0,0.0,11913.842921387599
2028-01,emp-0057,Customer Success Manager,Customer Operations,COGS,False,Austin,roster,1.0,76,9399.929427989147,751.9943542391318,862.9135214894038,1315.9901199184808,0.0,0.0,12330.827423636163
2028-02,emp-0057,Customer Success Manager,Customer Operations,COGS,False,Austin,roster,1.0,77,9399.929427989147,751.9943542391318,862.9135214894038,1315.9901199184808,0.0,0.0,12330.827423636163
2026-09,emp-0058,Customer Success Manager,Customer Operations,COGS,False,Austin,roster,1.0,28,8153.535109879431,652.2828087903545,748.4945230869318,1141.4949153831203,0.0,0.0,10695.807357139838
2026-10,emp-0058,Customer Success Manager,Customer Operations,COGS,False,Austin,roster,1.0,29,8153.535109879431,652.2828087903545,748.4945230869318,1141.4949153831203,0.0,0.0,10695.807357139838
2026-11,emp-0058,Customer Success Manager,Customer Operations,COGS,False,Austin,roster,1.0,30,8153.535109879431,652.2828087903545,748.4945230869318,1141.4949153831203,0.0,0.0,10695.807357139838
2026-12,emp-0058,Customer Success Manager,Customer Operations,COGS,False,Austin,roster,1.0,31,8153.535109879431,652.2828087903545,748.4945230869318,1141.4949153831203,0.0,0.0,10695.807357139838
2027-01,emp-0058,Customer Success Manager,Customer Operations,COGS,False,Austin,roster,1.0,32,8438.90883872521,675.1127070980168,774.6918313949743,1181.4472374215295,0.0,0.0,11070.16061463973
2027-02,emp-0058,Customer Success Manager,Customer Operations,COGS,False,Austin,roster,1.0,33,8438.90883872521,675.1127070980168,774.6918313949743,1181.4472374215295,0.0,0.0,11070.16061463973
2027-03,emp-0058,Customer Success Manager,Customer Operations,COGS,False,Austin,roster,1.0,34,8438.90883872521,675.1127070980168,774.6918313949743,1181.4472374215295,0.0,0.0,11070.16061463973
2027-04,emp-0058,Customer Success Manager,Customer Operations,COGS,False,Austin,roster,1.0,35,8438.90883872521,675.1127070980168,774.6918313949743,1181.4472374215295,0.0,0.0,11070.16061463973
2027-05,emp-0058,Customer Success Manager,Customer Operations,COGS,False,Austin,roster,1.0,36,8438.90883872521,675.1127070980168,774.6918313949743,1181.4472374215295,0.0,0.0,11070.16061463973
2027-06,emp-0058,Customer Success Manager,Customer Operations,COGS,False,Austin,roster,1.0,37,8438.90883872521,675.1127070980168,774.6918313949743,1181.4472374215295,0.0,0.0,11070.16061463973
2027-07,emp-0058,Customer Success Manager,Customer Operations,COGS,False,Austin,roster,1.0,38,8438.90883872521,675.1127070980168,774.6918313949743,1181.4472374215295,0.0,0.0,11070.16061463973
2027-08,emp-0058,Customer Success Manager,Customer Operations,COGS,False,Austin,roster,1.0,39,8438.90883872521,675.1127070980168,774.6918313949743,1181.4472374215295,0.0,0.0,11070.16061463973
2027-09,emp-0058,Customer Success Manager,Customer Operations,COGS,False,Austin,roster,1.0,40,8438.90883872521,675.1127070980168,774.6918313949743,1181.4472374215295,0.0,0.0,11070.16061463973
2027-10,emp-0058,Customer Success Manager,Customer Operations,COGS,False,Austin,roster,1.0,41,8438.90883872521,675.1127070980168,774.6918313949743,1181.4472374215295,0.0,0.0,11070.16061463973
2027-11,emp-0058,Customer Success Manager,Customer Operations,COGS,False,Austin,roster,1.0,42,8438.90883872521,675.1127070980168,774.6918313949743,1181.4472374215295,0.0,0.0,11070.16061463973
2027-12,emp-0058,Customer Success Manager,Customer Operations,COGS,False,Austin,roster,1.0,43,8438.90883872521,675.1127070980168,774.6918313949743,1181.4472374215295,0.0,0.0,11070.16061463973
2028-01,emp-0058,Customer Success Manager,Customer Operations,COGS,False,Austin,roster,1.0,44,8734.270648080592,698.7416518464473,801.8060454937984,1222.797890731283,0.0,0.0,11457.61623615212
2028-02,emp-0058,Customer Success Manager,Customer Operations,COGS,False,Austin,roster,1.0,45,8734.270648080592,698.7416518464473,801.8060454937984,1222.797890731283,0.0,0.0,11457.61623615212
2026-09,emp-0059,Customer Success Manager,Customer Operations,COGS,False,Austin,roster,1.0,72,9993.454014759634,799.4763211807708,917.3990785549346,1399.083562066349,0.0,0.0,13109.412976561689
2026-10,emp-0059,Customer Success Manager,Customer Operations,COGS,False,Austin,roster,1.0,73,9993.454014759634,799.4763211807708,917.3990785549346,1399.083562066349,0.0,0.0,13109.412976561689
2026-11,emp-0059,Customer Success Manager,Customer Operations,COGS,False,Austin,roster,1.0,74,9993.454014759634,799.4763211807708,917.3990785549346,1399.083562066349,0.0,0.0,13109.412976561689
2026-12,emp-0059,Customer Success Manager,Customer Operations,COGS,False,Austin,roster,1.0,75,9993.454014759634,799.4763211807708,917.3990785549346,1399.083562066349,0.0,0.0,13109.412976561689
2027-01,emp-0059,Customer Success Manager,Customer Operations,COGS,False,Austin,roster,1.0,76,10343.224905276222,827.4579924220977,949.5080463043572,1448.0514867386712,0.0,0.0,13568.24243074135
2027-02,emp-0059,Customer Success Manager,Customer Operations,COGS,False,Austin,roster,1.0,77,10343.224905276222,827.4579924220977,949.5080463043572,1448.0514867386712,0.0,0.0,13568.24243074135
2027-03,emp-0059,Customer Success Manager,Customer Operations,COGS,False,Austin,roster,1.0,78,10343.224905276222,827.4579924220977,949.5080463043572,1448.0514867386712,0.0,0.0,13568.24243074135
2027-04,emp-0059,Customer Success Manager,Customer Operations,COGS,False,Austin,roster,1.0,79,10343.224905276222,827.4579924220977,949.5080463043572,1448.0514867386712,0.0,0.0,13568.24243074135
2027-05,emp-0059,Customer Success Manager,Customer Operations,COGS,False,Austin,roster,1.0,80,10343.224905276222,827.4579924220977,949.5080463043572,1448.0514867386712,0.0,0.0,13568.24243074135
2027-06,emp-0059,Customer Success Manager,Customer Operations,COGS,False,Austin,roster,1.0,81,10343.224905276222,827.4579924220977,949.5080463043572,1448.0514867386712,0.0,0.0,13568.24243074135
2027-07,emp-0059,Customer Success Manager,Customer Operations,COGS,False,Austin,roster,1.0,82,10343.224905276222,827.4579924220977,949.5080463043572,1448.0514867386712,0.0,0.0,13568.24243074135
2027-08,emp-0059,Customer Success Manager,Customer Operations,COGS,False,Austin,roster,1.0,83,10343.224905276222,827.4579924220977,949.5080463043572,1448.0514867386712,0.0,0.0,13568.24243074135
2027-09,emp-0059,Customer Success Manager,Customer Operations,COGS,False,Austin,roster,1.0,84,10343.224905276222,827.4579924220977,949.5080463043572,1448.0514867386712,0.0,0.0,13568.24243074135
2027-10,emp-0059,Customer Success Manager,Customer Operations,COGS,False,Austin,roster,1.0,85,10343.224905276222,827.4579924220977,949.5080463043572,1448.0514867386712,0.0,0.0,13568.24243074135
2027-11,emp-0059,Customer Success Manager,Customer Operations,COGS,False,Austin,roster,1.0,86,10343.224905276222,827.4579924220977,949.5080463043572,1448.0514867386712,0.0,0.0,13568.24243074135
2027-12,emp-0059,Customer Success Manager,Customer Operations,COGS,False,Austin,roster,1.0,87,10343.224905276222,827.4579924220977,949.5080463043572,1448.0514867386712,0.0,0.0,13568.24243074135
2028-01,emp-0059,Customer Success Manager,Customer Operations,COGS,False,Austin,roster,1.0,88,10705.237776960888,856.419022156871,982.7408279250096,1498.7332887745245,0.0,0.0,14043.130915817295
2028-02,emp-0059,Customer Success Manager,Customer Operations,COGS,False,Austin,roster,1.0,89,10705.237776960888,856.419022156871,982.7408279250096,1498.7332887745245,0.0,0.0,14043.130915817295
2026-09,emp-0060,Customer Success Manager,Customer Operations,COGS,False,Austin,roster,1.0,37,7840.730635682929,627.2584508546342,719.779072355693,1097.7022889956102,0.0,0.0,10285.470447888867
2026-10,emp-0060,Customer Success Manager,Customer Operations,COGS,False,Austin,roster,1.0,38,7840.730635682929,627.2584508546342,719.779072355693,1097.7022889956102,0.0,0.0,10285.470447888867
2026-11,emp-0060,Customer Success Manager,Customer Operations,COGS,False,Austin,roster,1.0,39,7840.730635682929,627.2584508546342,719.779072355693,1097.7022889956102,0.0,0.0,10285.470447888867
2026-12,emp-0060,Customer Success Manager,Customer Operations,COGS,False,Austin,roster,1.0,40,7840.730635682929,627.2584508546342,719.779072355693,1097.7022889956102,0.0,0.0,10285.470447888867
2027-01,emp-0060,Customer Success Manager,Customer Operations,COGS,False,Austin,roster,1.0,41,8115.156207931831,649.2124966345465,744.9713398881421,1136.1218691104564,0.0,0.0,10645.461913564975
2027-02,emp-0060,Customer Success Manager,Customer Operations,COGS,False,Austin,roster,1.0,42,8115.156207931831,649.2124966345465,744.9713398881421,1136.1218691104564,0.0,0.0,10645.461913564975
2027-03,emp-0060,Customer Success Manager,Customer Operations,COGS,False,Austin,roster,1.0,43,8115.156207931831,649.2124966345465,744.9713398881421,1136.1218691104564,0.0,0.0,10645.461913564975
2027-04,emp-0060,Customer Success Manager,Customer Operations,COGS,False,Austin,roster,1.0,44,8115.156207931831,649.2124966345465,744.9713398881421,1136.1218691104564,0.0,0.0,10645.461913564975
2027-05,emp-0060,Customer Success Manager,Customer Operations,COGS,False,Austin,roster,1.0,45,8115.156207931831,649.2124966345465,744.9713398881421,1136.1218691104564,0.0,0.0,10645.461913564975
2027-06,emp-0060,Customer Success Manager,Customer Operations,COGS,False,Austin,roster,1.0,46,8115.156207931831,649.2124966345465,744.9713398881421,1136.1218691104564,0.0,0.0,10645.461913564975
2027-07,emp-0060,Customer Success Manager,Customer Operations,COGS,False,Austin,roster,1.0,47,8115.156207931831,649.2124966345465,744.9713398881421,1136.1218691104564,0.0,0.0,10645.461913564975
2027-08,emp-0060,Customer Success Manager,Customer Operations,COGS,False,Austin,roster,1.0,48,8115.156207931831,649.2124966345465,744.9713398881421,1136.1218691104564,0.0,0.0,10645.461913564975
2027-09,emp-0060,Customer Success Manager,Customer Operations,COGS,False,Austin,roster,1.0,49,8115.156207931831,649.2124966345465,744.9713398881421,1136.1218691104564,0.0,0.0,10645.461913564975
2027-10,emp-0060,Customer Success Manager,Customer Operations,COGS,False,Austin,roster,1.0,50,8115.156207931831,649.2124966345465,744.9713398881421,1136.1218691104564,0.0,0.0,10645.461913564975
2027-11,emp-0060,Customer Success Manager,Customer Operations,COGS,False,Austin,roster,1.0,51,8115.156207931831,649.2124966345465,744.9713398881421,1136.1218691104564,0.0,0.0,10645.461913564975
2027-12,emp-0060,Customer Success Manager,Customer Operations,COGS,False,Austin,roster,1.0,52,8115.156207931831,649.2124966345465,744.9713398881421,1136.1218691104564,0.0,0.0,10645.461913564975
2028-01,emp-0060,Customer Success Manager,Customer Operations,COGS,False,Austin,roster,1.0,53,8399.186675209443,671.9349340167554,771.045336784227,1175.8861345293221,0.0,0.0,11018.053080539748
2028-02,emp-0060,Customer Success Manager,Customer Operations,COGS,False,Austin,roster,1.0,54,8399.186675209443,671.9349340167554,771.045336784227,1175.8861345293221,0.0,0.0,11018.053080539748
2026-09,emp-0063,Customer Success Manager,Customer Operations,COGS,False,Montreal,roster,1.0,54,7025.855779411234,562.0684623528987,834.6716665940546,421.551346764674,0.0,0.0,8844.147255122862
2026-10,emp-0063,Customer Success Manager,Customer Operations,COGS,False,Montreal,roster,1.0,55,7025.855779411234,562.0684623528987,834.6716665940546,421.551346764674,0.0,0.0,8844.147255122862
2026-11,emp-0063,Customer Success Manager,Customer Operations,COGS,False,Montreal,roster,1.0,56,7025.855779411234,562.0684623528987,834.6716665940546,421.551346764674,0.0,0.0,8844.147255122862
2026-12,emp-0063,Customer Success Manager,Customer Operations,COGS,False,Montreal,roster,1.0,57,7025.855779411234,562.0684623528987,834.6716665940546,421.551346764674,0.0,0.0,8844.147255122862
2027-01,emp-0063,Customer Success Manager,Customer Operations,COGS,False,Montreal,roster,1.0,58,7271.760731690625,581.74085853525,863.8851749248462,436.30564390143746,0.0,0.0,9153.692409052159
2027-02,emp-0063,Customer Success Manager,Customer Operations,COGS,False,Montreal,roster,1.0,59,7271.760731690625,581.74085853525,863.8851749248462,436.30564390143746,0.0,0.0,9153.692409052159
2027-03,emp-0063,Customer Success Manager,Customer Operations,COGS,False,Montreal,roster,1.0,60,7271.760731690625,581.74085853525,863.8851749248462,436.30564390143746,0.0,0.0,9153.692409052159
2027-04,emp-0063,Customer Success Manager,Customer Operations,COGS,False,Montreal,roster,1.0,61,7271.760731690625,581.74085853525,863.8851749248462,436.30564390143746,0.0,0.0,9153.692409052159
2027-05,emp-0063,Customer Success Manager,Customer Operations,COGS,False,Montreal,roster,1.0,62,7271.760731690625,581.74085853525,863.8851749248462,436.30564390143746,0.0,0.0,9153.692409052159
2027-06,emp-0063,Customer Success Manager,Customer Operations,COGS,False,Montreal,roster,1.0,63,7271.760731690625,581.74085853525,863.8851749248462,436.30564390143746,0.0,0.0,9153.692409052159
2027-07,emp-0063,Customer Success Manager,Customer Operations,COGS,False,Montreal,roster,1.0,64,7271.760731690625,581.74085853525,863.8851749248462,436.30564390143746,0.0,0.0,9153.692409052159
2027-08,emp-0063,Customer Success Manager,Customer Operations,COGS,False,Montreal,roster,1.0,65,7271.760731690625,581.74085853525,863.8851749248462,436.30564390143746,0.0,0.0,9153.692409052159
2027-09,emp-0063,Customer Success Manager,Customer Operations,COGS,False,Montreal,roster,1.0,66,7271.760731690625,581.74085853525,863.8851749248462,436.30564390143746,0.0,0.0,9153.692409052159
2027-10,emp-0063,Customer Success Manager,Customer Operations,COGS,False,Montreal,roster,1.0,67,7271.760731690625,581.74085853525,863.8851749248462,436.30564390143746,0.0,0.0,9153.692409052159
2027-11,emp-0063,Customer Success Manager,Customer Operations,COGS,False,Montreal,roster,1.0,68,7271.760731690625,581.74085853525,863.8851749248462,436.30564390143746,0.0,0.0,9153.692409052159
2027-12,emp-0063,Customer Success Manager,Customer Operations,COGS,False,Montreal,roster,1.0,69,7271.760731690625,581.74085853525,863.8851749248462,436.30564390143746,0.0,0.0,9153.692409052159
2028-01,emp-0063,Customer Success Manager,Customer Operations,COGS,False,Montreal,roster,1.0,70,7526.272357299797,602.1017885839838,894.1211560472159,451.57634143798776,0.0,0.0,9474.071643368983
2028-02,emp-0063,Customer Success Manager,Customer Operations,COGS,False,Montreal,roster,1.0,71,7526.272357299797,602.1017885839838,894.1211560472159,451.57634143798776,0.0,0.0,9474.071643368983
2026-09,emp-0064,Customer Success Manager,Customer Operations,COGS,False,Montreal,roster,1.0,66,7759.464634074017,620.7571707259214,921.8243985279934,465.56787804444104,0.0,0.0,9767.614081372374
2026-10,emp-0064,Customer Success Manager,Customer Operations,COGS,False,Montreal,roster,1.0,67,7759.464634074017,620.7571707259214,921.8243985279934,465.56787804444104,0.0,0.0,9767.614081372374
2026-11,emp-0064,Customer Success Manager,Customer Operations,COGS,False,Montreal,roster,1.0,68,7759.464634074017,620.7571707259214,921.8243985279934,465.56787804444104,0.0,0.0,9767.614081372374
2026-12,emp-0064,Customer Success Manager,Customer Operations,COGS,False,Montreal,roster,1.0,69,7759.464634074017,620.7571707259214,921.8243985279934,465.56787804444104,0.0,0.0,9767.614081372374
2027-01,emp-0064,Customer Success Manager,Customer Operations,COGS,False,Montreal,roster,1.0,70,8031.045896266608,642.4836717013286,954.088252476473,481.86275377599645,0.0,0.0,10109.480574220406
2027-02,emp-0064,Customer Success Manager,Customer Operations,COGS,False,Montreal,roster,1.0,71,8031.045896266608,642.4836717013286,954.088252476473,481.86275377599645,0.0,0.0,10109.480574220406
2027-03,emp-0064,Customer Success Manager,Customer Operations,COGS,False,Montreal,roster,1.0,72,8031.045896266608,642.4836717013286,954.088252476473,481.86275377599645,0.0,0.0,10109.480574220406
2027-04,emp-0064,Customer Success Manager,Customer Operations,COGS,False,Montreal,roster,1.0,73,8031.045896266608,642.4836717013286,954.088252476473,481.86275377599645,0.0,0.0,10109.480574220406
2027-05,emp-0064,Customer Success Manager,Customer Operations,COGS,False,Montreal,roster,1.0,74,8031.045896266608,642.4836717013286,954.088252476473,481.86275377599645,0.0,0.0,10109.480574220406
2027-06,emp-0064,Customer Success Manager,Customer Operations,COGS,False,Montreal,roster,1.0,75,8031.045896266608,642.4836717013286,954.088252476473,481.86275377599645,0.0,0.0,10109.480574220406
2027-07,emp-0064,Customer Success Manager,Customer Operations,COGS,False,Montreal,roster,1.0,76,8031.045896266608,642.4836717013286,954.088252476473,481.86275377599645,0.0,0.0,10109.480574220406
2027-08,emp-0064,Customer Success Manager,Customer Operations,COGS,False,Montreal,roster,1.0,77,8031.045896266608,642.4836717013286,954.088252476473,481.86275377599645,0.0,0.0,10109.480574220406
2027-09,emp-0064,Customer Success Manager,Customer Operations,COGS,False,Montreal,roster,1.0,78,8031.045896266608,642.4836717013286,954.088252476473,481.86275377599645,0.0,0.0,10109.480574220406
2027-10,emp-0064,Customer Success Manager,Customer Operations,COGS,False,Montreal,roster,1.0,79,8031.045896266608,642.4836717013286,954.088252476473,481.86275377599645,0.0,0.0,10109.480574220406
2027-11,emp-0064,Customer Success Manager,Customer Operations,COGS,False,Montreal,roster,1.0,80,8031.045896266608,642.4836717013286,954.088252476473,481.86275377599645,0.0,0.0,10109.480574220406
2027-12,emp-0064,Customer Success Manager,Customer Operations,COGS,False,Montreal,roster,1.0,81,8031.045896266608,642.4836717013286,954.088252476473,481.86275377599645,0.0,0.0,10109.480574220406
2028-01,emp-0064,Customer Success Manager,Customer Operations,COGS,False,Montreal,roster,1.0,82,8312.132502635937,664.970600210875,987.4813413131493,498.7279501581562,0.0,0.0,10463.312394318116
2028-02,emp-0064,Customer Success Manager,Customer Operations,COGS,False,Montreal,roster,1.0,83,8312.132502635937,664.970600210875,987.4813413131493,498.7279501581562,0.0,0.0,10463.312394318116
2026-09,emp-0065,Customer Success Manager,Customer Operations,COGS,False,Montreal,roster,1.0,29,6307.612799876303,504.6090239901043,749.3444006253048,378.4567679925782,0.0,0.0,7940.022992484291
2026-10,emp-0065,Customer Success Manager,Customer Operations,COGS,False,Montreal,roster,1.0,30,6307.612799876303,504.6090239901043,749.3444006253048,378.4567679925782,0.0,0.0,7940.022992484291
2026-11,emp-0065,Customer Success Manager,Customer Operations,COGS,False,Montreal,roster,1.0,31,6307.612799876303,504.6090239901043,749.3444006253048,378.4567679925782,0.0,0.0,7940.022992484291
2026-12,emp-0065,Customer Success Manager,Customer Operations,COGS,False,Montreal,roster,1.0,32,6307.612799876303,504.6090239901043,749.3444006253048,378.4567679925782,0.0,0.0,7940.022992484291
2027-01,emp-0065,Customer Success Manager,Customer Operations,COGS,False,Montreal,roster,1.0,33,6528.379247871972,522.2703398297579,775.5714546471903,391.70275487231834,0.0,0.0,8217.92379722124
2027-02,emp-0065,Customer Success Manager,Customer Operations,COGS,False,Montreal,roster,1.0,34,6528.379247871972,522.2703398297579,775.5714546471903,391.70275487231834,0.0,0.0,8217.92379722124
2027-03,emp-0065,Customer Success Manager,Customer Operations,COGS,False,Montreal,roster,1.0,35,6528.379247871972,522.2703398297579,775.5714546471903,391.70275487231834,0.0,0.0,8217.92379722124
2027-04,emp-0065,Customer Success Manager,Customer Operations,COGS,False,Montreal,roster,1.0,36,6528.379247871972,522.2703398297579,775.5714546471903,391.70275487231834,0.0,0.0,8217.92379722124
2027-05,emp-0065,Customer Success Manager,Customer Operations,COGS,False,Montreal,roster,1.0,37,6528.379247871972,522.2703398297579,775.5714546471903,391.70275487231834,0.0,0.0,8217.92379722124
2027-06,emp-0065,Customer Success Manager,Customer Operations,COGS,False,Montreal,roster,1.0,38,6528.379247871972,522.2703398297579,775.5714546471903,391.70275487231834,0.0,0.0,8217.92379722124
2027-07,emp-0065,Customer Success Manager,Customer Operations,COGS,False,Montreal,roster,1.0,39,6528.379247871972,522.2703398297579,775.5714546471903,391.70275487231834,0.0,0.0,8217.92379722124
2027-08,emp-0065,Customer Success Manager,Customer Operations,COGS,False,Montreal,roster,1.0,40,6528.379247871972,522.2703398297579,775.5714546471903,391.70275487231834,0.0,0.0,8217.92379722124
2027-09,emp-0065,Customer Success Manager,Customer Operations,COGS,False,Montreal,roster,1.0,41,6528.379247871972,522.2703398297579,775.5714546471903,391.70275487231834,0.0,0.0,8217.92379722124
2027-10,emp-0065,Customer Success Manager,Customer Operations,COGS,False,Montreal,roster,1.0,42,6528.379247871972,522.2703398297579,775.5714546471903,391.70275487231834,0.0,0.0,8217.92379722124
2027-11,emp-0065,Customer Success Manager,Customer Operations,COGS,False,Montreal,roster,1.0,43,6528.379247871972,522.2703398297579,775.5714546471903,391.70275487231834,0.0,0.0,8217.92379722124
2027-12,emp-0065,Customer Success Manager,Customer Operations,COGS,False,Montreal,roster,1.0,44,6528.379247871972,522.2703398297579,775.5714546471903,391.70275487231834,0.0,0.0,8217.92379722124
2028-01,emp-0065,Customer Success Manager,Customer Operations,COGS,False,Montreal,roster,1.0,45,6756.8725215474915,540.5498017237993,802.7164555598421,405.41235129284945,0.0,0.0,8505.551130123982
2028-02,emp-0065,Customer Success Manager,Customer Operations,COGS,False,Montreal,roster,1.0,46,6756.8725215474915,540.5498017237993,802.7164555598421,405.41235129284945,0.0,0.0,8505.551130123982
2026-09,emp-0066,Support Engineer,Customer Operations,COGS,False,Montreal,roster,1.0,56,6286.933403563988,502.95467228511905,746.8876883434018,377.21600421383926,0.0,0.0,7913.9917684063485
2026-10,emp-0066,Support Engineer,Customer Operations,COGS,False,Montreal,roster,1.0,57,6286.933403563988,502.95467228511905,746.8876883434018,377.21600421383926,0.0,0.0,7913.9917684063485
2026-11,emp-0066,Support Engineer,Customer Operations,COGS,False,Montreal,roster,1.0,58,6286.933403563988,502.95467228511905,746.8876883434018,377.21600421383926,0.0,0.0,7913.9917684063485
2026-12,emp-0066,Support Engineer,Customer Operations,COGS,False,Montreal,roster,1.0,59,6286.933403563988,502.95467228511905,746.8876883434018,377.21600421383926,0.0,0.0,7913.9917684063485
2027-01,emp-0066,Support Engineer,Customer Operations,COGS,False,Montreal,roster,1.0,60,6506.976072688726,520.5580858150981,773.0287574354206,390.41856436132355,0.0,0.0,8190.981480300568
2027-02,emp-0066,Support Engineer,Customer Operations,COGS,False,Montreal,roster,1.0,61,6506.976072688726,520.5580858150981,773.0287574354206,390.41856436132355,0.0,0.0,8190.981480300568
2027-03,emp-0066,Support Engineer,Customer Operations,COGS,False,Montreal,roster,1.0,62,6506.976072688726,520.5580858150981,773.0287574354206,390.41856436132355,0.0,0.0,8190.981480300568
2027-04,emp-0066,Support Engineer,Customer Operations,COGS,False,Montreal,roster,1.0,63,6506.976072688726,520.5580858150981,773.0287574354206,390.41856436132355,0.0,0.0,8190.981480300568
2027-05,emp-0066,Support Engineer,Customer Operations,COGS,False,Montreal,roster,1.0,64,6506.976072688726,520.5580858150981,773.0287574354206,390.41856436132355,0.0,0.0,8190.981480300568
2027-06,emp-0066,Support Engineer,Customer Operations,COGS,False,Montreal,roster,1.0,65,6506.976072688726,520.5580858150981,773.0287574354206,390.41856436132355,0.0,0.0,8190.981480300568
2027-07,emp-0066,Support Engineer,Customer Operations,COGS,False,Montreal,roster,1.0,66,6506.976072688726,520.5580858150981,773.0287574354206,390.41856436132355,0.0,0.0,8190.981480300568
2027-08,emp-0066,Support Engineer,Customer Operations,COGS,False,Montreal,roster,1.0,67,6506.976072688726,520.5580858150981,773.0287574354206,390.41856436132355,0.0,0.0,8190.981480300568
2027-09,emp-0066,Support Engineer,Customer Operations,COGS,False,Montreal,roster,1.0,68,6506.976072688726,520.5580858150981,773.0287574354206,390.41856436132355,0.0,0.0,8190.981480300568
2027-10,emp-0066,Support Engineer,Customer Operations,COGS,False,Montreal,roster,1.0,69,6506.976072688726,520.5580858150981,773.0287574354206,390.41856436132355,0.0,0.0,8190.981480300568
2027-11,emp-0066,Support Engineer,Customer Operations,COGS,False,Montreal,roster,1.0,70,6506.976072688726,520.5580858150981,773.0287574354206,390.41856436132355,0.0,0.0,8190.981480300568
2027-12,emp-0066,Support Engineer,Customer Operations,COGS,False,Montreal,roster,1.0,71,6506.976072688726,520.5580858150981,773.0287574354206,390.41856436132355,0.0,0.0,8190.981480300568
2028-01,emp-0066,Support Engineer,Customer Operations,COGS,False,Montreal,roster,1.0,72,6734.720235232831,538.7776188186265,800.0847639456604,404.08321411396986,0.0,0.0,8477.665832111088
2028-02,emp-0066,Support Engineer,Customer Operations,COGS,False,Montreal,roster,1.0,73,6734.720235232831,538.7776188186265,800.0847639456604,404.08321411396986,0.0,0.0,8477.665832111088
2026-09,emp-0067,Support Engineer,Customer Operations,COGS,False,Montreal,roster,1.0,82,6440.623698905895,515.2498959124716,765.1460954300203,386.4374219343537,0.0,0.0,8107.45711218274
2026-10,emp-0067,Support Engineer,Customer Operations,COGS,False,Montreal,roster,1.0,83,6440.623698905895,515.2498959124716,765.1460954300203,386.4374219343537,0.0,0.0,8107.45711218274
2026-11,emp-0067,Support Engineer,Customer Operations,COGS,False,Montreal,roster,1.0,84,6440.623698905895,515.2498959124716,765.1460954300203,386.4374219343537,0.0,0.0,8107.45711218274
2026-12,emp-0067,Support Engineer,Customer Operations,COGS,False,Montreal,roster,1.0,85,6440.623698905895,515.2498959124716,765.1460954300203,386.4374219343537,0.0,0.0,8107.45711218274
2027-01,emp-0067,Support Engineer,Customer Operations,COGS,False,Montreal,roster,1.0,86,6666.045528367602,533.2836422694081,791.9262087700711,399.9627317020561,0.0,0.0,8391.218111109138
2027-02,emp-0067,Support Engineer,Customer Operations,COGS,False,Montreal,roster,1.0,87,6666.045528367602,533.2836422694081,791.9262087700711,399.9627317020561,0.0,0.0,8391.218111109138
2027-03,emp-0067,Support Engineer,Customer Operations,COGS,False,Montreal,roster,1.0,88,6666.045528367602,533.2836422694081,791.9262087700711,399.9627317020561,0.0,0.0,8391.218111109138
2027-04,emp-0067,Support Engineer,Customer Operations,COGS,False,Montreal,roster,1.0,89,6666.045528367602,533.2836422694081,791.9262087700711,399.9627317020561,0.0,0.0,8391.218111109138
2027-05,emp-0067,Support Engineer,Customer Operations,COGS,False,Montreal,roster,1.0,90,6666.045528367602,533.2836422694081,791.9262087700711,399.9627317020561,0.0,0.0,8391.218111109138
2027-06,emp-0067,Support Engineer,Customer Operations,COGS,False,Montreal,roster,1.0,91,6666.045528367602,533.2836422694081,791.9262087700711,399.9627317020561,0.0,0.0,8391.218111109138
2027-07,emp-0067,Support Engineer,Customer Operations,COGS,False,Montreal,roster,1.0,92,6666.045528367602,533.2836422694081,791.9262087700711,399.9627317020561,0.0,0.0,8391.218111109138
2027-08,emp-0067,Support Engineer,Customer Operations,COGS,False,Montreal,roster,1.0,93,6666.045528367602,533.2836422694081,791.9262087700711,399.9627317020561,0.0,0.0,8391.218111109138
2027-09,emp-0067,Support Engineer,Customer Operations,COGS,False,Montreal,roster,1.0,94,6666.045528367602,533.2836422694081,791.9262087700711,399.9627317020561,0.0,0.0,8391.218111109138
2027-10,emp-0067,Support Engineer,Customer Operations,COGS,False,Montreal,roster,1.0,95,6666.045528367602,533.2836422694081,791.9262087700711,399.9627317020561,0.0,0.0,8391.218111109138
2027-11,emp-0067,Support Engineer,Customer Operations,COGS,False,Montreal,roster,1.0,96,6666.045528367602,533.2836422694081,791.9262087700711,399.9627317020561,0.0,0.0,8391.218111109138
2027-12,emp-0067,Support Engineer,Customer Operations,COGS,False,Montreal,roster,1.0,97,6666.045528367602,533.2836422694081,791.9262087700711,399.9627317020561,0.0,0.0,8391.218111109138
2028-01,emp-0067,Support Engineer,Customer Operations,COGS,False,Montreal,roster,1.0,98,6899.3571218604675,551.9485697488374,819.6436260770236,413.96142731162803,0.0,0.0,8684.910744997956
2028-02,emp-0067,Support Engineer,Customer Operations,COGS,False,Montreal,roster,1.0,99,6899.3571218604675,551.9485697488374,819.6436260770236,413.96142731162803,0.0,0.0,8684.910744997956
2026-09,emp-0068,Support Engineer,Customer Operations,COGS,False,Montreal,roster,1.0,79,6202.759133665156,496.2207306932125,736.8877850794205,372.16554801990935,0.0,0.0,7808.033197457698
2026-10,emp-0068,Support Engineer,Customer Operations,COGS,False,Montreal,roster,1.0,80,6202.759133665156,496.2207306932125,736.8877850794205,372.16554801990935,0.0,0.0,7808.033197457698
2026-11,emp-0068,Support Engineer,Customer Operations,COGS,False,Montreal,roster,1.0,81,6202.759133665156,496.2207306932125,736.8877850794205,372.16554801990935,0.0,0.0,7808.033197457698
2026-12,emp-0068,Support Engineer,Customer Operations,COGS,False,Montreal,roster,1.0,82,6202.759133665156,496.2207306932125,736.8877850794205,372.16554801990935,0.0,0.0,7808.033197457698
2027-01,emp-0068,Support Engineer,Customer Operations,COGS,False,Montreal,roster,1.0,83,6419.8557033434345,513.5884562674747,762.6788575572,385.1913422006061,0.0,0.0,8081.3143593687155
2027-02,emp-0068,Support Engineer,Customer Operations,COGS,False,Montreal,roster,1.0,84,6419.8557033434345,513.5884562674747,762.6788575572,385.1913422006061,0.0,0.0,8081.3143593687155
2027-03,emp-0068,Support Engineer,Customer Operations,COGS,False,Montreal,roster,1.0,85,6419.8557033434345,513.5884562674747,762.6788575572,385.1913422006061,0.0,0.0,8081.3143593687155
2027-04,emp-0068,Support Engineer,Customer Operations,COGS,False,Montreal,roster,1.0,86,6419.8557033434345,513.5884562674747,762.6788575572,385.1913422006061,0.0,0.0,8081.3143593687155
2027-05,emp-0068,Support Engineer,Customer Operations,COGS,False,Montreal,roster,1.0,87,6419.8557033434345,513.5884562674747,762.6788575572,385.1913422006061,0.0,0.0,8081.3143593687155
2027-06,emp-0068,Support Engineer,Customer Operations,COGS,False,Montreal,roster,1.0,88,6419.8557033434345,513.5884562674747,762.6788575572,385.1913422006061,0.0,0.0,8081.3143593687155
2027-07,emp-0068,Support Engineer,Customer Operations,COGS,False,Montreal,roster,1.0,89,6419.8557033434345,513.5884562674747,762.6788575572,385.1913422006061,0.0,0.0,8081.3143593687155
2027-08,emp-0068,Support Engineer,Customer Operations,COGS,False,Montreal,roster,1.0,90,6419.8557033434345,513.5884562674747,762.6788575572,385.1913422006061,0.0,0.0,8081.3143593687155
2027-09,emp-0068,Support Engineer,Customer Operations,COGS,False,Montreal,roster,1.0,91,6419.8557033434345,513.5884562674747,762.6788575572,385.1913422006061,0.0,0.0,8081.3143593687155
2027-10,emp-0068,Support Engineer,Customer Operations,COGS,False,Montreal,roster,1.0,92,6419.8557033434345,513.5884562674747,762.6788575572,385.1913422006061,0.0,0.0,8081.3143593687155
2027-11,emp-0068,Support Engineer,Customer Operations,COGS,False,Montreal,roster,1.0,93,6419.8557033434345,513.5884562674747,762.6788575572,385.1913422006061,0.0,0.0,8081.3143593687155
2027-12,emp-0068,Support Engineer,Customer Operations,COGS,False,Montreal,roster,1.0,94,6419.8557033434345,513.5884562674747,762.6788575572,385.1913422006061,0.0,0.0,8081.3143593687155
2028-01,emp-0068,Support Engineer,Customer Operations,COGS,False,Montreal,roster,1.0,95,6644.550652960456,531.5640522368365,789.3726175717022,398.67303917762734,0.0,0.0,8364.160361946622
2028-02,emp-0068,Support Engineer,Customer Operations,COGS,False,Montreal,roster,1.0,96,6644.550652960456,531.5640522368365,789.3726175717022,398.67303917762734,0.0,0.0,8364.160361946622
2026-09,emp-0069,Support Engineer,Customer Operations,COGS,False,Montreal,roster,1.0,50,6018.876554498057,481.51012435984455,715.0425346743692,361.1325932698834,0.0,0.0,7576.561806802155
2026-10,emp-0069,Support Engineer,Customer Operations,COGS,False,Montreal,roster,1.0,51,6018.876554498057,481.51012435984455,715.0425346743692,361.1325932698834,0.0,0.0,7576.561806802155
2026-11,emp-0069,Support Engineer,Customer Operations,COGS,False,Montreal,roster,1.0,52,6018.876554498057,481.51012435984455,715.0425346743692,361.1325932698834,0.0,0.0,7576.561806802155
2026-12,emp-0069,Support Engineer,Customer Operations,COGS,False,Montreal,roster,1.0,53,6018.876554498057,481.51012435984455,715.0425346743692,361.1325932698834,0.0,0.0,7576.561806802155
2027-01,emp-0069,Support Engineer,Customer Operations,COGS,False,Montreal,roster,1.0,54,6229.537233905488,498.3629787124391,740.069023387972,373.7722340343293,0.0,0.0,7841.741470040229
2027-02,emp-0069,Support Engineer,Customer Operations,COGS,False,Montreal,roster,1.0,55,6229.537233905488,498.3629787124391,740.069023387972,373.7722340343293,0.0,0.0,7841.741470040229
2027-03,emp-0069,Support Engineer,Customer Operations,COGS,False,Montreal,roster,1.0,56,6229.537233905488,498.3629787124391,740.069023387972,373.7722340343293,0.0,0.0,7841.741470040229
2027-04,emp-0069,Support Engineer,Customer Operations,COGS,False,Montreal,roster,1.0,57,6229.537233905488,498.3629787124391,740.069023387972,373.7722340343293,0.0,0.0,7841.741470040229
2027-05,emp-0069,Support Engineer,Customer Operations,COGS,False,Montreal,roster,1.0,58,6229.537233905488,498.3629787124391,740.069023387972,373.7722340343293,0.0,0.0,7841.741470040229
2027-06,emp-0069,Support Engineer,Customer Operations,COGS,False,Montreal,roster,1.0,59,6229.537233905488,498.3629787124391,740.069023387972,373.7722340343293,0.0,0.0,7841.741470040229
2027-07,emp-0069,Support Engineer,Customer Operations,COGS,False,Montreal,roster,1.0,60,6229.537233905488,498.3629787124391,740.069023387972,373.7722340343293,0.0,0.0,7841.741470040229
2027-08,emp-0069,Support Engineer,Customer Operations,COGS,False,Montreal,roster,1.0,61,6229.537233905488,498.3629787124391,740.069023387972,373.7722340343293,0.0,0.0,7841.741470040229
2027-09,emp-0069,Support Engineer,Customer Operations,COGS,False,Montreal,roster,1.0,62,6229.537233905488,498.3629787124391,740.069023387972,373.7722340343293,0.0,0.0,7841.741470040229
2027-10,emp-0069,Support Engineer,Customer Operations,COGS,False,Montreal,roster,1.0,63,6229.537233905488,498.3629787124391,740.069023387972,373.7722340343293,0.0,0.0,7841.741470040229
2027-11,emp-0069,Support Engineer,Customer Operations,COGS,False,Montreal,roster,1.0,64,6229.537233905488,498.3629787124391,740.069023387972,373.7722340343293,0.0,0.0,7841.741470040229
2027-12,emp-0069,Support Engineer,Customer Operations,COGS,False,Montreal,roster,1.0,65,6229.537233905488,498.3629787124391,740.069023387972,373.7722340343293,0.0,0.0,7841.741470040229
2028-01,emp-0069,Support Engineer,Customer Operations,COGS,False,Montreal,roster,1.0,66,6447.57103709218,515.8056829673744,765.9714392065509,386.85426222553076,0.0,0.0,8116.2024214916355
2028-02,emp-0069,Support Engineer,Customer Operations,COGS,False,Montreal,roster,1.0,67,6447.57103709218,515.8056829673744,765.9714392065509,386.85426222553076,0.0,0.0,8116.2024214916355
2026-09,emp-0071,Support Engineer,Customer Operations,COGS,False,Montreal,roster,1.0,33,5717.774487541784,457.4219590033427,679.271609119964,343.06646925250703,0.0,0.0,7197.534524917597
2026-10,emp-0071,Support Engineer,Customer Operations,COGS,False,Montreal,roster,1.0,34,5717.774487541784,457.4219590033427,679.271609119964,343.06646925250703,0.0,0.0,7197.534524917597
2026-11,emp-0071,Support Engineer,Customer Operations,COGS,False,Montreal,roster,1.0,35,5717.774487541784,457.4219590033427,679.271609119964,343.06646925250703,0.0,0.0,7197.534524917597
2026-12,emp-0071,Support Engineer,Customer Operations,COGS,False,Montreal,roster,1.0,36,5717.774487541784,457.4219590033427,679.271609119964,343.06646925250703,0.0,0.0,7197.534524917597
2027-01,emp-0071,Support Engineer,Customer Operations,COGS,False,Montreal,roster,1.0,37,5917.896594605746,473.4317275684597,703.0461154391627,355.07379567634473,0.0,0.0,7449.448233289713
2027-02,emp-0071,Support Engineer,Customer Operations,COGS,False,Montreal,roster,1.0,38,5917.896594605746,473.4317275684597,703.0461154391627,355.07379567634473,0.0,0.0,7449.448233289713
2027-03,emp-0071,Support Engineer,Customer Operations,COGS,False,Montreal,roster,1.0,39,5917.896594605746,473.4317275684597,703.0461154391627,355.07379567634473,0.0,0.0,7449.448233289713
2027-04,emp-0071,Support Engineer,Customer Operations,COGS,False,Montreal,roster,1.0,40,5917.896594605746,473.4317275684597,703.0461154391627,355.07379567634473,0.0,0.0,7449.448233289713
2027-05,emp-0071,Support Engineer,Customer Operations,COGS,False,Montreal,roster,1.0,41,5917.896594605746,473.4317275684597,703.0461154391627,355.07379567634473,0.0,0.0,7449.448233289713
2027-06,emp-0071,Support Engineer,Customer Operations,COGS,False,Montreal,roster,1.0,42,5917.896594605746,473.4317275684597,703.0461154391627,355.07379567634473,0.0,0.0,7449.448233289713
2027-07,emp-0071,Support Engineer,Customer Operations,COGS,False,Montreal,roster,1.0,43,5917.896594605746,473.4317275684597,703.0461154391627,355.07379567634473,0.0,0.0,7449.448233289713
2027-08,emp-0071,Support Engineer,Customer Operations,COGS,False,Montreal,roster,1.0,44,5917.896594605746,473.4317275684597,703.0461154391627,355.07379567634473,0.0,0.0,7449.448233289713
2027-09,emp-0071,Support Engineer,Customer Operations,COGS,False,Montreal,roster,1.0,45,5917.896594605746,473.4317275684597,703.0461154391627,355.07379567634473,0.0,0.0,7449.448233289713
2027-10,emp-0071,Support Engineer,Customer Operations,COGS,False,Montreal,roster,1.0,46,5917.896594605746,473.4317275684597,703.0461154391627,355.07379567634473,0.0,0.0,7449.448233289713
2027-11,emp-0071,Support Engineer,Customer Operations,COGS,False,Montreal,roster,1.0,47,5917.896594605746,473.4317275684597,703.0461154391627,355.07379567634473,0.0,0.0,7449.448233289713
2027-12,emp-0071,Support Engineer,Customer Operations,COGS,False,Montreal,roster,1.0,48,5917.896594605746,473.4317275684597,703.0461154391627,355.07379567634473,0.0,0.0,7449.448233289713
2028-01,emp-0071,Support Engineer,Customer Operations,COGS,False,Montreal,roster,1.0,49,6125.022975416945,490.0018380333556,727.6527294795331,367.50137852501666,0.0,0.0,7710.178921454851
2028-02,emp-0071,Support Engineer,Customer Operations,COGS,False,Montreal,roster,1.0,50,6125.022975416945,490.0018380333556,727.6527294795331,367.50137852501666,0.0,0.0,7710.178921454851
2026-09,emp-0072,Support Engineer,Customer Operations,COGS,False,Montreal,roster,1.0,75,7168.727162846161,573.4981730276929,851.644786946124,430.12362977076964,0.0,0.0,9023.993752590748
2026-10,emp-0072,Support Engineer,Customer Operations,COGS,False,Montreal,roster,1.0,76,7168.727162846161,573.4981730276929,851.644786946124,430.12362977076964,0.0,0.0,9023.993752590748
2026-11,emp-0072,Support Engineer,Customer Operations,COGS,False,Montreal,roster,1.0,77,7168.727162846161,573.4981730276929,851.644786946124,430.12362977076964,0.0,0.0,9023.993752590748
2026-12,emp-0072,Support Engineer,Customer Operations,COGS,False,Montreal,roster,1.0,78,7168.727162846161,573.4981730276929,851.644786946124,430.12362977076964,0.0,0.0,9023.993752590748
2027-01,emp-0072,Support Engineer,Customer Operations,COGS,False,Montreal,roster,1.0,79,7419.6326135457775,593.5706090836622,881.4523544892384,445.17795681274663,0.0,0.0,9339.833533931424
2027-02,emp-0072,Support Engineer,Customer Operations,COGS,False,Montreal,roster,1.0,80,7419.6326135457775,593.5706090836622,881.4523544892384,445.17795681274663,0.0,0.0,9339.833533931424
2027-03,emp-0072,Support Engineer,Customer Operations,COGS,False,Montreal,roster,1.0,81,7419.6326135457775,593.5706090836622,881.4523544892384,445.17795681274663,0.0,0.0,9339.833533931424
2027-04,emp-0072,Support Engineer,Customer Operations,COGS,False,Montreal,roster,1.0,82,7419.6326135457775,593.5706090836622,881.4523544892384,445.17795681274663,0.0,0.0,9339.833533931424
2027-05,emp-0072,Support Engineer,Customer Operations,COGS,False,Montreal,roster,1.0,83,7419.6326135457775,593.5706090836622,881.4523544892384,445.17795681274663,0.0,0.0,9339.833533931424
2027-06,emp-0072,Support Engineer,Customer Operations,COGS,False,Montreal,roster,1.0,84,7419.6326135457775,593.5706090836622,881.4523544892384,445.17795681274663,0.0,0.0,9339.833533931424
2027-07,emp-0072,Support Engineer,Customer Operations,COGS,False,Montreal,roster,1.0,85,7419.6326135457775,593.5706090836622,881.4523544892384,445.17795681274663,0.0,0.0,9339.833533931424
2027-08,emp-0072,Support Engineer,Customer Operations,COGS,False,Montreal,roster,1.0,86,7419.6326135457775,593.5706090836622,881.4523544892384,445.17795681274663,0.0,0.0,9339.833533931424
2027-09,emp-0072,Support Engineer,Customer Operations,COGS,False,Montreal,roster,1.0,87,7419.6326135457775,593.5706090836622,881.4523544892384,445.17795681274663,0.0,0.0,9339.833533931424
2027-10,emp-0072,Support Engineer,Customer Operations,COGS,False,Montreal,roster,1.0,88,7419.6326135457775,593.5706090836622,881.4523544892384,445.17795681274663,0.0,0.0,9339.833533931424
2027-11,emp-0072,Support Engineer,Customer Operations,COGS,False,Montreal,roster,1.0,89,7419.6326135457775,593.5706090836622,881.4523544892384,445.17795681274663,0.0,0.0,9339.833533931424
2027-12,emp-0072,Support Engineer,Customer Operations,COGS,False,Montreal,roster,1.0,90,7419.6326135457775,593.5706090836622,881.4523544892384,445.17795681274663,0.0,0.0,9339.833533931424
2028-01,emp-0072,Support Engineer,Customer Operations,COGS,False,Montreal,roster,1.0,91,7679.319755019878,614.3455804015903,912.3031868963616,460.7591853011927,0.0,0.0,9666.727707619022
2028-02,emp-0072,Support Engineer,Customer Operations,COGS,False,Montreal,roster,1.0,92,7679.319755019878,614.3455804015903,912.3031868963616,460.7591853011927,0.0,0.0,9666.727707619022
2026-09,emp-0073,Account Executive,S&M,S&M,True,Austin,roster,1.0,75,11787.619501449139,0.0,1001.9476576231768,1650.2667302028797,0.0,0.0,14439.833889275196
2026-10,emp-0073,Account Executive,S&M,S&M,True,Austin,roster,1.0,76,11787.619501449139,0.0,1001.9476576231768,1650.2667302028797,0.0,0.0,14439.833889275196
2026-11,emp-0073,Account Executive,S&M,S&M,True,Austin,roster,1.0,77,11787.619501449139,0.0,1001.9476576231768,1650.2667302028797,0.0,0.0,14439.833889275196
2026-12,emp-0073,Account Executive,S&M,S&M,True,Austin,roster,1.0,78,11787.619501449139,0.0,1001.9476576231768,1650.2667302028797,0.0,0.0,14439.833889275196
2027-01,emp-0073,Account Executive,S&M,S&M,True,Austin,roster,1.0,79,12200.186183999858,0.0,1037.015825639988,1708.0260657599804,0.0,0.0,14945.228075399828
2027-02,emp-0073,Account Executive,S&M,S&M,True,Austin,roster,1.0,80,12200.186183999858,0.0,1037.015825639988,1708.0260657599804,0.0,0.0,14945.228075399828
2027-03,emp-0073,Account Executive,S&M,S&M,True,Austin,roster,1.0,81,12200.186183999858,0.0,1037.015825639988,1708.0260657599804,0.0,0.0,14945.228075399828
2027-04,emp-0073,Account Executive,S&M,S&M,True,Austin,roster,1.0,82,12200.186183999858,0.0,1037.015825639988,1708.0260657599804,0.0,0.0,14945.228075399828
2027-05,emp-0073,Account Executive,S&M,S&M,True,Austin,roster,1.0,83,12200.186183999858,0.0,1037.015825639988,1708.0260657599804,0.0,0.0,14945.228075399828
2027-06,emp-0073,Account Executive,S&M,S&M,True,Austin,roster,1.0,84,12200.186183999858,0.0,1037.015825639988,1708.0260657599804,0.0,0.0,14945.228075399828
2027-07,emp-0073,Account Executive,S&M,S&M,True,Austin,roster,1.0,85,12200.186183999858,0.0,1037.015825639988,1708.0260657599804,0.0,0.0,14945.228075399828
2027-08,emp-0073,Account Executive,S&M,S&M,True,Austin,roster,1.0,86,12200.186183999858,0.0,1037.015825639988,1708.0260657599804,0.0,0.0,14945.228075399828
2027-09,emp-0073,Account Executive,S&M,S&M,True,Austin,roster,1.0,87,12200.186183999858,0.0,1037.015825639988,1708.0260657599804,0.0,0.0,14945.228075399828
2027-10,emp-0073,Account Executive,S&M,S&M,True,Austin,roster,1.0,88,12200.186183999858,0.0,1037.015825639988,1708.0260657599804,0.0,0.0,14945.228075399828
2027-11,emp-0073,Account Executive,S&M,S&M,True,Austin,roster,1.0,89,12200.186183999858,0.0,1037.015825639988,1708.0260657599804,0.0,0.0,14945.228075399828
2027-12,emp-0073,Account Executive,S&M,S&M,True,Austin,roster,1.0,90,12200.186183999858,0.0,1037.015825639988,1708.0260657599804,0.0,0.0,14945.228075399828
2028-01,emp-0073,Account Executive,S&M,S&M,True,Austin,roster,1.0,91,12627.192700439853,0.0,1073.3113795373877,1767.8069780615797,0.0,0.0,15468.31105803882
2028-02,emp-0073,Account Executive,S&M,S&M,True,Austin,roster,1.0,92,12627.192700439853,0.0,1073.3113795373877,1767.8069780615797,0.0,0.0,15468.31105803882
2026-09,emp-0074,Account Executive,S&M,S&M,True,Austin,roster,1.0,81,12729.62686294644,0.0,1082.0182833504475,1782.1477608125017,0.0,0.0,15593.79290710939
2026-10,emp-0074,Account Executive,S&M,S&M,True,Austin,roster,1.0,82,12729.62686294644,0.0,1082.0182833504475,1782.1477608125017,0.0,0.0,15593.79290710939
2026-11,emp-0074,Account Executive,S&M,S&M,True,Austin,roster,1.0,83,12729.62686294644,0.0,1082.0182833504475,1782.1477608125017,0.0,0.0,15593.79290710939
2026-12,emp-0074,Account Executive,S&M,S&M,True,Austin,roster,1.0,84,12729.62686294644,0.0,1082.0182833504475,1782.1477608125017,0.0,0.0,15593.79290710939
2027-01,emp-0074,Account Executive,S&M,S&M,True,Austin,roster,1.0,85,13175.163803149566,0.0,1119.8889232677132,1844.5229324409395,0.0,0.0,16139.575658858219
2027-02,emp-0074,Account Executive,S&M,S&M,True,Austin,roster,1.0,86,13175.163803149566,0.0,1119.8889232677132,1844.5229324409395,0.0,0.0,16139.575658858219
2027-03,emp-0074,Account Executive,S&M,S&M,True,Austin,roster,1.0,87,13175.163803149566,0.0,1119.8889232677132,1844.5229324409395,0.0,0.0,16139.575658858219
2027-04,emp-0074,Account Executive,S&M,S&M,True,Austin,roster,1.0,88,13175.163803149566,0.0,1119.8889232677132,1844.5229324409395,0.0,0.0,16139.575658858219
2027-05,emp-0074,Account Executive,S&M,S&M,True,Austin,roster,1.0,89,13175.163803149566,0.0,1119.8889232677132,1844.5229324409395,0.0,0.0,16139.575658858219
2027-06,emp-0074,Account Executive,S&M,S&M,True,Austin,roster,1.0,90,13175.163803149566,0.0,1119.8889232677132,1844.5229324409395,0.0,0.0,16139.575658858219
2027-07,emp-0074,Account Executive,S&M,S&M,True,Austin,roster,1.0,91,13175.163803149566,0.0,1119.8889232677132,1844.5229324409395,0.0,0.0,16139.575658858219
2027-08,emp-0074,Account Executive,S&M,S&M,True,Austin,roster,1.0,92,13175.163803149566,0.0,1119.8889232677132,1844.5229324409395,0.0,0.0,16139.575658858219
2027-09,emp-0074,Account Executive,S&M,S&M,True,Austin,roster,1.0,93,13175.163803149566,0.0,1119.8889232677132,1844.5229324409395,0.0,0.0,16139.575658858219
2027-10,emp-0074,Account Executive,S&M,S&M,True,Austin,roster,1.0,94,13175.163803149566,0.0,1119.8889232677132,1844.5229324409395,0.0,0.0,16139.575658858219
2027-11,emp-0074,Account Executive,S&M,S&M,True,Austin,roster,1.0,95,13175.163803149566,0.0,1119.8889232677132,1844.5229324409395,0.0,0.0,16139.575658858219
2027-12,emp-0074,Account Executive,S&M,S&M,True,Austin,roster,1.0,96,13175.163803149566,0.0,1119.8889232677132,1844.5229324409395,0.0,0.0,16139.575658858219
2028-01,emp-0074,Account Executive,S&M,S&M,True,Austin,roster,1.0,97,13636.294536259802,0.0,1159.0850355820833,1909.0812350763724,0.0,0.0,16704.460806918258
2028-02,emp-0074,Account Executive,S&M,S&M,True,Austin,roster,1.0,98,13636.294536259802,0.0,1159.0850355820833,1909.0812350763724,0.0,0.0,16704.460806918258
2026-09,emp-0075,Account Executive,S&M,S&M,True,Austin,roster,1.0,53,10837.342616604003,0.0,921.1741224113402,1517.2279663245606,0.0,0.0,13275.744705339905
2026-10,emp-0075,Account Executive,S&M,S&M,True,Austin,roster,1.0,54,10837.342616604003,0.0,921.1741224113402,1517.2279663245606,0.0,0.0,13275.744705339905
2026-11,emp-0075,Account Executive,S&M,S&M,True,Austin,roster,1.0,55,10837.342616604003,0.0,921.1741224113402,1517.2279663245606,0.0,0.0,13275.744705339905
2026-12,emp-0075,Account Executive,S&M,S&M,True,Austin,roster,1.0,56,10837.342616604003,0.0,921.1741224113402,1517.2279663245606,0.0,0.0,13275.744705339905
2027-01,emp-0075,Account Executive,S&M,S&M,True,Austin,roster,1.0,57,11216.649608185142,0.0,953.4152166957372,1570.33094514592,0.0,0.0,13740.3957700268
2027-02,emp-0075,Account Executive,S&M,S&M,True,Austin,roster,1.0,58,11216.649608185142,0.0,953.4152166957372,1570.33094514592,0.0,0.0,13740.3957700268
2027-03,emp-0075,Account Executive,S&M,S&M,True,Austin,roster,1.0,59,11216.649608185142,0.0,953.4152166957372,1570.33094514592,0.0,0.0,13740.3957700268
2027-04,emp-0075,Account Executive,S&M,S&M,True,Austin,roster,1.0,60,11216.649608185142,0.0,953.4152166957372,1570.33094514592,0.0,0.0,13740.3957700268
2027-05,emp-0075,Account Executive,S&M,S&M,True,Austin,roster,1.0,61,11216.649608185142,0.0,953.4152166957372,1570.33094514592,0.0,0.0,13740.3957700268
2027-06,emp-0075,Account Executive,S&M,S&M,True,Austin,roster,1.0,62,11216.649608185142,0.0,953.4152166957372,1570.33094514592,0.0,0.0,13740.3957700268
2027-07,emp-0075,Account Executive,S&M,S&M,True,Austin,roster,1.0,63,11216.649608185142,0.0,953.4152166957372,1570.33094514592,0.0,0.0,13740.3957700268
2027-08,emp-0075,Account Executive,S&M,S&M,True,Austin,roster,1.0,64,11216.649608185142,0.0,953.4152166957372,1570.33094514592,0.0,0.0,13740.3957700268
2027-09,emp-0075,Account Executive,S&M,S&M,True,Austin,roster,1.0,65,11216.649608185142,0.0,953.4152166957372,1570.33094514592,0.0,0.0,13740.3957700268
2027-10,emp-0075,Account Executive,S&M,S&M,True,Austin,roster,1.0,66,11216.649608185142,0.0,953.4152166957372,1570.33094514592,0.0,0.0,13740.3957700268
2027-11,emp-0075,Account Executive,S&M,S&M,True,Austin,roster,1.0,67,11216.649608185142,0.0,953.4152166957372,1570.33094514592,0.0,0.0,13740.3957700268
2027-12,emp-0075,Account Executive,S&M,S&M,True,Austin,roster,1.0,68,11216.649608185142,0.0,953.4152166957372,1570.33094514592,0.0,0.0,13740.3957700268
2028-01,emp-0075,Account Executive,S&M,S&M,True,Austin,roster,1.0,69,11609.232344471618,0.0,986.7847492800877,1625.2925282260267,0.0,0.0,14221.309621977733
2028-02,emp-0075,Account Executive,S&M,S&M,True,Austin,roster,1.0,70,11609.232344471618,0.0,986.7847492800877,1625.2925282260267,0.0,0.0,14221.309621977733
2026-09,emp-0076,Account Executive,S&M,S&M,True,Austin,roster,1.0,86,10907.065435243845,0.0,927.1005619957269,1526.9891609341385,0.0,0.0,13361.155158173711
2026-10,emp-0076,Account Executive,S&M,S&M,True,Austin,roster,1.0,87,10907.065435243845,0.0,927.1005619957269,1526.9891609341385,0.0,0.0,13361.155158173711
2026-11,emp-0076,Account Executive,S&M,S&M,True,Austin,roster,1.0,88,10907.065435243845,0.0,927.1005619957269,1526.9891609341385,0.0,0.0,13361.155158173711
2026-12,emp-0076,Account Executive,S&M,S&M,True,Austin,roster,1.0,89,10907.065435243845,0.0,927.1005619957269,1526.9891609341385,0.0,0.0,13361.155158173711
2027-01,emp-0076,Account Executive,S&M,S&M,True,Austin,roster,1.0,90,11288.812725477379,0.0,959.5490816655773,1580.4337815668332,0.0,0.0,13828.795588709789
2027-02,emp-0076,Account Executive,S&M,S&M,True,Austin,roster,1.0,91,11288.812725477379,0.0,959.5490816655773,1580.4337815668332,0.0,0.0,13828.795588709789
2027-03,emp-0076,Account Executive,S&M,S&M,True,Austin,roster,1.0,92,11288.812725477379,0.0,959.5490816655773,1580.4337815668332,0.0,0.0,13828.795588709789
2027-04,emp-0076,Account Executive,S&M,S&M,True,Austin,roster,1.0,93,11288.812725477379,0.0,959.5490816655773,1580.4337815668332,0.0,0.0,13828.795588709789
2027-05,emp-0076,Account Executive,S&M,S&M,True,Austin,roster,1.0,94,11288.812725477379,0.0,959.5490816655773,1580.4337815668332,0.0,0.0,13828.795588709789
2027-06,emp-0076,Account Executive,S&M,S&M,True,Austin,roster,1.0,95,11288.812725477379,0.0,959.5490816655773,1580.4337815668332,0.0,0.0,13828.795588709789
2027-07,emp-0076,Account Executive,S&M,S&M,True,Austin,roster,1.0,96,11288.812725477379,0.0,959.5490816655773,1580.4337815668332,0.0,0.0,13828.795588709789
2027-08,emp-0076,Account Executive,S&M,S&M,True,Austin,roster,1.0,97,11288.812725477379,0.0,959.5490816655773,1580.4337815668332,0.0,0.0,13828.795588709789
2027-09,emp-0076,Account Executive,S&M,S&M,True,Austin,roster,1.0,98,11288.812725477379,0.0,959.5490816655773,1580.4337815668332,0.0,0.0,13828.795588709789
2027-10,emp-0076,Account Executive,S&M,S&M,True,Austin,roster,1.0,99,11288.812725477379,0.0,959.5490816655773,1580.4337815668332,0.0,0.0,13828.795588709789
2027-11,emp-0076,Account Executive,S&M,S&M,True,Austin,roster,1.0,100,11288.812725477379,0.0,959.5490816655773,1580.4337815668332,0.0,0.0,13828.795588709789
2027-12,emp-0076,Account Executive,S&M,S&M,True,Austin,roster,1.0,101,11288.812725477379,0.0,959.5490816655773,1580.4337815668332,0.0,0.0,13828.795588709789
2028-01,emp-0076,Account Executive,S&M,S&M,True,Austin,roster,1.0,102,11683.921170869087,0.0,993.1332995238724,1635.7489639216724,0.0,0.0,14312.803434314632
2028-02,emp-0076,Account Executive,S&M,S&M,True,Austin,roster,1.0,103,11683.921170869087,0.0,993.1332995238724,1635.7489639216724,0.0,0.0,14312.803434314632
2026-09,emp-0077,Account Executive,S&M,S&M,True,Austin,roster,1.0,70,11164.013920965088,0.0,948.9411832820325,1562.9619489351126,0.0,0.0,13675.917053182235
2026-10,emp-0077,Account Executive,S&M,S&M,True,Austin,roster,1.0,71,11164.013920965088,0.0,948.9411832820325,1562.9619489351126,0.0,0.0,13675.917053182235
2026-11,emp-0077,Account Executive,S&M,S&M,True,Austin,roster,1.0,72,11164.013920965088,0.0,948.9411832820325,1562.9619489351126,0.0,0.0,13675.917053182235
2026-12,emp-0077,Account Executive,S&M,S&M,True,Austin,roster,1.0,73,11164.013920965088,0.0,948.9411832820325,1562.9619489351126,0.0,0.0,13675.917053182235
2027-01,emp-0077,Account Executive,S&M,S&M,True,Austin,roster,1.0,74,11554.754408198865,0.0,982.1541246969036,1617.6656171478412,0.0,0.0,14154.57415004361
2027-02,emp-0077,Account Executive,S&M,S&M,True,Austin,roster,1.0,75,11554.754408198865,0.0,982.1541246969036,1617.6656171478412,0.0,0.0,14154.57415004361
2027-03,emp-0077,Account Executive,S&M,S&M,True,Austin,roster,1.0,76,11554.754408198865,0.0,982.1541246969036,1617.6656171478412,0.0,0.0,14154.57415004361
2027-04,emp-0077,Account Executive,S&M,S&M,True,Austin,roster,1.0,77,11554.754408198865,0.0,982.1541246969036,1617.6656171478412,0.0,0.0,14154.57415004361
2027-05,emp-0077,Account Executive,S&M,S&M,True,Austin,roster,1.0,78,11554.754408198865,0.0,982.1541246969036,1617.6656171478412,0.0,0.0,14154.57415004361
2027-06,emp-0077,Account Executive,S&M,S&M,True,Austin,roster,1.0,79,11554.754408198865,0.0,982.1541246969036,1617.6656171478412,0.0,0.0,14154.57415004361
2027-07,emp-0077,Account Executive,S&M,S&M,True,Austin,roster,1.0,80,11554.754408198865,0.0,982.1541246969036,1617.6656171478412,0.0,0.0,14154.57415004361
2027-08,emp-0077,Account Executive,S&M,S&M,True,Austin,roster,1.0,81,11554.754408198865,0.0,982.1541246969036,1617.6656171478412,0.0,0.0,14154.57415004361
2027-09,emp-0077,Account Executive,S&M,S&M,True,Austin,roster,1.0,82,11554.754408198865,0.0,982.1541246969036,1617.6656171478412,0.0,0.0,14154.57415004361
2027-10,emp-0077,Account Executive,S&M,S&M,True,Austin,roster,1.0,83,11554.754408198865,0.0,982.1541246969036,1617.6656171478412,0.0,0.0,14154.57415004361
2027-11,emp-0077,Account Executive,S&M,S&M,True,Austin,roster,1.0,84,11554.754408198865,0.0,982.1541246969036,1617.6656171478412,0.0,0.0,14154.57415004361
2027-12,emp-0077,Account Executive,S&M,S&M,True,Austin,roster,1.0,85,11554.754408198865,0.0,982.1541246969036,1617.6656171478412,0.0,0.0,14154.57415004361
2028-01,emp-0077,Account Executive,S&M,S&M,True,Austin,roster,1.0,86,11959.170812485825,0.0,1016.5295190612952,1674.2839137480157,0.0,0.0,14649.984245295136
2028-02,emp-0077,Account Executive,S&M,S&M,True,Austin,roster,1.0,87,11959.170812485825,0.0,1016.5295190612952,1674.2839137480157,0.0,0.0,14649.984245295136
2026-09,emp-0079,Account Executive,S&M,S&M,True,Austin,roster,1.0,47,10470.350052011107,0.0,889.9797544209441,1465.849007281555,0.0,0.0,12826.178813713606
2026-10,emp-0079,Account Executive,S&M,S&M,True,Austin,roster,1.0,48,10470.350052011107,0.0,889.9797544209441,1465.849007281555,0.0,0.0,12826.178813713606
2026-11,emp-0079,Account Executive,S&M,S&M,True,Austin,roster,1.0,49,10470.350052011107,0.0,889.9797544209441,1465.849007281555,0.0,0.0,12826.178813713606
2026-12,emp-0079,Account Executive,S&M,S&M,True,Austin,roster,1.0,50,10470.350052011107,0.0,889.9797544209441,1465.849007281555,0.0,0.0,12826.178813713606
2027-01,emp-0079,Account Executive,S&M,S&M,True,Austin,roster,1.0,51,10836.812303831493,0.0,921.129045825677,1517.1537225364093,0.0,0.0,13275.09507219358
2027-02,emp-0079,Account Executive,S&M,S&M,True,Austin,roster,1.0,52,10836.812303831493,0.0,921.129045825677,1517.1537225364093,0.0,0.0,13275.09507219358
2027-03,emp-0079,Account Executive,S&M,S&M,True,Austin,roster,1.0,53,10836.812303831493,0.0,921.129045825677,1517.1537225364093,0.0,0.0,13275.09507219358
2027-04,emp-0079,Account Executive,S&M,S&M,True,Austin,roster,1.0,54,10836.812303831493,0.0,921.129045825677,1517.1537225364093,0.0,0.0,13275.09507219358
2027-05,emp-0079,Account Executive,S&M,S&M,True,Austin,roster,1.0,55,10836.812303831493,0.0,921.129045825677,1517.1537225364093,0.0,0.0,13275.09507219358
2027-06,emp-0079,Account Executive,S&M,S&M,True,Austin,roster,1.0,56,10836.812303831493,0.0,921.129045825677,1517.1537225364093,0.0,0.0,13275.09507219358
2027-07,emp-0079,Account Executive,S&M,S&M,True,Austin,roster,1.0,57,10836.812303831493,0.0,921.129045825677,1517.1537225364093,0.0,0.0,13275.09507219358
2027-08,emp-0079,Account Executive,S&M,S&M,True,Austin,roster,1.0,58,10836.812303831493,0.0,921.129045825677,1517.1537225364093,0.0,0.0,13275.09507219358
2027-09,emp-0079,Account Executive,S&M,S&M,True,Austin,roster,1.0,59,10836.812303831493,0.0,921.129045825677,1517.1537225364093,0.0,0.0,13275.09507219358
2027-10,emp-0079,Account Executive,S&M,S&M,True,Austin,roster,1.0,60,10836.812303831493,0.0,921.129045825677,1517.1537225364093,0.0,0.0,13275.09507219358
2027-11,emp-0079,Account Executive,S&M,S&M,True,Austin,roster,1.0,61,10836.812303831493,0.0,921.129045825677,1517.1537225364093,0.0,0.0,13275.09507219358
2027-12,emp-0079,Account Executive,S&M,S&M,True,Austin,roster,1.0,62,10836.812303831493,0.0,921.129045825677,1517.1537225364093,0.0,0.0,13275.09507219358
2028-01,emp-0079,Account Executive,S&M,S&M,True,Austin,roster,1.0,63,11216.100734465594,0.0,953.3685624295755,1570.2541028251833,0.0,0.0,13739.723399720353
2028-02,emp-0079,Account Executive,S&M,S&M,True,Austin,roster,1.0,64,11216.100734465594,0.0,953.3685624295755,1570.2541028251833,0.0,0.0,13739.723399720353
2026-09,emp-0080,Sales Development Rep,S&M,S&M,True,Austin,roster,1.0,28,5684.555368933378,0.0,483.1872063593372,795.837751650673,0.0,0.0,6963.580326943389
2026-10,emp-0080,Sales Development Rep,S&M,S&M,True,Austin,roster,1.0,29,5684.555368933378,0.0,483.1872063593372,795.837751650673,0.0,0.0,6963.580326943389
2026-11,emp-0080,Sales Development Rep,S&M,S&M,True,Austin,roster,1.0,30,5684.555368933378,0.0,483.1872063593372,795.837751650673,0.0,0.0,6963.580326943389
2026-12,emp-0080,Sales Development Rep,S&M,S&M,True,Austin,roster,1.0,31,5684.555368933378,0.0,483.1872063593372,795.837751650673,0.0,0.0,6963.580326943389
2027-01,emp-0080,Sales Development Rep,S&M,S&M,True,Austin,roster,1.0,32,5883.514806846045,0.0,500.09875858191384,823.6920729584464,0.0,0.0,7207.305638386405
2027-02,emp-0080,Sales Development Rep,S&M,S&M,True,Austin,roster,1.0,33,5883.514806846045,0.0,500.09875858191384,823.6920729584464,0.0,0.0,7207.305638386405
2027-03,emp-0080,Sales Development Rep,S&M,S&M,True,Austin,roster,1.0,34,5883.514806846045,0.0,500.09875858191384,823.6920729584464,0.0,0.0,7207.305638386405
2027-04,emp-0080,Sales Development Rep,S&M,S&M,True,Austin,roster,1.0,35,5883.514806846045,0.0,500.09875858191384,823.6920729584464,0.0,0.0,7207.305638386405
2027-05,emp-0080,Sales Development Rep,S&M,S&M,True,Austin,roster,1.0,36,5883.514806846045,0.0,500.09875858191384,823.6920729584464,0.0,0.0,7207.305638386405
2027-06,emp-0080,Sales Development Rep,S&M,S&M,True,Austin,roster,1.0,37,5883.514806846045,0.0,500.09875858191384,823.6920729584464,0.0,0.0,7207.305638386405
2027-07,emp-0080,Sales Development Rep,S&M,S&M,True,Austin,roster,1.0,38,5883.514806846045,0.0,500.09875858191384,823.6920729584464,0.0,0.0,7207.305638386405
2027-08,emp-0080,Sales Development Rep,S&M,S&M,True,Austin,roster,1.0,39,5883.514806846045,0.0,500.09875858191384,823.6920729584464,0.0,0.0,7207.305638386405
2027-09,emp-0080,Sales Development Rep,S&M,S&M,True,Austin,roster,1.0,40,5883.514806846045,0.0,500.09875858191384,823.6920729584464,0.0,0.0,7207.305638386405
2027-10,emp-0080,Sales Development Rep,S&M,S&M,True,Austin,roster,1.0,41,5883.514806846045,0.0,500.09875858191384,823.6920729584464,0.0,0.0,7207.305638386405
2027-11,emp-0080,Sales Development Rep,S&M,S&M,True,Austin,roster,1.0,42,5883.514806846045,0.0,500.09875858191384,823.6920729584464,0.0,0.0,7207.305638386405
2027-12,emp-0080,Sales Development Rep,S&M,S&M,True,Austin,roster,1.0,43,5883.514806846045,0.0,500.09875858191384,823.6920729584464,0.0,0.0,7207.305638386405
2028-01,emp-0080,Sales Development Rep,S&M,S&M,True,Austin,roster,1.0,44,6089.437825085656,0.0,517.6022151322808,852.521295511992,0.0,0.0,7459.561335729929
2028-02,emp-0080,Sales Development Rep,S&M,S&M,True,Austin,roster,1.0,45,6089.437825085656,0.0,517.6022151322808,852.521295511992,0.0,0.0,7459.561335729929
2026-09,emp-0081,Sales Development Rep,S&M,S&M,True,Austin,roster,1.0,68,6691.263161045196,0.0,568.7573686888418,936.7768425463275,0.0,0.0,8196.797372280365
2026-10,emp-0081,Sales Development Rep,S&M,S&M,True,Austin,roster,1.0,69,6691.263161045196,0.0,568.7573686888418,936.7768425463275,0.0,0.0,8196.797372280365
2026-11,emp-0081,Sales Development Rep,S&M,S&M,True,Austin,roster,1.0,70,6691.263161045196,0.0,568.7573686888418,936.7768425463275,0.0,0.0,8196.797372280365
2026-12,emp-0081,Sales Development Rep,S&M,S&M,True,Austin,roster,1.0,71,6691.263161045196,0.0,568.7573686888418,936.7768425463275,0.0,0.0,8196.797372280365
2027-01,emp-0081,Sales Development Rep,S&M,S&M,True,Austin,roster,1.0,72,6925.457371681777,0.0,588.663876592951,969.5640320354488,0.0,0.0,8483.685280310177
2027-02,emp-0081,Sales Development Rep,S&M,S&M,True,Austin,roster,1.0,73,6925.457371681777,0.0,588.663876592951,969.5640320354488,0.0,0.0,8483.685280310177
2027-03,emp-0081,Sales Development Rep,S&M,S&M,True,Austin,roster,1.0,74,6925.457371681777,0.0,588.663876592951,969.5640320354488,0.0,0.0,8483.685280310177
2027-04,emp-0081,Sales Development Rep,S&M,S&M,True,Austin,roster,1.0,75,6925.457371681777,0.0,588.663876592951,969.5640320354488,0.0,0.0,8483.685280310177
2027-05,emp-0081,Sales Development Rep,S&M,S&M,True,Austin,roster,1.0,76,6925.457371681777,0.0,588.663876592951,969.5640320354488,0.0,0.0,8483.685280310177
2027-06,emp-0081,Sales Development Rep,S&M,S&M,True,Austin,roster,1.0,77,6925.457371681777,0.0,588.663876592951,969.5640320354488,0.0,0.0,8483.685280310177
2027-07,emp-0081,Sales Development Rep,S&M,S&M,True,Austin,roster,1.0,78,6925.457371681777,0.0,588.663876592951,969.5640320354488,0.0,0.0,8483.685280310177
2027-08,emp-0081,Sales Development Rep,S&M,S&M,True,Austin,roster,1.0,79,6925.457371681777,0.0,588.663876592951,969.5640320354488,0.0,0.0,8483.685280310177
2027-09,emp-0081,Sales Development Rep,S&M,S&M,True,Austin,roster,1.0,80,6925.457371681777,0.0,588.663876592951,969.5640320354488,0.0,0.0,8483.685280310177
2027-10,emp-0081,Sales Development Rep,S&M,S&M,True,Austin,roster,1.0,81,6925.457371681777,0.0,588.663876592951,969.5640320354488,0.0,0.0,8483.685280310177
2027-11,emp-0081,Sales Development Rep,S&M,S&M,True,Austin,roster,1.0,82,6925.457371681777,0.0,588.663876592951,969.5640320354488,0.0,0.0,8483.685280310177
2027-12,emp-0081,Sales Development Rep,S&M,S&M,True,Austin,roster,1.0,83,6925.457371681777,0.0,588.663876592951,969.5640320354488,0.0,0.0,8483.685280310177
2028-01,emp-0081,Sales Development Rep,S&M,S&M,True,Austin,roster,1.0,84,7167.848379690639,0.0,609.2671122737044,1003.4987731566896,0.0,0.0,8780.614265121034
2028-02,emp-0081,Sales Development Rep,S&M,S&M,True,Austin,roster,1.0,85,7167.848379690639,0.0,609.2671122737044,1003.4987731566896,0.0,0.0,8780.614265121034
2026-09,emp-0084,Sales Development Rep,S&M,S&M,True,Austin,roster,1.0,62,6548.229756521163,0.0,556.5995293042989,916.7521659129629,0.0,0.0,8021.581451738424
2026-10,emp-0084,Sales Development Rep,S&M,S&M,True,Austin,roster,1.0,63,6548.229756521163,0.0,556.5995293042989,916.7521659129629,0.0,0.0,8021.581451738424
2026-11,emp-0084,Sales Development Rep,S&M,S&M,True,Austin,roster,1.0,64,6548.229756521163,0.0,556.5995293042989,916.7521659129629,0.0,0.0,8021.581451738424
2026-12,emp-0084,Sales Development Rep,S&M,S&M,True,Austin,roster,1.0,65,6548.229756521163,0.0,556.5995293042989,916.7521659129629,0.0,0.0,8021.581451738424
2027-01,emp-0084,Sales Development Rep,S&M,S&M,True,Austin,roster,1.0,66,6777.417797999403,0.0,576.0805128299493,948.8384917199165,0.0,0.0,8302.33680254927
2027-02,emp-0084,Sales Development Rep,S&M,S&M,True,Austin,roster,1.0,67,6777.417797999403,0.0,576.0805128299493,948.8384917199165,0.0,0.0,8302.33680254927
2027-03,emp-0084,Sales Development Rep,S&M,S&M,True,Austin,roster,1.0,68,6777.417797999403,0.0,576.0805128299493,948.8384917199165,0.0,0.0,8302.33680254927
2027-04,emp-0084,Sales Development Rep,S&M,S&M,True,Austin,roster,1.0,69,6777.417797999403,0.0,576.0805128299493,948.8384917199165,0.0,0.0,8302.33680254927
2027-05,emp-0084,Sales Development Rep,S&M,S&M,True,Austin,roster,1.0,70,6777.417797999403,0.0,576.0805128299493,948.8384917199165,0.0,0.0,8302.33680254927
2027-06,emp-0084,Sales Development Rep,S&M,S&M,True,Austin,roster,1.0,71,6777.417797999403,0.0,576.0805128299493,948.8384917199165,0.0,0.0,8302.33680254927
2027-07,emp-0084,Sales Development Rep,S&M,S&M,True,Austin,roster,1.0,72,6777.417797999403,0.0,576.0805128299493,948.8384917199165,0.0,0.0,8302.33680254927
2027-08,emp-0084,Sales Development Rep,S&M,S&M,True,Austin,roster,1.0,73,6777.417797999403,0.0,576.0805128299493,948.8384917199165,0.0,0.0,8302.33680254927
2027-09,emp-0084,Sales Development Rep,S&M,S&M,True,Austin,roster,1.0,74,6777.417797999403,0.0,576.0805128299493,948.8384917199165,0.0,0.0,8302.33680254927
2027-10,emp-0084,Sales Development Rep,S&M,S&M,True,Austin,roster,1.0,75,6777.417797999403,0.0,576.0805128299493,948.8384917199165,0.0,0.0,8302.33680254927
2027-11,emp-0084,Sales Development Rep,S&M,S&M,True,Austin,roster,1.0,76,6777.417797999403,0.0,576.0805128299493,948.8384917199165,0.0,0.0,8302.33680254927
2027-12,emp-0084,Sales Development Rep,S&M,S&M,True,Austin,roster,1.0,77,6777.417797999403,0.0,576.0805128299493,948.8384917199165,0.0,0.0,8302.33680254927
2028-01,emp-0084,Sales Development Rep,S&M,S&M,True,Austin,roster,1.0,78,7014.6274209293815,0.0,596.2433307789975,982.0478389301135,0.0,0.0,8592.918590638492
2028-02,emp-0084,Sales Development Rep,S&M,S&M,True,Austin,roster,1.0,79,7014.6274209293815,0.0,596.2433307789975,982.0478389301135,0.0,0.0,8592.918590638492
2026-09,emp-0085,Marketing Manager,S&M,S&M,False,Austin,roster,1.0,41,11015.616534675288,881.2493227740231,1011.2335978831915,1542.1863148545403,0.0,0.0,14450.285770187042
2026-10,emp-0085,Marketing Manager,S&M,S&M,False,Austin,roster,1.0,42,11015.616534675288,881.2493227740231,1011.2335978831915,1542.1863148545403,0.0,0.0,14450.285770187042
2026-11,emp-0085,Marketing Manager,S&M,S&M,False,Austin,roster,1.0,43,11015.616534675288,881.2493227740231,1011.2335978831915,1542.1863148545403,0.0,0.0,14450.285770187042
2026-12,emp-0085,Marketing Manager,S&M,S&M,False,Austin,roster,1.0,44,11015.616534675288,881.2493227740231,1011.2335978831915,1542.1863148545403,0.0,0.0,14450.285770187042
2027-01,emp-0085,Marketing Manager,S&M,S&M,False,Austin,roster,1.0,45,11401.163113388922,912.0930490711138,1046.6267738091033,1596.1628358744492,0.0,0.0,14956.045772143589
2027-02,emp-0085,Marketing Manager,S&M,S&M,False,Austin,roster,1.0,46,11401.163113388922,912.0930490711138,1046.6267738091033,1596.1628358744492,0.0,0.0,14956.045772143589
2027-03,emp-0085,Marketing Manager,S&M,S&M,False,Austin,roster,1.0,47,11401.163113388922,912.0930490711138,1046.6267738091033,1596.1628358744492,0.0,0.0,14956.045772143589
2027-04,emp-0085,Marketing Manager,S&M,S&M,False,Austin,roster,1.0,48,11401.163113388922,912.0930490711138,1046.6267738091033,1596.1628358744492,0.0,0.0,14956.045772143589
2027-05,emp-0085,Marketing Manager,S&M,S&M,False,Austin,roster,1.0,49,11401.163113388922,912.0930490711138,1046.6267738091033,1596.1628358744492,0.0,0.0,14956.045772143589
2027-06,emp-0085,Marketing Manager,S&M,S&M,False,Austin,roster,1.0,50,11401.163113388922,912.0930490711138,1046.6267738091033,1596.1628358744492,0.0,0.0,14956.045772143589
2027-07,emp-0085,Marketing Manager,S&M,S&M,False,Austin,roster,1.0,51,11401.163113388922,912.0930490711138,1046.6267738091033,1596.1628358744492,0.0,0.0,14956.045772143589
2027-08,emp-0085,Marketing Manager,S&M,S&M,False,Austin,roster,1.0,52,11401.163113388922,912.0930490711138,1046.6267738091033,1596.1628358744492,0.0,0.0,14956.045772143589
2027-09,emp-0085,Marketing Manager,S&M,S&M,False,Austin,roster,1.0,53,11401.163113388922,912.0930490711138,1046.6267738091033,1596.1628358744492,0.0,0.0,14956.045772143589
2027-10,emp-0085,Marketing Manager,S&M,S&M,False,Austin,roster,1.0,54,11401.163113388922,912.0930490711138,1046.6267738091033,1596.1628358744492,0.0,0.0,14956.045772143589
2027-11,emp-0085,Marketing Manager,S&M,S&M,False,Austin,roster,1.0,55,11401.163113388922,912.0930490711138,1046.6267738091033,1596.1628358744492,0.0,0.0,14956.045772143589
2027-12,emp-0085,Marketing Manager,S&M,S&M,False,Austin,roster,1.0,56,11401.163113388922,912.0930490711138,1046.6267738091033,1596.1628358744492,0.0,0.0,14956.045772143589
2028-01,emp-0085,Marketing Manager,S&M,S&M,False,Austin,roster,1.0,57,11800.203822357531,944.0163057886025,1083.2587108924213,1652.0285351300545,0.0,0.0,15479.50737416861
2028-02,emp-0085,Marketing Manager,S&M,S&M,False,Austin,roster,1.0,58,11800.203822357531,944.0163057886025,1083.2587108924213,1652.0285351300545,0.0,0.0,15479.50737416861
2026-09,emp-0086,Marketing Manager,S&M,S&M,False,Austin,roster,1.0,39,11928.593304372413,954.287464349793,1095.0448653413875,1670.003062612138,0.0,0.0,15647.928696675732
2026-10,emp-0086,Marketing Manager,S&M,S&M,False,Austin,roster,1.0,40,11928.593304372413,954.287464349793,1095.0448653413875,1670.003062612138,0.0,0.0,15647.928696675732
2026-11,emp-0086,Marketing Manager,S&M,S&M,False,Austin,roster,1.0,41,11928.593304372413,954.287464349793,1095.0448653413875,1670.003062612138,0.0,0.0,15647.928696675732
2026-12,emp-0086,Marketing Manager,S&M,S&M,False,Austin,roster,1.0,42,11928.593304372413,954.287464349793,1095.0448653413875,1670.003062612138,0.0,0.0,15647.928696675732
2027-01,emp-0086,Marketing Manager,S&M,S&M,False,Austin,roster,1.0,43,12346.094070025445,987.6875256020356,1133.371435628336,1728.4531698035626,0.0,0.0,16195.60620105938
2027-02,emp-0086,Marketing Manager,S&M,S&M,False,Austin,roster,1.0,44,12346.094070025445,987.6875256020356,1133.371435628336,1728.4531698035626,0.0,0.0,16195.60620105938
2027-03,emp-0086,Marketing Manager,S&M,S&M,False,Austin,roster,1.0,45,12346.094070025445,987.6875256020356,1133.371435628336,1728.4531698035626,0.0,0.0,16195.60620105938
2027-04,emp-0086,Marketing Manager,S&M,S&M,False,Austin,roster,1.0,46,12346.094070025445,987.6875256020356,1133.371435628336,1728.4531698035626,0.0,0.0,16195.60620105938
2027-05,emp-0086,Marketing Manager,S&M,S&M,False,Austin,roster,1.0,47,12346.094070025445,987.6875256020356,1133.371435628336,1728.4531698035626,0.0,0.0,16195.60620105938
2027-06,emp-0086,Marketing Manager,S&M,S&M,False,Austin,roster,1.0,48,12346.094070025445,987.6875256020356,1133.371435628336,1728.4531698035626,0.0,0.0,16195.60620105938
2027-07,emp-0086,Marketing Manager,S&M,S&M,False,Austin,roster,1.0,49,12346.094070025445,987.6875256020356,1133.371435628336,1728.4531698035626,0.0,0.0,16195.60620105938
2027-08,emp-0086,Marketing Manager,S&M,S&M,False,Austin,roster,1.0,50,12346.094070025445,987.6875256020356,1133.371435628336,1728.4531698035626,0.0,0.0,16195.60620105938
2027-09,emp-0086,Marketing Manager,S&M,S&M,False,Austin,roster,1.0,51,12346.094070025445,987.6875256020356,1133.371435628336,1728.4531698035626,0.0,0.0,16195.60620105938
2027-10,emp-0086,Marketing Manager,S&M,S&M,False,Austin,roster,1.0,52,12346.094070025445,987.6875256020356,1133.371435628336,1728.4531698035626,0.0,0.0,16195.60620105938
2027-11,emp-0086,Marketing Manager,S&M,S&M,False,Austin,roster,1.0,53,12346.094070025445,987.6875256020356,1133.371435628336,1728.4531698035626,0.0,0.0,16195.60620105938
2027-12,emp-0086,Marketing Manager,S&M,S&M,False,Austin,roster,1.0,54,12346.094070025445,987.6875256020356,1133.371435628336,1728.4531698035626,0.0,0.0,16195.60620105938
2028-01,emp-0086,Marketing Manager,S&M,S&M,False,Austin,roster,1.0,55,12778.207362476336,1022.256588998107,1173.0394358753279,1788.9490307466872,0.0,0.0,16762.452418096458
2028-02,emp-0086,Marketing Manager,S&M,S&M,False,Austin,roster,1.0,56,12778.207362476336,1022.256588998107,1173.0394358753279,1788.9490307466872,0.0,0.0,16762.452418096458
2026-09,emp-0087,Marketing Manager,S&M,S&M,False,Austin,roster,1.0,57,12677.490018411378,1014.1992014729102,1163.7935836901645,1774.848602577593,0.0,0.0,16630.331406152047
2026-10,emp-0087,Marketing Manager,S&M,S&M,False,Austin,roster,1.0,58,12677.490018411378,1014.1992014729102,1163.7935836901645,1774.848602577593,0.0,0.0,16630.331406152047
2026-11,emp-0087,Marketing Manager,S&M,S&M,False,Austin,roster,1.0,59,12677.490018411378,1014.1992014729102,1163.7935836901645,1774.848602577593,0.0,0.0,16630.331406152047
2026-12,emp-0087,Marketing Manager,S&M,S&M,False,Austin,roster,1.0,60,12677.490018411378,1014.1992014729102,1163.7935836901645,1774.848602577593,0.0,0.0,16630.331406152047
2027-01,emp-0087,Marketing Manager,S&M,S&M,False,Austin,roster,1.0,61,13121.202169055774,1049.696173524462,1204.5263591193202,1836.9683036678086,0.0,0.0,17212.393005367365
2027-02,emp-0087,Marketing Manager,S&M,S&M,False,Austin,roster,1.0,62,13121.202169055774,1049.696173524462,1204.5263591193202,1836.9683036678086,0.0,0.0,17212.393005367365
2027-03,emp-0087,Marketing Manager,S&M,S&M,False,Austin,roster,1.0,63,13121.202169055774,1049.696173524462,1204.5263591193202,1836.9683036678086,0.0,0.0,17212.393005367365
2027-04,emp-0087,Marketing Manager,S&M,S&M,False,Austin,roster,1.0,64,13121.202169055774,1049.696173524462,1204.5263591193202,1836.9683036678086,0.0,0.0,17212.393005367365
2027-05,emp-0087,Marketing Manager,S&M,S&M,False,Austin,roster,1.0,65,13121.202169055774,1049.696173524462,1204.5263591193202,1836.9683036678086,0.0,0.0,17212.393005367365
2027-06,emp-0087,Marketing Manager,S&M,S&M,False,Austin,roster,1.0,66,13121.202169055774,1049.696173524462,1204.5263591193202,1836.9683036678086,0.0,0.0,17212.393005367365
2027-07,emp-0087,Marketing Manager,S&M,S&M,False,Austin,roster,1.0,67,13121.202169055774,1049.696173524462,1204.5263591193202,1836.9683036678086,0.0,0.0,17212.393005367365
2027-08,emp-0087,Marketing Manager,S&M,S&M,False,Austin,roster,1.0,68,13121.202169055774,1049.696173524462,1204.5263591193202,1836.9683036678086,0.0,0.0,17212.393005367365
2027-09,emp-0087,Marketing Manager,S&M,S&M,False,Austin,roster,1.0,69,13121.202169055774,1049.696173524462,1204.5263591193202,1836.9683036678086,0.0,0.0,17212.393005367365
2027-10,emp-0087,Marketing Manager,S&M,S&M,False,Austin,roster,1.0,70,13121.202169055774,1049.696173524462,1204.5263591193202,1836.9683036678086,0.0,0.0,17212.393005367365
2027-11,emp-0087,Marketing Manager,S&M,S&M,False,Austin,roster,1.0,71,13121.202169055774,1049.696173524462,1204.5263591193202,1836.9683036678086,0.0,0.0,17212.393005367365
2027-12,emp-0087,Marketing Manager,S&M,S&M,False,Austin,roster,1.0,72,13121.202169055774,1049.696173524462,1204.5263591193202,1836.9683036678086,0.0,0.0,17212.393005367365
2028-01,emp-0087,Marketing Manager,S&M,S&M,False,Austin,roster,1.0,73,13580.444244972727,1086.4355395978182,1246.6847816884965,1901.2621942961819,0.0,0.0,17814.826760555225
2028-02,emp-0087,Marketing Manager,S&M,S&M,False,Austin,roster,1.0,74,13580.444244972727,1086.4355395978182,1246.6847816884965,1901.2621942961819,0.0,0.0,17814.826760555225
2026-09,emp-0089,Marketing Manager,S&M,S&M,False,Austin,roster,1.0,25,10825.844045604315,866.0675236483453,993.8124833864763,1515.6181663846044,0.0,0.0,14201.342219023742
2026-10,emp-0089,Marketing Manager,S&M,S&M,False,Austin,roster,1.0,26,10825.844045604315,866.0675236483453,993.8124833864763,1515.6181663846044,0.0,0.0,14201.342219023742
2026-11,emp-0089,Marketing Manager,S&M,S&M,False,Austin,roster,1.0,27,10825.844045604315,866.0675236483453,993.8124833864763,1515.6181663846044,0.0,0.0,14201.342219023742
2026-12,emp-0089,Marketing Manager,S&M,S&M,False,Austin,roster,1.0,28,10825.844045604315,866.0675236483453,993.8124833864763,1515.6181663846044,0.0,0.0,14201.342219023742
2027-01,emp-0089,Marketing Manager,S&M,S&M,False,Austin,roster,1.0,29,11204.748587200464,896.3798869760371,1028.5959203050027,1568.664802208065,0.0,0.0,14698.389196689568
2027-02,emp-0089,Marketing Manager,S&M,S&M,False,Austin,roster,1.0,30,11204.748587200464,896.3798869760371,1028.5959203050027,1568.664802208065,0.0,0.0,14698.389196689568
2027-03,emp-0089,Marketing Manager,S&M,S&M,False,Austin,roster,1.0,31,11204.748587200464,896.3798869760371,1028.5959203050027,1568.664802208065,0.0,0.0,14698.389196689568
2027-04,emp-0089,Marketing Manager,S&M,S&M,False,Austin,roster,1.0,32,11204.748587200464,896.3798869760371,1028.5959203050027,1568.664802208065,0.0,0.0,14698.389196689568
2027-05,emp-0089,Marketing Manager,S&M,S&M,False,Austin,roster,1.0,33,11204.748587200464,896.3798869760371,1028.5959203050027,1568.664802208065,0.0,0.0,14698.389196689568
2027-06,emp-0089,Marketing Manager,S&M,S&M,False,Austin,roster,1.0,34,11204.748587200464,896.3798869760371,1028.5959203050027,1568.664802208065,0.0,0.0,14698.389196689568
2027-07,emp-0089,Marketing Manager,S&M,S&M,False,Austin,roster,1.0,35,11204.748587200464,896.3798869760371,1028.5959203050027,1568.664802208065,0.0,0.0,14698.389196689568
2027-08,emp-0089,Marketing Manager,S&M,S&M,False,Austin,roster,1.0,36,11204.748587200464,896.3798869760371,1028.5959203050027,1568.664802208065,0.0,0.0,14698.389196689568
2027-09,emp-0089,Marketing Manager,S&M,S&M,False,Austin,roster,1.0,37,11204.748587200464,896.3798869760371,1028.5959203050027,1568.664802208065,0.0,0.0,14698.389196689568
2027-10,emp-0089,Marketing Manager,S&M,S&M,False,Austin,roster,1.0,38,11204.748587200464,896.3798869760371,1028.5959203050027,1568.664802208065,0.0,0.0,14698.389196689568
2027-11,emp-0089,Marketing Manager,S&M,S&M,False,Austin,roster,1.0,39,11204.748587200464,896.3798869760371,1028.5959203050027,1568.664802208065,0.0,0.0,14698.389196689568
2027-12,emp-0089,Marketing Manager,S&M,S&M,False,Austin,roster,1.0,40,11204.748587200464,896.3798869760371,1028.5959203050027,1568.664802208065,0.0,0.0,14698.389196689568
2028-01,emp-0089,Marketing Manager,S&M,S&M,False,Austin,roster,1.0,41,11596.914787752481,927.7531830201985,1064.5967775156778,1623.5680702853474,0.0,0.0,15212.832818573706
2028-02,emp-0089,Marketing Manager,S&M,S&M,False,Austin,roster,1.0,42,11596.914787752481,927.7531830201985,1064.5967775156778,1623.5680702853474,0.0,0.0,15212.832818573706
2026-09,emp-0090,Marketing Manager,S&M,S&M,False,Montreal,roster,1.0,26,8741.955857620858,699.3564686096687,1038.544355885358,524.5173514572515,0.0,0.0,11004.374033573136
2026-10,emp-0090,Marketing Manager,S&M,S&M,False,Montreal,roster,1.0,27,8741.955857620858,699.3564686096687,1038.544355885358,524.5173514572515,0.0,0.0,11004.374033573136
2026-11,emp-0090,Marketing Manager,S&M,S&M,False,Montreal,roster,1.0,28,8741.955857620858,699.3564686096687,1038.544355885358,524.5173514572515,0.0,0.0,11004.374033573136
2026-12,emp-0090,Marketing Manager,S&M,S&M,False,Montreal,roster,1.0,29,8741.955857620858,699.3564686096687,1038.544355885358,524.5173514572515,0.0,0.0,11004.374033573136
2027-01,emp-0090,Marketing Manager,S&M,S&M,False,Montreal,roster,1.0,30,9047.924312637586,723.8339450110069,1074.8934083413453,542.8754587582551,0.0,0.0,11389.527124748194
2027-02,emp-0090,Marketing Manager,S&M,S&M,False,Montreal,roster,1.0,31,9047.924312637586,723.8339450110069,1074.8934083413453,542.8754587582551,0.0,0.0,11389.527124748194
2027-03,emp-0090,Marketing Manager,S&M,S&M,False,Montreal,roster,1.0,32,9047.924312637586,723.8339450110069,1074.8934083413453,542.8754587582551,0.0,0.0,11389.527124748194
2027-04,emp-0090,Marketing Manager,S&M,S&M,False,Montreal,roster,1.0,33,9047.924312637586,723.8339450110069,1074.8934083413453,542.8754587582551,0.0,0.0,11389.527124748194
2027-05,emp-0090,Marketing Manager,S&M,S&M,False,Montreal,roster,1.0,34,9047.924312637586,723.8339450110069,1074.8934083413453,542.8754587582551,0.0,0.0,11389.527124748194
2027-06,emp-0090,Marketing Manager,S&M,S&M,False,Montreal,roster,1.0,35,9047.924312637586,723.8339450110069,1074.8934083413453,542.8754587582551,0.0,0.0,11389.527124748194
2027-07,emp-0090,Marketing Manager,S&M,S&M,False,Montreal,roster,1.0,36,9047.924312637586,723.8339450110069,1074.8934083413453,542.8754587582551,0.0,0.0,11389.527124748194
2027-08,emp-0090,Marketing Manager,S&M,S&M,False,Montreal,roster,1.0,37,9047.924312637586,723.8339450110069,1074.8934083413453,542.8754587582551,0.0,0.0,11389.527124748194
2027-09,emp-0090,Marketing Manager,S&M,S&M,False,Montreal,roster,1.0,38,9047.924312637586,723.8339450110069,1074.8934083413453,542.8754587582551,0.0,0.0,11389.527124748194
2027-10,emp-0090,Marketing Manager,S&M,S&M,False,Montreal,roster,1.0,39,9047.924312637586,723.8339450110069,1074.8934083413453,542.8754587582551,0.0,0.0,11389.527124748194
2027-11,emp-0090,Marketing Manager,S&M,S&M,False,Montreal,roster,1.0,40,9047.924312637586,723.8339450110069,1074.8934083413453,542.8754587582551,0.0,0.0,11389.527124748194
2027-12,emp-0090,Marketing Manager,S&M,S&M,False,Montreal,roster,1.0,41,9047.924312637586,723.8339450110069,1074.8934083413453,542.8754587582551,0.0,0.0,11389.527124748194
2028-01,emp-0090,Marketing Manager,S&M,S&M,False,Montreal,roster,1.0,42,9364.601663579902,749.1681330863922,1112.5146776332924,561.8760998147941,0.0,0.0,11788.160574114381
2028-02,emp-0090,Marketing Manager,S&M,S&M,False,Montreal,roster,1.0,43,9364.601663579902,749.1681330863922,1112.5146776332924,561.8760998147941,0.0,0.0,11788.160574114381
2026-09,emp-0091,Finance & Operations,G&A,G&A,False,Montreal,roster,1.0,44,8566.01629475509,685.2813035804073,1017.6427358169047,513.9609776853055,0.0,0.0,10782.901311837706
2026-10,emp-0091,Finance & Operations,G&A,G&A,False,Montreal,roster,1.0,45,8566.01629475509,685.2813035804073,1017.6427358169047,513.9609776853055,0.0,0.0,10782.901311837706
2026-11,emp-0091,Finance & Operations,G&A,G&A,False,Montreal,roster,1.0,46,8566.01629475509,685.2813035804073,1017.6427358169047,513.9609776853055,0.0,0.0,10782.901311837706
2026-12,emp-0091,Finance & Operations,G&A,G&A,False,Montreal,roster,1.0,47,8566.01629475509,685.2813035804073,1017.6427358169047,513.9609776853055,0.0,0.0,10782.901311837706
2027-01,emp-0091,Finance & Operations,G&A,G&A,False,Montreal,roster,1.0,48,8865.826865071516,709.2661492057213,1053.2602315704962,531.9496119042909,0.0,0.0,11160.302857752025
2027-02,emp-0091,Finance & Operations,G&A,G&A,False,Montreal,roster,1.0,49,8865.826865071516,709.2661492057213,1053.2602315704962,531.9496119042909,0.0,0.0,11160.302857752025
2027-03,emp-0091,Finance & Operations,G&A,G&A,False,Montreal,roster,1.0,50,8865.826865071516,709.2661492057213,1053.2602315704962,531.9496119042909,0.0,0.0,11160.302857752025
2027-04,emp-0091,Finance & Operations,G&A,G&A,False,Montreal,roster,1.0,51,8865.826865071516,709.2661492057213,1053.2602315704962,531.9496119042909,0.0,0.0,11160.302857752025
2027-05,emp-0091,Finance & Operations,G&A,G&A,False,Montreal,roster,1.0,52,8865.826865071516,709.2661492057213,1053.2602315704962,531.9496119042909,0.0,0.0,11160.302857752025
2027-06,emp-0091,Finance & Operations,G&A,G&A,False,Montreal,roster,1.0,53,8865.826865071516,709.2661492057213,1053.2602315704962,531.9496119042909,0.0,0.0,11160.302857752025
2027-07,emp-0091,Finance & Operations,G&A,G&A,False,Montreal,roster,1.0,54,8865.826865071516,709.2661492057213,1053.2602315704962,531.9496119042909,0.0,0.0,11160.302857752025
2027-08,emp-0091,Finance & Operations,G&A,G&A,False,Montreal,roster,1.0,55,8865.826865071516,709.2661492057213,1053.2602315704962,531.9496119042909,0.0,0.0,11160.302857752025
2027-09,emp-0091,Finance & Operations,G&A,G&A,False,Montreal,roster,1.0,56,8865.826865071516,709.2661492057213,1053.2602315704962,531.9496119042909,0.0,0.0,11160.302857752025
2027-10,emp-0091,Finance & Operations,G&A,G&A,False,Montreal,roster,1.0,57,8865.826865071516,709.2661492057213,1053.2602315704962,531.9496119042909,0.0,0.0,11160.302857752025
2027-11,emp-0091,Finance & Operations,G&A,G&A,False,Montreal,roster,1.0,58,8865.826865071516,709.2661492057213,1053.2602315704962,531.9496119042909,0.0,0.0,11160.302857752025
2027-12,emp-0091,Finance & Operations,G&A,G&A,False,Montreal,roster,1.0,59,8865.826865071516,709.2661492057213,1053.2602315704962,531.9496119042909,0.0,0.0,11160.302857752025
2028-01,emp-0091,Finance & Operations,G&A,G&A,False,Montreal,roster,1.0,60,9176.13080534902,734.0904644279216,1090.1243396754635,550.5678483209412,0.0,0.0,11550.913457773346
2028-02,emp-0091,Finance & Operations,G&A,G&A,False,Montreal,roster,1.0,61,9176.13080534902,734.0904644279216,1090.1243396754635,550.5678483209412,0.0,0.0,11550.913457773346
2026-09,emp-0093,Finance & Operations,G&A,G&A,False,Montreal,roster,1.0,38,8191.512728418136,655.3210182734509,973.1517121360746,491.49076370508817,0.0,0.0,10311.476222532749
2026-10,emp-0093,Finance & Operations,G&A,G&A,False,Montreal,roster,1.0,39,8191.512728418136,655.3210182734509,973.1517121360746,491.49076370508817,0.0,0.0,10311.476222532749
2026-11,emp-0093,Finance & Operations,G&A,G&A,False,Montreal,roster,1.0,40,8191.512728418136,655.3210182734509,973.1517121360746,491.49076370508817,0.0,0.0,10311.476222532749
2026-12,emp-0093,Finance & Operations,G&A,G&A,False,Montreal,roster,1.0,41,8191.512728418136,655.3210182734509,973.1517121360746,491.49076370508817,0.0,0.0,10311.476222532749
2027-01,emp-0093,Finance & Operations,G&A,G&A,False,Montreal,roster,1.0,42,8478.21567391277,678.2572539130216,1007.2120220608371,508.6929404347662,0.0,0.0,10672.377890321395
2027-02,emp-0093,Finance & Operations,G&A,G&A,False,Montreal,roster,1.0,43,8478.21567391277,678.2572539130216,1007.2120220608371,508.6929404347662,0.0,0.0,10672.377890321395
2027-03,emp-0093,Finance & Operations,G&A,G&A,False,Montreal,roster,1.0,44,8478.21567391277,678.2572539130216,1007.2120220608371,508.6929404347662,0.0,0.0,10672.377890321395
2027-04,emp-0093,Finance & Operations,G&A,G&A,False,Montreal,roster,1.0,45,8478.21567391277,678.2572539130216,1007.2120220608371,508.6929404347662,0.0,0.0,10672.377890321395
2027-05,emp-0093,Finance & Operations,G&A,G&A,False,Montreal,roster,1.0,46,8478.21567391277,678.2572539130216,1007.2120220608371,508.6929404347662,0.0,0.0,10672.377890321395
2027-06,emp-0093,Finance & Operations,G&A,G&A,False,Montreal,roster,1.0,47,8478.21567391277,678.2572539130216,1007.2120220608371,508.6929404347662,0.0,0.0,10672.377890321395
2027-07,emp-0093,Finance & Operations,G&A,G&A,False,Montreal,roster,1.0,48,8478.21567391277,678.2572539130216,1007.2120220608371,508.6929404347662,0.0,0.0,10672.377890321395
2027-08,emp-0093,Finance & Operations,G&A,G&A,False,Montreal,roster,1.0,49,8478.21567391277,678.2572539130216,1007.2120220608371,508.6929404347662,0.0,0.0,10672.377890321395
2027-09,emp-0093,Finance & Operations,G&A,G&A,False,Montreal,roster,1.0,50,8478.21567391277,678.2572539130216,1007.2120220608371,508.6929404347662,0.0,0.0,10672.377890321395
2027-10,emp-0093,Finance & Operations,G&A,G&A,False,Montreal,roster,1.0,51,8478.21567391277,678.2572539130216,1007.2120220608371,508.6929404347662,0.0,0.0,10672.377890321395
2027-11,emp-0093,Finance & Operations,G&A,G&A,False,Montreal,roster,1.0,52,8478.21567391277,678.2572539130216,1007.2120220608371,508.6929404347662,0.0,0.0,10672.377890321395
2027-12,emp-0093,Finance & Operations,G&A,G&A,False,Montreal,roster,1.0,53,8478.21567391277,678.2572539130216,1007.2120220608371,508.6929404347662,0.0,0.0,10672.377890321395
2028-01,emp-0093,Finance & Operations,G&A,G&A,False,Montreal,roster,1.0,54,8774.953222499717,701.9962577999773,1042.4644428329664,526.4971933499829,0.0,0.0,11045.911116482645
2028-02,emp-0093,Finance & Operations,G&A,G&A,False,Montreal,roster,1.0,55,8774.953222499717,701.9962577999773,1042.4644428329664,526.4971933499829,0.0,0.0,11045.911116482645
2026-09,emp-0094,Finance & Operations,G&A,G&A,False,Montreal,roster,1.0,88,10425.390887393663,834.0312709914931,1238.536437422367,625.5234532436198,0.0,0.0,13123.482049051141
2026-10,emp-0094,Finance & Operations,G&A,G&A,False,Montreal,roster,1.0,89,10425.390887393663,834.0312709914931,1238.536437422367,625.5234532436198,0.0,0.0,13123.482049051141
2026-11,emp-0094,Finance & Operations,G&A,G&A,False,Montreal,roster,1.0,90,10425.390887393663,834.0312709914931,1238.536437422367,625.5234532436198,0.0,0.0,13123.482049051141
2026-12,emp-0094,Finance & Operations,G&A,G&A,False,Montreal,roster,1.0,91,10425.390887393663,834.0312709914931,1238.536437422367,625.5234532436198,0.0,0.0,13123.482049051141
2027-01,emp-0094,Finance & Operations,G&A,G&A,False,Montreal,roster,1.0,92,10790.27956845244,863.2223654761953,1281.88521273215,647.4167741071465,0.0,0.0,13582.803920767932
2027-02,emp-0094,Finance & Operations,G&A,G&A,False,Montreal,roster,1.0,93,10790.27956845244,863.2223654761953,1281.88521273215,647.4167741071465,0.0,0.0,13582.803920767932
2027-03,emp-0094,Finance & Operations,G&A,G&A,False,Montreal,roster,1.0,94,10790.27956845244,863.2223654761953,1281.88521273215,647.4167741071465,0.0,0.0,13582.803920767932
2027-04,emp-0094,Finance & Operations,G&A,G&A,False,Montreal,roster,1.0,95,10790.27956845244,863.2223654761953,1281.88521273215,647.4167741071465,0.0,0.0,13582.803920767932
2027-05,emp-0094,Finance & Operations,G&A,G&A,False,Montreal,roster,1.0,96,10790.27956845244,863.2223654761953,1281.88521273215,647.4167741071465,0.0,0.0,13582.803920767932
2027-06,emp-0094,Finance & Operations,G&A,G&A,False,Montreal,roster,1.0,97,10790.27956845244,863.2223654761953,1281.88521273215,647.4167741071465,0.0,0.0,13582.803920767932
2027-07,emp-0094,Finance & Operations,G&A,G&A,False,Montreal,roster,1.0,98,10790.27956845244,863.2223654761953,1281.88521273215,647.4167741071465,0.0,0.0,13582.803920767932
2027-08,emp-0094,Finance & Operations,G&A,G&A,False,Montreal,roster,1.0,99,10790.27956845244,863.2223654761953,1281.88521273215,647.4167741071465,0.0,0.0,13582.803920767932
2027-09,emp-0094,Finance & Operations,G&A,G&A,False,Montreal,roster,1.0,100,10790.27956845244,863.2223654761953,1281.88521273215,647.4167741071465,0.0,0.0,13582.803920767932
2027-10,emp-0094,Finance & Operations,G&A,G&A,False,Montreal,roster,1.0,101,10790.27956845244,863.2223654761953,1281.88521273215,647.4167741071465,0.0,0.0,13582.803920767932
2027-11,emp-0094,Finance & Operations,G&A,G&A,False,Montreal,roster,1.0,102,10790.27956845244,863.2223654761953,1281.88521273215,647.4167741071465,0.0,0.0,13582.803920767932
2027-12,emp-0094,Finance & Operations,G&A,G&A,False,Montreal,roster,1.0,103,10790.27956845244,863.2223654761953,1281.88521273215,647.4167741071465,0.0,0.0,13582.803920767932
2028-01,emp-0094,Finance & Operations,G&A,G&A,False,Montreal,roster,1.0,104,11167.939353348278,893.4351482678622,1326.7511951777756,670.0763612008967,0.0,0.0,14058.202057994813
2028-02,emp-0094,Finance & Operations,G&A,G&A,False,Montreal,roster,1.0,105,11167.939353348278,893.4351482678622,1326.7511951777756,670.0763612008967,0.0,0.0,14058.202057994813
2026-09,emp-0095,Finance & Operations,G&A,G&A,False,Montreal,roster,1.0,40,8019.928886008317,641.5943108806654,952.767551657788,481.195733160499,0.0,0.0,10095.486481707268
2026-10,emp-0095,Finance & Operations,G&A,G&A,False,Montreal,roster,1.0,41,8019.928886008317,641.5943108806654,952.767551657788,481.195733160499,0.0,0.0,10095.486481707268
2026-11,emp-0095,Finance & Operations,G&A,G&A,False,Montreal,roster,1.0,42,8019.928886008317,641.5943108806654,952.767551657788,481.195733160499,0.0,0.0,10095.486481707268
2026-12,emp-0095,Finance & Operations,G&A,G&A,False,Montreal,roster,1.0,43,8019.928886008317,641.5943108806654,952.767551657788,481.195733160499,0.0,0.0,10095.486481707268
2027-01,emp-0095,Finance & Operations,G&A,G&A,False,Montreal,roster,1.0,44,8300.626397018606,664.0501117614886,986.1144159658105,498.03758382111636,0.0,0.0,10448.828508567023
2027-02,emp-0095,Finance & Operations,G&A,G&A,False,Montreal,roster,1.0,45,8300.626397018606,664.0501117614886,986.1144159658105,498.03758382111636,0.0,0.0,10448.828508567023
2027-03,emp-0095,Finance & Operations,G&A,G&A,False,Montreal,roster,1.0,46,8300.626397018606,664.0501117614886,986.1144159658105,498.03758382111636,0.0,0.0,10448.828508567023
2027-04,emp-0095,Finance & Operations,G&A,G&A,False,Montreal,roster,1.0,47,8300.626397018606,664.0501117614886,986.1144159658105,498.03758382111636,0.0,0.0,10448.828508567023
2027-05,emp-0095,Finance & Operations,G&A,G&A,False,Montreal,roster,1.0,48,8300.626397018606,664.0501117614886,986.1144159658105,498.03758382111636,0.0,0.0,10448.828508567023
2027-06,emp-0095,Finance & Operations,G&A,G&A,False,Montreal,roster,1.0,49,8300.626397018606,664.0501117614886,986.1144159658105,498.03758382111636,0.0,0.0,10448.828508567023
2027-07,emp-0095,Finance & Operations,G&A,G&A,False,Montreal,roster,1.0,50,8300.626397018606,664.0501117614886,986.1144159658105,498.03758382111636,0.0,0.0,10448.828508567023
2027-08,emp-0095,Finance & Operations,G&A,G&A,False,Montreal,roster,1.0,51,8300.626397018606,664.0501117614886,986.1144159658105,498.03758382111636,0.0,0.0,10448.828508567023
2027-09,emp-0095,Finance & Operations,G&A,G&A,False,Montreal,roster,1.0,52,8300.626397018606,664.0501117614886,986.1144159658105,498.03758382111636,0.0,0.0,10448.828508567023
2027-10,emp-0095,Finance & Operations,G&A,G&A,False,Montreal,roster,1.0,53,8300.626397018606,664.0501117614886,986.1144159658105,498.03758382111636,0.0,0.0,10448.828508567023
2027-11,emp-0095,Finance & Operations,G&A,G&A,False,Montreal,roster,1.0,54,8300.626397018606,664.0501117614886,986.1144159658105,498.03758382111636,0.0,0.0,10448.828508567023
2027-12,emp-0095,Finance & Operations,G&A,G&A,False,Montreal,roster,1.0,55,8300.626397018606,664.0501117614886,986.1144159658105,498.03758382111636,0.0,0.0,10448.828508567023
2028-01,emp-0095,Finance & Operations,G&A,G&A,False,Montreal,roster,1.0,56,8591.148320914257,687.2918656731406,1020.6284205246137,515.4688992548554,0.0,0.0,10814.537506366865
2028-02,emp-0095,Finance & Operations,G&A,G&A,False,Montreal,roster,1.0,57,8591.148320914257,687.2918656731406,1020.6284205246137,515.4688992548554,0.0,0.0,10814.537506366865
2026-09,emp-0096,People & Talent,G&A,G&A,False,Montreal,roster,1.0,65,8857.895482766002,708.6316386212801,1052.317983352601,531.47372896596,0.0,0.0,11150.318833705844
2026-10,emp-0096,People & Talent,G&A,G&A,False,Montreal,roster,1.0,66,8857.895482766002,708.6316386212801,1052.317983352601,531.47372896596,0.0,0.0,11150.318833705844
2026-11,emp-0096,People & Talent,G&A,G&A,False,Montreal,roster,1.0,67,8857.895482766002,708.6316386212801,1052.317983352601,531.47372896596,0.0,0.0,11150.318833705844
2026-12,emp-0096,People & Talent,G&A,G&A,False,Montreal,roster,1.0,68,8857.895482766002,708.6316386212801,1052.317983352601,531.47372896596,0.0,0.0,11150.318833705844
2027-01,emp-0096,People & Talent,G&A,G&A,False,Montreal,roster,1.0,69,9167.92182466281,733.4337459730248,1089.149112769942,550.0753094797685,0.0,0.0,11540.579992885545
2027-02,emp-0096,People & Talent,G&A,G&A,False,Montreal,roster,1.0,70,9167.92182466281,733.4337459730248,1089.149112769942,550.0753094797685,0.0,0.0,11540.579992885545
2027-03,emp-0096,People & Talent,G&A,G&A,False,Montreal,roster,1.0,71,9167.92182466281,733.4337459730248,1089.149112769942,550.0753094797685,0.0,0.0,11540.579992885545
2027-04,emp-0096,People & Talent,G&A,G&A,False,Montreal,roster,1.0,72,9167.92182466281,733.4337459730248,1089.149112769942,550.0753094797685,0.0,0.0,11540.579992885545
2027-05,emp-0096,People & Talent,G&A,G&A,False,Montreal,roster,1.0,73,9167.92182466281,733.4337459730248,1089.149112769942,550.0753094797685,0.0,0.0,11540.579992885545
2027-06,emp-0096,People & Talent,G&A,G&A,False,Montreal,roster,1.0,74,9167.92182466281,733.4337459730248,1089.149112769942,550.0753094797685,0.0,0.0,11540.579992885545
2027-07,emp-0096,People & Talent,G&A,G&A,False,Montreal,roster,1.0,75,9167.92182466281,733.4337459730248,1089.149112769942,550.0753094797685,0.0,0.0,11540.579992885545
2027-08,emp-0096,People & Talent,G&A,G&A,False,Montreal,roster,1.0,76,9167.92182466281,733.4337459730248,1089.149112769942,550.0753094797685,0.0,0.0,11540.579992885545
2027-09,emp-0096,People & Talent,G&A,G&A,False,Montreal,roster,1.0,77,9167.92182466281,733.4337459730248,1089.149112769942,550.0753094797685,0.0,0.0,11540.579992885545
2027-10,emp-0096,People & Talent,G&A,G&A,False,Montreal,roster,1.0,78,9167.92182466281,733.4337459730248,1089.149112769942,550.0753094797685,0.0,0.0,11540.579992885545
2027-11,emp-0096,People & Talent,G&A,G&A,False,Montreal,roster,1.0,79,9167.92182466281,733.4337459730248,1089.149112769942,550.0753094797685,0.0,0.0,11540.579992885545
2027-12,emp-0096,People & Talent,G&A,G&A,False,Montreal,roster,1.0,80,9167.92182466281,733.4337459730248,1089.149112769942,550.0753094797685,0.0,0.0,11540.579992885545
2028-01,emp-0096,People & Talent,G&A,G&A,False,Montreal,roster,1.0,81,9488.79908852601,759.1039270820808,1127.2693317168898,569.3279453115606,0.0,0.0,11944.500292636541
2028-02,emp-0096,People & Talent,G&A,G&A,False,Montreal,roster,1.0,82,9488.79908852601,759.1039270820808,1127.2693317168898,569.3279453115606,0.0,0.0,11944.500292636541
2026-09,emp-0098,People & Talent,G&A,G&A,False,Montreal,roster,1.0,87,9470.96202104179,757.6769616833433,1125.1502880997646,568.2577212625074,0.0,0.0,11922.046992087406
2026-10,emp-0098,People & Talent,G&A,G&A,False,Montreal,roster,1.0,88,9470.96202104179,757.6769616833433,1125.1502880997646,568.2577212625074,0.0,0.0,11922.046992087406
2026-11,emp-0098,People & Talent,G&A,G&A,False,Montreal,roster,1.0,89,9470.96202104179,757.6769616833433,1125.1502880997646,568.2577212625074,0.0,0.0,11922.046992087406
2026-12,emp-0098,People & Talent,G&A,G&A,False,Montreal,roster,1.0,90,9470.96202104179,757.6769616833433,1125.1502880997646,568.2577212625074,0.0,0.0,11922.046992087406
2027-01,emp-0098,People & Talent,G&A,G&A,False,Montreal,roster,1.0,91,9802.445691778254,784.1956553422604,1164.5305481832565,588.1467415066952,0.0,0.0,12339.318636810465
2027-02,emp-0098,People & Talent,G&A,G&A,False,Montreal,roster,1.0,92,9802.445691778254,784.1956553422604,1164.5305481832565,588.1467415066952,0.0,0.0,12339.318636810465
2027-03,emp-0098,People & Talent,G&A,G&A,False,Montreal,roster,1.0,93,9802.445691778254,784.1956553422604,1164.5305481832565,588.1467415066952,0.0,0.0,12339.318636810465
2027-04,emp-0098,People & Talent,G&A,G&A,False,Montreal,roster,1.0,94,9802.445691778254,784.1956553422604,1164.5305481832565,588.1467415066952,0.0,0.0,12339.318636810465
2027-05,emp-0098,People & Talent,G&A,G&A,False,Montreal,roster,1.0,95,9802.445691778254,784.1956553422604,1164.5305481832565,588.1467415066952,0.0,0.0,12339.318636810465
2027-06,emp-0098,People & Talent,G&A,G&A,False,Montreal,roster,1.0,96,9802.445691778254,784.1956553422604,1164.5305481832565,588.1467415066952,0.0,0.0,12339.318636810465
2027-07,emp-0098,People & Talent,G&A,G&A,False,Montreal,roster,1.0,97,9802.445691778254,784.1956553422604,1164.5305481832565,588.1467415066952,0.0,0.0,12339.318636810465
2027-08,emp-0098,People & Talent,G&A,G&A,False,Montreal,roster,1.0,98,9802.445691778254,784.1956553422604,1164.5305481832565,588.1467415066952,0.0,0.0,12339.318636810465
2027-09,emp-0098,People & Talent,G&A,G&A,False,Montreal,roster,1.0,99,9802.445691778254,784.1956553422604,1164.5305481832565,588.1467415066952,0.0,0.0,12339.318636810465
2027-10,emp-0098,People & Talent,G&A,G&A,False,Montreal,roster,1.0,100,9802.445691778254,784.1956553422604,1164.5305481832565,588.1467415066952,0.0,0.0,12339.318636810465
2027-11,emp-0098,People & Talent,G&A,G&A,False,Montreal,roster,1.0,101,9802.445691778254,784.1956553422604,1164.5305481832565,588.1467415066952,0.0,0.0,12339.318636810465
2027-12,emp-0098,People & Talent,G&A,G&A,False,Montreal,roster,1.0,102,9802.445691778254,784.1956553422604,1164.5305481832565,588.1467415066952,0.0,0.0,12339.318636810465
2028-01,emp-0098,People & Talent,G&A,G&A,False,Montreal,roster,1.0,103,10145.531290990493,811.6425032792395,1205.2891173696705,608.7318774594296,0.0,0.0,12771.194789098832
2028-02,emp-0098,People & Talent,G&A,G&A,False,Montreal,roster,1.0,104,10145.531290990493,811.6425032792395,1205.2891173696705,608.7318774594296,0.0,0.0,12771.194789098832
2026-09,emp-0099,Executive,G&A,G&A,False,Montreal,roster,1.0,80,24341.634650333104,1947.3307720266484,2891.7861964595727,1460.498079019986,0.0,0.0,30641.24969783931
2026-10,emp-0099,Executive,G&A,G&A,False,Montreal,roster,1.0,81,24341.634650333104,1947.3307720266484,2891.7861964595727,1460.498079019986,0.0,0.0,30641.24969783931
2026-11,emp-0099,Executive,G&A,G&A,False,Montreal,roster,1.0,82,24341.634650333104,1947.3307720266484,2891.7861964595727,1460.498079019986,0.0,0.0,30641.24969783931
2026-12,emp-0099,Executive,G&A,G&A,False,Montreal,roster,1.0,83,24341.634650333104,1947.3307720266484,2891.7861964595727,1460.498079019986,0.0,0.0,30641.24969783931
2027-01,emp-0099,Executive,G&A,G&A,False,Montreal,roster,1.0,84,25193.591863094767,2015.4873490475813,2992.998713335658,1511.615511785686,0.0,0.0,31713.693437263693
2027-02,emp-0099,Executive,G&A,G&A,False,Montreal,roster,1.0,85,25193.591863094767,2015.4873490475813,2992.998713335658,1511.615511785686,0.0,0.0,31713.693437263693
2027-03,emp-0099,Executive,G&A,G&A,False,Montreal,roster,1.0,86,25193.591863094767,2015.4873490475813,2992.998713335658,1511.615511785686,0.0,0.0,31713.693437263693
2027-04,emp-0099,Executive,G&A,G&A,False,Montreal,roster,1.0,87,25193.591863094767,2015.4873490475813,2992.998713335658,1511.615511785686,0.0,0.0,31713.693437263693
2027-05,emp-0099,Executive,G&A,G&A,False,Montreal,roster,1.0,88,25193.591863094767,2015.4873490475813,2992.998713335658,1511.615511785686,0.0,0.0,31713.693437263693
2027-06,emp-0099,Executive,G&A,G&A,False,Montreal,roster,1.0,89,25193.591863094767,2015.4873490475813,2992.998713335658,1511.615511785686,0.0,0.0,31713.693437263693
2027-07,emp-0099,Executive,G&A,G&A,False,Montreal,roster,1.0,90,25193.591863094767,2015.4873490475813,2992.998713335658,1511.615511785686,0.0,0.0,31713.693437263693
2027-08,emp-0099,Executive,G&A,G&A,False,Montreal,roster,1.0,91,25193.591863094767,2015.4873490475813,2992.998713335658,1511.615511785686,0.0,0.0,31713.693437263693
2027-09,emp-0099,Executive,G&A,G&A,False,Montreal,roster,1.0,92,25193.591863094767,2015.4873490475813,2992.998713335658,1511.615511785686,0.0,0.0,31713.693437263693
2027-10,emp-0099,Executive,G&A,G&A,False,Montreal,roster,1.0,93,25193.591863094767,2015.4873490475813,2992.998713335658,1511.615511785686,0.0,0.0,31713.693437263693
2027-11,emp-0099,Executive,G&A,G&A,False,Montreal,roster,1.0,94,25193.591863094767,2015.4873490475813,2992.998713335658,1511.615511785686,0.0,0.0,31713.693437263693
2027-12,emp-0099,Executive,G&A,G&A,False,Montreal,roster,1.0,95,25193.591863094767,2015.4873490475813,2992.998713335658,1511.615511785686,0.0,0.0,31713.693437263693
2028-01,emp-0099,Executive,G&A,G&A,False,Montreal,roster,1.0,96,26075.36757830308,2086.0294062642465,3097.753668302406,1564.5220546981848,0.0,0.0,32823.672707567915
2028-02,emp-0099,Executive,G&A,G&A,False,Montreal,roster,1.0,97,26075.36757830308,2086.0294062642465,3097.753668302406,1564.5220546981848,0.0,0.0,32823.672707567915
2026-09,emp-0100,Executive,G&A,G&A,False,Montreal,roster,1.0,31,20198.330606247782,1615.8664484998226,2399.5616760222365,1211.899836374867,0.0,0.0,25425.65856714471
2026-10,emp-0100,Executive,G&A,G&A,False,Montreal,roster,1.0,32,20198.330606247782,1615.8664484998226,2399.5616760222365,1211.899836374867,0.0,0.0,25425.65856714471
2026-11,emp-0100,Executive,G&A,G&A,False,Montreal,roster,1.0,33,20198.330606247782,1615.8664484998226,2399.5616760222365,1211.899836374867,0.0,0.0,25425.65856714471
2026-12,emp-0100,Executive,G&A,G&A,False,Montreal,roster,1.0,34,20198.330606247782,1615.8664484998226,2399.5616760222365,1211.899836374867,0.0,0.0,25425.65856714471
2027-01,emp-0100,Executive,G&A,G&A,False,Montreal,roster,1.0,35,20905.272177466453,1672.4217741973164,2483.5463346830147,1254.3163306479871,0.0,0.0,26315.55661699477
2027-02,emp-0100,Executive,G&A,G&A,False,Montreal,roster,1.0,36,20905.272177466453,1672.4217741973164,2483.5463346830147,1254.3163306479871,0.0,0.0,26315.55661699477
2027-03,emp-0100,Executive,G&A,G&A,False,Montreal,roster,1.0,37,20905.272177466453,1672.4217741973164,2483.5463346830147,1254.3163306479871,0.0,0.0,26315.55661699477
2027-04,emp-0100,Executive,G&A,G&A,False,Montreal,roster,1.0,38,20905.272177466453,1672.4217741973164,2483.5463346830147,1254.3163306479871,0.0,0.0,26315.55661699477
2027-05,emp-0100,Executive,G&A,G&A,False,Montreal,roster,1.0,39,20905.272177466453,1672.4217741973164,2483.5463346830147,1254.3163306479871,0.0,0.0,26315.55661699477
2027-06,emp-0100,Executive,G&A,G&A,False,Montreal,roster,1.0,40,20905.272177466453,1672.4217741973164,2483.5463346830147,1254.3163306479871,0.0,0.0,26315.55661699477
2027-07,emp-0100,Executive,G&A,G&A,False,Montreal,roster,1.0,41,20905.272177466453,1672.4217741973164,2483.5463346830147,1254.3163306479871,0.0,0.0,26315.55661699477
2027-08,emp-0100,Executive,G&A,G&A,False,Montreal,roster,1.0,42,20905.272177466453,1672.4217741973164,2483.5463346830147,1254.3163306479871,0.0,0.0,26315.55661699477
2027-09,emp-0100,Executive,G&A,G&A,False,Montreal,roster,1.0,43,20905.272177466453,1672.4217741973164,2483.5463346830147,1254.3163306479871,0.0,0.0,26315.55661699477
2027-10,emp-0100,Executive,G&A,G&A,False,Montreal,roster,1.0,44,20905.272177466453,1672.4217741973164,2483.5463346830147,1254.3163306479871,0.0,0.0,26315.55661699477
2027-11,emp-0100,Executive,G&A,G&A,False,Montreal,roster,1.0,45,20905.272177466453,1672.4217741973164,2483.5463346830147,1254.3163306479871,0.0,0.0,26315.55661699477
2027-12,emp-0100,Executive,G&A,G&A,False,Montreal,roster,1.0,46,20905.272177466453,1672.4217741973164,2483.5463346830147,1254.3163306479871,0.0,0.0,26315.55661699477
2028-01,emp-0100,Executive,G&A,G&A,False,Montreal,roster,1.0,47,21636.956703677777,1730.9565362942221,2570.47045639692,1298.2174022206666,0.0,0.0,27236.60109858959
2028-02,emp-0100,Executive,G&A,G&A,False,Montreal,roster,1.0,48,21636.956703677777,1730.9565362942221,2570.47045639692,1298.2174022206666,0.0,0.0,27236.60109858959
2026-09,emp-0101,Executive,G&A,G&A,False,Montreal,roster,1.0,62,22547.003285096052,1803.7602628076843,2678.583990269411,1352.820197105763,0.0,0.0,28382.167735278912
2026-10,emp-0101,Executive,G&A,G&A,False,Montreal,roster,1.0,63,22547.003285096052,1803.7602628076843,2678.583990269411,1352.820197105763,0.0,0.0,28382.167735278912
2026-11,emp-0101,Executive,G&A,G&A,False,Montreal,roster,1.0,64,22547.003285096052,1803.7602628076843,2678.583990269411,1352.820197105763,0.0,0.0,28382.167735278912
2026-12,emp-0101,Executive,G&A,G&A,False,Montreal,roster,1.0,65,22547.003285096052,1803.7602628076843,2678.583990269411,1352.820197105763,0.0,0.0,28382.167735278912
2027-01,emp-0101,Executive,G&A,G&A,False,Montreal,roster,1.0,66,23336.14840007441,1866.8918720059528,2772.3344299288397,1400.1689040044646,0.0,0.0,29375.543606013667
2027-02,emp-0101,Executive,G&A,G&A,False,Montreal,roster,1.0,67,23336.14840007441,1866.8918720059528,2772.3344299288397,1400.1689040044646,0.0,0.0,29375.543606013667
2027-03,emp-0101,Executive,G&A,G&A,False,Montreal,roster,1.0,68,23336.14840007441,1866.8918720059528,2772.3344299288397,1400.1689040044646,0.0,0.0,29375.543606013667
2027-04,emp-0101,Executive,G&A,G&A,False,Montreal,roster,1.0,69,23336.14840007441,1866.8918720059528,2772.3344299288397,1400.1689040044646,0.0,0.0,29375.543606013667
2027-05,emp-0101,Executive,G&A,G&A,False,Montreal,roster,1.0,70,23336.14840007441,1866.8918720059528,2772.3344299288397,1400.1689040044646,0.0,0.0,29375.543606013667
2027-06,emp-0101,Executive,G&A,G&A,False,Montreal,roster,1.0,71,23336.14840007441,1866.8918720059528,2772.3344299288397,1400.1689040044646,0.0,0.0,29375.543606013667
2027-07,emp-0101,Executive,G&A,G&A,False,Montreal,roster,1.0,72,23336.14840007441,1866.8918720059528,2772.3344299288397,1400.1689040044646,0.0,0.0,29375.543606013667
2027-08,emp-0101,Executive,G&A,G&A,False,Montreal,roster,1.0,73,23336.14840007441,1866.8918720059528,2772.3344299288397,1400.1689040044646,0.0,0.0,29375.543606013667
2027-09,emp-0101,Executive,G&A,G&A,False,Montreal,roster,1.0,74,23336.14840007441,1866.8918720059528,2772.3344299288397,1400.1689040044646,0.0,0.0,29375.543606013667
2027-10,emp-0101,Executive,G&A,G&A,False,Montreal,roster,1.0,75,23336.14840007441,1866.8918720059528,2772.3344299288397,1400.1689040044646,0.0,0.0,29375.543606013667
2027-11,emp-0101,Executive,G&A,G&A,False,Montreal,roster,1.0,76,23336.14840007441,1866.8918720059528,2772.3344299288397,1400.1689040044646,0.0,0.0,29375.543606013667
2027-12,emp-0101,Executive,G&A,G&A,False,Montreal,roster,1.0,77,23336.14840007441,1866.8918720059528,2772.3344299288397,1400.1689040044646,0.0,0.0,29375.543606013667
2028-01,emp-0101,Executive,G&A,G&A,False,Montreal,roster,1.0,78,24152.91359407701,1932.233087526161,2869.366134976349,1449.1748156446206,0.0,0.0,30403.68763222414
2028-02,emp-0101,Executive,G&A,G&A,False,Montreal,roster,1.0,79,24152.91359407701,1932.233087526161,2869.366134976349,1449.1748156446206,0.0,0.0,30403.68763222414
2026-09,emp-0102,Executive,G&A,G&A,False,Montreal,roster,1.0,36,20868.88359211568,1669.5106873692544,2479.2233707433425,1252.1330155269407,0.0,0.0,26269.750665755215
2026-10,emp-0102,Executive,G&A,G&A,False,Montreal,roster,1.0,37,20868.88359211568,1669.5106873692544,2479.2233707433425,1252.1330155269407,0.0,0.0,26269.750665755215
2026-11,emp-0102,Executive,G&A,G&A,False,Montreal,roster,1.0,38,20868.88359211568,1669.5106873692544,2479.2233707433425,1252.1330155269407,0.0,0.0,26269.750665755215
2026-12,emp-0102,Executive,G&A,G&A,False,Montreal,roster,1.0,39,20868.88359211568,1669.5106873692544,2479.2233707433425,1252.1330155269407,0.0,0.0,26269.750665755215
2027-01,emp-0102,Executive,G&A,G&A,False,Montreal,roster,1.0,40,21599.294517839724,1727.9435614271779,2565.9961887193595,1295.9576710703834,0.0,0.0,27189.191939056647
2027-02,emp-0102,Executive,G&A,G&A,False,Montreal,roster,1.0,41,21599.294517839724,1727.9435614271779,2565.9961887193595,1295.9576710703834,0.0,0.0,27189.191939056647
2027-03,emp-0102,Executive,G&A,G&A,False,Montreal,roster,1.0,42,21599.294517839724,1727.9435614271779,2565.9961887193595,1295.9576710703834,0.0,0.0,27189.191939056647
2027-04,emp-0102,Executive,G&A,G&A,False,Montreal,roster,1.0,43,21599.294517839724,1727.9435614271779,2565.9961887193595,1295.9576710703834,0.0,0.0,27189.191939056647
2027-05,emp-0102,Executive,G&A,G&A,False,Montreal,roster,1.0,44,21599.294517839724,1727.9435614271779,2565.9961887193595,1295.9576710703834,0.0,0.0,27189.191939056647
2027-06,emp-0102,Executive,G&A,G&A,False,Montreal,roster,1.0,45,21599.294517839724,1727.9435614271779,2565.9961887193595,1295.9576710703834,0.0,0.0,27189.191939056647
2027-07,emp-0102,Executive,G&A,G&A,False,Montreal,roster,1.0,46,21599.294517839724,1727.9435614271779,2565.9961887193595,1295.9576710703834,0.0,0.0,27189.191939056647
2027-08,emp-0102,Executive,G&A,G&A,False,Montreal,roster,1.0,47,21599.294517839724,1727.9435614271779,2565.9961887193595,1295.9576710703834,0.0,0.0,27189.191939056647
2027-09,emp-0102,Executive,G&A,G&A,False,Montreal,roster,1.0,48,21599.294517839724,1727.9435614271779,2565.9961887193595,1295.9576710703834,0.0,0.0,27189.191939056647
2027-10,emp-0102,Executive,G&A,G&A,False,Montreal,roster,1.0,49,21599.294517839724,1727.9435614271779,2565.9961887193595,1295.9576710703834,0.0,0.0,27189.191939056647
2027-11,emp-0102,Executive,G&A,G&A,False,Montreal,roster,1.0,50,21599.294517839724,1727.9435614271779,2565.9961887193595,1295.9576710703834,0.0,0.0,27189.191939056647
2027-12,emp-0102,Executive,G&A,G&A,False,Montreal,roster,1.0,51,21599.294517839724,1727.9435614271779,2565.9961887193595,1295.9576710703834,0.0,0.0,27189.191939056647
2028-01,emp-0102,Executive,G&A,G&A,False,Montreal,roster,1.0,52,22355.269825964115,1788.4215860771292,2655.806055324537,1341.3161895578469,0.0,0.0,28140.81365692363
2028-02,emp-0102,Executive,G&A,G&A,False,Montreal,roster,1.0,53,22355.269825964115,1788.4215860771292,2655.806055324537,1341.3161895578469,0.0,0.0,28140.81365692363
2026-09,emp-0103,Executive,G&A,G&A,False,Austin,roster,1.0,77,28258.91881270648,2260.7135050165184,2594.1687470064553,3956.248633778908,0.0,0.0,37070.04969850837
2026-10,emp-0103,Executive,G&A,G&A,False,Austin,roster,1.0,78,28258.91881270648,2260.7135050165184,2594.1687470064553,3956.248633778908,0.0,0.0,37070.04969850837
2026-11,emp-0103,Executive,G&A,G&A,False,Austin,roster,1.0,79,28258.91881270648,2260.7135050165184,2594.1687470064553,3956.248633778908,0.0,0.0,37070.04969850837
2026-12,emp-0103,Executive,G&A,G&A,False,Austin,roster,1.0,80,28258.91881270648,2260.7135050165184,2594.1687470064553,3956.248633778908,0.0,0.0,37070.04969850837
2027-01,emp-0103,Executive,G&A,G&A,False,Austin,roster,1.0,81,29247.980971151203,2339.838477692096,2684.9646531516805,4094.717335961169,0.0,0.0,38367.50143795615
2027-02,emp-0103,Executive,G&A,G&A,False,Austin,roster,1.0,82,29247.980971151203,2339.838477692096,2684.9646531516805,4094.717335961169,0.0,0.0,38367.50143795615
2027-03,emp-0103,Executive,G&A,G&A,False,Austin,roster,1.0,83,29247.980971151203,2339.838477692096,2684.9646531516805,4094.717335961169,0.0,0.0,38367.50143795615
2027-04,emp-0103,Executive,G&A,G&A,False,Austin,roster,1.0,84,29247.980971151203,2339.838477692096,2684.9646531516805,4094.717335961169,0.0,0.0,38367.50143795615
2027-05,emp-0103,Executive,G&A,G&A,False,Austin,roster,1.0,85,29247.980971151203,2339.838477692096,2684.9646531516805,4094.717335961169,0.0,0.0,38367.50143795615
2027-06,emp-0103,Executive,G&A,G&A,False,Austin,roster,1.0,86,29247.980971151203,2339.838477692096,2684.9646531516805,4094.717335961169,0.0,0.0,38367.50143795615
2027-07,emp-0103,Executive,G&A,G&A,False,Austin,roster,1.0,87,29247.980971151203,2339.838477692096,2684.9646531516805,4094.717335961169,0.0,0.0,38367.50143795615
2027-08,emp-0103,Executive,G&A,G&A,False,Austin,roster,1.0,88,29247.980971151203,2339.838477692096,2684.9646531516805,4094.717335961169,0.0,0.0,38367.50143795615
2027-09,emp-0103,Executive,G&A,G&A,False,Austin,roster,1.0,89,29247.980971151203,2339.838477692096,2684.9646531516805,4094.717335961169,0.0,0.0,38367.50143795615
2027-10,emp-0103,Executive,G&A,G&A,False,Austin,roster,1.0,90,29247.980971151203,2339.838477692096,2684.9646531516805,4094.717335961169,0.0,0.0,38367.50143795615
2027-11,emp-0103,Executive,G&A,G&A,False,Austin,roster,1.0,91,29247.980971151203,2339.838477692096,2684.9646531516805,4094.717335961169,0.0,0.0,38367.50143795615
2027-12,emp-0103,Executive,G&A,G&A,False,Austin,roster,1.0,92,29247.980971151203,2339.838477692096,2684.9646531516805,4094.717335961169,0.0,0.0,38367.50143795615
2028-01,emp-0103,Executive,G&A,G&A,False,Austin,roster,1.0,93,30271.660305141497,2421.7328244113196,2778.9384160119894,4238.03244271981,0.0,0.0,39710.36398828462
2028-02,emp-0103,Executive,G&A,G&A,False,Austin,roster,1.0,94,30271.660305141497,2421.7328244113196,2778.9384160119894,4238.03244271981,0.0,0.0,39710.36398828462
2026-09,emp-0104,Software Engineer,R&D,R&D,False,Montreal,roster,1.0,23,8311.679826132571,664.9343860906057,987.4275633445495,498.70078956795425,0.0,0.0,10462.74256513568
2026-10,emp-0104,Software Engineer,R&D,R&D,False,Montreal,roster,1.0,24,8311.679826132571,664.9343860906057,987.4275633445495,498.70078956795425,0.0,0.0,10462.74256513568
2026-11,emp-0104,Software Engineer,R&D,R&D,False,Montreal,roster,1.0,25,8311.679826132571,664.9343860906057,987.4275633445495,498.70078956795425,0.0,0.0,10462.74256513568
2026-12,emp-0104,Software Engineer,R&D,R&D,False,Montreal,roster,1.0,26,8311.679826132571,664.9343860906057,987.4275633445495,498.70078956795425,0.0,0.0,10462.74256513568
2027-01,emp-0104,Software Engineer,R&D,R&D,False,Montreal,roster,1.0,27,8602.58862004721,688.2070896037768,1021.9875280616086,516.1553172028326,0.0,0.0,10828.938554915429
2027-02,emp-0104,Software Engineer,R&D,R&D,False,Montreal,roster,1.0,28,8602.58862004721,688.2070896037768,1021.9875280616086,516.1553172028326,0.0,0.0,10828.938554915429
2027-03,emp-0104,Software Engineer,R&D,R&D,False,Montreal,roster,1.0,29,8602.58862004721,688.2070896037768,1021.9875280616086,516.1553172028326,0.0,0.0,10828.938554915429
2027-04,emp-0104,Software Engineer,R&D,R&D,False,Montreal,roster,1.0,30,8602.58862004721,688.2070896037768,1021.9875280616086,516.1553172028326,0.0,0.0,10828.938554915429
2027-05,emp-0104,Software Engineer,R&D,R&D,False,Montreal,roster,1.0,31,8602.58862004721,688.2070896037768,1021.9875280616086,516.1553172028326,0.0,0.0,10828.938554915429
2027-06,emp-0104,Software Engineer,R&D,R&D,False,Montreal,roster,1.0,32,8602.58862004721,688.2070896037768,1021.9875280616086,516.1553172028326,0.0,0.0,10828.938554915429
2027-07,emp-0104,Software Engineer,R&D,R&D,False,Montreal,roster,1.0,33,8602.58862004721,688.2070896037768,1021.9875280616086,516.1553172028326,0.0,0.0,10828.938554915429
2027-08,emp-0104,Software Engineer,R&D,R&D,False,Montreal,roster,1.0,34,8602.58862004721,688.2070896037768,1021.9875280616086,516.1553172028326,0.0,0.0,10828.938554915429
2027-09,emp-0104,Software Engineer,R&D,R&D,False,Montreal,roster,1.0,35,8602.58862004721,688.2070896037768,1021.9875280616086,516.1553172028326,0.0,0.0,10828.938554915429
2027-10,emp-0104,Software Engineer,R&D,R&D,False,Montreal,roster,1.0,36,8602.58862004721,688.2070896037768,1021.9875280616086,516.1553172028326,0.0,0.0,10828.938554915429
2027-11,emp-0104,Software Engineer,R&D,R&D,False,Montreal,roster,1.0,37,8602.58862004721,688.2070896037768,1021.9875280616086,516.1553172028326,0.0,0.0,10828.938554915429
2027-12,emp-0104,Software Engineer,R&D,R&D,False,Montreal,roster,1.0,38,8602.58862004721,688.2070896037768,1021.9875280616086,516.1553172028326,0.0,0.0,10828.938554915429
2028-01,emp-0104,Software Engineer,R&D,R&D,False,Montreal,roster,1.0,39,8903.679221748862,712.294337739909,1057.7570915437648,534.2207533049317,0.0,0.0,11207.951404337467
2028-02,emp-0104,Software Engineer,R&D,R&D,False,Montreal,roster,1.0,40,8903.679221748862,712.294337739909,1057.7570915437648,534.2207533049317,0.0,0.0,11207.951404337467
2026-09,emp-0105,Account Executive,S&M,S&M,True,Austin,roster,1.0,22,10192.66941934249,0.0,866.3769006441117,1426.9737187079488,0.0,0.0,12486.02003869455
2026-10,emp-0105,Account Executive,S&M,S&M,True,Austin,roster,1.0,23,10192.66941934249,0.0,866.3769006441117,1426.9737187079488,0.0,0.0,12486.02003869455
2026-11,emp-0105,Account Executive,S&M,S&M,True,Austin,roster,1.0,24,10192.66941934249,0.0,866.3769006441117,1426.9737187079488,0.0,0.0,12486.02003869455
2026-12,emp-0105,Account Executive,S&M,S&M,True,Austin,roster,1.0,25,10192.66941934249,0.0,866.3769006441117,1426.9737187079488,0.0,0.0,12486.02003869455
2027-01,emp-0105,Account Executive,S&M,S&M,True,Austin,roster,1.0,26,10549.412849019476,0.0,896.7000921666555,1476.9177988627268,0.0,0.0,12923.030740048858
2027-02,emp-0105,Account Executive,S&M,S&M,True,Austin,roster,1.0,27,10549.412849019476,0.0,896.7000921666555,1476.9177988627268,0.0,0.0,12923.030740048858
2027-03,emp-0105,Account Executive,S&M,S&M,True,Austin,roster,1.0,28,10549.412849019476,0.0,896.7000921666555,1476.9177988627268,0.0,0.0,12923.030740048858
2027-04,emp-0105,Account Executive,S&M,S&M,True,Austin,roster,1.0,29,10549.412849019476,0.0,896.7000921666555,1476.9177988627268,0.0,0.0,12923.030740048858
2027-05,emp-0105,Account Executive,S&M,S&M,True,Austin,roster,1.0,30,10549.412849019476,0.0,896.7000921666555,1476.9177988627268,0.0,0.0,12923.030740048858
2027-06,emp-0105,Account Executive,S&M,S&M,True,Austin,roster,1.0,31,10549.412849019476,0.0,896.7000921666555,1476.9177988627268,0.0,0.0,12923.030740048858
2027-07,emp-0105,Account Executive,S&M,S&M,True,Austin,roster,1.0,32,10549.412849019476,0.0,896.7000921666555,1476.9177988627268,0.0,0.0,12923.030740048858
2027-08,emp-0105,Account Executive,S&M,S&M,True,Austin,roster,1.0,33,10549.412849019476,0.0,896.7000921666555,1476.9177988627268,0.0,0.0,12923.030740048858
2027-09,emp-0105,Account Executive,S&M,S&M,True,Austin,roster,1.0,34,10549.412849019476,0.0,896.7000921666555,1476.9177988627268,0.0,0.0,12923.030740048858
2027-10,emp-0105,Account Executive,S&M,S&M,True,Austin,roster,1.0,35,10549.412849019476,0.0,896.7000921666555,1476.9177988627268,0.0,0.0,12923.030740048858
2027-11,emp-0105,Account Executive,S&M,S&M,True,Austin,roster,1.0,36,10549.412849019476,0.0,896.7000921666555,1476.9177988627268,0.0,0.0,12923.030740048858
2027-12,emp-0105,Account Executive,S&M,S&M,True,Austin,roster,1.0,37,10549.412849019476,0.0,896.7000921666555,1476.9177988627268,0.0,0.0,12923.030740048858
2028-01,emp-0105,Account Executive,S&M,S&M,True,Austin,roster,1.0,38,10918.642298735158,0.0,928.0845953924885,1528.6099218229222,0.0,0.0,13375.33681595057
2028-02,emp-0105,Account Executive,S&M,S&M,True,Austin,roster,1.0,39,10918.642298735158,0.0,928.0845953924885,1528.6099218229222,0.0,0.0,13375.33681595057
2026-09,emp-0106,Software Engineer,R&D,R&D,False,Paris,roster,1.0,22,7350.875476944039,588.0700381555232,3334.3571163418164,367.543773847202,0.0,0.0,11640.846405288583
2026-10,emp-0106,Software Engineer,R&D,R&D,False,Paris,roster,1.0,23,7350.875476944039,588.0700381555232,3334.3571163418164,367.543773847202,0.0,0.0,11640.846405288583
2026-11,emp-0106,Software Engineer,R&D,R&D,False,Paris,roster,1.0,24,7350.875476944039,588.0700381555232,3334.3571163418164,367.543773847202,0.0,0.0,11640.846405288583
2026-12,emp-0106,Software Engineer,R&D,R&D,False,Paris,roster,1.0,25,7350.875476944039,588.0700381555232,3334.3571163418164,367.543773847202,0.0,0.0,11640.846405288583
2027-01,emp-0106,Software Engineer,R&D,R&D,False,Paris,roster,1.0,26,7608.156118637079,608.6524894909663,3451.059615413779,380.407805931854,0.0,0.0,12048.276029473678
2027-02,emp-0106,Software Engineer,R&D,R&D,False,Paris,roster,1.0,27,7608.156118637079,608.6524894909663,3451.059615413779,380.407805931854,0.0,0.0,12048.276029473678
2027-03,emp-0106,Software Engineer,R&D,R&D,False,Paris,roster,1.0,28,7608.156118637079,608.6524894909663,3451.059615413779,380.407805931854,0.0,0.0,12048.276029473678
2027-04,emp-0106,Software Engineer,R&D,R&D,False,Paris,roster,1.0,29,7608.156118637079,608.6524894909663,3451.059615413779,380.407805931854,0.0,0.0,12048.276029473678
2027-05,emp-0106,Software Engineer,R&D,R&D,False,Paris,roster,1.0,30,7608.156118637079,608.6524894909663,3451.059615413779,380.407805931854,0.0,0.0,12048.276029473678
2027-06,emp-0106,Software Engineer,R&D,R&D,False,Paris,roster,1.0,31,7608.156118637079,608.6524894909663,3451.059615413779,380.407805931854,0.0,0.0,12048.276029473678
2027-07,emp-0106,Software Engineer,R&D,R&D,False,Paris,roster,1.0,32,7608.156118637079,608.6524894909663,3451.059615413779,380.407805931854,0.0,0.0,12048.276029473678
2027-08,emp-0106,Software Engineer,R&D,R&D,False,Paris,roster,1.0,33,7608.156118637079,608.6524894909663,3451.059615413779,380.407805931854,0.0,0.0,12048.276029473678
2027-09,emp-0106,Software Engineer,R&D,R&D,False,Paris,roster,1.0,34,7608.156118637079,608.6524894909663,3451.059615413779,380.407805931854,0.0,0.0,12048.276029473678
2027-10,emp-0106,Software Engineer,R&D,R&D,False,Paris,roster,1.0,35,7608.156118637079,608.6524894909663,3451.059615413779,380.407805931854,0.0,0.0,12048.276029473678
2027-11,emp-0106,Software Engineer,R&D,R&D,False,Paris,roster,1.0,36,7608.156118637079,608.6524894909663,3451.059615413779,380.407805931854,0.0,0.0,12048.276029473678
2027-12,emp-0106,Software Engineer,R&D,R&D,False,Paris,roster,1.0,37,7608.156118637079,608.6524894909663,3451.059615413779,380.407805931854,0.0,0.0,12048.276029473678
2028-01,emp-0106,Software Engineer,R&D,R&D,False,Paris,roster,1.0,38,7874.441582789378,629.9553266231503,3571.8467019532613,393.7220791394689,0.0,0.0,12469.965690505258
2028-02,emp-0106,Software Engineer,R&D,R&D,False,Paris,roster,1.0,39,7874.441582789378,629.9553266231503,3571.8467019532613,393.7220791394689,0.0,0.0,12469.965690505258
2026-09,emp-0107,Software Engineer,R&D,R&D,False,Montreal,roster,1.0,20,8443.063209524194,675.4450567619356,1003.0359092914742,506.5837925714516,0.0,0.0,10628.127968149056
2026-10,emp-0107,Software Engineer,R&D,R&D,False,Montreal,roster,1.0,21,8443.063209524194,675.4450567619356,1003.0359092914742,506.5837925714516,0.0,0.0,10628.127968149056
2026-11,emp-0107,Software Engineer,R&D,R&D,False,Montreal,roster,1.0,22,8443.063209524194,675.4450567619356,1003.0359092914742,506.5837925714516,0.0,0.0,10628.127968149056
2026-12,emp-0107,Software Engineer,R&D,R&D,False,Montreal,roster,1.0,23,8443.063209524194,675.4450567619356,1003.0359092914742,506.5837925714516,0.0,0.0,10628.127968149056
2027-01,emp-0107,Software Engineer,R&D,R&D,False,Montreal,roster,1.0,24,8738.570421857541,699.0856337486033,1038.142166116676,524.3142253114524,0.0,0.0,11000.112447034273
2027-02,emp-0107,Software Engineer,R&D,R&D,False,Montreal,roster,1.0,25,8738.570421857541,699.0856337486033,1038.142166116676,524.3142253114524,0.0,0.0,11000.112447034273
2027-03,emp-0107,Software Engineer,R&D,R&D,False,Montreal,roster,1.0,26,8738.570421857541,699.0856337486033,1038.142166116676,524.3142253114524,0.0,0.0,11000.112447034273
2027-04,emp-0107,Software Engineer,R&D,R&D,False,Montreal,roster,1.0,27,8738.570421857541,699.0856337486033,1038.142166116676,524.3142253114524,0.0,0.0,11000.112447034273
2027-05,emp-0107,Software Engineer,R&D,R&D,False,Montreal,roster,1.0,28,8738.570421857541,699.0856337486033,1038.142166116676,524.3142253114524,0.0,0.0,11000.112447034273
2027-06,emp-0107,Software Engineer,R&D,R&D,False,Montreal,roster,1.0,29,8738.570421857541,699.0856337486033,1038.142166116676,524.3142253114524,0.0,0.0,11000.112447034273
2027-07,emp-0107,Software Engineer,R&D,R&D,False,Montreal,roster,1.0,30,8738.570421857541,699.0856337486033,1038.142166116676,524.3142253114524,0.0,0.0,11000.112447034273
2027-08,emp-0107,Software Engineer,R&D,R&D,False,Montreal,roster,1.0,31,8738.570421857541,699.0856337486033,1038.142166116676,524.3142253114524,0.0,0.0,11000.112447034273
2027-09,emp-0107,Software Engineer,R&D,R&D,False,Montreal,roster,1.0,32,8738.570421857541,699.0856337486033,1038.142166116676,524.3142253114524,0.0,0.0,11000.112447034273
2027-10,emp-0107,Software Engineer,R&D,R&D,False,Montreal,roster,1.0,33,8738.570421857541,699.0856337486033,1038.142166116676,524.3142253114524,0.0,0.0,11000.112447034273
2027-11,emp-0107,Software Engineer,R&D,R&D,False,Montreal,roster,1.0,34,8738.570421857541,699.0856337486033,1038.142166116676,524.3142253114524,0.0,0.0,11000.112447034273
2027-12,emp-0107,Software Engineer,R&D,R&D,False,Montreal,roster,1.0,35,8738.570421857541,699.0856337486033,1038.142166116676,524.3142253114524,0.0,0.0,11000.112447034273
2028-01,emp-0107,Software Engineer,R&D,R&D,False,Montreal,roster,1.0,36,9044.420386622554,723.5536309298044,1074.4771419307594,542.6652231973533,0.0,0.0,11385.116382680471
2028-02,emp-0107,Software Engineer,R&D,R&D,False,Montreal,roster,1.0,37,9044.420386622554,723.5536309298044,1074.4771419307594,542.6652231973533,0.0,0.0,11385.116382680471
2026-09,emp-0108,Software Engineer,R&D,R&D,False,Montreal,roster,1.0,20,8297.347115204791,663.7877692163834,985.7248372863293,497.84082691228747,0.0,0.0,10444.700548619792
2026-10,emp-0108,Software Engineer,R&D,R&D,False,Montreal,roster,1.0,21,8297.347115204791,663.7877692163834,985.7248372863293,497.84082691228747,0.0,0.0,10444.700548619792
2026-11,emp-0108,Software Engineer,R&D,R&D,False,Montreal,roster,1.0,22,8297.347115204791,663.7877692163834,985.7248372863293,497.84082691228747,0.0,0.0,10444.700548619792
2026-12,emp-0108,Software Engineer,R&D,R&D,False,Montreal,roster,1.0,23,8297.347115204791,663.7877692163834,985.7248372863293,497.84082691228747,0.0,0.0,10444.700548619792
2027-01,emp-0108,Software Engineer,R&D,R&D,False,Montreal,roster,1.0,24,8587.754264236959,687.0203411389567,1020.2252065913508,515.2652558542176,0.0,0.0,10810.265067821485
2027-02,emp-0108,Software Engineer,R&D,R&D,False,Montreal,roster,1.0,25,8587.754264236959,687.0203411389567,1020.2252065913508,515.2652558542176,0.0,0.0,10810.265067821485
2027-03,emp-0108,Software Engineer,R&D,R&D,False,Montreal,roster,1.0,26,8587.754264236959,687.0203411389567,1020.2252065913508,515.2652558542176,0.0,0.0,10810.265067821485
2027-04,emp-0108,Software Engineer,R&D,R&D,False,Montreal,roster,1.0,27,8587.754264236959,687.0203411389567,1020.2252065913508,515.2652558542176,0.0,0.0,10810.265067821485
2027-05,emp-0108,Software Engineer,R&D,R&D,False,Montreal,roster,1.0,28,8587.754264236959,687.0203411389567,1020.2252065913508,515.2652558542176,0.0,0.0,10810.265067821485
2027-06,emp-0108,Software Engineer,R&D,R&D,False,Montreal,roster,1.0,29,8587.754264236959,687.0203411389567,1020.2252065913508,515.2652558542176,0.0,0.0,10810.265067821485
2027-07,emp-0108,Software Engineer,R&D,R&D,False,Montreal,roster,1.0,30,8587.754264236959,687.0203411389567,1020.2252065913508,515.2652558542176,0.0,0.0,10810.265067821485
2027-08,emp-0108,Software Engineer,R&D,R&D,False,Montreal,roster,1.0,31,8587.754264236959,687.0203411389567,1020.2252065913508,515.2652558542176,0.0,0.0,10810.265067821485
2027-09,emp-0108,Software Engineer,R&D,R&D,False,Montreal,roster,1.0,32,8587.754264236959,687.0203411389567,1020.2252065913508,515.2652558542176,0.0,0.0,10810.265067821485
2027-10,emp-0108,Software Engineer,R&D,R&D,False,Montreal,roster,1.0,33,8587.754264236959,687.0203411389567,1020.2252065913508,515.2652558542176,0.0,0.0,10810.265067821485
2027-11,emp-0108,Software Engineer,R&D,R&D,False,Montreal,roster,1.0,34,8587.754264236959,687.0203411389567,1020.2252065913508,515.2652558542176,0.0,0.0,10810.265067821485
2027-12,emp-0108,Software Engineer,R&D,R&D,False,Montreal,roster,1.0,35,8587.754264236959,687.0203411389567,1020.2252065913508,515.2652558542176,0.0,0.0,10810.265067821485
2028-01,emp-0108,Software Engineer,R&D,R&D,False,Montreal,roster,1.0,36,8888.325663485253,711.0660530788202,1055.9330888220481,533.2995398091152,0.0,0.0,11188.624345195238
2028-02,emp-0108,Software Engineer,R&D,R&D,False,Montreal,roster,1.0,37,8888.325663485253,711.0660530788202,1055.9330888220481,533.2995398091152,0.0,0.0,11188.624345195238
2026-09,emp-0109,Customer Success Manager,Customer Operations,COGS,False,Austin,roster,1.0,20,7844.300092380876,627.54400739047,720.1067484805644,1098.2020129333227,0.0,0.0,10290.152861185234
2026-10,emp-0109,Customer Success Manager,Customer Operations,COGS,False,Austin,roster,1.0,21,7844.300092380876,627.54400739047,720.1067484805644,1098.2020129333227,0.0,0.0,10290.152861185234
2026-11,emp-0109,Customer Success Manager,Customer Operations,COGS,False,Austin,roster,1.0,22,7844.300092380876,627.54400739047,720.1067484805644,1098.2020129333227,0.0,0.0,10290.152861185234
2026-12,emp-0109,Customer Success Manager,Customer Operations,COGS,False,Austin,roster,1.0,23,7844.300092380876,627.54400739047,720.1067484805644,1098.2020129333227,0.0,0.0,10290.152861185234
2027-01,emp-0109,Customer Success Manager,Customer Operations,COGS,False,Austin,roster,1.0,24,8118.850595614206,649.5080476491365,745.3104846773841,1136.639083385989,0.0,0.0,10650.308211326716
2027-02,emp-0109,Customer Success Manager,Customer Operations,COGS,False,Austin,roster,1.0,25,8118.850595614206,649.5080476491365,745.3104846773841,1136.639083385989,0.0,0.0,10650.308211326716
2027-03,emp-0109,Customer Success Manager,Customer Operations,COGS,False,Austin,roster,1.0,26,8118.850595614206,649.5080476491365,745.3104846773841,1136.639083385989,0.0,0.0,10650.308211326716
2027-04,emp-0109,Customer Success Manager,Customer Operations,COGS,False,Austin,roster,1.0,27,8118.850595614206,649.5080476491365,745.3104846773841,1136.639083385989,0.0,0.0,10650.308211326716
2027-05,emp-0109,Customer Success Manager,Customer Operations,COGS,False,Austin,roster,1.0,28,8118.850595614206,649.5080476491365,745.3104846773841,1136.639083385989,0.0,0.0,10650.308211326716
2027-06,emp-0109,Customer Success Manager,Customer Operations,COGS,False,Austin,roster,1.0,29,8118.850595614206,649.5080476491365,745.3104846773841,1136.639083385989,0.0,0.0,10650.308211326716
2027-07,emp-0109,Customer Success Manager,Customer Operations,COGS,False,Austin,roster,1.0,30,8118.850595614206,649.5080476491365,745.3104846773841,1136.639083385989,0.0,0.0,10650.308211326716
2027-08,emp-0109,Customer Success Manager,Customer Operations,COGS,False,Austin,roster,1.0,31,8118.850595614206,649.5080476491365,745.3104846773841,1136.639083385989,0.0,0.0,10650.308211326716
2027-09,emp-0109,Customer Success Manager,Customer Operations,COGS,False,Austin,roster,1.0,32,8118.850595614206,649.5080476491365,745.3104846773841,1136.639083385989,0.0,0.0,10650.308211326716
2027-10,emp-0109,Customer Success Manager,Customer Operations,COGS,False,Austin,roster,1.0,33,8118.850595614206,649.5080476491365,745.3104846773841,1136.639083385989,0.0,0.0,10650.308211326716
2027-11,emp-0109,Customer Success Manager,Customer Operations,COGS,False,Austin,roster,1.0,34,8118.850595614206,649.5080476491365,745.3104846773841,1136.639083385989,0.0,0.0,10650.308211326716
2027-12,emp-0109,Customer Success Manager,Customer Operations,COGS,False,Austin,roster,1.0,35,8118.850595614206,649.5080476491365,745.3104846773841,1136.639083385989,0.0,0.0,10650.308211326716
2028-01,emp-0109,Customer Success Manager,Customer Operations,COGS,False,Austin,roster,1.0,36,8403.010366460703,672.2408293168563,771.3963516410926,1176.4214513044985,0.0,0.0,11023.06899872315
2028-02,emp-0109,Customer Success Manager,Customer Operations,COGS,False,Austin,roster,1.0,37,8403.010366460703,672.2408293168563,771.3963516410926,1176.4214513044985,0.0,0.0,11023.06899872315
2026-09,emp-0111,Senior Software Engineer,R&D,R&D,False,Paris,roster,1.0,19,8915.047959646188,713.203836771695,4043.8657544955113,445.75239798230945,0.0,0.0,14117.869948895705
2026-10,emp-0111,Senior Software Engineer,R&D,R&D,False,Paris,roster,1.0,20,8915.047959646188,713.203836771695,4043.8657544955113,445.75239798230945,0.0,0.0,14117.869948895705
2026-11,emp-0111,Senior Software Engineer,R&D,R&D,False,Paris,roster,1.0,21,8915.047959646188,713.203836771695,4043.8657544955113,445.75239798230945,0.0,0.0,14117.869948895705
2026-12,emp-0111,Senior Software Engineer,R&D,R&D,False,Paris,roster,1.0,22,8915.047959646188,713.203836771695,4043.8657544955113,445.75239798230945,0.0,0.0,14117.869948895705
2027-01,emp-0111,Senior Software Engineer,R&D,R&D,False,Paris,roster,1.0,23,9227.074638233806,738.1659710587045,4185.401055902854,461.3537319116903,0.0,0.0,14611.995397107054
2027-02,emp-0111,Senior Software Engineer,R&D,R&D,False,Paris,roster,1.0,24,9227.074638233806,738.1659710587045,4185.401055902854,461.3537319116903,0.0,0.0,14611.995397107054
2027-03,emp-0111,Senior Software Engineer,R&D,R&D,False,Paris,roster,1.0,25,9227.074638233806,738.1659710587045,4185.401055902854,461.3537319116903,0.0,0.0,14611.995397107054
2027-04,emp-0111,Senior Software Engineer,R&D,R&D,False,Paris,roster,1.0,26,9227.074638233806,738.1659710587045,4185.401055902854,461.3537319116903,0.0,0.0,14611.995397107054
2027-05,emp-0111,Senior Software Engineer,R&D,R&D,False,Paris,roster,1.0,27,9227.074638233806,738.1659710587045,4185.401055902854,461.3537319116903,0.0,0.0,14611.995397107054
2027-06,emp-0111,Senior Software Engineer,R&D,R&D,False,Paris,roster,1.0,28,9227.074638233806,738.1659710587045,4185.401055902854,461.3537319116903,0.0,0.0,14611.995397107054
2027-07,emp-0111,Senior Software Engineer,R&D,R&D,False,Paris,roster,1.0,29,9227.074638233806,738.1659710587045,4185.401055902854,461.3537319116903,0.0,0.0,14611.995397107054
2027-08,emp-0111,Senior Software Engineer,R&D,R&D,False,Paris,roster,1.0,30,9227.074638233806,738.1659710587045,4185.401055902854,461.3537319116903,0.0,0.0,14611.995397107054
2027-09,emp-0111,Senior Software Engineer,R&D,R&D,False,Paris,roster,1.0,31,9227.074638233806,738.1659710587045,4185.401055902854,461.3537319116903,0.0,0.0,14611.995397107054
2027-10,emp-0111,Senior Software Engineer,R&D,R&D,False,Paris,roster,1.0,32,9227.074638233806,738.1659710587045,4185.401055902854,461.3537319116903,0.0,0.0,14611.995397107054
2027-11,emp-0111,Senior Software Engineer,R&D,R&D,False,Paris,roster,1.0,33,9227.074638233806,738.1659710587045,4185.401055902854,461.3537319116903,0.0,0.0,14611.995397107054
2027-12,emp-0111,Senior Software Engineer,R&D,R&D,False,Paris,roster,1.0,34,9227.074638233806,738.1659710587045,4185.401055902854,461.3537319116903,0.0,0.0,14611.995397107054
2028-01,emp-0111,Senior Software Engineer,R&D,R&D,False,Paris,roster,1.0,35,9550.022250571987,764.0017800457589,4331.890092859453,477.5011125285994,0.0,0.0,15123.4152360058
2028-02,emp-0111,Senior Software Engineer,R&D,R&D,False,Paris,roster,1.0,36,9550.022250571987,764.0017800457589,4331.890092859453,477.5011125285994,0.0,0.0,15123.4152360058
2026-09,emp-0112,Account Executive,S&M,S&M,True,Austin,roster,1.0,19,9846.35395303279,0.0,836.9400860077873,1378.489553424591,0.0,0.0,12061.78359246517
2026-10,emp-0112,Account Executive,S&M,S&M,True,Austin,roster,1.0,20,9846.35395303279,0.0,836.9400860077873,1378.489553424591,0.0,0.0,12061.78359246517
2026-11,emp-0112,Account Executive,S&M,S&M,True,Austin,roster,1.0,21,9846.35395303279,0.0,836.9400860077873,1378.489553424591,0.0,0.0,12061.78359246517
2026-12,emp-0112,Account Executive,S&M,S&M,True,Austin,roster,1.0,22,9846.35395303279,0.0,836.9400860077873,1378.489553424591,0.0,0.0,12061.78359246517
2027-01,emp-0112,Account Executive,S&M,S&M,True,Austin,roster,1.0,23,10190.976341388938,0.0,866.2329890180598,1426.7366877944514,0.0,0.0,12483.946018201448
2027-02,emp-0112,Account Executive,S&M,S&M,True,Austin,roster,1.0,24,10190.976341388938,0.0,866.2329890180598,1426.7366877944514,0.0,0.0,12483.946018201448
2027-03,emp-0112,Account Executive,S&M,S&M,True,Austin,roster,1.0,25,10190.976341388938,0.0,866.2329890180598,1426.7366877944514,0.0,0.0,12483.946018201448
2027-04,emp-0112,Account Executive,S&M,S&M,True,Austin,roster,1.0,26,10190.976341388938,0.0,866.2329890180598,1426.7366877944514,0.0,0.0,12483.946018201448
2027-05,emp-0112,Account Executive,S&M,S&M,True,Austin,roster,1.0,27,10190.976341388938,0.0,866.2329890180598,1426.7366877944514,0.0,0.0,12483.946018201448
2027-06,emp-0112,Account Executive,S&M,S&M,True,Austin,roster,1.0,28,10190.976341388938,0.0,866.2329890180598,1426.7366877944514,0.0,0.0,12483.946018201448
2027-07,emp-0112,Account Executive,S&M,S&M,True,Austin,roster,1.0,29,10190.976341388938,0.0,866.2329890180598,1426.7366877944514,0.0,0.0,12483.946018201448
2027-08,emp-0112,Account Executive,S&M,S&M,True,Austin,roster,1.0,30,10190.976341388938,0.0,866.2329890180598,1426.7366877944514,0.0,0.0,12483.946018201448
2027-09,emp-0112,Account Executive,S&M,S&M,True,Austin,roster,1.0,31,10190.976341388938,0.0,866.2329890180598,1426.7366877944514,0.0,0.0,12483.946018201448
2027-10,emp-0112,Account Executive,S&M,S&M,True,Austin,roster,1.0,32,10190.976341388938,0.0,866.2329890180598,1426.7366877944514,0.0,0.0,12483.946018201448
2027-11,emp-0112,Account Executive,S&M,S&M,True,Austin,roster,1.0,33,10190.976341388938,0.0,866.2329890180598,1426.7366877944514,0.0,0.0,12483.946018201448
2027-12,emp-0112,Account Executive,S&M,S&M,True,Austin,roster,1.0,34,10190.976341388938,0.0,866.2329890180598,1426.7366877944514,0.0,0.0,12483.946018201448
2028-01,emp-0112,Account Executive,S&M,S&M,True,Austin,roster,1.0,35,10547.66051333755,0.0,896.5511436336918,1476.6724718672572,0.0,0.0,12920.8841288385
2028-02,emp-0112,Account Executive,S&M,S&M,True,Austin,roster,1.0,36,10547.66051333755,0.0,896.5511436336918,1476.6724718672572,0.0,0.0,12920.8841288385
2026-09,emp-0113,Software Engineer,R&D,R&D,False,Paris,roster,1.0,18,6699.3374303353585,535.9469944268287,3038.8194584001185,334.9668715167679,0.0,0.0,10609.070754679073
2026-10,emp-0113,Software Engineer,R&D,R&D,False,Paris,roster,1.0,19,6699.3374303353585,535.9469944268287,3038.8194584001185,334.9668715167679,0.0,0.0,10609.070754679073
2026-11,emp-0113,Software Engineer,R&D,R&D,False,Paris,roster,1.0,20,6699.3374303353585,535.9469944268287,3038.8194584001185,334.9668715167679,0.0,0.0,10609.070754679073
2026-12,emp-0113,Software Engineer,R&D,R&D,False,Paris,roster,1.0,21,6699.3374303353585,535.9469944268287,3038.8194584001185,334.9668715167679,0.0,0.0,10609.070754679073
2027-01,emp-0113,Software Engineer,R&D,R&D,False,Paris,roster,1.0,22,6933.814240397095,554.7051392317676,3145.178139444122,346.6907120198548,0.0,0.0,10980.388231092838
2027-02,emp-0113,Software Engineer,R&D,R&D,False,Paris,roster,1.0,23,6933.814240397095,554.7051392317676,3145.178139444122,346.6907120198548,0.0,0.0,10980.388231092838
2027-03,emp-0113,Software Engineer,R&D,R&D,False,Paris,roster,1.0,24,6933.814240397095,554.7051392317676,3145.178139444122,346.6907120198548,0.0,0.0,10980.388231092838
2027-04,emp-0113,Software Engineer,R&D,R&D,False,Paris,roster,1.0,25,6933.814240397095,554.7051392317676,3145.178139444122,346.6907120198548,0.0,0.0,10980.388231092838
2027-05,emp-0113,Software Engineer,R&D,R&D,False,Paris,roster,1.0,26,6933.814240397095,554.7051392317676,3145.178139444122,346.6907120198548,0.0,0.0,10980.388231092838
2027-06,emp-0113,Software Engineer,R&D,R&D,False,Paris,roster,1.0,27,6933.814240397095,554.7051392317676,3145.178139444122,346.6907120198548,0.0,0.0,10980.388231092838
2027-07,emp-0113,Software Engineer,R&D,R&D,False,Paris,roster,1.0,28,6933.814240397095,554.7051392317676,3145.178139444122,346.6907120198548,0.0,0.0,10980.388231092838
2027-08,emp-0113,Software Engineer,R&D,R&D,False,Paris,roster,1.0,29,6933.814240397095,554.7051392317676,3145.178139444122,346.6907120198548,0.0,0.0,10980.388231092838
2027-09,emp-0113,Software Engineer,R&D,R&D,False,Paris,roster,1.0,30,6933.814240397095,554.7051392317676,3145.178139444122,346.6907120198548,0.0,0.0,10980.388231092838
2027-10,emp-0113,Software Engineer,R&D,R&D,False,Paris,roster,1.0,31,6933.814240397095,554.7051392317676,3145.178139444122,346.6907120198548,0.0,0.0,10980.388231092838
2027-11,emp-0113,Software Engineer,R&D,R&D,False,Paris,roster,1.0,32,6933.814240397095,554.7051392317676,3145.178139444122,346.6907120198548,0.0,0.0,10980.388231092838
2027-12,emp-0113,Software Engineer,R&D,R&D,False,Paris,roster,1.0,33,6933.814240397095,554.7051392317676,3145.178139444122,346.6907120198548,0.0,0.0,10980.388231092838
2028-01,emp-0113,Software Engineer,R&D,R&D,False,Paris,roster,1.0,34,7176.497738810992,574.1198191048794,3255.259374324666,358.8248869405496,0.0,0.0,11364.701819181088
2028-02,emp-0113,Software Engineer,R&D,R&D,False,Paris,roster,1.0,35,7176.497738810992,574.1198191048794,3255.259374324666,358.8248869405496,0.0,0.0,11364.701819181088
2026-09,emp-0114,Software Engineer,R&D,R&D,False,Paris,roster,1.0,18,7222.254709725944,577.7803767780755,3276.014736331688,361.1127354862972,0.0,0.0,11437.162558322003
2026-10,emp-0114,Software Engineer,R&D,R&D,False,Paris,roster,1.0,19,7222.254709725944,577.7803767780755,3276.014736331688,361.1127354862972,0.0,0.0,11437.162558322003
2026-11,emp-0114,Software Engineer,R&D,R&D,False,Paris,roster,1.0,20,7222.254709725944,577.7803767780755,3276.014736331688,361.1127354862972,0.0,0.0,11437.162558322003
2026-12,emp-0114,Software Engineer,R&D,R&D,False,Paris,roster,1.0,21,7222.254709725944,577.7803767780755,3276.014736331688,361.1127354862972,0.0,0.0,11437.162558322003
2027-01,emp-0114,Software Engineer,R&D,R&D,False,Paris,roster,1.0,22,7475.03362456635,598.002689965308,3390.6752521032963,373.7516812283175,0.0,0.0,11837.463247863272
2027-02,emp-0114,Software Engineer,R&D,R&D,False,Paris,roster,1.0,23,7475.03362456635,598.002689965308,3390.6752521032963,373.7516812283175,0.0,0.0,11837.463247863272
2027-03,emp-0114,Software Engineer,R&D,R&D,False,Paris,roster,1.0,24,7475.03362456635,598.002689965308,3390.6752521032963,373.7516812283175,0.0,0.0,11837.463247863272
2027-04,emp-0114,Software Engineer,R&D,R&D,False,Paris,roster,1.0,25,7475.03362456635,598.002689965308,3390.6752521032963,373.7516812283175,0.0,0.0,11837.463247863272
2027-05,emp-0114,Software Engineer,R&D,R&D,False,Paris,roster,1.0,26,7475.03362456635,598.002689965308,3390.6752521032963,373.7516812283175,0.0,0.0,11837.463247863272
2027-06,emp-0114,Software Engineer,R&D,R&D,False,Paris,roster,1.0,27,7475.03362456635,598.002689965308,3390.6752521032963,373.7516812283175,0.0,0.0,11837.463247863272
2027-07,emp-0114,Software Engineer,R&D,R&D,False,Paris,roster,1.0,28,7475.03362456635,598.002689965308,3390.6752521032963,373.7516812283175,0.0,0.0,11837.463247863272
2027-08,emp-0114,Software Engineer,R&D,R&D,False,Paris,roster,1.0,29,7475.03362456635,598.002689965308,3390.6752521032963,373.7516812283175,0.0,0.0,11837.463247863272
2027-09,emp-0114,Software Engineer,R&D,R&D,False,Paris,roster,1.0,30,7475.03362456635,598.002689965308,3390.6752521032963,373.7516812283175,0.0,0.0,11837.463247863272
2027-10,emp-0114,Software Engineer,R&D,R&D,False,Paris,roster,1.0,31,7475.03362456635,598.002689965308,3390.6752521032963,373.7516812283175,0.0,0.0,11837.463247863272
2027-11,emp-0114,Software Engineer,R&D,R&D,False,Paris,roster,1.0,32,7475.03362456635,598.002689965308,3390.6752521032963,373.7516812283175,0.0,0.0,11837.463247863272
2027-12,emp-0114,Software Engineer,R&D,R&D,False,Paris,roster,1.0,33,7475.03362456635,598.002689965308,3390.6752521032963,373.7516812283175,0.0,0.0,11837.463247863272
2028-01,emp-0114,Software Engineer,R&D,R&D,False,Paris,roster,1.0,34,7736.659801426173,618.9327841140938,3509.3488859269114,386.83299007130864,0.0,0.0,12251.774461538485
2028-02,emp-0114,Software Engineer,R&D,R&D,False,Paris,roster,1.0,35,7736.659801426173,618.9327841140938,3509.3488859269114,386.83299007130864,0.0,0.0,12251.774461538485
2026-09,emp-0115,Product Manager,R&D,R&D,False,Montreal,roster,1.0,18,10584.057967796327,846.7246374237062,1257.3860865742035,635.0434780677796,0.0,0.0,13323.212169862014
2026-10,emp-0115,Product Manager,R&D,R&D,False,Montreal,roster,1.0,19,10584.057967796327,846.7246374237062,1257.3860865742035,635.0434780677796,0.0,0.0,13323.212169862014
2026-11,emp-0115,Product Manager,R&D,R&D,False,Montreal,roster,1.0,20,10584.057967796327,846.7246374237062,1257.3860865742035,635.0434780677796,0.0,0.0,13323.212169862014
2026-12,emp-0115,Product Manager,R&D,R&D,False,Montreal,roster,1.0,21,10584.057967796327,846.7246374237062,1257.3860865742035,635.0434780677796,0.0,0.0,13323.212169862014
2027-01,emp-0115,Product Manager,R&D,R&D,False,Montreal,roster,1.0,22,10954.499996669198,876.3599997335358,1301.3945996043005,657.2699998001518,0.0,0.0,13789.524595807185
2027-02,emp-0115,Product Manager,R&D,R&D,False,Montreal,roster,1.0,23,10954.499996669198,876.3599997335358,1301.3945996043005,657.2699998001518,0.0,0.0,13789.524595807185
2027-03,emp-0115,Product Manager,R&D,R&D,False,Montreal,roster,1.0,24,10954.499996669198,876.3599997335358,1301.3945996043005,657.2699998001518,0.0,0.0,13789.524595807185
2027-04,emp-0115,Product Manager,R&D,R&D,False,Montreal,roster,1.0,25,10954.499996669198,876.3599997335358,1301.3945996043005,657.2699998001518,0.0,0.0,13789.524595807185
2027-05,emp-0115,Product Manager,R&D,R&D,False,Montreal,roster,1.0,26,10954.499996669198,876.3599997335358,1301.3945996043005,657.2699998001518,0.0,0.0,13789.524595807185
2027-06,emp-0115,Product Manager,R&D,R&D,False,Montreal,roster,1.0,27,10954.499996669198,876.3599997335358,1301.3945996043005,657.2699998001518,0.0,0.0,13789.524595807185
2027-07,emp-0115,Product Manager,R&D,R&D,False,Montreal,roster,1.0,28,10954.499996669198,876.3599997335358,1301.3945996043005,657.2699998001518,0.0,0.0,13789.524595807185
2027-08,emp-0115,Product Manager,R&D,R&D,False,Montreal,roster,1.0,29,10954.499996669198,876.3599997335358,1301.3945996043005,657.2699998001518,0.0,0.0,13789.524595807185
2027-09,emp-0115,Product Manager,R&D,R&D,False,Montreal,roster,1.0,30,10954.499996669198,876.3599997335358,1301.3945996043005,657.2699998001518,0.0,0.0,13789.524595807185
2027-10,emp-0115,Product Manager,R&D,R&D,False,Montreal,roster,1.0,31,10954.499996669198,876.3599997335358,1301.3945996043005,657.2699998001518,0.0,0.0,13789.524595807185
2027-11,emp-0115,Product Manager,R&D,R&D,False,Montreal,roster,1.0,32,10954.499996669198,876.3599997335358,1301.3945996043005,657.2699998001518,0.0,0.0,13789.524595807185
2027-12,emp-0115,Product Manager,R&D,R&D,False,Montreal,roster,1.0,33,10954.499996669198,876.3599997335358,1301.3945996043005,657.2699998001518,0.0,0.0,13789.524595807185
2028-01,emp-0115,Product Manager,R&D,R&D,False,Montreal,roster,1.0,34,11337.907496552618,907.0325997242095,1346.9434105904509,680.274449793157,0.0,0.0,14272.157956660434
2028-02,emp-0115,Product Manager,R&D,R&D,False,Montreal,roster,1.0,35,11337.907496552618,907.0325997242095,1346.9434105904509,680.274449793157,0.0,0.0,14272.157956660434
2026-09,emp-0116,Account Executive,S&M,S&M,True,Austin,roster,1.0,17,9546.519773832104,0.0,811.4541807757289,1336.5127683364947,0.0,0.0,11694.486722944328
2026-10,emp-0116,Account Executive,S&M,S&M,True,Austin,roster,1.0,18,9546.519773832104,0.0,811.4541807757289,1336.5127683364947,0.0,0.0,11694.486722944328
2026-11,emp-0116,Account Executive,S&M,S&M,True,Austin,roster,1.0,19,9546.519773832104,0.0,811.4541807757289,1336.5127683364947,0.0,0.0,11694.486722944328
2026-12,emp-0116,Account Executive,S&M,S&M,True,Austin,roster,1.0,20,9546.519773832104,0.0,811.4541807757289,1336.5127683364947,0.0,0.0,11694.486722944328
2027-01,emp-0116,Account Executive,S&M,S&M,True,Austin,roster,1.0,21,9880.647965916227,0.0,839.8550771028794,1383.290715228272,0.0,0.0,12103.793758247377
2027-02,emp-0116,Account Executive,S&M,S&M,True,Austin,roster,1.0,22,9880.647965916227,0.0,839.8550771028794,1383.290715228272,0.0,0.0,12103.793758247377
2027-03,emp-0116,Account Executive,S&M,S&M,True,Austin,roster,1.0,23,9880.647965916227,0.0,839.8550771028794,1383.290715228272,0.0,0.0,12103.793758247377
2027-04,emp-0116,Account Executive,S&M,S&M,True,Austin,roster,1.0,24,9880.647965916227,0.0,839.8550771028794,1383.290715228272,0.0,0.0,12103.793758247377
2027-05,emp-0116,Account Executive,S&M,S&M,True,Austin,roster,1.0,25,9880.647965916227,0.0,839.8550771028794,1383.290715228272,0.0,0.0,12103.793758247377
2027-06,emp-0116,Account Executive,S&M,S&M,True,Austin,roster,1.0,26,9880.647965916227,0.0,839.8550771028794,1383.290715228272,0.0,0.0,12103.793758247377
2027-07,emp-0116,Account Executive,S&M,S&M,True,Austin,roster,1.0,27,9880.647965916227,0.0,839.8550771028794,1383.290715228272,0.0,0.0,12103.793758247377
2027-08,emp-0116,Account Executive,S&M,S&M,True,Austin,roster,1.0,28,9880.647965916227,0.0,839.8550771028794,1383.290715228272,0.0,0.0,12103.793758247377
2027-09,emp-0116,Account Executive,S&M,S&M,True,Austin,roster,1.0,29,9880.647965916227,0.0,839.8550771028794,1383.290715228272,0.0,0.0,12103.793758247377
2027-10,emp-0116,Account Executive,S&M,S&M,True,Austin,roster,1.0,30,9880.647965916227,0.0,839.8550771028794,1383.290715228272,0.0,0.0,12103.793758247377
2027-11,emp-0116,Account Executive,S&M,S&M,True,Austin,roster,1.0,31,9880.647965916227,0.0,839.8550771028794,1383.290715228272,0.0,0.0,12103.793758247377
2027-12,emp-0116,Account Executive,S&M,S&M,True,Austin,roster,1.0,32,9880.647965916227,0.0,839.8550771028794,1383.290715228272,0.0,0.0,12103.793758247377
2028-01,emp-0116,Account Executive,S&M,S&M,True,Austin,roster,1.0,33,10226.470644723295,0.0,869.2500048014801,1431.7058902612614,0.0,0.0,12527.426539786036
2028-02,emp-0116,Account Executive,S&M,S&M,True,Austin,roster,1.0,34,10226.470644723295,0.0,869.2500048014801,1431.7058902612614,0.0,0.0,12527.426539786036
2026-09,emp-0117,Support Engineer,Customer Operations,COGS,False,Montreal,roster,1.0,17,5492.230863243941,439.3784690595153,652.4770265533803,329.53385179463646,0.0,0.0,6913.620210651474
2026-10,emp-0117,Support Engineer,Customer Operations,COGS,False,Montreal,roster,1.0,18,5492.230863243941,439.3784690595153,652.4770265533803,329.53385179463646,0.0,0.0,6913.620210651474
2026-11,emp-0117,Support Engineer,Customer Operations,COGS,False,Montreal,roster,1.0,19,5492.230863243941,439.3784690595153,652.4770265533803,329.53385179463646,0.0,0.0,6913.620210651474
2026-12,emp-0117,Support Engineer,Customer Operations,COGS,False,Montreal,roster,1.0,20,5492.230863243941,439.3784690595153,652.4770265533803,329.53385179463646,0.0,0.0,6913.620210651474
2027-01,emp-0117,Support Engineer,Customer Operations,COGS,False,Montreal,roster,1.0,21,5684.458943457477,454.7567154765982,675.3137224827483,341.06753660744863,0.0,0.0,7155.596918024272
2027-02,emp-0117,Support Engineer,Customer Operations,COGS,False,Montreal,roster,1.0,22,5684.458943457477,454.7567154765982,675.3137224827483,341.06753660744863,0.0,0.0,7155.596918024272
2027-03,emp-0117,Support Engineer,Customer Operations,COGS,False,Montreal,roster,1.0,23,5684.458943457477,454.7567154765982,675.3137224827483,341.06753660744863,0.0,0.0,7155.596918024272
2027-04,emp-0117,Support Engineer,Customer Operations,COGS,False,Montreal,roster,1.0,24,5684.458943457477,454.7567154765982,675.3137224827483,341.06753660744863,0.0,0.0,7155.596918024272
2027-05,emp-0117,Support Engineer,Customer Operations,COGS,False,Montreal,roster,1.0,25,5684.458943457477,454.7567154765982,675.3137224827483,341.06753660744863,0.0,0.0,7155.596918024272
2027-06,emp-0117,Support Engineer,Customer Operations,COGS,False,Montreal,roster,1.0,26,5684.458943457477,454.7567154765982,675.3137224827483,341.06753660744863,0.0,0.0,7155.596918024272
2027-07,emp-0117,Support Engineer,Customer Operations,COGS,False,Montreal,roster,1.0,27,5684.458943457477,454.7567154765982,675.3137224827483,341.06753660744863,0.0,0.0,7155.596918024272
2027-08,emp-0117,Support Engineer,Customer Operations,COGS,False,Montreal,roster,1.0,28,5684.458943457477,454.7567154765982,675.3137224827483,341.06753660744863,0.0,0.0,7155.596918024272
2027-09,emp-0117,Support Engineer,Customer Operations,COGS,False,Montreal,roster,1.0,29,5684.458943457477,454.7567154765982,675.3137224827483,341.06753660744863,0.0,0.0,7155.596918024272
2027-10,emp-0117,Support Engineer,Customer Operations,COGS,False,Montreal,roster,1.0,30,5684.458943457477,454.7567154765982,675.3137224827483,341.06753660744863,0.0,0.0,7155.596918024272
2027-11,emp-0117,Support Engineer,Customer Operations,COGS,False,Montreal,roster,1.0,31,5684.458943457477,454.7567154765982,675.3137224827483,341.06753660744863,0.0,0.0,7155.596918024272
2027-12,emp-0117,Support Engineer,Customer Operations,COGS,False,Montreal,roster,1.0,32,5684.458943457477,454.7567154765982,675.3137224827483,341.06753660744863,0.0,0.0,7155.596918024272
2028-01,emp-0117,Support Engineer,Customer Operations,COGS,False,Montreal,roster,1.0,33,5883.415006478489,470.67320051827915,698.9497027696445,353.0049003887093,0.0,0.0,7406.042810155122
2028-02,emp-0117,Support Engineer,Customer Operations,COGS,False,Montreal,roster,1.0,34,5883.415006478489,470.67320051827915,698.9497027696445,353.0049003887093,0.0,0.0,7406.042810155122
2026-09,emp-0119,Software Engineer,R&D,R&D,False,Montreal,roster,1.0,16,8037.3614001007,642.988912008056,954.8385343319632,482.24168400604196,0.0,0.0,10117.43053044676
2026-10,emp-0119,Software Engineer,R&D,R&D,False,Montreal,roster,1.0,17,8037.3614001007,642.988912008056,954.8385343319632,482.24168400604196,0.0,0.0,10117.43053044676
2026-11,emp-0119,Software Engineer,R&D,R&D,False,Montreal,roster,1.0,18,8037.3614001007,642.988912008056,954.8385343319632,482.24168400604196,0.0,0.0,10117.43053044676
2026-12,emp-0119,Software Engineer,R&D,R&D,False,Montreal,roster,1.0,19,8037.3614001007,642.988912008056,954.8385343319632,482.24168400604196,0.0,0.0,10117.43053044676
2027-01,emp-0119,Software Engineer,R&D,R&D,False,Montreal,roster,1.0,20,8318.669049104225,665.4935239283379,988.257883033582,499.12014294625345,0.0,0.0,10471.540599012398
2027-02,emp-0119,Software Engineer,R&D,R&D,False,Montreal,roster,1.0,21,8318.669049104225,665.4935239283379,988.257883033582,499.12014294625345,0.0,0.0,10471.540599012398
2027-03,emp-0119,Software Engineer,R&D,R&D,False,Montreal,roster,1.0,22,8318.669049104225,665.4935239283379,988.257883033582,499.12014294625345,0.0,0.0,10471.540599012398
2027-04,emp-0119,Software Engineer,R&D,R&D,False,Montreal,roster,1.0,23,8318.669049104225,665.4935239283379,988.257883033582,499.12014294625345,0.0,0.0,10471.540599012398
2027-05,emp-0119,Software Engineer,R&D,R&D,False,Montreal,roster,1.0,24,8318.669049104225,665.4935239283379,988.257883033582,499.12014294625345,0.0,0.0,10471.540599012398
2027-06,emp-0119,Software Engineer,R&D,R&D,False,Montreal,roster,1.0,25,8318.669049104225,665.4935239283379,988.257883033582,499.12014294625345,0.0,0.0,10471.540599012398
2027-07,emp-0119,Software Engineer,R&D,R&D,False,Montreal,roster,1.0,26,8318.669049104225,665.4935239283379,988.257883033582,499.12014294625345,0.0,0.0,10471.540599012398
2027-08,emp-0119,Software Engineer,R&D,R&D,False,Montreal,roster,1.0,27,8318.669049104225,665.4935239283379,988.257883033582,499.12014294625345,0.0,0.0,10471.540599012398
2027-09,emp-0119,Software Engineer,R&D,R&D,False,Montreal,roster,1.0,28,8318.669049104225,665.4935239283379,988.257883033582,499.12014294625345,0.0,0.0,10471.540599012398
2027-10,emp-0119,Software Engineer,R&D,R&D,False,Montreal,roster,1.0,29,8318.669049104225,665.4935239283379,988.257883033582,499.12014294625345,0.0,0.0,10471.540599012398
2027-11,emp-0119,Software Engineer,R&D,R&D,False,Montreal,roster,1.0,30,8318.669049104225,665.4935239283379,988.257883033582,499.12014294625345,0.0,0.0,10471.540599012398
2027-12,emp-0119,Software Engineer,R&D,R&D,False,Montreal,roster,1.0,31,8318.669049104225,665.4935239283379,988.257883033582,499.12014294625345,0.0,0.0,10471.540599012398
2028-01,emp-0119,Software Engineer,R&D,R&D,False,Montreal,roster,1.0,32,8609.82246582287,688.7857972658296,1022.846908939757,516.5893479493722,0.0,0.0,10838.044519977828
2028-02,emp-0119,Software Engineer,R&D,R&D,False,Montreal,roster,1.0,33,8609.82246582287,688.7857972658296,1022.846908939757,516.5893479493722,0.0,0.0,10838.044519977828
2026-09,emp-0120,Data Engineer,R&D,R&D,False,Paris,roster,1.0,16,8356.177630419392,668.4942104335513,3790.362173158236,417.80888152096963,0.0,0.0,13232.84289553215
2026-10,emp-0120,Data Engineer,R&D,R&D,False,Paris,roster,1.0,17,8356.177630419392,668.4942104335513,3790.362173158236,417.80888152096963,0.0,0.0,13232.84289553215
2026-11,emp-0120,Data Engineer,R&D,R&D,False,Paris,roster,1.0,18,8356.177630419392,668.4942104335513,3790.362173158236,417.80888152096963,0.0,0.0,13232.84289553215
2026-12,emp-0120,Data Engineer,R&D,R&D,False,Paris,roster,1.0,19,8356.177630419392,668.4942104335513,3790.362173158236,417.80888152096963,0.0,0.0,13232.84289553215
2027-01,emp-0120,Data Engineer,R&D,R&D,False,Paris,roster,1.0,20,8648.64384748407,691.8915077987257,3923.0248492187743,432.43219237420357,0.0,0.0,13695.992396875774
2027-02,emp-0120,Data Engineer,R&D,R&D,False,Paris,roster,1.0,21,8648.64384748407,691.8915077987257,3923.0248492187743,432.43219237420357,0.0,0.0,13695.992396875774
2027-03,emp-0120,Data Engineer,R&D,R&D,False,Paris,roster,1.0,22,8648.64384748407,691.8915077987257,3923.0248492187743,432.43219237420357,0.0,0.0,13695.992396875774
2027-04,emp-0120,Data Engineer,R&D,R&D,False,Paris,roster,1.0,23,8648.64384748407,691.8915077987257,3923.0248492187743,432.43219237420357,0.0,0.0,13695.992396875774
2027-05,emp-0120,Data Engineer,R&D,R&D,False,Paris,roster,1.0,24,8648.64384748407,691.8915077987257,3923.0248492187743,432.43219237420357,0.0,0.0,13695.992396875774
2027-06,emp-0120,Data Engineer,R&D,R&D,False,Paris,roster,1.0,25,8648.64384748407,691.8915077987257,3923.0248492187743,432.43219237420357,0.0,0.0,13695.992396875774
2027-07,emp-0120,Data Engineer,R&D,R&D,False,Paris,roster,1.0,26,8648.64384748407,691.8915077987257,3923.0248492187743,432.43219237420357,0.0,0.0,13695.992396875774
2027-08,emp-0120,Data Engineer,R&D,R&D,False,Paris,roster,1.0,27,8648.64384748407,691.8915077987257,3923.0248492187743,432.43219237420357,0.0,0.0,13695.992396875774
2027-09,emp-0120,Data Engineer,R&D,R&D,False,Paris,roster,1.0,28,8648.64384748407,691.8915077987257,3923.0248492187743,432.43219237420357,0.0,0.0,13695.992396875774
2027-10,emp-0120,Data Engineer,R&D,R&D,False,Paris,roster,1.0,29,8648.64384748407,691.8915077987257,3923.0248492187743,432.43219237420357,0.0,0.0,13695.992396875774
2027-11,emp-0120,Data Engineer,R&D,R&D,False,Paris,roster,1.0,30,8648.64384748407,691.8915077987257,3923.0248492187743,432.43219237420357,0.0,0.0,13695.992396875774
2027-12,emp-0120,Data Engineer,R&D,R&D,False,Paris,roster,1.0,31,8648.64384748407,691.8915077987257,3923.0248492187743,432.43219237420357,0.0,0.0,13695.992396875774
2028-01,emp-0120,Data Engineer,R&D,R&D,False,Paris,roster,1.0,32,8951.346382146012,716.107710571681,4060.330718941431,447.5673191073006,0.0,0.0,14175.352130766423
2028-02,emp-0120,Data Engineer,R&D,R&D,False,Paris,roster,1.0,33,8951.346382146012,716.107710571681,4060.330718941431,447.5673191073006,0.0,0.0,14175.352130766423
2026-09,emp-0121,Customer Success Manager,Customer Operations,COGS,False,Austin,roster,1.0,15,7694.614725242431,615.5691780193945,706.3656317772551,1077.2460615339403,0.0,0.0,10093.79559657302
2026-10,emp-0121,Customer Success Manager,Customer Operations,COGS,False,Austin,roster,1.0,16,7694.614725242431,615.5691780193945,706.3656317772551,1077.2460615339403,0.0,0.0,10093.79559657302
2026-11,emp-0121,Customer Success Manager,Customer Operations,COGS,False,Austin,roster,1.0,17,7694.614725242431,615.5691780193945,706.3656317772551,1077.2460615339403,0.0,0.0,10093.79559657302
2026-12,emp-0121,Customer Success Manager,Customer Operations,COGS,False,Austin,roster,1.0,18,7694.614725242431,615.5691780193945,706.3656317772551,1077.2460615339403,0.0,0.0,10093.79559657302
2027-01,emp-0121,Customer Success Manager,Customer Operations,COGS,False,Austin,roster,1.0,19,7963.926240625915,637.1140992500732,731.088428889459,1114.949673687628,0.0,0.0,10447.078442453076
2027-02,emp-0121,Customer Success Manager,Customer Operations,COGS,False,Austin,roster,1.0,20,7963.926240625915,637.1140992500732,731.088428889459,1114.949673687628,0.0,0.0,10447.078442453076
2027-03,emp-0121,Customer Success Manager,Customer Operations,COGS,False,Austin,roster,1.0,21,7963.926240625915,637.1140992500732,731.088428889459,1114.949673687628,0.0,0.0,10447.078442453076
2027-04,emp-0121,Customer Success Manager,Customer Operations,COGS,False,Austin,roster,1.0,22,7963.926240625915,637.1140992500732,731.088428889459,1114.949673687628,0.0,0.0,10447.078442453076
2027-05,emp-0121,Customer Success Manager,Customer Operations,COGS,False,Austin,roster,1.0,23,7963.926240625915,637.1140992500732,731.088428889459,1114.949673687628,0.0,0.0,10447.078442453076
2027-06,emp-0121,Customer Success Manager,Customer Operations,COGS,False,Austin,roster,1.0,24,7963.926240625915,637.1140992500732,731.088428889459,1114.949673687628,0.0,0.0,10447.078442453076
2027-07,emp-0121,Customer Success Manager,Customer Operations,COGS,False,Austin,roster,1.0,25,7963.926240625915,637.1140992500732,731.088428889459,1114.949673687628,0.0,0.0,10447.078442453076
2027-08,emp-0121,Customer Success Manager,Customer Operations,COGS,False,Austin,roster,1.0,26,7963.926240625915,637.1140992500732,731.088428889459,1114.949673687628,0.0,0.0,10447.078442453076
2027-09,emp-0121,Customer Success Manager,Customer Operations,COGS,False,Austin,roster,1.0,27,7963.926240625915,637.1140992500732,731.088428889459,1114.949673687628,0.0,0.0,10447.078442453076
2027-10,emp-0121,Customer Success Manager,Customer Operations,COGS,False,Austin,roster,1.0,28,7963.926240625915,637.1140992500732,731.088428889459,1114.949673687628,0.0,0.0,10447.078442453076
2027-11,emp-0121,Customer Success Manager,Customer Operations,COGS,False,Austin,roster,1.0,29,7963.926240625915,637.1140992500732,731.088428889459,1114.949673687628,0.0,0.0,10447.078442453076
2027-12,emp-0121,Customer Success Manager,Customer Operations,COGS,False,Austin,roster,1.0,30,7963.926240625915,637.1140992500732,731.088428889459,1114.949673687628,0.0,0.0,10447.078442453076
2028-01,emp-0121,Customer Success Manager,Customer Operations,COGS,False,Austin,roster,1.0,31,8242.663659047821,659.4130927238257,756.67652390059,1153.972912266695,0.0,0.0,10812.726187938933
2028-02,emp-0121,Customer Success Manager,Customer Operations,COGS,False,Austin,roster,1.0,32,8242.663659047821,659.4130927238257,756.67652390059,1153.972912266695,0.0,0.0,10812.726187938933
2026-09,emp-0123,Account Executive,S&M,S&M,True,Austin,roster,1.0,14,9498.805696417323,0.0,807.3984841954725,1329.8327974984254,0.0,0.0,11636.036978111222
2026-10,emp-0123,Account Executive,S&M,S&M,True,Austin,roster,1.0,15,9498.805696417323,0.0,807.3984841954725,1329.8327974984254,0.0,0.0,11636.036978111222
2026-11,emp-0123,Account Executive,S&M,S&M,True,Austin,roster,1.0,16,9498.805696417323,0.0,807.3984841954725,1329.8327974984254,0.0,0.0,11636.036978111222
2026-12,emp-0123,Account Executive,S&M,S&M,True,Austin,roster,1.0,17,9498.805696417323,0.0,807.3984841954725,1329.8327974984254,0.0,0.0,11636.036978111222
2027-01,emp-0123,Account Executive,S&M,S&M,True,Austin,roster,1.0,18,9831.263895791928,0.0,835.657431142314,1376.3769454108701,0.0,0.0,12043.298272345111
2027-02,emp-0123,Account Executive,S&M,S&M,True,Austin,roster,1.0,19,9831.263895791928,0.0,835.657431142314,1376.3769454108701,0.0,0.0,12043.298272345111
2027-03,emp-0123,Account Executive,S&M,S&M,True,Austin,roster,1.0,20,9831.263895791928,0.0,835.657431142314,1376.3769454108701,0.0,0.0,12043.298272345111
2027-04,emp-0123,Account Executive,S&M,S&M,True,Austin,roster,1.0,21,9831.263895791928,0.0,835.657431142314,1376.3769454108701,0.0,0.0,12043.298272345111
2027-05,emp-0123,Account Executive,S&M,S&M,True,Austin,roster,1.0,22,9831.263895791928,0.0,835.657431142314,1376.3769454108701,0.0,0.0,12043.298272345111
2027-06,emp-0123,Account Executive,S&M,S&M,True,Austin,roster,1.0,23,9831.263895791928,0.0,835.657431142314,1376.3769454108701,0.0,0.0,12043.298272345111
2027-07,emp-0123,Account Executive,S&M,S&M,True,Austin,roster,1.0,24,9831.263895791928,0.0,835.657431142314,1376.3769454108701,0.0,0.0,12043.298272345111
2027-08,emp-0123,Account Executive,S&M,S&M,True,Austin,roster,1.0,25,9831.263895791928,0.0,835.657431142314,1376.3769454108701,0.0,0.0,12043.298272345111
2027-09,emp-0123,Account Executive,S&M,S&M,True,Austin,roster,1.0,26,9831.263895791928,0.0,835.657431142314,1376.3769454108701,0.0,0.0,12043.298272345111
2027-10,emp-0123,Account Executive,S&M,S&M,True,Austin,roster,1.0,27,9831.263895791928,0.0,835.657431142314,1376.3769454108701,0.0,0.0,12043.298272345111
2027-11,emp-0123,Account Executive,S&M,S&M,True,Austin,roster,1.0,28,9831.263895791928,0.0,835.657431142314,1376.3769454108701,0.0,0.0,12043.298272345111
2027-12,emp-0123,Account Executive,S&M,S&M,True,Austin,roster,1.0,29,9831.263895791928,0.0,835.657431142314,1376.3769454108701,0.0,0.0,12043.298272345111
2028-01,emp-0123,Account Executive,S&M,S&M,True,Austin,roster,1.0,30,10175.358132144645,0.0,864.905441232295,1424.5501385002506,0.0,0.0,12464.81371187719
2028-02,emp-0123,Account Executive,S&M,S&M,True,Austin,roster,1.0,31,10175.358132144645,0.0,864.905441232295,1424.5501385002506,0.0,0.0,12464.81371187719
2026-09,emp-0124,Account Executive,S&M,S&M,True,Austin,roster,1.0,14,9300.147424188526,0.0,790.5125310560247,1302.020639386394,0.0,0.0,11392.680594630945
2026-10,emp-0124,Account Executive,S&M,S&M,True,Austin,roster,1.0,15,9300.147424188526,0.0,790.5125310560247,1302.020639386394,0.0,0.0,11392.680594630945
2026-11,emp-0124,Account Executive,S&M,S&M,True,Austin,roster,1.0,16,9300.147424188526,0.0,790.5125310560247,1302.020639386394,0.0,0.0,11392.680594630945
2026-12,emp-0124,Account Executive,S&M,S&M,True,Austin,roster,1.0,17,9300.147424188526,0.0,790.5125310560247,1302.020639386394,0.0,0.0,11392.680594630945
2027-01,emp-0124,Account Executive,S&M,S&M,True,Austin,roster,1.0,18,9625.652584035124,0.0,818.1804696429856,1347.5913617649176,0.0,0.0,11791.424415443027
2027-02,emp-0124,Account Executive,S&M,S&M,True,Austin,roster,1.0,19,9625.652584035124,0.0,818.1804696429856,1347.5913617649176,0.0,0.0,11791.424415443027
2027-03,emp-0124,Account Executive,S&M,S&M,True,Austin,roster,1.0,20,9625.652584035124,0.0,818.1804696429856,1347.5913617649176,0.0,0.0,11791.424415443027
2027-04,emp-0124,Account Executive,S&M,S&M,True,Austin,roster,1.0,21,9625.652584035124,0.0,818.1804696429856,1347.5913617649176,0.0,0.0,11791.424415443027
2027-05,emp-0124,Account Executive,S&M,S&M,True,Austin,roster,1.0,22,9625.652584035124,0.0,818.1804696429856,1347.5913617649176,0.0,0.0,11791.424415443027
2027-06,emp-0124,Account Executive,S&M,S&M,True,Austin,roster,1.0,23,9625.652584035124,0.0,818.1804696429856,1347.5913617649176,0.0,0.0,11791.424415443027
2027-07,emp-0124,Account Executive,S&M,S&M,True,Austin,roster,1.0,24,9625.652584035124,0.0,818.1804696429856,1347.5913617649176,0.0,0.0,11791.424415443027
2027-08,emp-0124,Account Executive,S&M,S&M,True,Austin,roster,1.0,25,9625.652584035124,0.0,818.1804696429856,1347.5913617649176,0.0,0.0,11791.424415443027
2027-09,emp-0124,Account Executive,S&M,S&M,True,Austin,roster,1.0,26,9625.652584035124,0.0,818.1804696429856,1347.5913617649176,0.0,0.0,11791.424415443027
2027-10,emp-0124,Account Executive,S&M,S&M,True,Austin,roster,1.0,27,9625.652584035124,0.0,818.1804696429856,1347.5913617649176,0.0,0.0,11791.424415443027
2027-11,emp-0124,Account Executive,S&M,S&M,True,Austin,roster,1.0,28,9625.652584035124,0.0,818.1804696429856,1347.5913617649176,0.0,0.0,11791.424415443027
2027-12,emp-0124,Account Executive,S&M,S&M,True,Austin,roster,1.0,29,9625.652584035124,0.0,818.1804696429856,1347.5913617649176,0.0,0.0,11791.424415443027
2028-01,emp-0124,Account Executive,S&M,S&M,True,Austin,roster,1.0,30,9962.550424476352,0.0,846.81678608049,1394.7570594266895,0.0,0.0,12204.124269983531
2028-02,emp-0124,Account Executive,S&M,S&M,True,Austin,roster,1.0,31,9962.550424476352,0.0,846.81678608049,1394.7570594266895,0.0,0.0,12204.124269983531
2026-09,emp-0125,Sales Development Rep,S&M,S&M,True,Austin,roster,1.0,14,5486.485816033196,0.0,466.3512943628217,768.1080142446475,0.0,0.0,6720.945124640665
2026-10,emp-0125,Sales Development Rep,S&M,S&M,True,Austin,roster,1.0,15,5486.485816033196,0.0,466.3512943628217,768.1080142446475,0.0,0.0,6720.945124640665
2026-11,emp-0125,Sales Development Rep,S&M,S&M,True,Austin,roster,1.0,16,5486.485816033196,0.0,466.3512943628217,768.1080142446475,0.0,0.0,6720.945124640665
2026-12,emp-0125,Sales Development Rep,S&M,S&M,True,Austin,roster,1.0,17,5486.485816033196,0.0,466.3512943628217,768.1080142446475,0.0,0.0,6720.945124640665
2027-01,emp-0125,Sales Development Rep,S&M,S&M,True,Austin,roster,1.0,18,5678.512819594357,0.0,482.6735896655204,794.9917947432101,0.0,0.0,6956.178204003088
2027-02,emp-0125,Sales Development Rep,S&M,S&M,True,Austin,roster,1.0,19,5678.512819594357,0.0,482.6735896655204,794.9917947432101,0.0,0.0,6956.178204003088
2027-03,emp-0125,Sales Development Rep,S&M,S&M,True,Austin,roster,1.0,20,5678.512819594357,0.0,482.6735896655204,794.9917947432101,0.0,0.0,6956.178204003088
2027-04,emp-0125,Sales Development Rep,S&M,S&M,True,Austin,roster,1.0,21,5678.512819594357,0.0,482.6735896655204,794.9917947432101,0.0,0.0,6956.178204003088
2027-05,emp-0125,Sales Development Rep,S&M,S&M,True,Austin,roster,1.0,22,5678.512819594357,0.0,482.6735896655204,794.9917947432101,0.0,0.0,6956.178204003088
2027-06,emp-0125,Sales Development Rep,S&M,S&M,True,Austin,roster,1.0,23,5678.512819594357,0.0,482.6735896655204,794.9917947432101,0.0,0.0,6956.178204003088
2027-07,emp-0125,Sales Development Rep,S&M,S&M,True,Austin,roster,1.0,24,5678.512819594357,0.0,482.6735896655204,794.9917947432101,0.0,0.0,6956.178204003088
2027-08,emp-0125,Sales Development Rep,S&M,S&M,True,Austin,roster,1.0,25,5678.512819594357,0.0,482.6735896655204,794.9917947432101,0.0,0.0,6956.178204003088
2027-09,emp-0125,Sales Development Rep,S&M,S&M,True,Austin,roster,1.0,26,5678.512819594357,0.0,482.6735896655204,794.9917947432101,0.0,0.0,6956.178204003088
2027-10,emp-0125,Sales Development Rep,S&M,S&M,True,Austin,roster,1.0,27,5678.512819594357,0.0,482.6735896655204,794.9917947432101,0.0,0.0,6956.178204003088
2027-11,emp-0125,Sales Development Rep,S&M,S&M,True,Austin,roster,1.0,28,5678.512819594357,0.0,482.6735896655204,794.9917947432101,0.0,0.0,6956.178204003088
2027-12,emp-0125,Sales Development Rep,S&M,S&M,True,Austin,roster,1.0,29,5678.512819594357,0.0,482.6735896655204,794.9917947432101,0.0,0.0,6956.178204003088
2028-01,emp-0125,Sales Development Rep,S&M,S&M,True,Austin,roster,1.0,30,5877.26076828016,0.0,499.5671653038136,822.8165075592225,0.0,0.0,7199.644441143196
2028-02,emp-0125,Sales Development Rep,S&M,S&M,True,Austin,roster,1.0,31,5877.26076828016,0.0,499.5671653038136,822.8165075592225,0.0,0.0,7199.644441143196
2026-09,emp-0126,Senior Software Engineer,R&D,R&D,False,Montreal,roster,1.0,13,11125.218700326635,890.0174960261309,1321.6759815988041,667.5131220195981,0.0,0.0,14004.425299971168
2026-10,emp-0126,Senior Software Engineer,R&D,R&D,False,Montreal,roster,1.0,14,11125.218700326635,890.0174960261309,1321.6759815988041,667.5131220195981,0.0,0.0,14004.425299971168
2026-11,emp-0126,Senior Software Engineer,R&D,R&D,False,Montreal,roster,1.0,15,11125.218700326635,890.0174960261309,1321.6759815988041,667.5131220195981,0.0,0.0,14004.425299971168
2026-12,emp-0126,Senior Software Engineer,R&D,R&D,False,Montreal,roster,1.0,16,11125.218700326635,890.0174960261309,1321.6759815988041,667.5131220195981,0.0,0.0,14004.425299971168
2027-01,emp-0126,Senior Software Engineer,R&D,R&D,False,Montreal,roster,1.0,17,11514.601354838067,921.1681083870453,1367.9346409547622,690.876081290284,0.0,0.0,14494.580185470157
2027-02,emp-0126,Senior Software Engineer,R&D,R&D,False,Montreal,roster,1.0,18,11514.601354838067,921.1681083870453,1367.9346409547622,690.876081290284,0.0,0.0,14494.580185470157
2027-03,emp-0126,Senior Software Engineer,R&D,R&D,False,Montreal,roster,1.0,19,11514.601354838067,921.1681083870453,1367.9346409547622,690.876081290284,0.0,0.0,14494.580185470157
2027-04,emp-0126,Senior Software Engineer,R&D,R&D,False,Montreal,roster,1.0,20,11514.601354838067,921.1681083870453,1367.9346409547622,690.876081290284,0.0,0.0,14494.580185470157
2027-05,emp-0126,Senior Software Engineer,R&D,R&D,False,Montreal,roster,1.0,21,11514.601354838067,921.1681083870453,1367.9346409547622,690.876081290284,0.0,0.0,14494.580185470157
2027-06,emp-0126,Senior Software Engineer,R&D,R&D,False,Montreal,roster,1.0,22,11514.601354838067,921.1681083870453,1367.9346409547622,690.876081290284,0.0,0.0,14494.580185470157
2027-07,emp-0126,Senior Software Engineer,R&D,R&D,False,Montreal,roster,1.0,23,11514.601354838067,921.1681083870453,1367.9346409547622,690.876081290284,0.0,0.0,14494.580185470157
2027-08,emp-0126,Senior Software Engineer,R&D,R&D,False,Montreal,roster,1.0,24,11514.601354838067,921.1681083870453,1367.9346409547622,690.876081290284,0.0,0.0,14494.580185470157
2027-09,emp-0126,Senior Software Engineer,R&D,R&D,False,Montreal,roster,1.0,25,11514.601354838067,921.1681083870453,1367.9346409547622,690.876081290284,0.0,0.0,14494.580185470157
2027-10,emp-0126,Senior Software Engineer,R&D,R&D,False,Montreal,roster,1.0,26,11514.601354838067,921.1681083870453,1367.9346409547622,690.876081290284,0.0,0.0,14494.580185470157
2027-11,emp-0126,Senior Software Engineer,R&D,R&D,False,Montreal,roster,1.0,27,11514.601354838067,921.1681083870453,1367.9346409547622,690.876081290284,0.0,0.0,14494.580185470157
2027-12,emp-0126,Senior Software Engineer,R&D,R&D,False,Montreal,roster,1.0,28,11514.601354838067,921.1681083870453,1367.9346409547622,690.876081290284,0.0,0.0,14494.580185470157
2028-01,emp-0126,Senior Software Engineer,R&D,R&D,False,Montreal,roster,1.0,29,11917.612402257399,953.4089921805919,1415.812353388179,715.0567441354439,0.0,0.0,15001.890491961612
2028-02,emp-0126,Senior Software Engineer,R&D,R&D,False,Montreal,roster,1.0,30,11917.612402257399,953.4089921805919,1415.812353388179,715.0567441354439,0.0,0.0,15001.890491961612
2026-09,emp-0127,Software Engineer,R&D,R&D,False,Paris,roster,1.0,12,6839.4505986689865,547.1560478935189,3102.374791556252,341.9725299334493,0.0,0.0,10830.953968052207
2026-10,emp-0127,Software Engineer,R&D,R&D,False,Paris,roster,1.0,13,6839.4505986689865,547.1560478935189,3102.374791556252,341.9725299334493,0.0,0.0,10830.953968052207
2026-11,emp-0127,Software Engineer,R&D,R&D,False,Paris,roster,1.0,14,6839.4505986689865,547.1560478935189,3102.374791556252,341.9725299334493,0.0,0.0,10830.953968052207
2026-12,emp-0127,Software Engineer,R&D,R&D,False,Paris,roster,1.0,15,6839.4505986689865,547.1560478935189,3102.374791556252,341.9725299334493,0.0,0.0,10830.953968052207
2027-01,emp-0127,Software Engineer,R&D,R&D,False,Paris,roster,1.0,16,7078.8313696223995,566.306509569792,3210.9579092607205,353.94156848112,0.0,0.0,11210.037356934032
2027-02,emp-0127,Software Engineer,R&D,R&D,False,Paris,roster,1.0,17,7078.8313696223995,566.306509569792,3210.9579092607205,353.94156848112,0.0,0.0,11210.037356934032
2027-03,emp-0127,Software Engineer,R&D,R&D,False,Paris,roster,1.0,18,7078.8313696223995,566.306509569792,3210.9579092607205,353.94156848112,0.0,0.0,11210.037356934032
2027-04,emp-0127,Software Engineer,R&D,R&D,False,Paris,roster,1.0,19,7078.8313696223995,566.306509569792,3210.9579092607205,353.94156848112,0.0,0.0,11210.037356934032
2027-05,emp-0127,Software Engineer,R&D,R&D,False,Paris,roster,1.0,20,7078.8313696223995,566.306509569792,3210.9579092607205,353.94156848112,0.0,0.0,11210.037356934032
2027-06,emp-0127,Software Engineer,R&D,R&D,False,Paris,roster,1.0,21,7078.8313696223995,566.306509569792,3210.9579092607205,353.94156848112,0.0,0.0,11210.037356934032
2027-07,emp-0127,Software Engineer,R&D,R&D,False,Paris,roster,1.0,22,7078.8313696223995,566.306509569792,3210.9579092607205,353.94156848112,0.0,0.0,11210.037356934032
2027-08,emp-0127,Software Engineer,R&D,R&D,False,Paris,roster,1.0,23,7078.8313696223995,566.306509569792,3210.9579092607205,353.94156848112,0.0,0.0,11210.037356934032
2027-09,emp-0127,Software Engineer,R&D,R&D,False,Paris,roster,1.0,24,7078.8313696223995,566.306509569792,3210.9579092607205,353.94156848112,0.0,0.0,11210.037356934032
2027-10,emp-0127,Software Engineer,R&D,R&D,False,Paris,roster,1.0,25,7078.8313696223995,566.306509569792,3210.9579092607205,353.94156848112,0.0,0.0,11210.037356934032
2027-11,emp-0127,Software Engineer,R&D,R&D,False,Paris,roster,1.0,26,7078.8313696223995,566.306509569792,3210.9579092607205,353.94156848112,0.0,0.0,11210.037356934032
2027-12,emp-0127,Software Engineer,R&D,R&D,False,Paris,roster,1.0,27,7078.8313696223995,566.306509569792,3210.9579092607205,353.94156848112,0.0,0.0,11210.037356934032
2028-01,emp-0127,Software Engineer,R&D,R&D,False,Paris,roster,1.0,28,7326.590467559184,586.1272374047347,3323.3414360848456,366.3295233779592,0.0,0.0,11602.388664426724
2028-02,emp-0127,Software Engineer,R&D,R&D,False,Paris,roster,1.0,29,7326.590467559184,586.1272374047347,3323.3414360848456,366.3295233779592,0.0,0.0,11602.388664426724
2026-09,emp-0129,Product Designer,R&D,R&D,False,Montreal,roster,1.0,12,9018.733213224505,721.4986570579604,1071.425505731071,541.1239927934703,0.0,0.0,11352.781368807005
2026-10,emp-0129,Product Designer,R&D,R&D,False,Montreal,roster,1.0,13,9018.733213224505,721.4986570579604,1071.425505731071,541.1239927934703,0.0,0.0,11352.781368807005
2026-11,emp-0129,Product Designer,R&D,R&D,False,Montreal,roster,1.0,14,9018.733213224505,721.4986570579604,1071.425505731071,541.1239927934703,0.0,0.0,11352.781368807005
2026-12,emp-0129,Product Designer,R&D,R&D,False,Montreal,roster,1.0,15,9018.733213224505,721.4986570579604,1071.425505731071,541.1239927934703,0.0,0.0,11352.781368807005
2027-01,emp-0129,Product Designer,R&D,R&D,False,Montreal,roster,1.0,16,9334.388875687362,746.751110054989,1108.9253984316586,560.0633325412417,0.0,0.0,11750.128716715251
2027-02,emp-0129,Product Designer,R&D,R&D,False,Montreal,roster,1.0,17,9334.388875687362,746.751110054989,1108.9253984316586,560.0633325412417,0.0,0.0,11750.128716715251
2027-03,emp-0129,Product Designer,R&D,R&D,False,Montreal,roster,1.0,18,9334.388875687362,746.751110054989,1108.9253984316586,560.0633325412417,0.0,0.0,11750.128716715251
2027-04,emp-0129,Product Designer,R&D,R&D,False,Montreal,roster,1.0,19,9334.388875687362,746.751110054989,1108.9253984316586,560.0633325412417,0.0,0.0,11750.128716715251
2027-05,emp-0129,Product Designer,R&D,R&D,False,Montreal,roster,1.0,20,9334.388875687362,746.751110054989,1108.9253984316586,560.0633325412417,0.0,0.0,11750.128716715251
2027-06,emp-0129,Product Designer,R&D,R&D,False,Montreal,roster,1.0,21,9334.388875687362,746.751110054989,1108.9253984316586,560.0633325412417,0.0,0.0,11750.128716715251
2027-07,emp-0129,Product Designer,R&D,R&D,False,Montreal,roster,1.0,22,9334.388875687362,746.751110054989,1108.9253984316586,560.0633325412417,0.0,0.0,11750.128716715251
2027-08,emp-0129,Product Designer,R&D,R&D,False,Montreal,roster,1.0,23,9334.388875687362,746.751110054989,1108.9253984316586,560.0633325412417,0.0,0.0,11750.128716715251
2027-09,emp-0129,Product Designer,R&D,R&D,False,Montreal,roster,1.0,24,9334.388875687362,746.751110054989,1108.9253984316586,560.0633325412417,0.0,0.0,11750.128716715251
2027-10,emp-0129,Product Designer,R&D,R&D,False,Montreal,roster,1.0,25,9334.388875687362,746.751110054989,1108.9253984316586,560.0633325412417,0.0,0.0,11750.128716715251
2027-11,emp-0129,Product Designer,R&D,R&D,False,Montreal,roster,1.0,26,9334.388875687362,746.751110054989,1108.9253984316586,560.0633325412417,0.0,0.0,11750.128716715251
2027-12,emp-0129,Product Designer,R&D,R&D,False,Montreal,roster,1.0,27,9334.388875687362,746.751110054989,1108.9253984316586,560.0633325412417,0.0,0.0,11750.128716715251
2028-01,emp-0129,Product Designer,R&D,R&D,False,Montreal,roster,1.0,28,9661.09248633642,772.8873989069136,1147.7377873767668,579.6655491801852,0.0,0.0,12161.383221800286
2028-02,emp-0129,Product Designer,R&D,R&D,False,Montreal,roster,1.0,29,9661.09248633642,772.8873989069136,1147.7377873767668,579.6655491801852,0.0,0.0,12161.383221800286
2026-09,emp-0130,Account Executive,S&M,S&M,True,Austin,roster,1.0,11,9894.285668621724,0.0,841.0142818328466,1385.1999936070415,0.0,0.0,12120.499944061612
2026-10,emp-0130,Account Executive,S&M,S&M,True,Austin,roster,1.0,12,9894.285668621724,0.0,841.0142818328466,1385.1999936070415,0.0,0.0,12120.499944061612
2026-11,emp-0130,Account Executive,S&M,S&M,True,Austin,roster,1.0,13,9894.285668621724,0.0,841.0142818328466,1385.1999936070415,0.0,0.0,12120.499944061612
2026-12,emp-0130,Account Executive,S&M,S&M,True,Austin,roster,1.0,14,9894.285668621724,0.0,841.0142818328466,1385.1999936070415,0.0,0.0,12120.499944061612
2027-01,emp-0130,Account Executive,S&M,S&M,True,Austin,roster,1.0,15,10240.585667023484,0.0,870.4497816969962,1433.681993383288,0.0,0.0,12544.717442103769
2027-02,emp-0130,Account Executive,S&M,S&M,True,Austin,roster,1.0,16,10240.585667023484,0.0,870.4497816969962,1433.681993383288,0.0,0.0,12544.717442103769
2027-03,emp-0130,Account Executive,S&M,S&M,True,Austin,roster,1.0,17,10240.585667023484,0.0,870.4497816969962,1433.681993383288,0.0,0.0,12544.717442103769
2027-04,emp-0130,Account Executive,S&M,S&M,True,Austin,roster,1.0,18,10240.585667023484,0.0,870.4497816969962,1433.681993383288,0.0,0.0,12544.717442103769
2027-05,emp-0130,Account Executive,S&M,S&M,True,Austin,roster,1.0,19,10240.585667023484,0.0,870.4497816969962,1433.681993383288,0.0,0.0,12544.717442103769
2027-06,emp-0130,Account Executive,S&M,S&M,True,Austin,roster,1.0,20,10240.585667023484,0.0,870.4497816969962,1433.681993383288,0.0,0.0,12544.717442103769
2027-07,emp-0130,Account Executive,S&M,S&M,True,Austin,roster,1.0,21,10240.585667023484,0.0,870.4497816969962,1433.681993383288,0.0,0.0,12544.717442103769
2027-08,emp-0130,Account Executive,S&M,S&M,True,Austin,roster,1.0,22,10240.585667023484,0.0,870.4497816969962,1433.681993383288,0.0,0.0,12544.717442103769
2027-09,emp-0130,Account Executive,S&M,S&M,True,Austin,roster,1.0,23,10240.585667023484,0.0,870.4497816969962,1433.681993383288,0.0,0.0,12544.717442103769
2027-10,emp-0130,Account Executive,S&M,S&M,True,Austin,roster,1.0,24,10240.585667023484,0.0,870.4497816969962,1433.681993383288,0.0,0.0,12544.717442103769
2027-11,emp-0130,Account Executive,S&M,S&M,True,Austin,roster,1.0,25,10240.585667023484,0.0,870.4497816969962,1433.681993383288,0.0,0.0,12544.717442103769
2027-12,emp-0130,Account Executive,S&M,S&M,True,Austin,roster,1.0,26,10240.585667023484,0.0,870.4497816969962,1433.681993383288,0.0,0.0,12544.717442103769
2028-01,emp-0130,Account Executive,S&M,S&M,True,Austin,roster,1.0,27,10599.006165369305,0.0,900.915524056391,1483.8608631517027,0.0,0.0,12983.782552577399
2028-02,emp-0130,Account Executive,S&M,S&M,True,Austin,roster,1.0,28,10599.006165369305,0.0,900.915524056391,1483.8608631517027,0.0,0.0,12983.782552577399
2026-09,emp-0131,Customer Success Manager,Customer Operations,COGS,False,Montreal,roster,1.0,11,6540.271852931724,523.2217482345379,776.9842961282889,392.41631117590345,0.0,0.0,8232.894208470454
2026-10,emp-0131,Customer Success Manager,Customer Operations,COGS,False,Montreal,roster,1.0,12,6540.271852931724,523.2217482345379,776.9842961282889,392.41631117590345,0.0,0.0,8232.894208470454
2026-11,emp-0131,Customer Success Manager,Customer Operations,COGS,False,Montreal,roster,1.0,13,6540.271852931724,523.2217482345379,776.9842961282889,392.41631117590345,0.0,0.0,8232.894208470454
2026-12,emp-0131,Customer Success Manager,Customer Operations,COGS,False,Montreal,roster,1.0,14,6540.271852931724,523.2217482345379,776.9842961282889,392.41631117590345,0.0,0.0,8232.894208470454
2027-01,emp-0131,Customer Success Manager,Customer Operations,COGS,False,Montreal,roster,1.0,15,6769.181367784335,541.5345094227467,804.1787464927789,406.1508820670601,0.0,0.0,8521.04550576692
2027-02,emp-0131,Customer Success Manager,Customer Operations,COGS,False,Montreal,roster,1.0,16,6769.181367784335,541.5345094227467,804.1787464927789,406.1508820670601,0.0,0.0,8521.04550576692
2027-03,emp-0131,Customer Success Manager,Customer Operations,COGS,False,Montreal,roster,1.0,17,6769.181367784335,541.5345094227467,804.1787464927789,406.1508820670601,0.0,0.0,8521.04550576692
2027-04,emp-0131,Customer Success Manager,Customer Operations,COGS,False,Montreal,roster,1.0,18,6769.181367784335,541.5345094227467,804.1787464927789,406.1508820670601,0.0,0.0,8521.04550576692
2027-05,emp-0131,Customer Success Manager,Customer Operations,COGS,False,Montreal,roster,1.0,19,6769.181367784335,541.5345094227467,804.1787464927789,406.1508820670601,0.0,0.0,8521.04550576692
2027-06,emp-0131,Customer Success Manager,Customer Operations,COGS,False,Montreal,roster,1.0,20,6769.181367784335,541.5345094227467,804.1787464927789,406.1508820670601,0.0,0.0,8521.04550576692
2027-07,emp-0131,Customer Success Manager,Customer Operations,COGS,False,Montreal,roster,1.0,21,6769.181367784335,541.5345094227467,804.1787464927789,406.1508820670601,0.0,0.0,8521.04550576692
2027-08,emp-0131,Customer Success Manager,Customer Operations,COGS,False,Montreal,roster,1.0,22,6769.181367784335,541.5345094227467,804.1787464927789,406.1508820670601,0.0,0.0,8521.04550576692
2027-09,emp-0131,Customer Success Manager,Customer Operations,COGS,False,Montreal,roster,1.0,23,6769.181367784335,541.5345094227467,804.1787464927789,406.1508820670601,0.0,0.0,8521.04550576692
2027-10,emp-0131,Customer Success Manager,Customer Operations,COGS,False,Montreal,roster,1.0,24,6769.181367784335,541.5345094227467,804.1787464927789,406.1508820670601,0.0,0.0,8521.04550576692
2027-11,emp-0131,Customer Success Manager,Customer Operations,COGS,False,Montreal,roster,1.0,25,6769.181367784335,541.5345094227467,804.1787464927789,406.1508820670601,0.0,0.0,8521.04550576692
2027-12,emp-0131,Customer Success Manager,Customer Operations,COGS,False,Montreal,roster,1.0,26,6769.181367784335,541.5345094227467,804.1787464927789,406.1508820670601,0.0,0.0,8521.04550576692
2028-01,emp-0131,Customer Success Manager,Customer Operations,COGS,False,Montreal,roster,1.0,27,7006.102715656786,560.4882172525429,832.3250026200262,420.36616293940716,0.0,0.0,8819.282098468762
2028-02,emp-0131,Customer Success Manager,Customer Operations,COGS,False,Montreal,roster,1.0,28,7006.102715656786,560.4882172525429,832.3250026200262,420.36616293940716,0.0,0.0,8819.282098468762
2026-09,emp-0132,Finance & Operations,G&A,G&A,False,Montreal,roster,1.0,11,7885.082025978543,630.8065620782835,936.7477446862509,473.1049215587126,0.0,0.0,9925.741254301789
2026-10,emp-0132,Finance & Operations,G&A,G&A,False,Montreal,roster,1.0,12,7885.082025978543,630.8065620782835,936.7477446862509,473.1049215587126,0.0,0.0,9925.741254301789
2026-11,emp-0132,Finance & Operations,G&A,G&A,False,Montreal,roster,1.0,13,7885.082025978543,630.8065620782835,936.7477446862509,473.1049215587126,0.0,0.0,9925.741254301789
2026-12,emp-0132,Finance & Operations,G&A,G&A,False,Montreal,roster,1.0,14,7885.082025978543,630.8065620782835,936.7477446862509,473.1049215587126,0.0,0.0,9925.741254301789
2027-01,emp-0132,Finance & Operations,G&A,G&A,False,Montreal,roster,1.0,15,8161.059896887792,652.8847917510234,969.5339157502698,489.6635938132675,0.0,0.0,10273.142198202353
2027-02,emp-0132,Finance & Operations,G&A,G&A,False,Montreal,roster,1.0,16,8161.059896887792,652.8847917510234,969.5339157502698,489.6635938132675,0.0,0.0,10273.142198202353
2027-03,emp-0132,Finance & Operations,G&A,G&A,False,Montreal,roster,1.0,17,8161.059896887792,652.8847917510234,969.5339157502698,489.6635938132675,0.0,0.0,10273.142198202353
2027-04,emp-0132,Finance & Operations,G&A,G&A,False,Montreal,roster,1.0,18,8161.059896887792,652.8847917510234,969.5339157502698,489.6635938132675,0.0,0.0,10273.142198202353
2027-05,emp-0132,Finance & Operations,G&A,G&A,False,Montreal,roster,1.0,19,8161.059896887792,652.8847917510234,969.5339157502698,489.6635938132675,0.0,0.0,10273.142198202353
2027-06,emp-0132,Finance & Operations,G&A,G&A,False,Montreal,roster,1.0,20,8161.059896887792,652.8847917510234,969.5339157502698,489.6635938132675,0.0,0.0,10273.142198202353
2027-07,emp-0132,Finance & Operations,G&A,G&A,False,Montreal,roster,1.0,21,8161.059896887792,652.8847917510234,969.5339157502698,489.6635938132675,0.0,0.0,10273.142198202353
2027-08,emp-0132,Finance & Operations,G&A,G&A,False,Montreal,roster,1.0,22,8161.059896887792,652.8847917510234,969.5339157502698,489.6635938132675,0.0,0.0,10273.142198202353
2027-09,emp-0132,Finance & Operations,G&A,G&A,False,Montreal,roster,1.0,23,8161.059896887792,652.8847917510234,969.5339157502698,489.6635938132675,0.0,0.0,10273.142198202353
2027-10,emp-0132,Finance & Operations,G&A,G&A,False,Montreal,roster,1.0,24,8161.059896887792,652.8847917510234,969.5339157502698,489.6635938132675,0.0,0.0,10273.142198202353
2027-11,emp-0132,Finance & Operations,G&A,G&A,False,Montreal,roster,1.0,25,8161.059896887792,652.8847917510234,969.5339157502698,489.6635938132675,0.0,0.0,10273.142198202353
2027-12,emp-0132,Finance & Operations,G&A,G&A,False,Montreal,roster,1.0,26,8161.059896887792,652.8847917510234,969.5339157502698,489.6635938132675,0.0,0.0,10273.142198202353
2028-01,emp-0132,Finance & Operations,G&A,G&A,False,Montreal,roster,1.0,27,8446.696993278863,675.735759462309,1003.4676028015291,506.8018195967318,0.0,0.0,10632.702175139435
2028-02,emp-0132,Finance & Operations,G&A,G&A,False,Montreal,roster,1.0,28,8446.696993278863,675.735759462309,1003.4676028015291,506.8018195967318,0.0,0.0,10632.702175139435
2026-09,emp-0133,Software Engineer,R&D,R&D,False,Montreal,roster,1.0,10,8008.522727256382,640.6818181805105,951.4124999980583,480.51136363538285,0.0,0.0,10081.128409070334
2026-10,emp-0133,Software Engineer,R&D,R&D,False,Montreal,roster,1.0,11,8008.522727256382,640.6818181805105,951.4124999980583,480.51136363538285,0.0,0.0,10081.128409070334
2026-11,emp-0133,Software Engineer,R&D,R&D,False,Montreal,roster,1.0,12,8008.522727256382,640.6818181805105,951.4124999980583,480.51136363538285,0.0,0.0,10081.128409070334
2026-12,emp-0133,Software Engineer,R&D,R&D,False,Montreal,roster,1.0,13,8008.522727256382,640.6818181805105,951.4124999980583,480.51136363538285,0.0,0.0,10081.128409070334
2027-01,emp-0133,Software Engineer,R&D,R&D,False,Montreal,roster,1.0,14,8288.821022710354,663.1056818168283,984.7119374979901,497.3292613626212,0.0,0.0,10433.967903387795
2027-02,emp-0133,Software Engineer,R&D,R&D,False,Montreal,roster,1.0,15,8288.821022710354,663.1056818168283,984.7119374979901,497.3292613626212,0.0,0.0,10433.967903387795
2027-03,emp-0133,Software Engineer,R&D,R&D,False,Montreal,roster,1.0,16,8288.821022710354,663.1056818168283,984.7119374979901,497.3292613626212,0.0,0.0,10433.967903387795
2027-04,emp-0133,Software Engineer,R&D,R&D,False,Montreal,roster,1.0,17,8288.821022710354,663.1056818168283,984.7119374979901,497.3292613626212,0.0,0.0,10433.967903387795
2027-05,emp-0133,Software Engineer,R&D,R&D,False,Montreal,roster,1.0,18,8288.821022710354,663.1056818168283,984.7119374979901,497.3292613626212,0.0,0.0,10433.967903387795
2027-06,emp-0133,Software Engineer,R&D,R&D,False,Montreal,roster,1.0,19,8288.821022710354,663.1056818168283,984.7119374979901,497.3292613626212,0.0,0.0,10433.967903387795
2027-07,emp-0133,Software Engineer,R&D,R&D,False,Montreal,roster,1.0,20,8288.821022710354,663.1056818168283,984.7119374979901,497.3292613626212,0.0,0.0,10433.967903387795
2027-08,emp-0133,Software Engineer,R&D,R&D,False,Montreal,roster,1.0,21,8288.821022710354,663.1056818168283,984.7119374979901,497.3292613626212,0.0,0.0,10433.967903387795
2027-09,emp-0133,Software Engineer,R&D,R&D,False,Montreal,roster,1.0,22,8288.821022710354,663.1056818168283,984.7119374979901,497.3292613626212,0.0,0.0,10433.967903387795
2027-10,emp-0133,Software Engineer,R&D,R&D,False,Montreal,roster,1.0,23,8288.821022710354,663.1056818168283,984.7119374979901,497.3292613626212,0.0,0.0,10433.967903387795
2027-11,emp-0133,Software Engineer,R&D,R&D,False,Montreal,roster,1.0,24,8288.821022710354,663.1056818168283,984.7119374979901,497.3292613626212,0.0,0.0,10433.967903387795
2027-12,emp-0133,Software Engineer,R&D,R&D,False,Montreal,roster,1.0,25,8288.821022710354,663.1056818168283,984.7119374979901,497.3292613626212,0.0,0.0,10433.967903387795
2028-01,emp-0133,Software Engineer,R&D,R&D,False,Montreal,roster,1.0,26,8578.929758505215,686.3143806804172,1019.1768553104195,514.7357855103129,0.0,0.0,10799.156780006364
2028-02,emp-0133,Software Engineer,R&D,R&D,False,Montreal,roster,1.0,27,8578.929758505215,686.3143806804172,1019.1768553104195,514.7357855103129,0.0,0.0,10799.156780006364
2026-09,emp-0134,Site Reliability Engineer,Customer Operations,COGS,False,Montreal,roster,1.0,10,10486.157222292497,838.8925777833998,1245.7554780083485,629.1694333375498,0.0,0.0,13199.974711421793
2026-10,emp-0134,Site Reliability Engineer,Customer Operations,COGS,False,Montreal,roster,1.0,11,10486.157222292497,838.8925777833998,1245.7554780083485,629.1694333375498,0.0,0.0,13199.974711421793
2026-11,emp-0134,Site Reliability Engineer,Customer Operations,COGS,False,Montreal,roster,1.0,12,10486.157222292497,838.8925777833998,1245.7554780083485,629.1694333375498,0.0,0.0,13199.974711421793
2026-12,emp-0134,Site Reliability Engineer,Customer Operations,COGS,False,Montreal,roster,1.0,13,10486.157222292497,838.8925777833998,1245.7554780083485,629.1694333375498,0.0,0.0,13199.974711421793
2027-01,emp-0134,Site Reliability Engineer,Customer Operations,COGS,False,Montreal,roster,1.0,14,10853.172725072734,868.2538180058187,1289.3569197386407,651.1903635043641,0.0,0.0,13661.973826321557
2027-02,emp-0134,Site Reliability Engineer,Customer Operations,COGS,False,Montreal,roster,1.0,15,10853.172725072734,868.2538180058187,1289.3569197386407,651.1903635043641,0.0,0.0,13661.973826321557
2027-03,emp-0134,Site Reliability Engineer,Customer Operations,COGS,False,Montreal,roster,1.0,16,10853.172725072734,868.2538180058187,1289.3569197386407,651.1903635043641,0.0,0.0,13661.973826321557
2027-04,emp-0134,Site Reliability Engineer,Customer Operations,COGS,False,Montreal,roster,1.0,17,10853.172725072734,868.2538180058187,1289.3569197386407,651.1903635043641,0.0,0.0,13661.973826321557
2027-05,emp-0134,Site Reliability Engineer,Customer Operations,COGS,False,Montreal,roster,1.0,18,10853.172725072734,868.2538180058187,1289.3569197386407,651.1903635043641,0.0,0.0,13661.973826321557
2027-06,emp-0134,Site Reliability Engineer,Customer Operations,COGS,False,Montreal,roster,1.0,19,10853.172725072734,868.2538180058187,1289.3569197386407,651.1903635043641,0.0,0.0,13661.973826321557
2027-07,emp-0134,Site Reliability Engineer,Customer Operations,COGS,False,Montreal,roster,1.0,20,10853.172725072734,868.2538180058187,1289.3569197386407,651.1903635043641,0.0,0.0,13661.973826321557
2027-08,emp-0134,Site Reliability Engineer,Customer Operations,COGS,False,Montreal,roster,1.0,21,10853.172725072734,868.2538180058187,1289.3569197386407,651.1903635043641,0.0,0.0,13661.973826321557
2027-09,emp-0134,Site Reliability Engineer,Customer Operations,COGS,False,Montreal,roster,1.0,22,10853.172725072734,868.2538180058187,1289.3569197386407,651.1903635043641,0.0,0.0,13661.973826321557
2027-10,emp-0134,Site Reliability Engineer,Customer Operations,COGS,False,Montreal,roster,1.0,23,10853.172725072734,868.2538180058187,1289.3569197386407,651.1903635043641,0.0,0.0,13661.973826321557
2027-11,emp-0134,Site Reliability Engineer,Customer Operations,COGS,False,Montreal,roster,1.0,24,10853.172725072734,868.2538180058187,1289.3569197386407,651.1903635043641,0.0,0.0,13661.973826321557
2027-12,emp-0134,Site Reliability Engineer,Customer Operations,COGS,False,Montreal,roster,1.0,25,10853.172725072734,868.2538180058187,1289.3569197386407,651.1903635043641,0.0,0.0,13661.973826321557
2028-01,emp-0134,Site Reliability Engineer,Customer Operations,COGS,False,Montreal,roster,1.0,26,11233.03377045028,898.6427016360224,1334.4844119294933,673.9820262270167,0.0,0.0,14140.142910242814
2028-02,emp-0134,Site Reliability Engineer,Customer Operations,COGS,False,Montreal,roster,1.0,27,11233.03377045028,898.6427016360224,1334.4844119294933,673.9820262270167,0.0,0.0,14140.142910242814
2026-09,emp-0135,People & Talent,G&A,G&A,False,Montreal,roster,1.0,9,7327.384685786717,586.1907748629374,870.493300671462,439.64308114720296,0.0,0.0,9223.71184246832
2026-10,emp-0135,People & Talent,G&A,G&A,False,Montreal,roster,1.0,10,7327.384685786717,586.1907748629374,870.493300671462,439.64308114720296,0.0,0.0,9223.71184246832
2026-11,emp-0135,People & Talent,G&A,G&A,False,Montreal,roster,1.0,11,7327.384685786717,586.1907748629374,870.493300671462,439.64308114720296,0.0,0.0,9223.71184246832
2026-12,emp-0135,People & Talent,G&A,G&A,False,Montreal,roster,1.0,12,7327.384685786717,586.1907748629374,870.493300671462,439.64308114720296,0.0,0.0,9223.71184246832
2027-01,emp-0135,People & Talent,G&A,G&A,False,Montreal,roster,1.0,13,7583.84314978925,606.70745198314,900.9605661949629,455.030588987355,0.0,0.0,9546.541756954708
2027-02,emp-0135,People & Talent,G&A,G&A,False,Montreal,roster,1.0,14,7583.84314978925,606.70745198314,900.9605661949629,455.030588987355,0.0,0.0,9546.541756954708
2027-03,emp-0135,People & Talent,G&A,G&A,False,Montreal,roster,1.0,15,7583.84314978925,606.70745198314,900.9605661949629,455.030588987355,0.0,0.0,9546.541756954708
2027-04,emp-0135,People & Talent,G&A,G&A,False,Montreal,roster,1.0,16,7583.84314978925,606.70745198314,900.9605661949629,455.030588987355,0.0,0.0,9546.541756954708
2027-05,emp-0135,People & Talent,G&A,G&A,False,Montreal,roster,1.0,17,7583.84314978925,606.70745198314,900.9605661949629,455.030588987355,0.0,0.0,9546.541756954708
2027-06,emp-0135,People & Talent,G&A,G&A,False,Montreal,roster,1.0,18,7583.84314978925,606.70745198314,900.9605661949629,455.030588987355,0.0,0.0,9546.541756954708
2027-07,emp-0135,People & Talent,G&A,G&A,False,Montreal,roster,1.0,19,7583.84314978925,606.70745198314,900.9605661949629,455.030588987355,0.0,0.0,9546.541756954708
2027-08,emp-0135,People & Talent,G&A,G&A,False,Montreal,roster,1.0,20,7583.84314978925,606.70745198314,900.9605661949629,455.030588987355,0.0,0.0,9546.541756954708
2027-09,emp-0135,People & Talent,G&A,G&A,False,Montreal,roster,1.0,21,7583.84314978925,606.70745198314,900.9605661949629,455.030588987355,0.0,0.0,9546.541756954708
2027-10,emp-0135,People & Talent,G&A,G&A,False,Montreal,roster,1.0,22,7583.84314978925,606.70745198314,900.9605661949629,455.030588987355,0.0,0.0,9546.541756954708
2027-11,emp-0135,People & Talent,G&A,G&A,False,Montreal,roster,1.0,23,7583.84314978925,606.70745198314,900.9605661949629,455.030588987355,0.0,0.0,9546.541756954708
2027-12,emp-0135,People & Talent,G&A,G&A,False,Montreal,roster,1.0,24,7583.84314978925,606.70745198314,900.9605661949629,455.030588987355,0.0,0.0,9546.541756954708
2028-01,emp-0135,People & Talent,G&A,G&A,False,Montreal,roster,1.0,25,7849.277660031873,627.9422128025499,932.4941860117865,470.95665960191235,0.0,0.0,9880.670718448122
2028-02,emp-0135,People & Talent,G&A,G&A,False,Montreal,roster,1.0,26,7849.277660031873,627.9422128025499,932.4941860117865,470.95665960191235,0.0,0.0,9880.670718448122
2026-09,emp-0136,Software Engineer,R&D,R&D,False,Montreal,roster,1.0,6,8065.998803354737,645.279904268379,958.2406578385428,483.9599282012842,0.0,0.0,10153.479293662944
2026-10,emp-0136,Software Engineer,R&D,R&D,False,Montreal,roster,1.0,7,8065.998803354737,645.279904268379,958.2406578385428,483.9599282012842,0.0,0.0,10153.479293662944
2026-11,emp-0136,Software Engineer,R&D,R&D,False,Montreal,roster,1.0,8,8065.998803354737,645.279904268379,958.2406578385428,483.9599282012842,0.0,0.0,10153.479293662944
2026-12,emp-0136,Software Engineer,R&D,R&D,False,Montreal,roster,1.0,9,8065.998803354737,645.279904268379,958.2406578385428,483.9599282012842,0.0,0.0,10153.479293662944
2027-01,emp-0136,Software Engineer,R&D,R&D,False,Montreal,roster,1.0,10,8348.308761472152,667.8647009177721,991.7790808628918,500.8985256883291,0.0,0.0,10508.851068941147
2027-02,emp-0136,Software Engineer,R&D,R&D,False,Montreal,roster,1.0,11,8348.308761472152,667.8647009177721,991.7790808628918,500.8985256883291,0.0,0.0,10508.851068941147
2027-03,emp-0136,Software Engineer,R&D,R&D,False,Montreal,roster,1.0,12,8348.308761472152,667.8647009177721,991.7790808628918,500.8985256883291,0.0,0.0,10508.851068941147
2027-04,emp-0136,Software Engineer,R&D,R&D,False,Montreal,roster,1.0,13,8348.308761472152,667.8647009177721,991.7790808628918,500.8985256883291,0.0,0.0,10508.851068941147
2027-05,emp-0136,Software Engineer,R&D,R&D,False,Montreal,roster,1.0,14,8348.308761472152,667.8647009177721,991.7790808628918,500.8985256883291,0.0,0.0,10508.851068941147
2027-06,emp-0136,Software Engineer,R&D,R&D,False,Montreal,roster,1.0,15,8348.308761472152,667.8647009177721,991.7790808628918,500.8985256883291,0.0,0.0,10508.851068941147
2027-07,emp-0136,Software Engineer,R&D,R&D,False,Montreal,roster,1.0,16,8348.308761472152,667.8647009177721,991.7790808628918,500.8985256883291,0.0,0.0,10508.851068941147
2027-08,emp-0136,Software Engineer,R&D,R&D,False,Montreal,roster,1.0,17,8348.308761472152,667.8647009177721,991.7790808628918,500.8985256883291,0.0,0.0,10508.851068941147
2027-09,emp-0136,Software Engineer,R&D,R&D,False,Montreal,roster,1.0,18,8348.308761472152,667.8647009177721,991.7790808628918,500.8985256883291,0.0,0.0,10508.851068941147
2027-10,emp-0136,Software Engineer,R&D,R&D,False,Montreal,roster,1.0,19,8348.308761472152,667.8647009177721,991.7790808628918,500.8985256883291,0.0,0.0,10508.851068941147
2027-11,emp-0136,Software Engineer,R&D,R&D,False,Montreal,roster,1.0,20,8348.308761472152,667.8647009177721,991.7790808628918,500.8985256883291,0.0,0.0,10508.851068941147
2027-12,emp-0136,Software Engineer,R&D,R&D,False,Montreal,roster,1.0,21,8348.308761472152,667.8647009177721,991.7790808628918,500.8985256883291,0.0,0.0,10508.851068941147
2028-01,emp-0136,Software Engineer,R&D,R&D,False,Montreal,roster,1.0,22,8640.499568123678,691.2399654498943,1026.491348693093,518.4299740874206,0.0,0.0,10876.660856354087
2028-02,emp-0136,Software Engineer,R&D,R&D,False,Montreal,roster,1.0,23,8640.499568123678,691.2399654498943,1026.491348693093,518.4299740874206,0.0,0.0,10876.660856354087
2026-09,emp-0137,Software Engineer,R&D,R&D,False,Montreal,roster,1.0,6,7911.39821478122,632.9118571824977,939.874107916009,474.6838928868732,0.0,0.0,9958.868072766601
2026-10,emp-0137,Software Engineer,R&D,R&D,False,Montreal,roster,1.0,7,7911.39821478122,632.9118571824977,939.874107916009,474.6838928868732,0.0,0.0,9958.868072766601
2026-11,emp-0137,Software Engineer,R&D,R&D,False,Montreal,roster,1.0,8,7911.39821478122,632.9118571824977,939.874107916009,474.6838928868732,0.0,0.0,9958.868072766601
2026-12,emp-0137,Software Engineer,R&D,R&D,False,Montreal,roster,1.0,9,7911.39821478122,632.9118571824977,939.874107916009,474.6838928868732,0.0,0.0,9958.868072766601
2027-01,emp-0137,Software Engineer,R&D,R&D,False,Montreal,roster,1.0,10,8188.297152298562,655.0637721838849,972.7697016930692,491.2978291379137,0.0,0.0,10307.42845531343
2027-02,emp-0137,Software Engineer,R&D,R&D,False,Montreal,roster,1.0,11,8188.297152298562,655.0637721838849,972.7697016930692,491.2978291379137,0.0,0.0,10307.42845531343
2027-03,emp-0137,Software Engineer,R&D,R&D,False,Montreal,roster,1.0,12,8188.297152298562,655.0637721838849,972.7697016930692,491.2978291379137,0.0,0.0,10307.42845531343
2027-04,emp-0137,Software Engineer,R&D,R&D,False,Montreal,roster,1.0,13,8188.297152298562,655.0637721838849,972.7697016930692,491.2978291379137,0.0,0.0,10307.42845531343
2027-05,emp-0137,Software Engineer,R&D,R&D,False,Montreal,roster,1.0,14,8188.297152298562,655.0637721838849,972.7697016930692,491.2978291379137,0.0,0.0,10307.42845531343
2027-06,emp-0137,Software Engineer,R&D,R&D,False,Montreal,roster,1.0,15,8188.297152298562,655.0637721838849,972.7697016930692,491.2978291379137,0.0,0.0,10307.42845531343
2027-07,emp-0137,Software Engineer,R&D,R&D,False,Montreal,roster,1.0,16,8188.297152298562,655.0637721838849,972.7697016930692,491.2978291379137,0.0,0.0,10307.42845531343
2027-08,emp-0137,Software Engineer,R&D,R&D,False,Montreal,roster,1.0,17,8188.297152298562,655.0637721838849,972.7697016930692,491.2978291379137,0.0,0.0,10307.42845531343
2027-09,emp-0137,Software Engineer,R&D,R&D,False,Montreal,roster,1.0,18,8188.297152298562,655.0637721838849,972.7697016930692,491.2978291379137,0.0,0.0,10307.42845531343
2027-10,emp-0137,Software Engineer,R&D,R&D,False,Montreal,roster,1.0,19,8188.297152298562,655.0637721838849,972.7697016930692,491.2978291379137,0.0,0.0,10307.42845531343
2027-11,emp-0137,Software Engineer,R&D,R&D,False,Montreal,roster,1.0,20,8188.297152298562,655.0637721838849,972.7697016930692,491.2978291379137,0.0,0.0,10307.42845531343
2027-12,emp-0137,Software Engineer,R&D,R&D,False,Montreal,roster,1.0,21,8188.297152298562,655.0637721838849,972.7697016930692,491.2978291379137,0.0,0.0,10307.42845531343
2028-01,emp-0137,Software Engineer,R&D,R&D,False,Montreal,roster,1.0,22,8474.887552629012,677.991004210321,1006.8166412523266,508.4932531577407,0.0,0.0,10668.1884512494
2028-02,emp-0137,Software Engineer,R&D,R&D,False,Montreal,roster,1.0,23,8474.887552629012,677.991004210321,1006.8166412523266,508.4932531577407,0.0,0.0,10668.1884512494
2026-09,emp-0138,Software Engineer,R&D,R&D,False,Montreal,roster,1.0,4,7824.905075009029,625.9924060007223,929.5987229110726,469.4943045005417,0.0,0.0,9849.990508421366
2026-10,emp-0138,Software Engineer,R&D,R&D,False,Montreal,roster,1.0,5,7824.905075009029,625.9924060007223,929.5987229110726,469.4943045005417,0.0,0.0,9849.990508421366
2026-11,emp-0138,Software Engineer,R&D,R&D,False,Montreal,roster,1.0,6,7824.905075009029,625.9924060007223,929.5987229110726,469.4943045005417,0.0,0.0,9849.990508421366
2026-12,emp-0138,Software Engineer,R&D,R&D,False,Montreal,roster,1.0,7,7824.905075009029,625.9924060007223,929.5987229110726,469.4943045005417,0.0,0.0,9849.990508421366
2027-01,emp-0138,Software Engineer,R&D,R&D,False,Montreal,roster,1.0,8,8098.776752634345,647.9021402107476,962.1346782129602,485.9266051580607,0.0,0.0,10194.740176216113
2027-02,emp-0138,Software Engineer,R&D,R&D,False,Montreal,roster,1.0,9,8098.776752634345,647.9021402107476,962.1346782129602,485.9266051580607,0.0,0.0,10194.740176216113
2027-03,emp-0138,Software Engineer,R&D,R&D,False,Montreal,roster,1.0,10,8098.776752634345,647.9021402107476,962.1346782129602,485.9266051580607,0.0,0.0,10194.740176216113
2027-04,emp-0138,Software Engineer,R&D,R&D,False,Montreal,roster,1.0,11,8098.776752634345,647.9021402107476,962.1346782129602,485.9266051580607,0.0,0.0,10194.740176216113
2027-05,emp-0138,Software Engineer,R&D,R&D,False,Montreal,roster,1.0,12,8098.776752634345,647.9021402107476,962.1346782129602,485.9266051580607,0.0,0.0,10194.740176216113
2027-06,emp-0138,Software Engineer,R&D,R&D,False,Montreal,roster,1.0,13,8098.776752634345,647.9021402107476,962.1346782129602,485.9266051580607,0.0,0.0,10194.740176216113
2027-07,emp-0138,Software Engineer,R&D,R&D,False,Montreal,roster,1.0,14,8098.776752634345,647.9021402107476,962.1346782129602,485.9266051580607,0.0,0.0,10194.740176216113
2027-08,emp-0138,Software Engineer,R&D,R&D,False,Montreal,roster,1.0,15,8098.776752634345,647.9021402107476,962.1346782129602,485.9266051580607,0.0,0.0,10194.740176216113
2027-09,emp-0138,Software Engineer,R&D,R&D,False,Montreal,roster,1.0,16,8098.776752634345,647.9021402107476,962.1346782129602,485.9266051580607,0.0,0.0,10194.740176216113
2027-10,emp-0138,Software Engineer,R&D,R&D,False,Montreal,roster,1.0,17,8098.776752634345,647.9021402107476,962.1346782129602,485.9266051580607,0.0,0.0,10194.740176216113
2027-11,emp-0138,Software Engineer,R&D,R&D,False,Montreal,roster,1.0,18,8098.776752634345,647.9021402107476,962.1346782129602,485.9266051580607,0.0,0.0,10194.740176216113
2027-12,emp-0138,Software Engineer,R&D,R&D,False,Montreal,roster,1.0,19,8098.776752634345,647.9021402107476,962.1346782129602,485.9266051580607,0.0,0.0,10194.740176216113
2028-01,emp-0138,Software Engineer,R&D,R&D,False,Montreal,roster,1.0,20,8382.233938976546,670.5787151181237,995.8093919504136,502.9340363385927,0.0,0.0,10551.556082383675
2028-02,emp-0138,Software Engineer,R&D,R&D,False,Montreal,roster,1.0,21,8382.233938976546,670.5787151181237,995.8093919504136,502.9340363385927,0.0,0.0,10551.556082383675
2026-09,emp-0139,Senior Software Engineer,R&D,R&D,False,Montreal,roster,1.0,5,10318.0272501376,825.4421800110081,1225.781637316347,619.081635008256,0.0,0.0,12988.332702473213
2026-10,emp-0139,Senior Software Engineer,R&D,R&D,False,Montreal,roster,1.0,6,10318.0272501376,825.4421800110081,1225.781637316347,619.081635008256,0.0,0.0,12988.332702473213
2026-11,emp-0139,Senior Software Engineer,R&D,R&D,False,Montreal,roster,1.0,7,10318.0272501376,825.4421800110081,1225.781637316347,619.081635008256,0.0,0.0,12988.332702473213
2026-12,emp-0139,Senior Software Engineer,R&D,R&D,False,Montreal,roster,1.0,8,10318.0272501376,825.4421800110081,1225.781637316347,619.081635008256,0.0,0.0,12988.332702473213
2027-01,emp-0139,Senior Software Engineer,R&D,R&D,False,Montreal,roster,1.0,9,10679.158203892415,854.3326563113933,1268.683994622419,640.7494922335449,0.0,0.0,13442.924347059772
2027-02,emp-0139,Senior Software Engineer,R&D,R&D,False,Montreal,roster,1.0,10,10679.158203892415,854.3326563113933,1268.683994622419,640.7494922335449,0.0,0.0,13442.924347059772
2027-03,emp-0139,Senior Software Engineer,R&D,R&D,False,Montreal,roster,1.0,11,10679.158203892415,854.3326563113933,1268.683994622419,640.7494922335449,0.0,0.0,13442.924347059772
2027-04,emp-0139,Senior Software Engineer,R&D,R&D,False,Montreal,roster,1.0,12,10679.158203892415,854.3326563113933,1268.683994622419,640.7494922335449,0.0,0.0,13442.924347059772
2027-05,emp-0139,Senior Software Engineer,R&D,R&D,False,Montreal,roster,1.0,13,10679.158203892415,854.3326563113933,1268.683994622419,640.7494922335449,0.0,0.0,13442.924347059772
2027-06,emp-0139,Senior Software Engineer,R&D,R&D,False,Montreal,roster,1.0,14,10679.158203892415,854.3326563113933,1268.683994622419,640.7494922335449,0.0,0.0,13442.924347059772
2027-07,emp-0139,Senior Software Engineer,R&D,R&D,False,Montreal,roster,1.0,15,10679.158203892415,854.3326563113933,1268.683994622419,640.7494922335449,0.0,0.0,13442.924347059772
2027-08,emp-0139,Senior Software Engineer,R&D,R&D,False,Montreal,roster,1.0,16,10679.158203892415,854.3326563113933,1268.683994622419,640.7494922335449,0.0,0.0,13442.924347059772
2027-09,emp-0139,Senior Software Engineer,R&D,R&D,False,Montreal,roster,1.0,17,10679.158203892415,854.3326563113933,1268.683994622419,640.7494922335449,0.0,0.0,13442.924347059772
2027-10,emp-0139,Senior Software Engineer,R&D,R&D,False,Montreal,roster,1.0,18,10679.158203892415,854.3326563113933,1268.683994622419,640.7494922335449,0.0,0.0,13442.924347059772
2027-11,emp-0139,Senior Software Engineer,R&D,R&D,False,Montreal,roster,1.0,19,10679.158203892415,854.3326563113933,1268.683994622419,640.7494922335449,0.0,0.0,13442.924347059772
2027-12,emp-0139,Senior Software Engineer,R&D,R&D,False,Montreal,roster,1.0,20,10679.158203892415,854.3326563113933,1268.683994622419,640.7494922335449,0.0,0.0,13442.924347059772
2028-01,emp-0139,Senior Software Engineer,R&D,R&D,False,Montreal,roster,1.0,21,11052.92874102865,884.2342992822921,1313.0879344342038,663.175724461719,0.0,0.0,13913.426699206866
2028-02,emp-0139,Senior Software Engineer,R&D,R&D,False,Montreal,roster,1.0,22,11052.92874102865,884.2342992822921,1313.0879344342038,663.175724461719,0.0,0.0,13913.426699206866
2026-09,emp-0140,Senior Software Engineer,R&D,R&D,False,Montreal,roster,1.0,2,10884.469809418586,870.7575847534869,1293.075013358928,653.0681885651152,0.0,0.0,13701.370596096116
2026-10,emp-0140,Senior Software Engineer,R&D,R&D,False,Montreal,roster,1.0,3,10884.469809418586,870.7575847534869,1293.075013358928,653.0681885651152,0.0,0.0,13701.370596096116
2026-11,emp-0140,Senior Software Engineer,R&D,R&D,False,Montreal,roster,1.0,4,10884.469809418586,870.7575847534869,1293.075013358928,653.0681885651152,0.0,0.0,13701.370596096116
2026-12,emp-0140,Senior Software Engineer,R&D,R&D,False,Montreal,roster,1.0,5,10884.469809418586,870.7575847534869,1293.075013358928,653.0681885651152,0.0,0.0,13701.370596096116
2027-01,emp-0140,Senior Software Engineer,R&D,R&D,False,Montreal,roster,1.0,6,11265.426252748235,901.2341002198589,1338.3326388264904,675.9255751648941,0.0,0.0,14180.918566959479
2027-02,emp-0140,Senior Software Engineer,R&D,R&D,False,Montreal,roster,1.0,7,11265.426252748235,901.2341002198589,1338.3326388264904,675.9255751648941,0.0,0.0,14180.918566959479
2027-03,emp-0140,Senior Software Engineer,R&D,R&D,False,Montreal,roster,1.0,8,11265.426252748235,901.2341002198589,1338.3326388264904,675.9255751648941,0.0,0.0,14180.918566959479
2027-04,emp-0140,Senior Software Engineer,R&D,R&D,False,Montreal,roster,1.0,9,11265.426252748235,901.2341002198589,1338.3326388264904,675.9255751648941,0.0,0.0,14180.918566959479
2027-05,emp-0140,Senior Software Engineer,R&D,R&D,False,Montreal,roster,1.0,10,11265.426252748235,901.2341002198589,1338.3326388264904,675.9255751648941,0.0,0.0,14180.918566959479
2027-06,emp-0140,Senior Software Engineer,R&D,R&D,False,Montreal,roster,1.0,11,11265.426252748235,901.2341002198589,1338.3326388264904,675.9255751648941,0.0,0.0,14180.918566959479
2027-07,emp-0140,Senior Software Engineer,R&D,R&D,False,Montreal,roster,1.0,12,11265.426252748235,901.2341002198589,1338.3326388264904,675.9255751648941,0.0,0.0,14180.918566959479
2027-08,emp-0140,Senior Software Engineer,R&D,R&D,False,Montreal,roster,1.0,13,11265.426252748235,901.2341002198589,1338.3326388264904,675.9255751648941,0.0,0.0,14180.918566959479
2027-09,emp-0140,Senior Software Engineer,R&D,R&D,False,Montreal,roster,1.0,14,11265.426252748235,901.2341002198589,1338.3326388264904,675.9255751648941,0.0,0.0,14180.918566959479
2027-10,emp-0140,Senior Software Engineer,R&D,R&D,False,Montreal,roster,1.0,15,11265.426252748235,901.2341002198589,1338.3326388264904,675.9255751648941,0.0,0.0,14180.918566959479
2027-11,emp-0140,Senior Software Engineer,R&D,R&D,False,Montreal,roster,1.0,16,11265.426252748235,901.2341002198589,1338.3326388264904,675.9255751648941,0.0,0.0,14180.918566959479
2027-12,emp-0140,Senior Software Engineer,R&D,R&D,False,Montreal,roster,1.0,17,11265.426252748235,901.2341002198589,1338.3326388264904,675.9255751648941,0.0,0.0,14180.918566959479
2028-01,emp-0140,Senior Software Engineer,R&D,R&D,False,Montreal,roster,1.0,18,11659.716171594424,932.7772937275539,1385.1742811854174,699.5829702956654,0.0,0.0,14677.25071680306
2028-02,emp-0140,Senior Software Engineer,R&D,R&D,False,Montreal,roster,1.0,19,11659.716171594424,932.7772937275539,1385.1742811854174,699.5829702956654,0.0,0.0,14677.25071680306
2026-09,emp-0141,Software Engineer,R&D,R&D,False,Paris,roster,1.0,5,6738.396015016169,539.0716812012936,3056.5364324113343,336.91980075080846,0.0,0.0,10670.923929379605
2026-10,emp-0141,Software Engineer,R&D,R&D,False,Paris,roster,1.0,6,6738.396015016169,539.0716812012936,3056.5364324113343,336.91980075080846,0.0,0.0,10670.923929379605
2026-11,emp-0141,Software Engineer,R&D,R&D,False,Paris,roster,1.0,7,6738.396015016169,539.0716812012936,3056.5364324113343,336.91980075080846,0.0,0.0,10670.923929379605
2026-12,emp-0141,Software Engineer,R&D,R&D,False,Paris,roster,1.0,8,6738.396015016169,539.0716812012936,3056.5364324113343,336.91980075080846,0.0,0.0,10670.923929379605
2027-01,emp-0141,Software Engineer,R&D,R&D,False,Paris,roster,1.0,9,6974.239875541734,557.9391900433387,3163.5152075457304,348.7119937770867,0.0,0.0,11044.406266907888
2027-02,emp-0141,Software Engineer,R&D,R&D,False,Paris,roster,1.0,10,6974.239875541734,557.9391900433387,3163.5152075457304,348.7119937770867,0.0,0.0,11044.406266907888
2027-03,emp-0141,Software Engineer,R&D,R&D,False,Paris,roster,1.0,11,6974.239875541734,557.9391900433387,3163.5152075457304,348.7119937770867,0.0,0.0,11044.406266907888
2027-04,emp-0141,Software Engineer,R&D,R&D,False,Paris,roster,1.0,12,6974.239875541734,557.9391900433387,3163.5152075457304,348.7119937770867,0.0,0.0,11044.406266907888
2027-05,emp-0141,Software Engineer,R&D,R&D,False,Paris,roster,1.0,13,6974.239875541734,557.9391900433387,3163.5152075457304,348.7119937770867,0.0,0.0,11044.406266907888
2027-06,emp-0141,Software Engineer,R&D,R&D,False,Paris,roster,1.0,14,6974.239875541734,557.9391900433387,3163.5152075457304,348.7119937770867,0.0,0.0,11044.406266907888
2027-07,emp-0141,Software Engineer,R&D,R&D,False,Paris,roster,1.0,15,6974.239875541734,557.9391900433387,3163.5152075457304,348.7119937770867,0.0,0.0,11044.406266907888
2027-08,emp-0141,Software Engineer,R&D,R&D,False,Paris,roster,1.0,16,6974.239875541734,557.9391900433387,3163.5152075457304,348.7119937770867,0.0,0.0,11044.406266907888
2027-09,emp-0141,Software Engineer,R&D,R&D,False,Paris,roster,1.0,17,6974.239875541734,557.9391900433387,3163.5152075457304,348.7119937770867,0.0,0.0,11044.406266907888
2027-10,emp-0141,Software Engineer,R&D,R&D,False,Paris,roster,1.0,18,6974.239875541734,557.9391900433387,3163.5152075457304,348.7119937770867,0.0,0.0,11044.406266907888
2027-11,emp-0141,Software Engineer,R&D,R&D,False,Paris,roster,1.0,19,6974.239875541734,557.9391900433387,3163.5152075457304,348.7119937770867,0.0,0.0,11044.406266907888
2027-12,emp-0141,Software Engineer,R&D,R&D,False,Paris,roster,1.0,20,6974.239875541734,557.9391900433387,3163.5152075457304,348.7119937770867,0.0,0.0,11044.406266907888
2028-01,emp-0141,Software Engineer,R&D,R&D,False,Paris,roster,1.0,21,7218.338271185695,577.4670616948556,3274.238239809831,360.91691355928475,0.0,0.0,11430.960486249667
2028-02,emp-0141,Software Engineer,R&D,R&D,False,Paris,roster,1.0,22,7218.338271185695,577.4670616948556,3274.238239809831,360.91691355928475,0.0,0.0,11430.960486249667
2026-09,emp-0142,Software Engineer,R&D,R&D,False,Paris,roster,1.0,5,6489.728194923693,519.1782555938954,2943.740709217387,324.4864097461847,0.0,0.0,10277.13356948116
2026-10,emp-0142,Software Engineer,R&D,R&D,False,Paris,roster,1.0,6,6489.728194923693,519.1782555938954,2943.740709217387,324.4864097461847,0.0,0.0,10277.13356948116
2026-11,emp-0142,Software Engineer,R&D,R&D,False,Paris,roster,1.0,7,6489.728194923693,519.1782555938954,2943.740709217387,324.4864097461847,0.0,0.0,10277.13356948116
2026-12,emp-0142,Software Engineer,R&D,R&D,False,Paris,roster,1.0,8,6489.728194923693,519.1782555938954,2943.740709217387,324.4864097461847,0.0,0.0,10277.13356948116
2027-01,emp-0142,Software Engineer,R&D,R&D,False,Paris,roster,1.0,9,6716.868681746022,537.3494945396818,3046.771634039995,335.84343408730115,0.0,0.0,10636.833244413
2027-02,emp-0142,Software Engineer,R&D,R&D,False,Paris,roster,1.0,10,6716.868681746022,537.3494945396818,3046.771634039995,335.84343408730115,0.0,0.0,10636.833244413
2027-03,emp-0142,Software Engineer,R&D,R&D,False,Paris,roster,1.0,11,6716.868681746022,537.3494945396818,3046.771634039995,335.84343408730115,0.0,0.0,10636.833244413
2027-04,emp-0142,Software Engineer,R&D,R&D,False,Paris,roster,1.0,12,6716.868681746022,537.3494945396818,3046.771634039995,335.84343408730115,0.0,0.0,10636.833244413
2027-05,emp-0142,Software Engineer,R&D,R&D,False,Paris,roster,1.0,13,6716.868681746022,537.3494945396818,3046.771634039995,335.84343408730115,0.0,0.0,10636.833244413
2027-06,emp-0142,Software Engineer,R&D,R&D,False,Paris,roster,1.0,14,6716.868681746022,537.3494945396818,3046.771634039995,335.84343408730115,0.0,0.0,10636.833244413
2027-07,emp-0142,Software Engineer,R&D,R&D,False,Paris,roster,1.0,15,6716.868681746022,537.3494945396818,3046.771634039995,335.84343408730115,0.0,0.0,10636.833244413
2027-08,emp-0142,Software Engineer,R&D,R&D,False,Paris,roster,1.0,16,6716.868681746022,537.3494945396818,3046.771634039995,335.84343408730115,0.0,0.0,10636.833244413
2027-09,emp-0142,Software Engineer,R&D,R&D,False,Paris,roster,1.0,17,6716.868681746022,537.3494945396818,3046.771634039995,335.84343408730115,0.0,0.0,10636.833244413
2027-10,emp-0142,Software Engineer,R&D,R&D,False,Paris,roster,1.0,18,6716.868681746022,537.3494945396818,3046.771634039995,335.84343408730115,0.0,0.0,10636.833244413
2027-11,emp-0142,Software Engineer,R&D,R&D,False,Paris,roster,1.0,19,6716.868681746022,537.3494945396818,3046.771634039995,335.84343408730115,0.0,0.0,10636.833244413
2027-12,emp-0142,Software Engineer,R&D,R&D,False,Paris,roster,1.0,20,6716.868681746022,537.3494945396818,3046.771634039995,335.84343408730115,0.0,0.0,10636.833244413
2028-01,emp-0142,Software Engineer,R&D,R&D,False,Paris,roster,1.0,21,6951.959085607133,556.1567268485707,3153.4086412313954,347.59795428035665,0.0,0.0,11009.122407967456
2028-02,emp-0142,Software Engineer,R&D,R&D,False,Paris,roster,1.0,22,6951.959085607133,556.1567268485707,3153.4086412313954,347.59795428035665,0.0,0.0,11009.122407967456
2026-09,emp-0143,Software Engineer,R&D,R&D,False,Paris,roster,1.0,2,6883.628754141332,550.6903003313066,3122.414002878508,344.1814377070666,0.0,0.0,10900.914495058212
2026-10,emp-0143,Software Engineer,R&D,R&D,False,Paris,roster,1.0,3,6883.628754141332,550.6903003313066,3122.414002878508,344.1814377070666,0.0,0.0,10900.914495058212
2026-11,emp-0143,Software Engineer,R&D,R&D,False,Paris,roster,1.0,4,6883.628754141332,550.6903003313066,3122.414002878508,344.1814377070666,0.0,0.0,10900.914495058212
2026-12,emp-0143,Software Engineer,R&D,R&D,False,Paris,roster,1.0,5,6883.628754141332,550.6903003313066,3122.414002878508,344.1814377070666,0.0,0.0,10900.914495058212
2027-01,emp-0143,Software Engineer,R&D,R&D,False,Paris,roster,1.0,6,7124.555760536277,569.9644608429022,3231.6984929792557,356.22778802681387,0.0,0.0,11282.44650238525
2027-02,emp-0143,Software Engineer,R&D,R&D,False,Paris,roster,1.0,7,7124.555760536277,569.9644608429022,3231.6984929792557,356.22778802681387,0.0,0.0,11282.44650238525
2027-03,emp-0143,Software Engineer,R&D,R&D,False,Paris,roster,1.0,8,7124.555760536277,569.9644608429022,3231.6984929792557,356.22778802681387,0.0,0.0,11282.44650238525
2027-04,emp-0143,Software Engineer,R&D,R&D,False,Paris,roster,1.0,9,7124.555760536277,569.9644608429022,3231.6984929792557,356.22778802681387,0.0,0.0,11282.44650238525
2027-05,emp-0143,Software Engineer,R&D,R&D,False,Paris,roster,1.0,10,7124.555760536277,569.9644608429022,3231.6984929792557,356.22778802681387,0.0,0.0,11282.44650238525
2027-06,emp-0143,Software Engineer,R&D,R&D,False,Paris,roster,1.0,11,7124.555760536277,569.9644608429022,3231.6984929792557,356.22778802681387,0.0,0.0,11282.44650238525
2027-07,emp-0143,Software Engineer,R&D,R&D,False,Paris,roster,1.0,12,7124.555760536277,569.9644608429022,3231.6984929792557,356.22778802681387,0.0,0.0,11282.44650238525
2027-08,emp-0143,Software Engineer,R&D,R&D,False,Paris,roster,1.0,13,7124.555760536277,569.9644608429022,3231.6984929792557,356.22778802681387,0.0,0.0,11282.44650238525
2027-09,emp-0143,Software Engineer,R&D,R&D,False,Paris,roster,1.0,14,7124.555760536277,569.9644608429022,3231.6984929792557,356.22778802681387,0.0,0.0,11282.44650238525
2027-10,emp-0143,Software Engineer,R&D,R&D,False,Paris,roster,1.0,15,7124.555760536277,569.9644608429022,3231.6984929792557,356.22778802681387,0.0,0.0,11282.44650238525
2027-11,emp-0143,Software Engineer,R&D,R&D,False,Paris,roster,1.0,16,7124.555760536277,569.9644608429022,3231.6984929792557,356.22778802681387,0.0,0.0,11282.44650238525
2027-12,emp-0143,Software Engineer,R&D,R&D,False,Paris,roster,1.0,17,7124.555760536277,569.9644608429022,3231.6984929792557,356.22778802681387,0.0,0.0,11282.44650238525
2028-01,emp-0143,Software Engineer,R&D,R&D,False,Paris,roster,1.0,18,7373.915212155047,589.9132169724038,3344.807940233529,368.6957606077524,0.0,0.0,11677.33212996873
2028-02,emp-0143,Software Engineer,R&D,R&D,False,Paris,roster,1.0,19,7373.915212155047,589.9132169724038,3344.807940233529,368.6957606077524,0.0,0.0,11677.33212996873
2026-09,emp-0144,Data Engineer,R&D,R&D,False,Paris,roster,1.0,4,8249.77131411387,659.9817051291096,3742.0962680820517,412.48856570569353,0.0,0.0,13064.337853030725
2026-10,emp-0144,Data Engineer,R&D,R&D,False,Paris,roster,1.0,5,8249.77131411387,659.9817051291096,3742.0962680820517,412.48856570569353,0.0,0.0,13064.337853030725
2026-11,emp-0144,Data Engineer,R&D,R&D,False,Paris,roster,1.0,6,8249.77131411387,659.9817051291096,3742.0962680820517,412.48856570569353,0.0,0.0,13064.337853030725
2026-12,emp-0144,Data Engineer,R&D,R&D,False,Paris,roster,1.0,7,8249.77131411387,659.9817051291096,3742.0962680820517,412.48856570569353,0.0,0.0,13064.337853030725
2027-01,emp-0144,Data Engineer,R&D,R&D,False,Paris,roster,1.0,8,8538.513310107855,683.0810648086284,3873.069637464923,426.9256655053928,0.0,0.0,13521.5896778868
2027-02,emp-0144,Data Engineer,R&D,R&D,False,Paris,roster,1.0,9,8538.513310107855,683.0810648086284,3873.069637464923,426.9256655053928,0.0,0.0,13521.5896778868
2027-03,emp-0144,Data Engineer,R&D,R&D,False,Paris,roster,1.0,10,8538.513310107855,683.0810648086284,3873.069637464923,426.9256655053928,0.0,0.0,13521.5896778868
2027-04,emp-0144,Data Engineer,R&D,R&D,False,Paris,roster,1.0,11,8538.513310107855,683.0810648086284,3873.069637464923,426.9256655053928,0.0,0.0,13521.5896778868
2027-05,emp-0144,Data Engineer,R&D,R&D,False,Paris,roster,1.0,12,8538.513310107855,683.0810648086284,3873.069637464923,426.9256655053928,0.0,0.0,13521.5896778868
2027-06,emp-0144,Data Engineer,R&D,R&D,False,Paris,roster,1.0,13,8538.513310107855,683.0810648086284,3873.069637464923,426.9256655053928,0.0,0.0,13521.5896778868
2027-07,emp-0144,Data Engineer,R&D,R&D,False,Paris,roster,1.0,14,8538.513310107855,683.0810648086284,3873.069637464923,426.9256655053928,0.0,0.0,13521.5896778868
2027-08,emp-0144,Data Engineer,R&D,R&D,False,Paris,roster,1.0,15,8538.513310107855,683.0810648086284,3873.069637464923,426.9256655053928,0.0,0.0,13521.5896778868
2027-09,emp-0144,Data Engineer,R&D,R&D,False,Paris,roster,1.0,16,8538.513310107855,683.0810648086284,3873.069637464923,426.9256655053928,0.0,0.0,13521.5896778868
2027-10,emp-0144,Data Engineer,R&D,R&D,False,Paris,roster,1.0,17,8538.513310107855,683.0810648086284,3873.069637464923,426.9256655053928,0.0,0.0,13521.5896778868
2027-11,emp-0144,Data Engineer,R&D,R&D,False,Paris,roster,1.0,18,8538.513310107855,683.0810648086284,3873.069637464923,426.9256655053928,0.0,0.0,13521.5896778868
2027-12,emp-0144,Data Engineer,R&D,R&D,False,Paris,roster,1.0,19,8538.513310107855,683.0810648086284,3873.069637464923,426.9256655053928,0.0,0.0,13521.5896778868
2028-01,emp-0144,Data Engineer,R&D,R&D,False,Paris,roster,1.0,20,8837.36127596163,706.9889020769305,4008.627074776195,441.8680637980815,0.0,0.0,13994.845316612837
2028-02,emp-0144,Data Engineer,R&D,R&D,False,Paris,roster,1.0,21,8837.36127596163,706.9889020769305,4008.627074776195,441.8680637980815,0.0,0.0,13994.845316612837
2026-09,emp-0145,Account Executive,S&M,S&M,True,Austin,roster,1.0,8,9559.703328820742,0.0,812.5747829497632,1338.358466034904,0.0,0.0,11710.63657780541
2026-10,emp-0145,Account Executive,S&M,S&M,True,Austin,roster,1.0,9,9559.703328820742,0.0,812.5747829497632,1338.358466034904,0.0,0.0,11710.63657780541
2026-11,emp-0145,Account Executive,S&M,S&M,True,Austin,roster,1.0,10,9559.703328820742,0.0,812.5747829497632,1338.358466034904,0.0,0.0,11710.63657780541
2026-12,emp-0145,Account Executive,S&M,S&M,True,Austin,roster,1.0,11,9559.703328820742,0.0,812.5747829497632,1338.358466034904,0.0,0.0,11710.63657780541
2027-01,emp-0145,Account Executive,S&M,S&M,True,Austin,roster,1.0,12,9894.292945329467,0.0,841.0149003530048,1385.2010123461255,0.0,0.0,12120.508858028597
2027-02,emp-0145,Account Executive,S&M,S&M,True,Austin,roster,1.0,13,9894.292945329467,0.0,841.0149003530048,1385.2010123461255,0.0,0.0,12120.508858028597
2027-03,emp-0145,Account Executive,S&M,S&M,True,Austin,roster,1.0,14,9894.292945329467,0.0,841.0149003530048,1385.2010123461255,0.0,0.0,12120.508858028597
2027-04,emp-0145,Account Executive,S&M,S&M,True,Austin,roster,1.0,15,9894.292945329467,0.0,841.0149003530048,1385.2010123461255,0.0,0.0,12120.508858028597
2027-05,emp-0145,Account Executive,S&M,S&M,True,Austin,roster,1.0,16,9894.292945329467,0.0,841.0149003530048,1385.2010123461255,0.0,0.0,12120.508858028597
2027-06,emp-0145,Account Executive,S&M,S&M,True,Austin,roster,1.0,17,9894.292945329467,0.0,841.0149003530048,1385.2010123461255,0.0,0.0,12120.508858028597
2027-07,emp-0145,Account Executive,S&M,S&M,True,Austin,roster,1.0,18,9894.292945329467,0.0,841.0149003530048,1385.2010123461255,0.0,0.0,12120.508858028597
2027-08,emp-0145,Account Executive,S&M,S&M,True,Austin,roster,1.0,19,9894.292945329467,0.0,841.0149003530048,1385.2010123461255,0.0,0.0,12120.508858028597
2027-09,emp-0145,Account Executive,S&M,S&M,True,Austin,roster,1.0,20,9894.292945329467,0.0,841.0149003530048,1385.2010123461255,0.0,0.0,12120.508858028597
2027-10,emp-0145,Account Executive,S&M,S&M,True,Austin,roster,1.0,21,9894.292945329467,0.0,841.0149003530048,1385.2010123461255,0.0,0.0,12120.508858028597
2027-11,emp-0145,Account Executive,S&M,S&M,True,Austin,roster,1.0,22,9894.292945329467,0.0,841.0149003530048,1385.2010123461255,0.0,0.0,12120.508858028597
2027-12,emp-0145,Account Executive,S&M,S&M,True,Austin,roster,1.0,23,9894.292945329467,0.0,841.0149003530048,1385.2010123461255,0.0,0.0,12120.508858028597
2028-01,emp-0145,Account Executive,S&M,S&M,True,Austin,roster,1.0,24,10240.593198415998,0.0,870.4504218653599,1433.6830477782398,0.0,0.0,12544.726668059599
2028-02,emp-0145,Account Executive,S&M,S&M,True,Austin,roster,1.0,25,10240.593198415998,0.0,870.4504218653599,1433.6830477782398,0.0,0.0,12544.726668059599
2026-09,emp-0146,Account Executive,S&M,S&M,True,Austin,roster,1.0,8,9404.18506151556,0.0,799.3557302288226,1316.5859086121786,0.0,0.0,11520.12670035656
2026-10,emp-0146,Account Executive,S&M,S&M,True,Austin,roster,1.0,9,9404.18506151556,0.0,799.3557302288226,1316.5859086121786,0.0,0.0,11520.12670035656
2026-11,emp-0146,Account Executive,S&M,S&M,True,Austin,roster,1.0,10,9404.18506151556,0.0,799.3557302288226,1316.5859086121786,0.0,0.0,11520.12670035656
2026-12,emp-0146,Account Executive,S&M,S&M,True,Austin,roster,1.0,11,9404.18506151556,0.0,799.3557302288226,1316.5859086121786,0.0,0.0,11520.12670035656
2027-01,emp-0146,Account Executive,S&M,S&M,True,Austin,roster,1.0,12,9733.331538668603,0.0,827.3331807868312,1362.6664154136045,0.0,0.0,11923.331134869039
2027-02,emp-0146,Account Executive,S&M,S&M,True,Austin,roster,1.0,13,9733.331538668603,0.0,827.3331807868312,1362.6664154136045,0.0,0.0,11923.331134869039
2027-03,emp-0146,Account Executive,S&M,S&M,True,Austin,roster,1.0,14,9733.331538668603,0.0,827.3331807868312,1362.6664154136045,0.0,0.0,11923.331134869039
2027-04,emp-0146,Account Executive,S&M,S&M,True,Austin,roster,1.0,15,9733.331538668603,0.0,827.3331807868312,1362.6664154136045,0.0,0.0,11923.331134869039
2027-05,emp-0146,Account Executive,S&M,S&M,True,Austin,roster,1.0,16,9733.331538668603,0.0,827.3331807868312,1362.6664154136045,0.0,0.0,11923.331134869039
2027-06,emp-0146,Account Executive,S&M,S&M,True,Austin,roster,1.0,17,9733.331538668603,0.0,827.3331807868312,1362.6664154136045,0.0,0.0,11923.331134869039
2027-07,emp-0146,Account Executive,S&M,S&M,True,Austin,roster,1.0,18,9733.331538668603,0.0,827.3331807868312,1362.6664154136045,0.0,0.0,11923.331134869039
2027-08,emp-0146,Account Executive,S&M,S&M,True,Austin,roster,1.0,19,9733.331538668603,0.0,827.3331807868312,1362.6664154136045,0.0,0.0,11923.331134869039
2027-09,emp-0146,Account Executive,S&M,S&M,True,Austin,roster,1.0,20,9733.331538668603,0.0,827.3331807868312,1362.6664154136045,0.0,0.0,11923.331134869039
2027-10,emp-0146,Account Executive,S&M,S&M,True,Austin,roster,1.0,21,9733.331538668603,0.0,827.3331807868312,1362.6664154136045,0.0,0.0,11923.331134869039
2027-11,emp-0146,Account Executive,S&M,S&M,True,Austin,roster,1.0,22,9733.331538668603,0.0,827.3331807868312,1362.6664154136045,0.0,0.0,11923.331134869039
2027-12,emp-0146,Account Executive,S&M,S&M,True,Austin,roster,1.0,23,9733.331538668603,0.0,827.3331807868312,1362.6664154136045,0.0,0.0,11923.331134869039
2028-01,emp-0146,Account Executive,S&M,S&M,True,Austin,roster,1.0,24,10073.998142522005,0.0,856.2898421143705,1410.3597399530809,0.0,0.0,12340.647724589457
2028-02,emp-0146,Account Executive,S&M,S&M,True,Austin,roster,1.0,25,10073.998142522005,0.0,856.2898421143705,1410.3597399530809,0.0,0.0,12340.647724589457
2026-09,emp-0147,Sales Development Rep,S&M,S&M,True,Austin,roster,1.0,7,5279.539878095643,0.0,448.7608896381297,739.1355829333901,0.0,0.0,6467.4363506671625
2026-10,emp-0147,Sales Development Rep,S&M,S&M,True,Austin,roster,1.0,8,5279.539878095643,0.0,448.7608896381297,739.1355829333901,0.0,0.0,6467.4363506671625
2026-11,emp-0147,Sales Development Rep,S&M,S&M,True,Austin,roster,1.0,9,5279.539878095643,0.0,448.7608896381297,739.1355829333901,0.0,0.0,6467.4363506671625
2026-12,emp-0147,Sales Development Rep,S&M,S&M,True,Austin,roster,1.0,10,5279.539878095643,0.0,448.7608896381297,739.1355829333901,0.0,0.0,6467.4363506671625
2027-01,emp-0147,Sales Development Rep,S&M,S&M,True,Austin,roster,1.0,11,5464.32377382899,0.0,464.46752077546415,765.0053283360587,0.0,0.0,6693.796622940513
2027-02,emp-0147,Sales Development Rep,S&M,S&M,True,Austin,roster,1.0,12,5464.32377382899,0.0,464.46752077546415,765.0053283360587,0.0,0.0,6693.796622940513
2027-03,emp-0147,Sales Development Rep,S&M,S&M,True,Austin,roster,1.0,13,5464.32377382899,0.0,464.46752077546415,765.0053283360587,0.0,0.0,6693.796622940513
2027-04,emp-0147,Sales Development Rep,S&M,S&M,True,Austin,roster,1.0,14,5464.32377382899,0.0,464.46752077546415,765.0053283360587,0.0,0.0,6693.796622940513
2027-05,emp-0147,Sales Development Rep,S&M,S&M,True,Austin,roster,1.0,15,5464.32377382899,0.0,464.46752077546415,765.0053283360587,0.0,0.0,6693.796622940513
2027-06,emp-0147,Sales Development Rep,S&M,S&M,True,Austin,roster,1.0,16,5464.32377382899,0.0,464.46752077546415,765.0053283360587,0.0,0.0,6693.796622940513
2027-07,emp-0147,Sales Development Rep,S&M,S&M,True,Austin,roster,1.0,17,5464.32377382899,0.0,464.46752077546415,765.0053283360587,0.0,0.0,6693.796622940513
2027-08,emp-0147,Sales Development Rep,S&M,S&M,True,Austin,roster,1.0,18,5464.32377382899,0.0,464.46752077546415,765.0053283360587,0.0,0.0,6693.796622940513
2027-09,emp-0147,Sales Development Rep,S&M,S&M,True,Austin,roster,1.0,19,5464.32377382899,0.0,464.46752077546415,765.0053283360587,0.0,0.0,6693.796622940513
2027-10,emp-0147,Sales Development Rep,S&M,S&M,True,Austin,roster,1.0,20,5464.32377382899,0.0,464.46752077546415,765.0053283360587,0.0,0.0,6693.796622940513
2027-11,emp-0147,Sales Development Rep,S&M,S&M,True,Austin,roster,1.0,21,5464.32377382899,0.0,464.46752077546415,765.0053283360587,0.0,0.0,6693.796622940513
2027-12,emp-0147,Sales Development Rep,S&M,S&M,True,Austin,roster,1.0,22,5464.32377382899,0.0,464.46752077546415,765.0053283360587,0.0,0.0,6693.796622940513
2028-01,emp-0147,Sales Development Rep,S&M,S&M,True,Austin,roster,1.0,23,5655.575105913005,0.0,480.7238840026055,791.7805148278209,0.0,0.0,6928.079504743432
2028-02,emp-0147,Sales Development Rep,S&M,S&M,True,Austin,roster,1.0,24,5655.575105913005,0.0,480.7238840026055,791.7805148278209,0.0,0.0,6928.079504743432
2026-09,emp-0148,Customer Success Manager,Customer Operations,COGS,False,Austin,roster,1.0,6,7494.095642417625,599.52765139341,687.957979973938,1049.1733899384676,0.0,0.0,9830.75466372344
2026-10,emp-0148,Customer Success Manager,Customer Operations,COGS,False,Austin,roster,1.0,7,7494.095642417625,599.52765139341,687.957979973938,1049.1733899384676,0.0,0.0,9830.75466372344
2026-11,emp-0148,Customer Success Manager,Customer Operations,COGS,False,Austin,roster,1.0,8,7494.095642417625,599.52765139341,687.957979973938,1049.1733899384676,0.0,0.0,9830.75466372344
2026-12,emp-0148,Customer Success Manager,Customer Operations,COGS,False,Austin,roster,1.0,9,7494.095642417625,599.52765139341,687.957979973938,1049.1733899384676,0.0,0.0,9830.75466372344
2027-01,emp-0148,Customer Success Manager,Customer Operations,COGS,False,Austin,roster,1.0,10,7756.388989902241,620.5111191921793,712.0365092730258,1085.8944585863137,0.0,0.0,10174.83107695376
2027-02,emp-0148,Customer Success Manager,Customer Operations,COGS,False,Austin,roster,1.0,11,7756.388989902241,620.5111191921793,712.0365092730258,1085.8944585863137,0.0,0.0,10174.83107695376
2027-03,emp-0148,Customer Success Manager,Customer Operations,COGS,False,Austin,roster,1.0,12,7756.388989902241,620.5111191921793,712.0365092730258,1085.8944585863137,0.0,0.0,10174.83107695376
2027-04,emp-0148,Customer Success Manager,Customer Operations,COGS,False,Austin,roster,1.0,13,7756.388989902241,620.5111191921793,712.0365092730258,1085.8944585863137,0.0,0.0,10174.83107695376
2027-05,emp-0148,Customer Success Manager,Customer Operations,COGS,False,Austin,roster,1.0,14,7756.388989902241,620.5111191921793,712.0365092730258,1085.8944585863137,0.0,0.0,10174.83107695376
2027-06,emp-0148,Customer Success Manager,Customer Operations,COGS,False,Austin,roster,1.0,15,7756.388989902241,620.5111191921793,712.0365092730258,1085.8944585863137,0.0,0.0,10174.83107695376
2027-07,emp-0148,Customer Success Manager,Customer Operations,COGS,False,Austin,roster,1.0,16,7756.388989902241,620.5111191921793,712.0365092730258,1085.8944585863137,0.0,0.0,10174.83107695376
2027-08,emp-0148,Customer Success Manager,Customer Operations,COGS,False,Austin,roster,1.0,17,7756.388989902241,620.5111191921793,712.0365092730258,1085.8944585863137,0.0,0.0,10174.83107695376
2027-09,emp-0148,Customer Success Manager,Customer Operations,COGS,False,Austin,roster,1.0,18,7756.388989902241,620.5111191921793,712.0365092730258,1085.8944585863137,0.0,0.0,10174.83107695376
2027-10,emp-0148,Customer Success Manager,Customer Operations,COGS,False,Austin,roster,1.0,19,7756.388989902241,620.5111191921793,712.0365092730258,1085.8944585863137,0.0,0.0,10174.83107695376
2027-11,emp-0148,Customer Success Manager,Customer Operations,COGS,False,Austin,roster,1.0,20,7756.388989902241,620.5111191921793,712.0365092730258,1085.8944585863137,0.0,0.0,10174.83107695376
2027-12,emp-0148,Customer Success Manager,Customer Operations,COGS,False,Austin,roster,1.0,21,7756.388989902241,620.5111191921793,712.0365092730258,1085.8944585863137,0.0,0.0,10174.83107695376
2028-01,emp-0148,Customer Success Manager,Customer Operations,COGS,False,Austin,roster,1.0,22,8027.862604548819,642.2290083639056,736.9577870975817,1123.9007646368348,0.0,0.0,10530.950164647142
2028-02,emp-0148,Customer Success Manager,Customer Operations,COGS,False,Austin,roster,1.0,23,8027.862604548819,642.2290083639056,736.9577870975817,1123.9007646368348,0.0,0.0,10530.950164647142
2026-09,emp-0149,Customer Success Manager,Customer Operations,COGS,False,Austin,roster,1.0,6,7378.143046675465,590.2514437340371,677.3135316848077,1032.940026534565,0.0,0.0,9678.648048628875
2026-10,emp-0149,Customer Success Manager,Customer Operations,COGS,False,Austin,roster,1.0,7,7378.143046675465,590.2514437340371,677.3135316848077,1032.940026534565,0.0,0.0,9678.648048628875
2026-11,emp-0149,Customer Success Manager,Customer Operations,COGS,False,Austin,roster,1.0,8,7378.143046675465,590.2514437340371,677.3135316848077,1032.940026534565,0.0,0.0,9678.648048628875
2026-12,emp-0149,Customer Success Manager,Customer Operations,COGS,False,Austin,roster,1.0,9,7378.143046675465,590.2514437340371,677.3135316848077,1032.940026534565,0.0,0.0,9678.648048628875
2027-01,emp-0149,Customer Success Manager,Customer Operations,COGS,False,Austin,roster,1.0,10,7636.378053309105,610.9102442647284,701.019505293776,1069.0929274632747,0.0,0.0,10017.400730330884
2027-02,emp-0149,Customer Success Manager,Customer Operations,COGS,False,Austin,roster,1.0,11,7636.378053309105,610.9102442647284,701.019505293776,1069.0929274632747,0.0,0.0,10017.400730330884
2027-03,emp-0149,Customer Success Manager,Customer Operations,COGS,False,Austin,roster,1.0,12,7636.378053309105,610.9102442647284,701.019505293776,1069.0929274632747,0.0,0.0,10017.400730330884
2027-04,emp-0149,Customer Success Manager,Customer Operations,COGS,False,Austin,roster,1.0,13,7636.378053309105,610.9102442647284,701.019505293776,1069.0929274632747,0.0,0.0,10017.400730330884
2027-05,emp-0149,Customer Success Manager,Customer Operations,COGS,False,Austin,roster,1.0,14,7636.378053309105,610.9102442647284,701.019505293776,1069.0929274632747,0.0,0.0,10017.400730330884
2027-06,emp-0149,Customer Success Manager,Customer Operations,COGS,False,Austin,roster,1.0,15,7636.378053309105,610.9102442647284,701.019505293776,1069.0929274632747,0.0,0.0,10017.400730330884
2027-07,emp-0149,Customer Success Manager,Customer Operations,COGS,False,Austin,roster,1.0,16,7636.378053309105,610.9102442647284,701.019505293776,1069.0929274632747,0.0,0.0,10017.400730330884
2027-08,emp-0149,Customer Success Manager,Customer Operations,COGS,False,Austin,roster,1.0,17,7636.378053309105,610.9102442647284,701.019505293776,1069.0929274632747,0.0,0.0,10017.400730330884
2027-09,emp-0149,Customer Success Manager,Customer Operations,COGS,False,Austin,roster,1.0,18,7636.378053309105,610.9102442647284,701.019505293776,1069.0929274632747,0.0,0.0,10017.400730330884
2027-10,emp-0149,Customer Success Manager,Customer Operations,COGS,False,Austin,roster,1.0,19,7636.378053309105,610.9102442647284,701.019505293776,1069.0929274632747,0.0,0.0,10017.400730330884
2027-11,emp-0149,Customer Success Manager,Customer Operations,COGS,False,Austin,roster,1.0,20,7636.378053309105,610.9102442647284,701.019505293776,1069.0929274632747,0.0,0.0,10017.400730330884
2027-12,emp-0149,Customer Success Manager,Customer Operations,COGS,False,Austin,roster,1.0,21,7636.378053309105,610.9102442647284,701.019505293776,1069.0929274632747,0.0,0.0,10017.400730330884
2028-01,emp-0149,Customer Success Manager,Customer Operations,COGS,False,Austin,roster,1.0,22,7903.651285174924,632.2921028139939,725.5551879790581,1106.5111799244894,0.0,0.0,10368.009755892466
2028-02,emp-0149,Customer Success Manager,Customer Operations,COGS,False,Austin,roster,1.0,23,7903.651285174924,632.2921028139939,725.5551879790581,1106.5111799244894,0.0,0.0,10368.009755892466
2026-09,emp-0150,Finance & Operations,G&A,G&A,False,Montreal,roster,1.0,6,7708.927581373439,616.7142065098751,915.8205966671646,462.53565488240633,0.0,0.0,9703.998039432885
2026-10,emp-0150,Finance & Operations,G&A,G&A,False,Montreal,roster,1.0,7,7708.927581373439,616.7142065098751,915.8205966671646,462.53565488240633,0.0,0.0,9703.998039432885
2026-11,emp-0150,Finance & Operations,G&A,G&A,False,Montreal,roster,1.0,8,7708.927581373439,616.7142065098751,915.8205966671646,462.53565488240633,0.0,0.0,9703.998039432885
2026-12,emp-0150,Finance & Operations,G&A,G&A,False,Montreal,roster,1.0,9,7708.927581373439,616.7142065098751,915.8205966671646,462.53565488240633,0.0,0.0,9703.998039432885
2027-01,emp-0150,Finance & Operations,G&A,G&A,False,Montreal,roster,1.0,10,7978.740046721509,638.2992037377207,947.8743175505155,478.72440280329056,0.0,0.0,10043.637970813037
2027-02,emp-0150,Finance & Operations,G&A,G&A,False,Montreal,roster,1.0,11,7978.740046721509,638.2992037377207,947.8743175505155,478.72440280329056,0.0,0.0,10043.637970813037
2027-03,emp-0150,Finance & Operations,G&A,G&A,False,Montreal,roster,1.0,12,7978.740046721509,638.2992037377207,947.8743175505155,478.72440280329056,0.0,0.0,10043.637970813037
2027-04,emp-0150,Finance & Operations,G&A,G&A,False,Montreal,roster,1.0,13,7978.740046721509,638.2992037377207,947.8743175505155,478.72440280329056,0.0,0.0,10043.637970813037
2027-05,emp-0150,Finance & Operations,G&A,G&A,False,Montreal,roster,1.0,14,7978.740046721509,638.2992037377207,947.8743175505155,478.72440280329056,0.0,0.0,10043.637970813037
2027-06,emp-0150,Finance & Operations,G&A,G&A,False,Montreal,roster,1.0,15,7978.740046721509,638.2992037377207,947.8743175505155,478.72440280329056,0.0,0.0,10043.637970813037
2027-07,emp-0150,Finance & Operations,G&A,G&A,False,Montreal,roster,1.0,16,7978.740046721509,638.2992037377207,947.8743175505155,478.72440280329056,0.0,0.0,10043.637970813037
2027-08,emp-0150,Finance & Operations,G&A,G&A,False,Montreal,roster,1.0,17,7978.740046721509,638.2992037377207,947.8743175505155,478.72440280329056,0.0,0.0,10043.637970813037
2027-09,emp-0150,Finance & Operations,G&A,G&A,False,Montreal,roster,1.0,18,7978.740046721509,638.2992037377207,947.8743175505155,478.72440280329056,0.0,0.0,10043.637970813037
2027-10,emp-0150,Finance & Operations,G&A,G&A,False,Montreal,roster,1.0,19,7978.740046721509,638.2992037377207,947.8743175505155,478.72440280329056,0.0,0.0,10043.637970813037
2027-11,emp-0150,Finance & Operations,G&A,G&A,False,Montreal,roster,1.0,20,7978.740046721509,638.2992037377207,947.8743175505155,478.72440280329056,0.0,0.0,10043.637970813037
2027-12,emp-0150,Finance & Operations,G&A,G&A,False,Montreal,roster,1.0,21,7978.740046721509,638.2992037377207,947.8743175505155,478.72440280329056,0.0,0.0,10043.637970813037
2028-01,emp-0150,Finance & Operations,G&A,G&A,False,Montreal,roster,1.0,22,8257.995948356762,660.639675868541,981.0499186647833,495.47975690140566,0.0,0.0,10395.165299791492
2028-02,emp-0150,Finance & Operations,G&A,G&A,False,Montreal,roster,1.0,23,8257.995948356762,660.639675868541,981.0499186647833,495.47975690140566,0.0,0.0,10395.165299791492
2026-09,emp-0151,Product Manager,R&D,R&D,False,Montreal,roster,1.0,17,10696.715652591458,855.7372522073166,1270.7698195278651,641.8029391554875,0.0,0.0,13465.025663482127
2026-10,emp-0151,Product Manager,R&D,R&D,False,Montreal,roster,1.0,18,10696.715652591458,855.7372522073166,1270.7698195278651,641.8029391554875,0.0,0.0,13465.025663482127
2026-11,emp-0151,Product Manager,R&D,R&D,False,Montreal,roster,1.0,19,10696.715652591458,855.7372522073166,1270.7698195278651,641.8029391554875,0.0,0.0,13465.025663482127
2026-12,emp-0151,Product Manager,R&D,R&D,False,Montreal,roster,1.0,20,10696.715652591458,855.7372522073166,1270.7698195278651,641.8029391554875,0.0,0.0,13465.025663482127
2027-01,emp-0151,Product Manager,R&D,R&D,False,Montreal,roster,1.0,21,11071.100700432158,885.6880560345727,1315.2467632113403,664.2660420259294,0.0,0.0,13936.301561704
2027-02,emp-0151,Product Manager,R&D,R&D,False,Montreal,roster,1.0,22,11071.100700432158,885.6880560345727,1315.2467632113403,664.2660420259294,0.0,0.0,13936.301561704
2027-03,emp-0151,Product Manager,R&D,R&D,False,Montreal,roster,1.0,23,11071.100700432158,885.6880560345727,1315.2467632113403,664.2660420259294,0.0,0.0,13936.301561704
2027-04,emp-0151,Product Manager,R&D,R&D,False,Montreal,roster,1.0,24,11071.100700432158,885.6880560345727,1315.2467632113403,664.2660420259294,0.0,0.0,13936.301561704
2027-05,emp-0151,Product Manager,R&D,R&D,False,Montreal,roster,1.0,25,11071.100700432158,885.6880560345727,1315.2467632113403,664.2660420259294,0.0,0.0,13936.301561704
2027-06,emp-0151,Product Manager,R&D,R&D,False,Montreal,roster,1.0,26,11071.100700432158,885.6880560345727,1315.2467632113403,664.2660420259294,0.0,0.0,13936.301561704
2027-07,emp-0151,Product Manager,R&D,R&D,False,Montreal,roster,1.0,27,11071.100700432158,885.6880560345727,1315.2467632113403,664.2660420259294,0.0,0.0,13936.301561704
2027-08,emp-0151,Product Manager,R&D,R&D,False,Montreal,roster,1.0,28,11071.100700432158,885.6880560345727,1315.2467632113403,664.2660420259294,0.0,0.0,13936.301561704
2027-09,emp-0151,Product Manager,R&D,R&D,False,Montreal,roster,1.0,29,11071.100700432158,885.6880560345727,1315.2467632113403,664.2660420259294,0.0,0.0,13936.301561704
2027-10,emp-0151,Product Manager,R&D,R&D,False,Montreal,roster,1.0,30,11071.100700432158,885.6880560345727,1315.2467632113403,664.2660420259294,0.0,0.0,13936.301561704
2027-11,emp-0151,Product Manager,R&D,R&D,False,Montreal,roster,1.0,31,11071.100700432158,885.6880560345727,1315.2467632113403,664.2660420259294,0.0,0.0,13936.301561704
2027-12,emp-0151,Product Manager,R&D,R&D,False,Montreal,roster,1.0,32,11071.100700432158,885.6880560345727,1315.2467632113403,664.2660420259294,0.0,0.0,13936.301561704
2028-01,emp-0151,Product Manager,R&D,R&D,False,Montreal,roster,1.0,33,11458.589224947282,916.6871379957826,1361.2803999237371,687.5153534968368,0.0,0.0,14424.072116363639
2028-02,emp-0151,Product Manager,R&D,R&D,False,Montreal,roster,1.0,34,11458.589224947282,916.6871379957826,1361.2803999237371,687.5153534968368,0.0,0.0,14424.072116363639
2026-09,emp-0152,Senior Software Engineer,R&D,R&D,False,Montreal,roster,1.0,14,10858.256905610075,868.660552448806,1289.9609203864768,651.4954143366044,0.0,0.0,13668.373792781962
2026-10,emp-0152,Senior Software Engineer,R&D,R&D,False,Montreal,roster,1.0,15,10858.256905610075,868.660552448806,1289.9609203864768,651.4954143366044,0.0,0.0,13668.373792781962
2026-11,emp-0152,Senior Software Engineer,R&D,R&D,False,Montreal,roster,1.0,16,10858.256905610075,868.660552448806,1289.9609203864768,651.4954143366044,0.0,0.0,13668.373792781962
2026-12,emp-0152,Senior Software Engineer,R&D,R&D,False,Montreal,roster,1.0,17,10858.256905610075,868.660552448806,1289.9609203864768,651.4954143366044,0.0,0.0,13668.373792781962
2027-01,emp-0152,Senior Software Engineer,R&D,R&D,False,Montreal,roster,1.0,18,11238.295897306425,899.063671784514,1335.1095526000033,674.2977538383855,0.0,0.0,14146.766875529327
2027-02,emp-0152,Senior Software Engineer,R&D,R&D,False,Montreal,roster,1.0,19,11238.295897306425,899.063671784514,1335.1095526000033,674.2977538383855,0.0,0.0,14146.766875529327
2027-03,emp-0152,Senior Software Engineer,R&D,R&D,False,Montreal,roster,1.0,20,11238.295897306425,899.063671784514,1335.1095526000033,674.2977538383855,0.0,0.0,14146.766875529327
2027-04,emp-0152,Senior Software Engineer,R&D,R&D,False,Montreal,roster,1.0,21,11238.295897306425,899.063671784514,1335.1095526000033,674.2977538383855,0.0,0.0,14146.766875529327
2027-05,emp-0152,Senior Software Engineer,R&D,R&D,False,Montreal,roster,1.0,22,11238.295897306425,899.063671784514,1335.1095526000033,674.2977538383855,0.0,0.0,14146.766875529327
2027-06,emp-0152,Senior Software Engineer,R&D,R&D,False,Montreal,roster,1.0,23,11238.295897306425,899.063671784514,1335.1095526000033,674.2977538383855,0.0,0.0,14146.766875529327
2027-07,emp-0152,Senior Software Engineer,R&D,R&D,False,Montreal,roster,1.0,24,11238.295897306425,899.063671784514,1335.1095526000033,674.2977538383855,0.0,0.0,14146.766875529327
2027-08,emp-0152,Senior Software Engineer,R&D,R&D,False,Montreal,roster,1.0,25,11238.295897306425,899.063671784514,1335.1095526000033,674.2977538383855,0.0,0.0,14146.766875529327
2027-09,emp-0152,Senior Software Engineer,R&D,R&D,False,Montreal,roster,1.0,26,11238.295897306425,899.063671784514,1335.1095526000033,674.2977538383855,0.0,0.0,14146.766875529327
2027-10,emp-0152,Senior Software Engineer,R&D,R&D,False,Montreal,roster,1.0,27,11238.295897306425,899.063671784514,1335.1095526000033,674.2977538383855,0.0,0.0,14146.766875529327
2027-11,emp-0152,Senior Software Engineer,R&D,R&D,False,Montreal,roster,1.0,28,11238.295897306425,899.063671784514,1335.1095526000033,674.2977538383855,0.0,0.0,14146.766875529327
2027-12,emp-0152,Senior Software Engineer,R&D,R&D,False,Montreal,roster,1.0,29,11238.295897306425,899.063671784514,1335.1095526000033,674.2977538383855,0.0,0.0,14146.766875529327
2028-01,emp-0152,Senior Software Engineer,R&D,R&D,False,Montreal,roster,1.0,30,11631.636253712151,930.5309002969722,1381.8383869410036,697.898175222729,0.0,0.0,14641.903716172854
2028-02,emp-0152,Senior Software Engineer,R&D,R&D,False,Montreal,roster,1.0,31,11631.636253712151,930.5309002969722,1381.8383869410036,697.898175222729,0.0,0.0,14641.903716172854
2026-09,emp-0153,Sales Development Rep,S&M,S&M,True,Austin,roster,1.0,14,5477.814661603411,0.0,465.61424623628994,766.8940526244776,0.0,0.0,6710.322960464178
2026-10,emp-0153,Sales Development Rep,S&M,S&M,True,Austin,roster,1.0,15,5477.814661603411,0.0,465.61424623628994,766.8940526244776,0.0,0.0,6710.322960464178
2026-11,emp-0153,Sales Development Rep,S&M,S&M,True,Austin,roster,1.0,16,5477.814661603411,0.0,465.61424623628994,766.8940526244776,0.0,0.0,6710.322960464178
2026-12,emp-0153,Sales Development Rep,S&M,S&M,True,Austin,roster,1.0,17,5477.814661603411,0.0,465.61424623628994,766.8940526244776,0.0,0.0,6710.322960464178
2027-01,emp-0153,Sales Development Rep,S&M,S&M,True,Austin,roster,1.0,18,5669.538174759531,0.0,481.91074485456016,793.7353444663345,0.0,0.0,6945.184264080426
2027-02,emp-0153,Sales Development Rep,S&M,S&M,True,Austin,roster,1.0,19,5669.538174759531,0.0,481.91074485456016,793.7353444663345,0.0,0.0,6945.184264080426
2027-03,emp-0153,Sales Development Rep,S&M,S&M,True,Austin,roster,1.0,20,5669.538174759531,0.0,481.91074485456016,793.7353444663345,0.0,0.0,6945.184264080426
2027-04,emp-0153,Sales Development Rep,S&M,S&M,True,Austin,roster,1.0,21,5669.538174759531,0.0,481.91074485456016,793.7353444663345,0.0,0.0,6945.184264080426
2027-05,emp-0153,Sales Development Rep,S&M,S&M,True,Austin,roster,1.0,22,5669.538174759531,0.0,481.91074485456016,793.7353444663345,0.0,0.0,6945.184264080426
2027-06,emp-0153,Sales Development Rep,S&M,S&M,True,Austin,roster,1.0,23,5669.538174759531,0.0,481.91074485456016,793.7353444663345,0.0,0.0,6945.184264080426
2027-07,emp-0153,Sales Development Rep,S&M,S&M,True,Austin,roster,1.0,24,5669.538174759531,0.0,481.91074485456016,793.7353444663345,0.0,0.0,6945.184264080426
2027-08,emp-0153,Sales Development Rep,S&M,S&M,True,Austin,roster,1.0,25,5669.538174759531,0.0,481.91074485456016,793.7353444663345,0.0,0.0,6945.184264080426
2027-09,emp-0153,Sales Development Rep,S&M,S&M,True,Austin,roster,1.0,26,5669.538174759531,0.0,481.91074485456016,793.7353444663345,0.0,0.0,6945.184264080426
2027-10,emp-0153,Sales Development Rep,S&M,S&M,True,Austin,roster,1.0,27,5669.538174759531,0.0,481.91074485456016,793.7353444663345,0.0,0.0,6945.184264080426
2027-11,emp-0153,Sales Development Rep,S&M,S&M,True,Austin,roster,1.0,28,5669.538174759531,0.0,481.91074485456016,793.7353444663345,0.0,0.0,6945.184264080426
2027-12,emp-0153,Sales Development Rep,S&M,S&M,True,Austin,roster,1.0,29,5669.538174759531,0.0,481.91074485456016,793.7353444663345,0.0,0.0,6945.184264080426
2028-01,emp-0153,Sales Development Rep,S&M,S&M,True,Austin,roster,1.0,30,5867.972010876114,0.0,498.7776209244697,821.516081522656,0.0,0.0,7188.26571332324
2028-02,emp-0153,Sales Development Rep,S&M,S&M,True,Austin,roster,1.0,31,5867.972010876114,0.0,498.7776209244697,821.516081522656,0.0,0.0,7188.26571332324
2026-09,emp-0154,Support Engineer,Customer Operations,COGS,False,Montreal,roster,1.0,13,5835.130711045735,466.8104568836588,693.2135284722333,350.1078426627441,0.0,0.0,7345.262539064371
2026-10,emp-0154,Support Engineer,Customer Operations,COGS,False,Montreal,roster,1.0,14,5835.130711045735,466.8104568836588,693.2135284722333,350.1078426627441,0.0,0.0,7345.262539064371
2026-11,emp-0154,Support Engineer,Customer Operations,COGS,False,Montreal,roster,1.0,15,5835.130711045735,466.8104568836588,693.2135284722333,350.1078426627441,0.0,0.0,7345.262539064371
2026-12,emp-0154,Support Engineer,Customer Operations,COGS,False,Montreal,roster,1.0,16,5835.130711045735,466.8104568836588,693.2135284722333,350.1078426627441,0.0,0.0,7345.262539064371
2027-01,emp-0154,Support Engineer,Customer Operations,COGS,False,Montreal,roster,1.0,17,6039.3602859323355,483.14882287458687,717.4760019687615,362.3616171559401,0.0,0.0,7602.346727931624
2027-02,emp-0154,Support Engineer,Customer Operations,COGS,False,Montreal,roster,1.0,18,6039.3602859323355,483.14882287458687,717.4760019687615,362.3616171559401,0.0,0.0,7602.346727931624
2027-03,emp-0154,Support Engineer,Customer Operations,COGS,False,Montreal,roster,1.0,19,6039.3602859323355,483.14882287458687,717.4760019687615,362.3616171559401,0.0,0.0,7602.346727931624
2027-04,emp-0154,Support Engineer,Customer Operations,COGS,False,Montreal,roster,1.0,20,6039.3602859323355,483.14882287458687,717.4760019687615,362.3616171559401,0.0,0.0,7602.346727931624
2027-05,emp-0154,Support Engineer,Customer Operations,COGS,False,Montreal,roster,1.0,21,6039.3602859323355,483.14882287458687,717.4760019687615,362.3616171559401,0.0,0.0,7602.346727931624
2027-06,emp-0154,Support Engineer,Customer Operations,COGS,False,Montreal,roster,1.0,22,6039.3602859323355,483.14882287458687,717.4760019687615,362.3616171559401,0.0,0.0,7602.346727931624
2027-07,emp-0154,Support Engineer,Customer Operations,COGS,False,Montreal,roster,1.0,23,6039.3602859323355,483.14882287458687,717.4760019687615,362.3616171559401,0.0,0.0,7602.346727931624
2027-08,emp-0154,Support Engineer,Customer Operations,COGS,False,Montreal,roster,1.0,24,6039.3602859323355,483.14882287458687,717.4760019687615,362.3616171559401,0.0,0.0,7602.346727931624
2027-09,emp-0154,Support Engineer,Customer Operations,COGS,False,Montreal,roster,1.0,25,6039.3602859323355,483.14882287458687,717.4760019687615,362.3616171559401,0.0,0.0,7602.346727931624
2027-10,emp-0154,Support Engineer,Customer Operations,COGS,False,Montreal,roster,1.0,26,6039.3602859323355,483.14882287458687,717.4760019687615,362.3616171559401,0.0,0.0,7602.346727931624
2027-11,emp-0154,Support Engineer,Customer Operations,COGS,False,Montreal,roster,1.0,27,6039.3602859323355,483.14882287458687,717.4760019687615,362.3616171559401,0.0,0.0,7602.346727931624
2027-12,emp-0154,Support Engineer,Customer Operations,COGS,False,Montreal,roster,1.0,28,6039.3602859323355,483.14882287458687,717.4760019687615,362.3616171559401,0.0,0.0,7602.346727931624
2028-01,emp-0154,Support Engineer,Customer Operations,COGS,False,Montreal,roster,1.0,29,6250.737895939966,500.0590316751973,742.587662037668,375.04427375639796,0.0,0.0,7868.428863409229
2028-02,emp-0154,Support Engineer,Customer Operations,COGS,False,Montreal,roster,1.0,30,6250.737895939966,500.0590316751973,742.587662037668,375.04427375639796,0.0,0.0,7868.428863409229
2026-09,emp-0155,Sales Development Rep,S&M,S&M,True,Austin,roster,1.0,12,5777.551063546875,0.0,491.09184040148443,808.8571488965626,0.0,0.0,7077.500052844923
2026-10,emp-0155,Sales Development Rep,S&M,S&M,True,Austin,roster,1.0,13,5777.551063546875,0.0,491.09184040148443,808.8571488965626,0.0,0.0,7077.500052844923
2026-11,emp-0155,Sales Development Rep,S&M,S&M,True,Austin,roster,1.0,14,5777.551063546875,0.0,491.09184040148443,808.8571488965626,0.0,0.0,7077.500052844923
2026-12,emp-0155,Sales Development Rep,S&M,S&M,True,Austin,roster,1.0,15,5777.551063546875,0.0,491.09184040148443,808.8571488965626,0.0,0.0,7077.500052844923
2027-01,emp-0155,Sales Development Rep,S&M,S&M,True,Austin,roster,1.0,16,5979.765350771016,0.0,508.28005481553635,837.1671491079422,0.0,0.0,7325.212554694494
2027-02,emp-0155,Sales Development Rep,S&M,S&M,True,Austin,roster,1.0,17,5979.765350771016,0.0,508.28005481553635,837.1671491079422,0.0,0.0,7325.212554694494
2027-03,emp-0155,Sales Development Rep,S&M,S&M,True,Austin,roster,1.0,18,5979.765350771016,0.0,508.28005481553635,837.1671491079422,0.0,0.0,7325.212554694494
2027-04,emp-0155,Sales Development Rep,S&M,S&M,True,Austin,roster,1.0,19,5979.765350771016,0.0,508.28005481553635,837.1671491079422,0.0,0.0,7325.212554694494
2027-05,emp-0155,Sales Development Rep,S&M,S&M,True,Austin,roster,1.0,20,5979.765350771016,0.0,508.28005481553635,837.1671491079422,0.0,0.0,7325.212554694494
2027-06,emp-0155,Sales Development Rep,S&M,S&M,True,Austin,roster,1.0,21,5979.765350771016,0.0,508.28005481553635,837.1671491079422,0.0,0.0,7325.212554694494
2027-07,emp-0155,Sales Development Rep,S&M,S&M,True,Austin,roster,1.0,22,5979.765350771016,0.0,508.28005481553635,837.1671491079422,0.0,0.0,7325.212554694494
2027-08,emp-0155,Sales Development Rep,S&M,S&M,True,Austin,roster,1.0,23,5979.765350771016,0.0,508.28005481553635,837.1671491079422,0.0,0.0,7325.212554694494
2027-09,emp-0155,Sales Development Rep,S&M,S&M,True,Austin,roster,1.0,24,5979.765350771016,0.0,508.28005481553635,837.1671491079422,0.0,0.0,7325.212554694494
2027-10,emp-0155,Sales Development Rep,S&M,S&M,True,Austin,roster,1.0,25,5979.765350771016,0.0,508.28005481553635,837.1671491079422,0.0,0.0,7325.212554694494
2027-11,emp-0155,Sales Development Rep,S&M,S&M,True,Austin,roster,1.0,26,5979.765350771016,0.0,508.28005481553635,837.1671491079422,0.0,0.0,7325.212554694494
2027-12,emp-0155,Sales Development Rep,S&M,S&M,True,Austin,roster,1.0,27,5979.765350771016,0.0,508.28005481553635,837.1671491079422,0.0,0.0,7325.212554694494
2028-01,emp-0155,Sales Development Rep,S&M,S&M,True,Austin,roster,1.0,28,6189.0571380480005,0.0,526.0698567340801,866.4679993267201,0.0,0.0,7581.5949941088
2028-02,emp-0155,Sales Development Rep,S&M,S&M,True,Austin,roster,1.0,29,6189.0571380480005,0.0,526.0698567340801,866.4679993267201,0.0,0.0,7581.5949941088
2026-09,emp-0156,Sales Development Rep,S&M,S&M,True,Austin,roster,1.0,11,5688.124093243783,0.0,483.4905479257216,796.3373730541297,0.0,0.0,6967.952014223634
2026-10,emp-0156,Sales Development Rep,S&M,S&M,True,Austin,roster,1.0,12,5688.124093243783,0.0,483.4905479257216,796.3373730541297,0.0,0.0,6967.952014223634
2026-11,emp-0156,Sales Development Rep,S&M,S&M,True,Austin,roster,1.0,13,5688.124093243783,0.0,483.4905479257216,796.3373730541297,0.0,0.0,6967.952014223634
2026-12,emp-0156,Sales Development Rep,S&M,S&M,True,Austin,roster,1.0,14,5688.124093243783,0.0,483.4905479257216,796.3373730541297,0.0,0.0,6967.952014223634
2027-01,emp-0156,Sales Development Rep,S&M,S&M,True,Austin,roster,1.0,15,5887.208436507316,0.0,500.4127171031219,824.2091811110243,0.0,0.0,7211.830334721462
2027-02,emp-0156,Sales Development Rep,S&M,S&M,True,Austin,roster,1.0,16,5887.208436507316,0.0,500.4127171031219,824.2091811110243,0.0,0.0,7211.830334721462
2027-03,emp-0156,Sales Development Rep,S&M,S&M,True,Austin,roster,1.0,17,5887.208436507316,0.0,500.4127171031219,824.2091811110243,0.0,0.0,7211.830334721462
2027-04,emp-0156,Sales Development Rep,S&M,S&M,True,Austin,roster,1.0,18,5887.208436507316,0.0,500.4127171031219,824.2091811110243,0.0,0.0,7211.830334721462
2027-05,emp-0156,Sales Development Rep,S&M,S&M,True,Austin,roster,1.0,19,5887.208436507316,0.0,500.4127171031219,824.2091811110243,0.0,0.0,7211.830334721462
2027-06,emp-0156,Sales Development Rep,S&M,S&M,True,Austin,roster,1.0,20,5887.208436507316,0.0,500.4127171031219,824.2091811110243,0.0,0.0,7211.830334721462
2027-07,emp-0156,Sales Development Rep,S&M,S&M,True,Austin,roster,1.0,21,5887.208436507316,0.0,500.4127171031219,824.2091811110243,0.0,0.0,7211.830334721462
2027-08,emp-0156,Sales Development Rep,S&M,S&M,True,Austin,roster,1.0,22,5887.208436507316,0.0,500.4127171031219,824.2091811110243,0.0,0.0,7211.830334721462
2027-09,emp-0156,Sales Development Rep,S&M,S&M,True,Austin,roster,1.0,23,5887.208436507316,0.0,500.4127171031219,824.2091811110243,0.0,0.0,7211.830334721462
2027-10,emp-0156,Sales Development Rep,S&M,S&M,True,Austin,roster,1.0,24,5887.208436507316,0.0,500.4127171031219,824.2091811110243,0.0,0.0,7211.830334721462
2027-11,emp-0156,Sales Development Rep,S&M,S&M,True,Austin,roster,1.0,25,5887.208436507316,0.0,500.4127171031219,824.2091811110243,0.0,0.0,7211.830334721462
2027-12,emp-0156,Sales Development Rep,S&M,S&M,True,Austin,roster,1.0,26,5887.208436507316,0.0,500.4127171031219,824.2091811110243,0.0,0.0,7211.830334721462
2028-01,emp-0156,Sales Development Rep,S&M,S&M,True,Austin,roster,1.0,27,6093.260731785071,0.0,517.927162201731,853.05650244991,0.0,0.0,7464.244396436712
2028-02,emp-0156,Sales Development Rep,S&M,S&M,True,Austin,roster,1.0,28,6093.260731785071,0.0,517.927162201731,853.05650244991,0.0,0.0,7464.244396436712
2026-09,emp-0157,Product Manager,R&D,R&D,False,Paris,roster,1.0,4,8281.498757265952,662.5199005812761,3756.487836295835,414.07493786329763,0.0,0.0,13114.58143200636
2026-10,emp-0157,Product Manager,R&D,R&D,False,Paris,roster,1.0,5,8281.498757265952,662.5199005812761,3756.487836295835,414.07493786329763,0.0,0.0,13114.58143200636
2026-11,emp-0157,Product Manager,R&D,R&D,False,Paris,roster,1.0,6,8281.498757265952,662.5199005812761,3756.487836295835,414.07493786329763,0.0,0.0,13114.58143200636
2026-12,emp-0157,Product Manager,R&D,R&D,False,Paris,roster,1.0,7,8281.498757265952,662.5199005812761,3756.487836295835,414.07493786329763,0.0,0.0,13114.58143200636
2027-01,emp-0157,Product Manager,R&D,R&D,False,Paris,roster,1.0,8,8571.35121377026,685.7080971016209,3887.9649105661897,428.567560688513,0.0,0.0,13573.591782126583
2027-02,emp-0157,Product Manager,R&D,R&D,False,Paris,roster,1.0,9,8571.35121377026,685.7080971016209,3887.9649105661897,428.567560688513,0.0,0.0,13573.591782126583
2027-03,emp-0157,Product Manager,R&D,R&D,False,Paris,roster,1.0,10,8571.35121377026,685.7080971016209,3887.9649105661897,428.567560688513,0.0,0.0,13573.591782126583
2027-04,emp-0157,Product Manager,R&D,R&D,False,Paris,roster,1.0,11,8571.35121377026,685.7080971016209,3887.9649105661897,428.567560688513,0.0,0.0,13573.591782126583
2027-05,emp-0157,Product Manager,R&D,R&D,False,Paris,roster,1.0,12,8571.35121377026,685.7080971016209,3887.9649105661897,428.567560688513,0.0,0.0,13573.591782126583
2027-06,emp-0157,Product Manager,R&D,R&D,False,Paris,roster,1.0,13,8571.35121377026,685.7080971016209,3887.9649105661897,428.567560688513,0.0,0.0,13573.591782126583
2027-07,emp-0157,Product Manager,R&D,R&D,False,Paris,roster,1.0,14,8571.35121377026,685.7080971016209,3887.9649105661897,428.567560688513,0.0,0.0,13573.591782126583
2027-08,emp-0157,Product Manager,R&D,R&D,False,Paris,roster,1.0,15,8571.35121377026,685.7080971016209,3887.9649105661897,428.567560688513,0.0,0.0,13573.591782126583
2027-09,emp-0157,Product Manager,R&D,R&D,False,Paris,roster,1.0,16,8571.35121377026,685.7080971016209,3887.9649105661897,428.567560688513,0.0,0.0,13573.591782126583
2027-10,emp-0157,Product Manager,R&D,R&D,False,Paris,roster,1.0,17,8571.35121377026,685.7080971016209,3887.9649105661897,428.567560688513,0.0,0.0,13573.591782126583
2027-11,emp-0157,Product Manager,R&D,R&D,False,Paris,roster,1.0,18,8571.35121377026,685.7080971016209,3887.9649105661897,428.567560688513,0.0,0.0,13573.591782126583
2027-12,emp-0157,Product Manager,R&D,R&D,False,Paris,roster,1.0,19,8571.35121377026,685.7080971016209,3887.9649105661897,428.567560688513,0.0,0.0,13573.591782126583
2028-01,emp-0157,Product Manager,R&D,R&D,False,Paris,roster,1.0,20,8871.348506252218,709.7078805001775,4024.0436824360063,443.5674253126109,0.0,0.0,14048.667494501013
2028-02,emp-0157,Product Manager,R&D,R&D,False,Paris,roster,1.0,21,8871.348506252218,709.7078805001775,4024.0436824360063,443.5674253126109,0.0,0.0,14048.667494501013
2026-09,emp-0158,Customer Success Manager,Customer Operations,COGS,False,Austin,roster,1.0,3,7513.5792097750755,601.086336782006,689.7465714573519,1051.9010893685106,0.0,0.0,9856.313207382944
2026-10,emp-0158,Customer Success Manager,Customer Operations,COGS,False,Austin,roster,1.0,4,7513.5792097750755,601.086336782006,689.7465714573519,1051.9010893685106,0.0,0.0,9856.313207382944
2026-11,emp-0158,Customer Success Manager,Customer Operations,COGS,False,Austin,roster,1.0,5,7513.5792097750755,601.086336782006,689.7465714573519,1051.9010893685106,0.0,0.0,9856.313207382944
2026-12,emp-0158,Customer Success Manager,Customer Operations,COGS,False,Austin,roster,1.0,6,7513.5792097750755,601.086336782006,689.7465714573519,1051.9010893685106,0.0,0.0,9856.313207382944
2027-01,emp-0158,Customer Success Manager,Customer Operations,COGS,False,Austin,roster,1.0,7,7776.554482117203,622.1243585693763,713.8877014583593,1088.7176274964086,0.0,0.0,10201.284169641349
2027-02,emp-0158,Customer Success Manager,Customer Operations,COGS,False,Austin,roster,1.0,8,7776.554482117203,622.1243585693763,713.8877014583593,1088.7176274964086,0.0,0.0,10201.284169641349
2027-03,emp-0158,Customer Success Manager,Customer Operations,COGS,False,Austin,roster,1.0,9,7776.554482117203,622.1243585693763,713.8877014583593,1088.7176274964086,0.0,0.0,10201.284169641349
2027-04,emp-0158,Customer Success Manager,Customer Operations,COGS,False,Austin,roster,1.0,10,7776.554482117203,622.1243585693763,713.8877014583593,1088.7176274964086,0.0,0.0,10201.284169641349
2027-05,emp-0158,Customer Success Manager,Customer Operations,COGS,False,Austin,roster,1.0,11,7776.554482117203,622.1243585693763,713.8877014583593,1088.7176274964086,0.0,0.0,10201.284169641349
2027-06,emp-0158,Customer Success Manager,Customer Operations,COGS,False,Austin,roster,1.0,12,7776.554482117203,622.1243585693763,713.8877014583593,1088.7176274964086,0.0,0.0,10201.284169641349
2027-07,emp-0158,Customer Success Manager,Customer Operations,COGS,False,Austin,roster,1.0,13,7776.554482117203,622.1243585693763,713.8877014583593,1088.7176274964086,0.0,0.0,10201.284169641349
2027-08,emp-0158,Customer Success Manager,Customer Operations,COGS,False,Austin,roster,1.0,14,7776.554482117203,622.1243585693763,713.8877014583593,1088.7176274964086,0.0,0.0,10201.284169641349
2027-09,emp-0158,Customer Success Manager,Customer Operations,COGS,False,Austin,roster,1.0,15,7776.554482117203,622.1243585693763,713.8877014583593,1088.7176274964086,0.0,0.0,10201.284169641349
2027-10,emp-0158,Customer Success Manager,Customer Operations,COGS,False,Austin,roster,1.0,16,7776.554482117203,622.1243585693763,713.8877014583593,1088.7176274964086,0.0,0.0,10201.284169641349
2027-11,emp-0158,Customer Success Manager,Customer Operations,COGS,False,Austin,roster,1.0,17,7776.554482117203,622.1243585693763,713.8877014583593,1088.7176274964086,0.0,0.0,10201.284169641349
2027-12,emp-0158,Customer Success Manager,Customer Operations,COGS,False,Austin,roster,1.0,18,7776.554482117203,622.1243585693763,713.8877014583593,1088.7176274964086,0.0,0.0,10201.284169641349
2028-01,emp-0158,Customer Success Manager,Customer Operations,COGS,False,Austin,roster,1.0,19,8048.733888991304,643.8987111193044,738.8737710094017,1126.8227444587828,0.0,0.0,10558.329115578792
2028-02,emp-0158,Customer Success Manager,Customer Operations,COGS,False,Austin,roster,1.0,20,8048.733888991304,643.8987111193044,738.8737710094017,1126.8227444587828,0.0,0.0,10558.329115578792
2026-09,emp-0159,Marketing Manager,S&M,S&M,False,Austin,roster,1.0,4,10127.504257505314,810.2003406004251,929.7048908389878,1417.8505960507441,0.0,0.0,13285.26008499547
2026-10,emp-0159,Marketing Manager,S&M,S&M,False,Austin,roster,1.0,5,10127.504257505314,810.2003406004251,929.7048908389878,1417.8505960507441,0.0,0.0,13285.26008499547
2026-11,emp-0159,Marketing Manager,S&M,S&M,False,Austin,roster,1.0,6,10127.504257505314,810.2003406004251,929.7048908389878,1417.8505960507441,0.0,0.0,13285.26008499547
2026-12,emp-0159,Marketing Manager,S&M,S&M,False,Austin,roster,1.0,7,10127.504257505314,810.2003406004251,929.7048908389878,1417.8505960507441,0.0,0.0,13285.26008499547
2027-01,emp-0159,Marketing Manager,S&M,S&M,False,Austin,roster,1.0,8,10481.966906517999,838.55735252144,962.2445620183524,1467.47536691252,0.0,0.0,13750.244187970311
2027-02,emp-0159,Marketing Manager,S&M,S&M,False,Austin,roster,1.0,9,10481.966906517999,838.55735252144,962.2445620183524,1467.47536691252,0.0,0.0,13750.244187970311
2027-03,emp-0159,Marketing Manager,S&M,S&M,False,Austin,roster,1.0,10,10481.966906517999,838.55735252144,962.2445620183524,1467.47536691252,0.0,0.0,13750.244187970311
2027-04,emp-0159,Marketing Manager,S&M,S&M,False,Austin,roster,1.0,11,10481.966906517999,838.55735252144,962.2445620183524,1467.47536691252,0.0,0.0,13750.244187970311
2027-05,emp-0159,Marketing Manager,S&M,S&M,False,Austin,roster,1.0,12,10481.966906517999,838.55735252144,962.2445620183524,1467.47536691252,0.0,0.0,13750.244187970311
2027-06,emp-0159,Marketing Manager,S&M,S&M,False,Austin,roster,1.0,13,10481.966906517999,838.55735252144,962.2445620183524,1467.47536691252,0.0,0.0,13750.244187970311
2027-07,emp-0159,Marketing Manager,S&M,S&M,False,Austin,roster,1.0,14,10481.966906517999,838.55735252144,962.2445620183524,1467.47536691252,0.0,0.0,13750.244187970311
2027-08,emp-0159,Marketing Manager,S&M,S&M,False,Austin,roster,1.0,15,10481.966906517999,838.55735252144,962.2445620183524,1467.47536691252,0.0,0.0,13750.244187970311
2027-09,emp-0159,Marketing Manager,S&M,S&M,False,Austin,roster,1.0,16,10481.966906517999,838.55735252144,962.2445620183524,1467.47536691252,0.0,0.0,13750.244187970311
2027-10,emp-0159,Marketing Manager,S&M,S&M,False,Austin,roster,1.0,17,10481.966906517999,838.55735252144,962.2445620183524,1467.47536691252,0.0,0.0,13750.244187970311
2027-11,emp-0159,Marketing Manager,S&M,S&M,False,Austin,roster,1.0,18,10481.966906517999,838.55735252144,962.2445620183524,1467.47536691252,0.0,0.0,13750.244187970311
2027-12,emp-0159,Marketing Manager,S&M,S&M,False,Austin,roster,1.0,19,10481.966906517999,838.55735252144,962.2445620183524,1467.47536691252,0.0,0.0,13750.244187970311
2028-01,emp-0159,Marketing Manager,S&M,S&M,False,Austin,roster,1.0,20,10848.835748246127,867.9068598596901,995.9231216889945,1518.837004754458,0.0,0.0,14231.502734549269
2028-02,emp-0159,Marketing Manager,S&M,S&M,False,Austin,roster,1.0,21,10848.835748246127,867.9068598596901,995.9231216889945,1518.837004754458,0.0,0.0,14231.502734549269
2026-09,emp-0160,Software Engineer,R&D,R&D,False,Montreal,roster,1.0,3,8021.21784134901,641.6974273079209,952.9206795522624,481.2730704809406,0.0,0.0,10097.109018690133
2026-10,emp-0160,Software Engineer,R&D,R&D,False,Montreal,roster,1.0,4,8021.21784134901,641.6974273079209,952.9206795522624,481.2730704809406,0.0,0.0,10097.109018690133
2026-11,emp-0160,Software Engineer,R&D,R&D,False,Montreal,roster,1.0,5,8021.21784134901,641.6974273079209,952.9206795522624,481.2730704809406,0.0,0.0,10097.109018690133
2026-12,emp-0160,Software Engineer,R&D,R&D,False,Montreal,roster,1.0,6,8021.21784134901,641.6974273079209,952.9206795522624,481.2730704809406,0.0,0.0,10097.109018690133
2027-01,emp-0160,Software Engineer,R&D,R&D,False,Montreal,roster,1.0,7,8301.960465796225,664.156837263698,986.2729033365914,498.1176279477734,0.0,0.0,10450.507834344287
2027-02,emp-0160,Software Engineer,R&D,R&D,False,Montreal,roster,1.0,8,8301.960465796225,664.156837263698,986.2729033365914,498.1176279477734,0.0,0.0,10450.507834344287
2027-03,emp-0160,Software Engineer,R&D,R&D,False,Montreal,roster,1.0,9,8301.960465796225,664.156837263698,986.2729033365914,498.1176279477734,0.0,0.0,10450.507834344287
2027-04,emp-0160,Software Engineer,R&D,R&D,False,Montreal,roster,1.0,10,8301.960465796225,664.156837263698,986.2729033365914,498.1176279477734,0.0,0.0,10450.507834344287
2027-05,emp-0160,Software Engineer,R&D,R&D,False,Montreal,roster,1.0,11,8301.960465796225,664.156837263698,986.2729033365914,498.1176279477734,0.0,0.0,10450.507834344287
2027-06,emp-0160,Software Engineer,R&D,R&D,False,Montreal,roster,1.0,12,8301.960465796225,664.156837263698,986.2729033365914,498.1176279477734,0.0,0.0,10450.507834344287
2027-07,emp-0160,Software Engineer,R&D,R&D,False,Montreal,roster,1.0,13,8301.960465796225,664.156837263698,986.2729033365914,498.1176279477734,0.0,0.0,10450.507834344287
2027-08,emp-0160,Software Engineer,R&D,R&D,False,Montreal,roster,1.0,14,8301.960465796225,664.156837263698,986.2729033365914,498.1176279477734,0.0,0.0,10450.507834344287
2027-09,emp-0160,Software Engineer,R&D,R&D,False,Montreal,roster,1.0,15,8301.960465796225,664.156837263698,986.2729033365914,498.1176279477734,0.0,0.0,10450.507834344287
2027-10,emp-0160,Software Engineer,R&D,R&D,False,Montreal,roster,1.0,16,8301.960465796225,664.156837263698,986.2729033365914,498.1176279477734,0.0,0.0,10450.507834344287
2027-11,emp-0160,Software Engineer,R&D,R&D,False,Montreal,roster,1.0,17,8301.960465796225,664.156837263698,986.2729033365914,498.1176279477734,0.0,0.0,10450.507834344287
2027-12,emp-0160,Software Engineer,R&D,R&D,False,Montreal,roster,1.0,18,8301.960465796225,664.156837263698,986.2729033365914,498.1176279477734,0.0,0.0,10450.507834344287
2028-01,emp-0160,Software Engineer,R&D,R&D,False,Montreal,roster,1.0,19,8592.529082099092,687.4023265679274,1020.7924549533723,515.5517449259455,0.0,0.0,10816.275608546339
2028-02,emp-0160,Software Engineer,R&D,R&D,False,Montreal,roster,1.0,20,8592.529082099092,687.4023265679274,1020.7924549533723,515.5517449259455,0.0,0.0,10816.275608546339
2026-09,emp-0161,Software Engineer,R&D,R&D,False,Paris,roster,1.0,2,6619.7875861107705,529.5830068888616,3002.7356490598454,330.98937930553853,0.0,0.0,10483.095621365015
2026-10,emp-0161,Software Engineer,R&D,R&D,False,Paris,roster,1.0,3,6619.7875861107705,529.5830068888616,3002.7356490598454,330.98937930553853,0.0,0.0,10483.095621365015
2026-11,emp-0161,Software Engineer,R&D,R&D,False,Paris,roster,1.0,4,6619.7875861107705,529.5830068888616,3002.7356490598454,330.98937930553853,0.0,0.0,10483.095621365015
2026-12,emp-0161,Software Engineer,R&D,R&D,False,Paris,roster,1.0,5,6619.7875861107705,529.5830068888616,3002.7356490598454,330.98937930553853,0.0,0.0,10483.095621365015
2027-01,emp-0161,Software Engineer,R&D,R&D,False,Paris,roster,1.0,6,6851.480151624647,548.1184121299718,3107.83139677694,342.57400758123237,0.0,0.0,10850.003968112791
2027-02,emp-0161,Software Engineer,R&D,R&D,False,Paris,roster,1.0,7,6851.480151624647,548.1184121299718,3107.83139677694,342.57400758123237,0.0,0.0,10850.003968112791
2027-03,emp-0161,Software Engineer,R&D,R&D,False,Paris,roster,1.0,8,6851.480151624647,548.1184121299718,3107.83139677694,342.57400758123237,0.0,0.0,10850.003968112791
2027-04,emp-0161,Software Engineer,R&D,R&D,False,Paris,roster,1.0,9,6851.480151624647,548.1184121299718,3107.83139677694,342.57400758123237,0.0,0.0,10850.003968112791
2027-05,emp-0161,Software Engineer,R&D,R&D,False,Paris,roster,1.0,10,6851.480151624647,548.1184121299718,3107.83139677694,342.57400758123237,0.0,0.0,10850.003968112791
2027-06,emp-0161,Software Engineer,R&D,R&D,False,Paris,roster,1.0,11,6851.480151624647,548.1184121299718,3107.83139677694,342.57400758123237,0.0,0.0,10850.003968112791
2027-07,emp-0161,Software Engineer,R&D,R&D,False,Paris,roster,1.0,12,6851.480151624647,548.1184121299718,3107.83139677694,342.57400758123237,0.0,0.0,10850.003968112791
2027-08,emp-0161,Software Engineer,R&D,R&D,False,Paris,roster,1.0,13,6851.480151624647,548.1184121299718,3107.83139677694,342.57400758123237,0.0,0.0,10850.003968112791
2027-09,emp-0161,Software Engineer,R&D,R&D,False,Paris,roster,1.0,14,6851.480151624647,548.1184121299718,3107.83139677694,342.57400758123237,0.0,0.0,10850.003968112791
2027-10,emp-0161,Software Engineer,R&D,R&D,False,Paris,roster,1.0,15,6851.480151624647,548.1184121299718,3107.83139677694,342.57400758123237,0.0,0.0,10850.003968112791
2027-11,emp-0161,Software Engineer,R&D,R&D,False,Paris,roster,1.0,16,6851.480151624647,548.1184121299718,3107.83139677694,342.57400758123237,0.0,0.0,10850.003968112791
2027-12,emp-0161,Software Engineer,R&D,R&D,False,Paris,roster,1.0,17,6851.480151624647,548.1184121299718,3107.83139677694,342.57400758123237,0.0,0.0,10850.003968112791
2028-01,emp-0161,Software Engineer,R&D,R&D,False,Paris,roster,1.0,18,7091.28195693151,567.3025565545208,3216.6054956641324,354.5640978465755,0.0,0.0,11229.75410699674
2028-02,emp-0161,Software Engineer,R&D,R&D,False,Paris,roster,1.0,19,7091.28195693151,567.3025565545208,3216.6054956641324,354.5640978465755,0.0,0.0,11229.75410699674
2026-09,emp-0162,Software Engineer,R&D,R&D,False,Montreal,roster,1.0,1,7986.113354694212,638.889068375537,948.7502665376724,479.1668012816527,0.0,0.0,10052.919490889075
2026-10,emp-0162,Software Engineer,R&D,R&D,False,Montreal,roster,1.0,2,7986.113354694212,638.889068375537,948.7502665376724,479.1668012816527,0.0,0.0,10052.919490889075
2026-11,emp-0162,Software Engineer,R&D,R&D,False,Montreal,roster,1.0,3,7986.113354694212,638.889068375537,948.7502665376724,479.1668012816527,0.0,0.0,10052.919490889075
2026-12,emp-0162,Software Engineer,R&D,R&D,False,Montreal,roster,1.0,4,7986.113354694212,638.889068375537,948.7502665376724,479.1668012816527,0.0,0.0,10052.919490889075
2027-01,emp-0162,Software Engineer,R&D,R&D,False,Montreal,roster,1.0,5,8265.627322108508,661.2501857686807,981.9565258664908,495.93763932651046,0.0,0.0,10404.77167307019
2027-02,emp-0162,Software Engineer,R&D,R&D,False,Montreal,roster,1.0,6,8265.627322108508,661.2501857686807,981.9565258664908,495.93763932651046,0.0,0.0,10404.77167307019
2027-03,emp-0162,Software Engineer,R&D,R&D,False,Montreal,roster,1.0,7,8265.627322108508,661.2501857686807,981.9565258664908,495.93763932651046,0.0,0.0,10404.77167307019
2027-04,emp-0162,Software Engineer,R&D,R&D,False,Montreal,roster,1.0,8,8265.627322108508,661.2501857686807,981.9565258664908,495.93763932651046,0.0,0.0,10404.77167307019
2027-05,emp-0162,Software Engineer,R&D,R&D,False,Montreal,roster,1.0,9,8265.627322108508,661.2501857686807,981.9565258664908,495.93763932651046,0.0,0.0,10404.77167307019
2027-06,emp-0162,Software Engineer,R&D,R&D,False,Montreal,roster,1.0,10,8265.627322108508,661.2501857686807,981.9565258664908,495.93763932651046,0.0,0.0,10404.77167307019
2027-07,emp-0162,Software Engineer,R&D,R&D,False,Montreal,roster,1.0,11,8265.627322108508,661.2501857686807,981.9565258664908,495.93763932651046,0.0,0.0,10404.77167307019
2027-08,emp-0162,Software Engineer,R&D,R&D,False,Montreal,roster,1.0,12,8265.627322108508,661.2501857686807,981.9565258664908,495.93763932651046,0.0,0.0,10404.77167307019
2027-09,emp-0162,Software Engineer,R&D,R&D,False,Montreal,roster,1.0,13,8265.627322108508,661.2501857686807,981.9565258664908,495.93763932651046,0.0,0.0,10404.77167307019
2027-10,emp-0162,Software Engineer,R&D,R&D,False,Montreal,roster,1.0,14,8265.627322108508,661.2501857686807,981.9565258664908,495.93763932651046,0.0,0.0,10404.77167307019
2027-11,emp-0162,Software Engineer,R&D,R&D,False,Montreal,roster,1.0,15,8265.627322108508,661.2501857686807,981.9565258664908,495.93763932651046,0.0,0.0,10404.77167307019
2027-12,emp-0162,Software Engineer,R&D,R&D,False,Montreal,roster,1.0,16,8265.627322108508,661.2501857686807,981.9565258664908,495.93763932651046,0.0,0.0,10404.77167307019
2028-01,emp-0162,Software Engineer,R&D,R&D,False,Montreal,roster,1.0,17,8554.924278382307,684.3939422705845,1016.325004271818,513.2954567029384,0.0,0.0,10768.938681627647
2028-02,emp-0162,Software Engineer,R&D,R&D,False,Montreal,roster,1.0,18,8554.924278382307,684.3939422705845,1016.325004271818,513.2954567029384,0.0,0.0,10768.938681627647
2026-09,emp-0164,People & Talent,G&A,G&A,False,Montreal,roster,1.0,1,7033.0875119766415,562.6470009581313,835.530796422825,421.9852507185985,0.0,0.0,8853.250560076196
2026-10,emp-0164,People & Talent,G&A,G&A,False,Montreal,roster,1.0,2,7033.0875119766415,562.6470009581313,835.530796422825,421.9852507185985,0.0,0.0,8853.250560076196
2026-11,emp-0164,People & Talent,G&A,G&A,False,Montreal,roster,1.0,3,7033.0875119766415,562.6470009581313,835.530796422825,421.9852507185985,0.0,0.0,8853.250560076196
2026-12,emp-0164,People & Talent,G&A,G&A,False,Montreal,roster,1.0,4,7033.0875119766415,562.6470009581313,835.530796422825,421.9852507185985,0.0,0.0,8853.250560076196
2027-01,emp-0164,People & Talent,G&A,G&A,False,Montreal,roster,1.0,5,7279.245574895824,582.3396459916659,864.7743742976238,436.7547344937494,0.0,0.0,9163.114329678863
2027-02,emp-0164,People & Talent,G&A,G&A,False,Montreal,roster,1.0,6,7279.245574895824,582.3396459916659,864.7743742976238,436.7547344937494,0.0,0.0,9163.114329678863
2027-03,emp-0164,People & Talent,G&A,G&A,False,Montreal,roster,1.0,7,7279.245574895824,582.3396459916659,864.7743742976238,436.7547344937494,0.0,0.0,9163.114329678863
2027-04,emp-0164,People & Talent,G&A,G&A,False,Montreal,roster,1.0,8,7279.245574895824,582.3396459916659,864.7743742976238,436.7547344937494,0.0,0.0,9163.114329678863
2027-05,emp-0164,People & Talent,G&A,G&A,False,Montreal,roster,1.0,9,7279.245574895824,582.3396459916659,864.7743742976238,436.7547344937494,0.0,0.0,9163.114329678863
2027-06,emp-0164,People & Talent,G&A,G&A,False,Montreal,roster,1.0,10,7279.245574895824,582.3396459916659,864.7743742976238,436.7547344937494,0.0,0.0,9163.114329678863
2027-07,emp-0164,People & Talent,G&A,G&A,False,Montreal,roster,1.0,11,7279.245574895824,582.3396459916659,864.7743742976238,436.7547344937494,0.0,0.0,9163.114329678863
2027-08,emp-0164,People & Talent,G&A,G&A,False,Montreal,roster,1.0,12,7279.245574895824,582.3396459916659,864.7743742976238,436.7547344937494,0.0,0.0,9163.114329678863
2027-09,emp-0164,People & Talent,G&A,G&A,False,Montreal,roster,1.0,13,7279.245574895824,582.3396459916659,864.7743742976238,436.7547344937494,0.0,0.0,9163.114329678863
2027-10,emp-0164,People & Talent,G&A,G&A,False,Montreal,roster,1.0,14,7279.245574895824,582.3396459916659,864.7743742976238,436.7547344937494,0.0,0.0,9163.114329678863
2027-11,emp-0164,People & Talent,G&A,G&A,False,Montreal,roster,1.0,15,7279.245574895824,582.3396459916659,864.7743742976238,436.7547344937494,0.0,0.0,9163.114329678863
2027-12,emp-0164,People & Talent,G&A,G&A,False,Montreal,roster,1.0,16,7279.245574895824,582.3396459916659,864.7743742976238,436.7547344937494,0.0,0.0,9163.114329678863
2028-01,emp-0164,People & Talent,G&A,G&A,False,Montreal,roster,1.0,17,7534.019170017177,602.7215336013742,895.0414773980407,452.04115020103063,0.0,0.0,9483.823331217622
2028-02,emp-0164,People & Talent,G&A,G&A,False,Montreal,roster,1.0,18,7534.019170017177,602.7215336013742,895.0414773980407,452.04115020103063,0.0,0.0,9483.823331217622
2026-10,plan:front_loaded-0000-0,Senior Software Engineer,R&D,R&D,False,Montreal,plan:front_loaded,1.0,0,10416.666666666666,833.3333333333333,1237.5,624.9999999999999,18750.0,3500.0,13112.5
2026-11,plan:front_loaded-0000-0,Senior Software Engineer,R&D,R&D,False,Montreal,plan:front_loaded,1.0,1,10416.666666666666,833.3333333333333,1237.5,624.9999999999999,0.0,0.0,13112.5
2026-12,plan:front_loaded-0000-0,Senior Software Engineer,R&D,R&D,False,Montreal,plan:front_loaded,1.0,2,10416.666666666666,833.3333333333333,1237.5,624.9999999999999,0.0,0.0,13112.5
2027-01,plan:front_loaded-0000-0,Senior Software Engineer,R&D,R&D,False,Montreal,plan:front_loaded,1.0,3,10781.249999999998,862.4999999999999,1280.8124999999998,646.8749999999999,0.0,0.0,13571.437499999998
2027-02,plan:front_loaded-0000-0,Senior Software Engineer,R&D,R&D,False,Montreal,plan:front_loaded,1.0,4,10781.249999999998,862.4999999999999,1280.8124999999998,646.8749999999999,0.0,0.0,13571.437499999998
2027-03,plan:front_loaded-0000-0,Senior Software Engineer,R&D,R&D,False,Montreal,plan:front_loaded,1.0,5,10781.249999999998,862.4999999999999,1280.8124999999998,646.8749999999999,0.0,0.0,13571.437499999998
2027-04,plan:front_loaded-0000-0,Senior Software Engineer,R&D,R&D,False,Montreal,plan:front_loaded,1.0,6,10781.249999999998,862.4999999999999,1280.8124999999998,646.8749999999999,0.0,0.0,13571.437499999998
2027-05,plan:front_loaded-0000-0,Senior Software Engineer,R&D,R&D,False,Montreal,plan:front_loaded,1.0,7,10781.249999999998,862.4999999999999,1280.8124999999998,646.8749999999999,0.0,0.0,13571.437499999998
2027-06,plan:front_loaded-0000-0,Senior Software Engineer,R&D,R&D,False,Montreal,plan:front_loaded,1.0,8,10781.249999999998,862.4999999999999,1280.8124999999998,646.8749999999999,0.0,0.0,13571.437499999998
2027-07,plan:front_loaded-0000-0,Senior Software Engineer,R&D,R&D,False,Montreal,plan:front_loaded,1.0,9,10781.249999999998,862.4999999999999,1280.8124999999998,646.8749999999999,0.0,0.0,13571.437499999998
2027-08,plan:front_loaded-0000-0,Senior Software Engineer,R&D,R&D,False,Montreal,plan:front_loaded,1.0,10,10781.249999999998,862.4999999999999,1280.8124999999998,646.8749999999999,0.0,0.0,13571.437499999998
2027-09,plan:front_loaded-0000-0,Senior Software Engineer,R&D,R&D,False,Montreal,plan:front_loaded,1.0,11,10781.249999999998,862.4999999999999,1280.8124999999998,646.8749999999999,0.0,0.0,13571.437499999998
2027-10,plan:front_loaded-0000-0,Senior Software Engineer,R&D,R&D,False,Montreal,plan:front_loaded,1.0,12,10781.249999999998,862.4999999999999,1280.8124999999998,646.8749999999999,0.0,0.0,13571.437499999998
2027-11,plan:front_loaded-0000-0,Senior Software Engineer,R&D,R&D,False,Montreal,plan:front_loaded,1.0,13,10781.249999999998,862.4999999999999,1280.8124999999998,646.8749999999999,0.0,0.0,13571.437499999998
2027-12,plan:front_loaded-0000-0,Senior Software Engineer,R&D,R&D,False,Montreal,plan:front_loaded,1.0,14,10781.249999999998,862.4999999999999,1280.8124999999998,646.8749999999999,0.0,0.0,13571.437499999998
2028-01,plan:front_loaded-0000-0,Senior Software Engineer,R&D,R&D,False,Montreal,plan:front_loaded,1.0,15,11158.593749999998,892.6874999999999,1325.6409374999998,669.5156249999999,0.0,0.0,14046.437812499998
2028-02,plan:front_loaded-0000-0,Senior Software Engineer,R&D,R&D,False,Montreal,plan:front_loaded,1.0,16,11158.593749999998,892.6874999999999,1325.6409374999998,669.5156249999999,0.0,0.0,14046.437812499998
2026-10,plan:front_loaded-0000-1,Senior Software Engineer,R&D,R&D,False,Montreal,plan:front_loaded,1.0,0,10416.666666666666,833.3333333333333,1237.5,624.9999999999999,18750.0,3500.0,13112.5
2026-11,plan:front_loaded-0000-1,Senior Software Engineer,R&D,R&D,False,Montreal,plan:front_loaded,1.0,1,10416.666666666666,833.3333333333333,1237.5,624.9999999999999,0.0,0.0,13112.5
2026-12,plan:front_loaded-0000-1,Senior Software Engineer,R&D,R&D,False,Montreal,plan:front_loaded,1.0,2,10416.666666666666,833.3333333333333,1237.5,624.9999999999999,0.0,0.0,13112.5
2027-01,plan:front_loaded-0000-1,Senior Software Engineer,R&D,R&D,False,Montreal,plan:front_loaded,1.0,3,10781.249999999998,862.4999999999999,1280.8124999999998,646.8749999999999,0.0,0.0,13571.437499999998
2027-02,plan:front_loaded-0000-1,Senior Software Engineer,R&D,R&D,False,Montreal,plan:front_loaded,1.0,4,10781.249999999998,862.4999999999999,1280.8124999999998,646.8749999999999,0.0,0.0,13571.437499999998
2027-03,plan:front_loaded-0000-1,Senior Software Engineer,R&D,R&D,False,Montreal,plan:front_loaded,1.0,5,10781.249999999998,862.4999999999999,1280.8124999999998,646.8749999999999,0.0,0.0,13571.437499999998
2027-04,plan:front_loaded-0000-1,Senior Software Engineer,R&D,R&D,False,Montreal,plan:front_loaded,1.0,6,10781.249999999998,862.4999999999999,1280.8124999999998,646.8749999999999,0.0,0.0,13571.437499999998
2027-05,plan:front_loaded-0000-1,Senior Software Engineer,R&D,R&D,False,Montreal,plan:front_loaded,1.0,7,10781.249999999998,862.4999999999999,1280.8124999999998,646.8749999999999,0.0,0.0,13571.437499999998
2027-06,plan:front_loaded-0000-1,Senior Software Engineer,R&D,R&D,False,Montreal,plan:front_loaded,1.0,8,10781.249999999998,862.4999999999999,1280.8124999999998,646.8749999999999,0.0,0.0,13571.437499999998
2027-07,plan:front_loaded-0000-1,Senior Software Engineer,R&D,R&D,False,Montreal,plan:front_loaded,1.0,9,10781.249999999998,862.4999999999999,1280.8124999999998,646.8749999999999,0.0,0.0,13571.437499999998
2027-08,plan:front_loaded-0000-1,Senior Software Engineer,R&D,R&D,False,Montreal,plan:front_loaded,1.0,10,10781.249999999998,862.4999999999999,1280.8124999999998,646.8749999999999,0.0,0.0,13571.437499999998
2027-09,plan:front_loaded-0000-1,Senior Software Engineer,R&D,R&D,False,Montreal,plan:front_loaded,1.0,11,10781.249999999998,862.4999999999999,1280.8124999999998,646.8749999999999,0.0,0.0,13571.437499999998
2027-10,plan:front_loaded-0000-1,Senior Software Engineer,R&D,R&D,False,Montreal,plan:front_loaded,1.0,12,10781.249999999998,862.4999999999999,1280.8124999999998,646.8749999999999,0.0,0.0,13571.437499999998
2027-11,plan:front_loaded-0000-1,Senior Software Engineer,R&D,R&D,False,Montreal,plan:front_loaded,1.0,13,10781.249999999998,862.4999999999999,1280.8124999999998,646.8749999999999,0.0,0.0,13571.437499999998
2027-12,plan:front_loaded-0000-1,Senior Software Engineer,R&D,R&D,False,Montreal,plan:front_loaded,1.0,14,10781.249999999998,862.4999999999999,1280.8124999999998,646.8749999999999,0.0,0.0,13571.437499999998
2028-01,plan:front_loaded-0000-1,Senior Software Engineer,R&D,R&D,False,Montreal,plan:front_loaded,1.0,15,11158.593749999998,892.6874999999999,1325.6409374999998,669.5156249999999,0.0,0.0,14046.437812499998
2028-02,plan:front_loaded-0000-1,Senior Software Engineer,R&D,R&D,False,Montreal,plan:front_loaded,1.0,16,11158.593749999998,892.6874999999999,1325.6409374999998,669.5156249999999,0.0,0.0,14046.437812499998
2026-10,plan:front_loaded-0001-0,Software Engineer,R&D,R&D,False,Montreal,plan:front_loaded,1.0,0,7916.666666666667,633.3333333333334,940.5,475.0,14250.0,3500.0,9965.5
2026-11,plan:front_loaded-0001-0,Software Engineer,R&D,R&D,False,Montreal,plan:front_loaded,1.0,1,7916.666666666667,633.3333333333334,940.5,475.0,0.0,0.0,9965.5
2026-12,plan:front_loaded-0001-0,Software Engineer,R&D,R&D,False,Montreal,plan:front_loaded,1.0,2,7916.666666666667,633.3333333333334,940.5,475.0,0.0,0.0,9965.5
2027-01,plan:front_loaded-0001-0,Software Engineer,R&D,R&D,False,Montreal,plan:front_loaded,1.0,3,8193.749999999998,655.4999999999999,973.4174999999998,491.6249999999999,0.0,0.0,10314.292499999998
2027-02,plan:front_loaded-0001-0,Software Engineer,R&D,R&D,False,Montreal,plan:front_loaded,1.0,4,8193.749999999998,655.4999999999999,973.4174999999998,491.6249999999999,0.0,0.0,10314.292499999998
2027-03,plan:front_loaded-0001-0,Software Engineer,R&D,R&D,False,Montreal,plan:front_loaded,1.0,5,8193.749999999998,655.4999999999999,973.4174999999998,491.6249999999999,0.0,0.0,10314.292499999998
2027-04,plan:front_loaded-0001-0,Software Engineer,R&D,R&D,False,Montreal,plan:front_loaded,1.0,6,8193.749999999998,655.4999999999999,973.4174999999998,491.6249999999999,0.0,0.0,10314.292499999998
2027-05,plan:front_loaded-0001-0,Software Engineer,R&D,R&D,False,Montreal,plan:front_loaded,1.0,7,8193.749999999998,655.4999999999999,973.4174999999998,491.6249999999999,0.0,0.0,10314.292499999998
2027-06,plan:front_loaded-0001-0,Software Engineer,R&D,R&D,False,Montreal,plan:front_loaded,1.0,8,8193.749999999998,655.4999999999999,973.4174999999998,491.6249999999999,0.0,0.0,10314.292499999998
2027-07,plan:front_loaded-0001-0,Software Engineer,R&D,R&D,False,Montreal,plan:front_loaded,1.0,9,8193.749999999998,655.4999999999999,973.4174999999998,491.6249999999999,0.0,0.0,10314.292499999998
2027-08,plan:front_loaded-0001-0,Software Engineer,R&D,R&D,False,Montreal,plan:front_loaded,1.0,10,8193.749999999998,655.4999999999999,973.4174999999998,491.6249999999999,0.0,0.0,10314.292499999998
2027-09,plan:front_loaded-0001-0,Software Engineer,R&D,R&D,False,Montreal,plan:front_loaded,1.0,11,8193.749999999998,655.4999999999999,973.4174999999998,491.6249999999999,0.0,0.0,10314.292499999998
2027-10,plan:front_loaded-0001-0,Software Engineer,R&D,R&D,False,Montreal,plan:front_loaded,1.0,12,8193.749999999998,655.4999999999999,973.4174999999998,491.6249999999999,0.0,0.0,10314.292499999998
2027-11,plan:front_loaded-0001-0,Software Engineer,R&D,R&D,False,Montreal,plan:front_loaded,1.0,13,8193.749999999998,655.4999999999999,973.4174999999998,491.6249999999999,0.0,0.0,10314.292499999998
2027-12,plan:front_loaded-0001-0,Software Engineer,R&D,R&D,False,Montreal,plan:front_loaded,1.0,14,8193.749999999998,655.4999999999999,973.4174999999998,491.6249999999999,0.0,0.0,10314.292499999998
2028-01,plan:front_loaded-0001-0,Software Engineer,R&D,R&D,False,Montreal,plan:front_loaded,1.0,15,8480.531249999998,678.4424999999999,1007.4871124999997,508.83187499999985,0.0,0.0,10675.292737499996
2028-02,plan:front_loaded-0001-0,Software Engineer,R&D,R&D,False,Montreal,plan:front_loaded,1.0,16,8480.531249999998,678.4424999999999,1007.4871124999997,508.83187499999985,0.0,0.0,10675.292737499996
2026-10,plan:front_loaded-0001-1,Software Engineer,R&D,R&D,False,Montreal,plan:front_loaded,1.0,0,7916.666666666667,633.3333333333334,940.5,475.0,14250.0,3500.0,9965.5
2026-11,plan:front_loaded-0001-1,Software Engineer,R&D,R&D,False,Montreal,plan:front_loaded,1.0,1,7916.666666666667,633.3333333333334,940.5,475.0,0.0,0.0,9965.5
2026-12,plan:front_loaded-0001-1,Software Engineer,R&D,R&D,False,Montreal,plan:front_loaded,1.0,2,7916.666666666667,633.3333333333334,940.5,475.0,0.0,0.0,9965.5
2027-01,plan:front_loaded-0001-1,Software Engineer,R&D,R&D,False,Montreal,plan:front_loaded,1.0,3,8193.749999999998,655.4999999999999,973.4174999999998,491.6249999999999,0.0,0.0,10314.292499999998
2027-02,plan:front_loaded-0001-1,Software Engineer,R&D,R&D,False,Montreal,plan:front_loaded,1.0,4,8193.749999999998,655.4999999999999,973.4174999999998,491.6249999999999,0.0,0.0,10314.292499999998
2027-03,plan:front_loaded-0001-1,Software Engineer,R&D,R&D,False,Montreal,plan:front_loaded,1.0,5,8193.749999999998,655.4999999999999,973.4174999999998,491.6249999999999,0.0,0.0,10314.292499999998
2027-04,plan:front_loaded-0001-1,Software Engineer,R&D,R&D,False,Montreal,plan:front_loaded,1.0,6,8193.749999999998,655.4999999999999,973.4174999999998,491.6249999999999,0.0,0.0,10314.292499999998
2027-05,plan:front_loaded-0001-1,Software Engineer,R&D,R&D,False,Montreal,plan:front_loaded,1.0,7,8193.749999999998,655.4999999999999,973.4174999999998,491.6249999999999,0.0,0.0,10314.292499999998
2027-06,plan:front_loaded-0001-1,Software Engineer,R&D,R&D,False,Montreal,plan:front_loaded,1.0,8,8193.749999999998,655.4999999999999,973.4174999999998,491.6249999999999,0.0,0.0,10314.292499999998
2027-07,plan:front_loaded-0001-1,Software Engineer,R&D,R&D,False,Montreal,plan:front_loaded,1.0,9,8193.749999999998,655.4999999999999,973.4174999999998,491.6249999999999,0.0,0.0,10314.292499999998
2027-08,plan:front_loaded-0001-1,Software Engineer,R&D,R&D,False,Montreal,plan:front_loaded,1.0,10,8193.749999999998,655.4999999999999,973.4174999999998,491.6249999999999,0.0,0.0,10314.292499999998
2027-09,plan:front_loaded-0001-1,Software Engineer,R&D,R&D,False,Montreal,plan:front_loaded,1.0,11,8193.749999999998,655.4999999999999,973.4174999999998,491.6249999999999,0.0,0.0,10314.292499999998
2027-10,plan:front_loaded-0001-1,Software Engineer,R&D,R&D,False,Montreal,plan:front_loaded,1.0,12,8193.749999999998,655.4999999999999,973.4174999999998,491.6249999999999,0.0,0.0,10314.292499999998
2027-11,plan:front_loaded-0001-1,Software Engineer,R&D,R&D,False,Montreal,plan:front_loaded,1.0,13,8193.749999999998,655.4999999999999,973.4174999999998,491.6249999999999,0.0,0.0,10314.292499999998
2027-12,plan:front_loaded-0001-1,Software Engineer,R&D,R&D,False,Montreal,plan:front_loaded,1.0,14,8193.749999999998,655.4999999999999,973.4174999999998,491.6249999999999,0.0,0.0,10314.292499999998
2028-01,plan:front_loaded-0001-1,Software Engineer,R&D,R&D,False,Montreal,plan:front_loaded,1.0,15,8480.531249999998,678.4424999999999,1007.4871124999997,508.83187499999985,0.0,0.0,10675.292737499996
2028-02,plan:front_loaded-0001-1,Software Engineer,R&D,R&D,False,Montreal,plan:front_loaded,1.0,16,8480.531249999998,678.4424999999999,1007.4871124999997,508.83187499999985,0.0,0.0,10675.292737499996
2026-10,plan:front_loaded-0002-0,Software Engineer,R&D,R&D,False,Paris,plan:front_loaded,1.0,0,6666.666666666667,533.3333333333334,3024.0,333.33333333333337,12000.0,3500.0,10557.333333333334
2026-11,plan:front_loaded-0002-0,Software Engineer,R&D,R&D,False,Paris,plan:front_loaded,1.0,1,6666.666666666667,533.3333333333334,3024.0,333.33333333333337,0.0,0.0,10557.333333333334
2026-12,plan:front_loaded-0002-0,Software Engineer,R&D,R&D,False,Paris,plan:front_loaded,1.0,2,6666.666666666667,533.3333333333334,3024.0,333.33333333333337,0.0,0.0,10557.333333333334
2027-01,plan:front_loaded-0002-0,Software Engineer,R&D,R&D,False,Paris,plan:front_loaded,1.0,3,6900.0,552.0,3129.8399999999997,345.0,0.0,0.0,10926.84
2027-02,plan:front_loaded-0002-0,Software Engineer,R&D,R&D,False,Paris,plan:front_loaded,1.0,4,6900.0,552.0,3129.8399999999997,345.0,0.0,0.0,10926.84
2027-03,plan:front_loaded-0002-0,Software Engineer,R&D,R&D,False,Paris,plan:front_loaded,1.0,5,6900.0,552.0,3129.8399999999997,345.0,0.0,0.0,10926.84
2027-04,plan:front_loaded-0002-0,Software Engineer,R&D,R&D,False,Paris,plan:front_loaded,1.0,6,6900.0,552.0,3129.8399999999997,345.0,0.0,0.0,10926.84
2027-05,plan:front_loaded-0002-0,Software Engineer,R&D,R&D,False,Paris,plan:front_loaded,1.0,7,6900.0,552.0,3129.8399999999997,345.0,0.0,0.0,10926.84
2027-06,plan:front_loaded-0002-0,Software Engineer,R&D,R&D,False,Paris,plan:front_loaded,1.0,8,6900.0,552.0,3129.8399999999997,345.0,0.0,0.0,10926.84
2027-07,plan:front_loaded-0002-0,Software Engineer,R&D,R&D,False,Paris,plan:front_loaded,1.0,9,6900.0,552.0,3129.8399999999997,345.0,0.0,0.0,10926.84
2027-08,plan:front_loaded-0002-0,Software Engineer,R&D,R&D,False,Paris,plan:front_loaded,1.0,10,6900.0,552.0,3129.8399999999997,345.0,0.0,0.0,10926.84
2027-09,plan:front_loaded-0002-0,Software Engineer,R&D,R&D,False,Paris,plan:front_loaded,1.0,11,6900.0,552.0,3129.8399999999997,345.0,0.0,0.0,10926.84
2027-10,plan:front_loaded-0002-0,Software Engineer,R&D,R&D,False,Paris,plan:front_loaded,1.0,12,6900.0,552.0,3129.8399999999997,345.0,0.0,0.0,10926.84
2027-11,plan:front_loaded-0002-0,Software Engineer,R&D,R&D,False,Paris,plan:front_loaded,1.0,13,6900.0,552.0,3129.8399999999997,345.0,0.0,0.0,10926.84
2027-12,plan:front_loaded-0002-0,Software Engineer,R&D,R&D,False,Paris,plan:front_loaded,1.0,14,6900.0,552.0,3129.8399999999997,345.0,0.0,0.0,10926.84
2028-01,plan:front_loaded-0002-0,Software Engineer,R&D,R&D,False,Paris,plan:front_loaded,1.0,15,7141.499999999999,571.3199999999999,3239.3843999999995,357.075,0.0,0.0,11309.2794
2028-02,plan:front_loaded-0002-0,Software Engineer,R&D,R&D,False,Paris,plan:front_loaded,1.0,16,7141.499999999999,571.3199999999999,3239.3843999999995,357.075,0.0,0.0,11309.2794
2026-10,plan:front_loaded-0002-1,Software Engineer,R&D,R&D,False,Paris,plan:front_loaded,1.0,0,6666.666666666667,533.3333333333334,3024.0,333.33333333333337,12000.0,3500.0,10557.333333333334
2026-11,plan:front_loaded-0002-1,Software Engineer,R&D,R&D,False,Paris,plan:front_loaded,1.0,1,6666.666666666667,533.3333333333334,3024.0,333.33333333333337,0.0,0.0,10557.333333333334
2026-12,plan:front_loaded-0002-1,Software Engineer,R&D,R&D,False,Paris,plan:front_loaded,1.0,2,6666.666666666667,533.3333333333334,3024.0,333.33333333333337,0.0,0.0,10557.333333333334
2027-01,plan:front_loaded-0002-1,Software Engineer,R&D,R&D,False,Paris,plan:front_loaded,1.0,3,6900.0,552.0,3129.8399999999997,345.0,0.0,0.0,10926.84
2027-02,plan:front_loaded-0002-1,Software Engineer,R&D,R&D,False,Paris,plan:front_loaded,1.0,4,6900.0,552.0,3129.8399999999997,345.0,0.0,0.0,10926.84
2027-03,plan:front_loaded-0002-1,Software Engineer,R&D,R&D,False,Paris,plan:front_loaded,1.0,5,6900.0,552.0,3129.8399999999997,345.0,0.0,0.0,10926.84
2027-04,plan:front_loaded-0002-1,Software Engineer,R&D,R&D,False,Paris,plan:front_loaded,1.0,6,6900.0,552.0,3129.8399999999997,345.0,0.0,0.0,10926.84
2027-05,plan:front_loaded-0002-1,Software Engineer,R&D,R&D,False,Paris,plan:front_loaded,1.0,7,6900.0,552.0,3129.8399999999997,345.0,0.0,0.0,10926.84
2027-06,plan:front_loaded-0002-1,Software Engineer,R&D,R&D,False,Paris,plan:front_loaded,1.0,8,6900.0,552.0,3129.8399999999997,345.0,0.0,0.0,10926.84
2027-07,plan:front_loaded-0002-1,Software Engineer,R&D,R&D,False,Paris,plan:front_loaded,1.0,9,6900.0,552.0,3129.8399999999997,345.0,0.0,0.0,10926.84
2027-08,plan:front_loaded-0002-1,Software Engineer,R&D,R&D,False,Paris,plan:front_loaded,1.0,10,6900.0,552.0,3129.8399999999997,345.0,0.0,0.0,10926.84
2027-09,plan:front_loaded-0002-1,Software Engineer,R&D,R&D,False,Paris,plan:front_loaded,1.0,11,6900.0,552.0,3129.8399999999997,345.0,0.0,0.0,10926.84
2027-10,plan:front_loaded-0002-1,Software Engineer,R&D,R&D,False,Paris,plan:front_loaded,1.0,12,6900.0,552.0,3129.8399999999997,345.0,0.0,0.0,10926.84
2027-11,plan:front_loaded-0002-1,Software Engineer,R&D,R&D,False,Paris,plan:front_loaded,1.0,13,6900.0,552.0,3129.8399999999997,345.0,0.0,0.0,10926.84
2027-12,plan:front_loaded-0002-1,Software Engineer,R&D,R&D,False,Paris,plan:front_loaded,1.0,14,6900.0,552.0,3129.8399999999997,345.0,0.0,0.0,10926.84
2028-01,plan:front_loaded-0002-1,Software Engineer,R&D,R&D,False,Paris,plan:front_loaded,1.0,15,7141.499999999999,571.3199999999999,3239.3843999999995,357.075,0.0,0.0,11309.2794
2028-02,plan:front_loaded-0002-1,Software Engineer,R&D,R&D,False,Paris,plan:front_loaded,1.0,16,7141.499999999999,571.3199999999999,3239.3843999999995,357.075,0.0,0.0,11309.2794
2026-11,plan:front_loaded-0003-0,Data Engineer,R&D,R&D,False,Paris,plan:front_loaded,1.0,0,7916.666666666667,633.3333333333334,3591.0,395.83333333333337,14250.0,3500.0,12536.833333333334
2026-12,plan:front_loaded-0003-0,Data Engineer,R&D,R&D,False,Paris,plan:front_loaded,1.0,1,7916.666666666667,633.3333333333334,3591.0,395.83333333333337,0.0,0.0,12536.833333333334
2027-01,plan:front_loaded-0003-0,Data Engineer,R&D,R&D,False,Paris,plan:front_loaded,1.0,2,8193.749999999998,655.4999999999999,3716.684999999999,409.68749999999994,0.0,0.0,12975.622499999998
2027-02,plan:front_loaded-0003-0,Data Engineer,R&D,R&D,False,Paris,plan:front_loaded,1.0,3,8193.749999999998,655.4999999999999,3716.684999999999,409.68749999999994,0.0,0.0,12975.622499999998
2027-03,plan:front_loaded-0003-0,Data Engineer,R&D,R&D,False,Paris,plan:front_loaded,1.0,4,8193.749999999998,655.4999999999999,3716.684999999999,409.68749999999994,0.0,0.0,12975.622499999998
2027-04,plan:front_loaded-0003-0,Data Engineer,R&D,R&D,False,Paris,plan:front_loaded,1.0,5,8193.749999999998,655.4999999999999,3716.684999999999,409.68749999999994,0.0,0.0,12975.622499999998
2027-05,plan:front_loaded-0003-0,Data Engineer,R&D,R&D,False,Paris,plan:front_loaded,1.0,6,8193.749999999998,655.4999999999999,3716.684999999999,409.68749999999994,0.0,0.0,12975.622499999998
2027-06,plan:front_loaded-0003-0,Data Engineer,R&D,R&D,False,Paris,plan:front_loaded,1.0,7,8193.749999999998,655.4999999999999,3716.684999999999,409.68749999999994,0.0,0.0,12975.622499999998
2027-07,plan:front_loaded-0003-0,Data Engineer,R&D,R&D,False,Paris,plan:front_loaded,1.0,8,8193.749999999998,655.4999999999999,3716.684999999999,409.68749999999994,0.0,0.0,12975.622499999998
2027-08,plan:front_loaded-0003-0,Data Engineer,R&D,R&D,False,Paris,plan:front_loaded,1.0,9,8193.749999999998,655.4999999999999,3716.684999999999,409.68749999999994,0.0,0.0,12975.622499999998
2027-09,plan:front_loaded-0003-0,Data Engineer,R&D,R&D,False,Paris,plan:front_loaded,1.0,10,8193.749999999998,655.4999999999999,3716.684999999999,409.68749999999994,0.0,0.0,12975.622499999998
2027-10,plan:front_loaded-0003-0,Data Engineer,R&D,R&D,False,Paris,plan:front_loaded,1.0,11,8193.749999999998,655.4999999999999,3716.684999999999,409.68749999999994,0.0,0.0,12975.622499999998
2027-11,plan:front_loaded-0003-0,Data Engineer,R&D,R&D,False,Paris,plan:front_loaded,1.0,12,8193.749999999998,655.4999999999999,3716.684999999999,409.68749999999994,0.0,0.0,12975.622499999998
2027-12,plan:front_loaded-0003-0,Data Engineer,R&D,R&D,False,Paris,plan:front_loaded,1.0,13,8193.749999999998,655.4999999999999,3716.684999999999,409.68749999999994,0.0,0.0,12975.622499999998
2028-01,plan:front_loaded-0003-0,Data Engineer,R&D,R&D,False,Paris,plan:front_loaded,1.0,14,8480.531249999998,678.4424999999999,3846.7689749999986,424.02656249999995,0.0,0.0,13429.769287499996
2028-02,plan:front_loaded-0003-0,Data Engineer,R&D,R&D,False,Paris,plan:front_loaded,1.0,15,8480.531249999998,678.4424999999999,3846.7689749999986,424.02656249999995,0.0,0.0,13429.769287499996
2026-11,plan:front_loaded-0003-1,Data Engineer,R&D,R&D,False,Paris,plan:front_loaded,1.0,0,7916.666666666667,633.3333333333334,3591.0,395.83333333333337,14250.0,3500.0,12536.833333333334
2026-12,plan:front_loaded-0003-1,Data Engineer,R&D,R&D,False,Paris,plan:front_loaded,1.0,1,7916.666666666667,633.3333333333334,3591.0,395.83333333333337,0.0,0.0,12536.833333333334
2027-01,plan:front_loaded-0003-1,Data Engineer,R&D,R&D,False,Paris,plan:front_loaded,1.0,2,8193.749999999998,655.4999999999999,3716.684999999999,409.68749999999994,0.0,0.0,12975.622499999998
2027-02,plan:front_loaded-0003-1,Data Engineer,R&D,R&D,False,Paris,plan:front_loaded,1.0,3,8193.749999999998,655.4999999999999,3716.684999999999,409.68749999999994,0.0,0.0,12975.622499999998
2027-03,plan:front_loaded-0003-1,Data Engineer,R&D,R&D,False,Paris,plan:front_loaded,1.0,4,8193.749999999998,655.4999999999999,3716.684999999999,409.68749999999994,0.0,0.0,12975.622499999998
2027-04,plan:front_loaded-0003-1,Data Engineer,R&D,R&D,False,Paris,plan:front_loaded,1.0,5,8193.749999999998,655.4999999999999,3716.684999999999,409.68749999999994,0.0,0.0,12975.622499999998
2027-05,plan:front_loaded-0003-1,Data Engineer,R&D,R&D,False,Paris,plan:front_loaded,1.0,6,8193.749999999998,655.4999999999999,3716.684999999999,409.68749999999994,0.0,0.0,12975.622499999998
2027-06,plan:front_loaded-0003-1,Data Engineer,R&D,R&D,False,Paris,plan:front_loaded,1.0,7,8193.749999999998,655.4999999999999,3716.684999999999,409.68749999999994,0.0,0.0,12975.622499999998
2027-07,plan:front_loaded-0003-1,Data Engineer,R&D,R&D,False,Paris,plan:front_loaded,1.0,8,8193.749999999998,655.4999999999999,3716.684999999999,409.68749999999994,0.0,0.0,12975.622499999998
2027-08,plan:front_loaded-0003-1,Data Engineer,R&D,R&D,False,Paris,plan:front_loaded,1.0,9,8193.749999999998,655.4999999999999,3716.684999999999,409.68749999999994,0.0,0.0,12975.622499999998
2027-09,plan:front_loaded-0003-1,Data Engineer,R&D,R&D,False,Paris,plan:front_loaded,1.0,10,8193.749999999998,655.4999999999999,3716.684999999999,409.68749999999994,0.0,0.0,12975.622499999998
2027-10,plan:front_loaded-0003-1,Data Engineer,R&D,R&D,False,Paris,plan:front_loaded,1.0,11,8193.749999999998,655.4999999999999,3716.684999999999,409.68749999999994,0.0,0.0,12975.622499999998
2027-11,plan:front_loaded-0003-1,Data Engineer,R&D,R&D,False,Paris,plan:front_loaded,1.0,12,8193.749999999998,655.4999999999999,3716.684999999999,409.68749999999994,0.0,0.0,12975.622499999998
2027-12,plan:front_loaded-0003-1,Data Engineer,R&D,R&D,False,Paris,plan:front_loaded,1.0,13,8193.749999999998,655.4999999999999,3716.684999999999,409.68749999999994,0.0,0.0,12975.622499999998
2028-01,plan:front_loaded-0003-1,Data Engineer,R&D,R&D,False,Paris,plan:front_loaded,1.0,14,8480.531249999998,678.4424999999999,3846.7689749999986,424.02656249999995,0.0,0.0,13429.769287499996
2028-02,plan:front_loaded-0003-1,Data Engineer,R&D,R&D,False,Paris,plan:front_loaded,1.0,15,8480.531249999998,678.4424999999999,3846.7689749999986,424.02656249999995,0.0,0.0,13429.769287499996
2026-11,plan:front_loaded-0004-0,Senior Software Engineer,R&D,R&D,False,Paris,plan:front_loaded,1.0,0,8750.0,700.0,3969.0,437.5,15750.0,3500.0,13856.5
2026-12,plan:front_loaded-0004-0,Senior Software Engineer,R&D,R&D,False,Paris,plan:front_loaded,1.0,1,8750.0,700.0,3969.0,437.5,0.0,0.0,13856.5
2027-01,plan:front_loaded-0004-0,Senior Software Engineer,R&D,R&D,False,Paris,plan:front_loaded,1.0,2,9056.249999999998,724.4999999999999,4107.914999999999,452.81249999999994,0.0,0.0,14341.477499999997
2027-02,plan:front_loaded-0004-0,Senior Software Engineer,R&D,R&D,False,Paris,plan:front_loaded,1.0,3,9056.249999999998,724.4999999999999,4107.914999999999,452.81249999999994,0.0,0.0,14341.477499999997
2027-03,plan:front_loaded-0004-0,Senior Software Engineer,R&D,R&D,False,Paris,plan:front_loaded,1.0,4,9056.249999999998,724.4999999999999,4107.914999999999,452.81249999999994,0.0,0.0,14341.477499999997
2027-04,plan:front_loaded-0004-0,Senior Software Engineer,R&D,R&D,False,Paris,plan:front_loaded,1.0,5,9056.249999999998,724.4999999999999,4107.914999999999,452.81249999999994,0.0,0.0,14341.477499999997
2027-05,plan:front_loaded-0004-0,Senior Software Engineer,R&D,R&D,False,Paris,plan:front_loaded,1.0,6,9056.249999999998,724.4999999999999,4107.914999999999,452.81249999999994,0.0,0.0,14341.477499999997
2027-06,plan:front_loaded-0004-0,Senior Software Engineer,R&D,R&D,False,Paris,plan:front_loaded,1.0,7,9056.249999999998,724.4999999999999,4107.914999999999,452.81249999999994,0.0,0.0,14341.477499999997
2027-07,plan:front_loaded-0004-0,Senior Software Engineer,R&D,R&D,False,Paris,plan:front_loaded,1.0,8,9056.249999999998,724.4999999999999,4107.914999999999,452.81249999999994,0.0,0.0,14341.477499999997
2027-08,plan:front_loaded-0004-0,Senior Software Engineer,R&D,R&D,False,Paris,plan:front_loaded,1.0,9,9056.249999999998,724.4999999999999,4107.914999999999,452.81249999999994,0.0,0.0,14341.477499999997
2027-09,plan:front_loaded-0004-0,Senior Software Engineer,R&D,R&D,False,Paris,plan:front_loaded,1.0,10,9056.249999999998,724.4999999999999,4107.914999999999,452.81249999999994,0.0,0.0,14341.477499999997
2027-10,plan:front_loaded-0004-0,Senior Software Engineer,R&D,R&D,False,Paris,plan:front_loaded,1.0,11,9056.249999999998,724.4999999999999,4107.914999999999,452.81249999999994,0.0,0.0,14341.477499999997
2027-11,plan:front_loaded-0004-0,Senior Software Engineer,R&D,R&D,False,Paris,plan:front_loaded,1.0,12,9056.249999999998,724.4999999999999,4107.914999999999,452.81249999999994,0.0,0.0,14341.477499999997
2027-12,plan:front_loaded-0004-0,Senior Software Engineer,R&D,R&D,False,Paris,plan:front_loaded,1.0,13,9056.249999999998,724.4999999999999,4107.914999999999,452.81249999999994,0.0,0.0,14341.477499999997
2028-01,plan:front_loaded-0004-0,Senior Software Engineer,R&D,R&D,False,Paris,plan:front_loaded,1.0,14,9373.218749999998,749.8574999999998,4251.692024999999,468.66093749999993,0.0,0.0,14843.4292125
2028-02,plan:front_loaded-0004-0,Senior Software Engineer,R&D,R&D,False,Paris,plan:front_loaded,1.0,15,9373.218749999998,749.8574999999998,4251.692024999999,468.66093749999993,0.0,0.0,14843.4292125
2026-11,plan:front_loaded-0005-0,Software Engineer,R&D,R&D,False,Montreal,plan:front_loaded,1.0,0,7916.666666666667,633.3333333333334,940.5,475.0,14250.0,3500.0,9965.5
2026-12,plan:front_loaded-0005-0,Software Engineer,R&D,R&D,False,Montreal,plan:front_loaded,1.0,1,7916.666666666667,633.3333333333334,940.5,475.0,0.0,0.0,9965.5
2027-01,plan:front_loaded-0005-0,Software Engineer,R&D,R&D,False,Montreal,plan:front_loaded,1.0,2,8193.749999999998,655.4999999999999,973.4174999999998,491.6249999999999,0.0,0.0,10314.292499999998
2027-02,plan:front_loaded-0005-0,Software Engineer,R&D,R&D,False,Montreal,plan:front_loaded,1.0,3,8193.749999999998,655.4999999999999,973.4174999999998,491.6249999999999,0.0,0.0,10314.292499999998
2027-03,plan:front_loaded-0005-0,Software Engineer,R&D,R&D,False,Montreal,plan:front_loaded,1.0,4,8193.749999999998,655.4999999999999,973.4174999999998,491.6249999999999,0.0,0.0,10314.292499999998
2027-04,plan:front_loaded-0005-0,Software Engineer,R&D,R&D,False,Montreal,plan:front_loaded,1.0,5,8193.749999999998,655.4999999999999,973.4174999999998,491.6249999999999,0.0,0.0,10314.292499999998
2027-05,plan:front_loaded-0005-0,Software Engineer,R&D,R&D,False,Montreal,plan:front_loaded,1.0,6,8193.749999999998,655.4999999999999,973.4174999999998,491.6249999999999,0.0,0.0,10314.292499999998
2027-06,plan:front_loaded-0005-0,Software Engineer,R&D,R&D,False,Montreal,plan:front_loaded,1.0,7,8193.749999999998,655.4999999999999,973.4174999999998,491.6249999999999,0.0,0.0,10314.292499999998
2027-07,plan:front_loaded-0005-0,Software Engineer,R&D,R&D,False,Montreal,plan:front_loaded,1.0,8,8193.749999999998,655.4999999999999,973.4174999999998,491.6249999999999,0.0,0.0,10314.292499999998
2027-08,plan:front_loaded-0005-0,Software Engineer,R&D,R&D,False,Montreal,plan:front_loaded,1.0,9,8193.749999999998,655.4999999999999,973.4174999999998,491.6249999999999,0.0,0.0,10314.292499999998
2027-09,plan:front_loaded-0005-0,Software Engineer,R&D,R&D,False,Montreal,plan:front_loaded,1.0,10,8193.749999999998,655.4999999999999,973.4174999999998,491.6249999999999,0.0,0.0,10314.292499999998
2027-10,plan:front_loaded-0005-0,Software Engineer,R&D,R&D,False,Montreal,plan:front_loaded,1.0,11,8193.749999999998,655.4999999999999,973.4174999999998,491.6249999999999,0.0,0.0,10314.292499999998
2027-11,plan:front_loaded-0005-0,Software Engineer,R&D,R&D,False,Montreal,plan:front_loaded,1.0,12,8193.749999999998,655.4999999999999,973.4174999999998,491.6249999999999,0.0,0.0,10314.292499999998
2027-12,plan:front_loaded-0005-0,Software Engineer,R&D,R&D,False,Montreal,plan:front_loaded,1.0,13,8193.749999999998,655.4999999999999,973.4174999999998,491.6249999999999,0.0,0.0,10314.292499999998
2028-01,plan:front_loaded-0005-0,Software Engineer,R&D,R&D,False,Montreal,plan:front_loaded,1.0,14,8480.531249999998,678.4424999999999,1007.4871124999997,508.83187499999985,0.0,0.0,10675.292737499996
2028-02,plan:front_loaded-0005-0,Software Engineer,R&D,R&D,False,Montreal,plan:front_loaded,1.0,15,8480.531249999998,678.4424999999999,1007.4871124999997,508.83187499999985,0.0,0.0,10675.292737499996
2026-11,plan:front_loaded-0005-1,Software Engineer,R&D,R&D,False,Montreal,plan:front_loaded,1.0,0,7916.666666666667,633.3333333333334,940.5,475.0,14250.0,3500.0,9965.5
2026-12,plan:front_loaded-0005-1,Software Engineer,R&D,R&D,False,Montreal,plan:front_loaded,1.0,1,7916.666666666667,633.3333333333334,940.5,475.0,0.0,0.0,9965.5
2027-01,plan:front_loaded-0005-1,Software Engineer,R&D,R&D,False,Montreal,plan:front_loaded,1.0,2,8193.749999999998,655.4999999999999,973.4174999999998,491.6249999999999,0.0,0.0,10314.292499999998
2027-02,plan:front_loaded-0005-1,Software Engineer,R&D,R&D,False,Montreal,plan:front_loaded,1.0,3,8193.749999999998,655.4999999999999,973.4174999999998,491.6249999999999,0.0,0.0,10314.292499999998
2027-03,plan:front_loaded-0005-1,Software Engineer,R&D,R&D,False,Montreal,plan:front_loaded,1.0,4,8193.749999999998,655.4999999999999,973.4174999999998,491.6249999999999,0.0,0.0,10314.292499999998
2027-04,plan:front_loaded-0005-1,Software Engineer,R&D,R&D,False,Montreal,plan:front_loaded,1.0,5,8193.749999999998,655.4999999999999,973.4174999999998,491.6249999999999,0.0,0.0,10314.292499999998
2027-05,plan:front_loaded-0005-1,Software Engineer,R&D,R&D,False,Montreal,plan:front_loaded,1.0,6,8193.749999999998,655.4999999999999,973.4174999999998,491.6249999999999,0.0,0.0,10314.292499999998
2027-06,plan:front_loaded-0005-1,Software Engineer,R&D,R&D,False,Montreal,plan:front_loaded,1.0,7,8193.749999999998,655.4999999999999,973.4174999999998,491.6249999999999,0.0,0.0,10314.292499999998
2027-07,plan:front_loaded-0005-1,Software Engineer,R&D,R&D,False,Montreal,plan:front_loaded,1.0,8,8193.749999999998,655.4999999999999,973.4174999999998,491.6249999999999,0.0,0.0,10314.292499999998
2027-08,plan:front_loaded-0005-1,Software Engineer,R&D,R&D,False,Montreal,plan:front_loaded,1.0,9,8193.749999999998,655.4999999999999,973.4174999999998,491.6249999999999,0.0,0.0,10314.292499999998
2027-09,plan:front_loaded-0005-1,Software Engineer,R&D,R&D,False,Montreal,plan:front_loaded,1.0,10,8193.749999999998,655.4999999999999,973.4174999999998,491.6249999999999,0.0,0.0,10314.292499999998
2027-10,plan:front_loaded-0005-1,Software Engineer,R&D,R&D,False,Montreal,plan:front_loaded,1.0,11,8193.749999999998,655.4999999999999,973.4174999999998,491.6249999999999,0.0,0.0,10314.292499999998
2027-11,plan:front_loaded-0005-1,Software Engineer,R&D,R&D,False,Montreal,plan:front_loaded,1.0,12,8193.749999999998,655.4999999999999,973.4174999999998,491.6249999999999,0.0,0.0,10314.292499999998
2027-12,plan:front_loaded-0005-1,Software Engineer,R&D,R&D,False,Montreal,plan:front_loaded,1.0,13,8193.749999999998,655.4999999999999,973.4174999999998,491.6249999999999,0.0,0.0,10314.292499999998
2028-01,plan:front_loaded-0005-1,Software Engineer,R&D,R&D,False,Montreal,plan:front_loaded,1.0,14,8480.531249999998,678.4424999999999,1007.4871124999997,508.83187499999985,0.0,0.0,10675.292737499996
2028-02,plan:front_loaded-0005-1,Software Engineer,R&D,R&D,False,Montreal,plan:front_loaded,1.0,15,8480.531249999998,678.4424999999999,1007.4871124999997,508.83187499999985,0.0,0.0,10675.292737499996
2026-10,plan:front_loaded-0006-0,Product Manager,R&D,R&D,False,Montreal,plan:front_loaded,1.0,0,10000.0,800.0,1188.0,600.0,18000.0,3500.0,12588.0
2026-11,plan:front_loaded-0006-0,Product Manager,R&D,R&D,False,Montreal,plan:front_loaded,1.0,1,10000.0,800.0,1188.0,600.0,0.0,0.0,12588.0
2026-12,plan:front_loaded-0006-0,Product Manager,R&D,R&D,False,Montreal,plan:front_loaded,1.0,2,10000.0,800.0,1188.0,600.0,0.0,0.0,12588.0
2027-01,plan:front_loaded-0006-0,Product Manager,R&D,R&D,False,Montreal,plan:front_loaded,1.0,3,10349.999999999998,827.9999999999999,1229.5799999999997,620.9999999999999,0.0,0.0,13028.579999999998
2027-02,plan:front_loaded-0006-0,Product Manager,R&D,R&D,False,Montreal,plan:front_loaded,1.0,4,10349.999999999998,827.9999999999999,1229.5799999999997,620.9999999999999,0.0,0.0,13028.579999999998
2027-03,plan:front_loaded-0006-0,Product Manager,R&D,R&D,False,Montreal,plan:front_loaded,1.0,5,10349.999999999998,827.9999999999999,1229.5799999999997,620.9999999999999,0.0,0.0,13028.579999999998
2027-04,plan:front_loaded-0006-0,Product Manager,R&D,R&D,False,Montreal,plan:front_loaded,1.0,6,10349.999999999998,827.9999999999999,1229.5799999999997,620.9999999999999,0.0,0.0,13028.579999999998
2027-05,plan:front_loaded-0006-0,Product Manager,R&D,R&D,False,Montreal,plan:front_loaded,1.0,7,10349.999999999998,827.9999999999999,1229.5799999999997,620.9999999999999,0.0,0.0,13028.579999999998
2027-06,plan:front_loaded-0006-0,Product Manager,R&D,R&D,False,Montreal,plan:front_loaded,1.0,8,10349.999999999998,827.9999999999999,1229.5799999999997,620.9999999999999,0.0,0.0,13028.579999999998
2027-07,plan:front_loaded-0006-0,Product Manager,R&D,R&D,False,Montreal,plan:front_loaded,1.0,9,10349.999999999998,827.9999999999999,1229.5799999999997,620.9999999999999,0.0,0.0,13028.579999999998
2027-08,plan:front_loaded-0006-0,Product Manager,R&D,R&D,False,Montreal,plan:front_loaded,1.0,10,10349.999999999998,827.9999999999999,1229.5799999999997,620.9999999999999,0.0,0.0,13028.579999999998
2027-09,plan:front_loaded-0006-0,Product Manager,R&D,R&D,False,Montreal,plan:front_loaded,1.0,11,10349.999999999998,827.9999999999999,1229.5799999999997,620.9999999999999,0.0,0.0,13028.579999999998
2027-10,plan:front_loaded-0006-0,Product Manager,R&D,R&D,False,Montreal,plan:front_loaded,1.0,12,10349.999999999998,827.9999999999999,1229.5799999999997,620.9999999999999,0.0,0.0,13028.579999999998
2027-11,plan:front_loaded-0006-0,Product Manager,R&D,R&D,False,Montreal,plan:front_loaded,1.0,13,10349.999999999998,827.9999999999999,1229.5799999999997,620.9999999999999,0.0,0.0,13028.579999999998
2027-12,plan:front_loaded-0006-0,Product Manager,R&D,R&D,False,Montreal,plan:front_loaded,1.0,14,10349.999999999998,827.9999999999999,1229.5799999999997,620.9999999999999,0.0,0.0,13028.579999999998
2028-01,plan:front_loaded-0006-0,Product Manager,R&D,R&D,False,Montreal,plan:front_loaded,1.0,15,10712.249999999998,856.9799999999999,1272.6152999999997,642.7349999999999,0.0,0.0,13484.580299999998
2028-02,plan:front_loaded-0006-0,Product Manager,R&D,R&D,False,Montreal,plan:front_loaded,1.0,16,10712.249999999998,856.9799999999999,1272.6152999999997,642.7349999999999,0.0,0.0,13484.580299999998
2026-12,plan:front_loaded-0007-0,Software Engineer,R&D,R&D,False,Paris,plan:front_loaded,1.0,0,6666.666666666667,533.3333333333334,3024.0,333.33333333333337,12000.0,3500.0,10557.333333333334
2027-01,plan:front_loaded-0007-0,Software Engineer,R&D,R&D,False,Paris,plan:front_loaded,1.0,1,6900.0,552.0,3129.8399999999997,345.0,0.0,0.0,10926.84
2027-02,plan:front_loaded-0007-0,Software Engineer,R&D,R&D,False,Paris,plan:front_loaded,1.0,2,6900.0,552.0,3129.8399999999997,345.0,0.0,0.0,10926.84
2027-03,plan:front_loaded-0007-0,Software Engineer,R&D,R&D,False,Paris,plan:front_loaded,1.0,3,6900.0,552.0,3129.8399999999997,345.0,0.0,0.0,10926.84
2027-04,plan:front_loaded-0007-0,Software Engineer,R&D,R&D,False,Paris,plan:front_loaded,1.0,4,6900.0,552.0,3129.8399999999997,345.0,0.0,0.0,10926.84
2027-05,plan:front_loaded-0007-0,Software Engineer,R&D,R&D,False,Paris,plan:front_loaded,1.0,5,6900.0,552.0,3129.8399999999997,345.0,0.0,0.0,10926.84
2027-06,plan:front_loaded-0007-0,Software Engineer,R&D,R&D,False,Paris,plan:front_loaded,1.0,6,6900.0,552.0,3129.8399999999997,345.0,0.0,0.0,10926.84
2027-07,plan:front_loaded-0007-0,Software Engineer,R&D,R&D,False,Paris,plan:front_loaded,1.0,7,6900.0,552.0,3129.8399999999997,345.0,0.0,0.0,10926.84
2027-08,plan:front_loaded-0007-0,Software Engineer,R&D,R&D,False,Paris,plan:front_loaded,1.0,8,6900.0,552.0,3129.8399999999997,345.0,0.0,0.0,10926.84
2027-09,plan:front_loaded-0007-0,Software Engineer,R&D,R&D,False,Paris,plan:front_loaded,1.0,9,6900.0,552.0,3129.8399999999997,345.0,0.0,0.0,10926.84
2027-10,plan:front_loaded-0007-0,Software Engineer,R&D,R&D,False,Paris,plan:front_loaded,1.0,10,6900.0,552.0,3129.8399999999997,345.0,0.0,0.0,10926.84
2027-11,plan:front_loaded-0007-0,Software Engineer,R&D,R&D,False,Paris,plan:front_loaded,1.0,11,6900.0,552.0,3129.8399999999997,345.0,0.0,0.0,10926.84
2027-12,plan:front_loaded-0007-0,Software Engineer,R&D,R&D,False,Paris,plan:front_loaded,1.0,12,6900.0,552.0,3129.8399999999997,345.0,0.0,0.0,10926.84
2028-01,plan:front_loaded-0007-0,Software Engineer,R&D,R&D,False,Paris,plan:front_loaded,1.0,13,7141.499999999999,571.3199999999999,3239.3843999999995,357.075,0.0,0.0,11309.2794
2028-02,plan:front_loaded-0007-0,Software Engineer,R&D,R&D,False,Paris,plan:front_loaded,1.0,14,7141.499999999999,571.3199999999999,3239.3843999999995,357.075,0.0,0.0,11309.2794
2026-12,plan:front_loaded-0007-1,Software Engineer,R&D,R&D,False,Paris,plan:front_loaded,1.0,0,6666.666666666667,533.3333333333334,3024.0,333.33333333333337,12000.0,3500.0,10557.333333333334
2027-01,plan:front_loaded-0007-1,Software Engineer,R&D,R&D,False,Paris,plan:front_loaded,1.0,1,6900.0,552.0,3129.8399999999997,345.0,0.0,0.0,10926.84
2027-02,plan:front_loaded-0007-1,Software Engineer,R&D,R&D,False,Paris,plan:front_loaded,1.0,2,6900.0,552.0,3129.8399999999997,345.0,0.0,0.0,10926.84
2027-03,plan:front_loaded-0007-1,Software Engineer,R&D,R&D,False,Paris,plan:front_loaded,1.0,3,6900.0,552.0,3129.8399999999997,345.0,0.0,0.0,10926.84
2027-04,plan:front_loaded-0007-1,Software Engineer,R&D,R&D,False,Paris,plan:front_loaded,1.0,4,6900.0,552.0,3129.8399999999997,345.0,0.0,0.0,10926.84
2027-05,plan:front_loaded-0007-1,Software Engineer,R&D,R&D,False,Paris,plan:front_loaded,1.0,5,6900.0,552.0,3129.8399999999997,345.0,0.0,0.0,10926.84
2027-06,plan:front_loaded-0007-1,Software Engineer,R&D,R&D,False,Paris,plan:front_loaded,1.0,6,6900.0,552.0,3129.8399999999997,345.0,0.0,0.0,10926.84
2027-07,plan:front_loaded-0007-1,Software Engineer,R&D,R&D,False,Paris,plan:front_loaded,1.0,7,6900.0,552.0,3129.8399999999997,345.0,0.0,0.0,10926.84
2027-08,plan:front_loaded-0007-1,Software Engineer,R&D,R&D,False,Paris,plan:front_loaded,1.0,8,6900.0,552.0,3129.8399999999997,345.0,0.0,0.0,10926.84
2027-09,plan:front_loaded-0007-1,Software Engineer,R&D,R&D,False,Paris,plan:front_loaded,1.0,9,6900.0,552.0,3129.8399999999997,345.0,0.0,0.0,10926.84
2027-10,plan:front_loaded-0007-1,Software Engineer,R&D,R&D,False,Paris,plan:front_loaded,1.0,10,6900.0,552.0,3129.8399999999997,345.0,0.0,0.0,10926.84
2027-11,plan:front_loaded-0007-1,Software Engineer,R&D,R&D,False,Paris,plan:front_loaded,1.0,11,6900.0,552.0,3129.8399999999997,345.0,0.0,0.0,10926.84
2027-12,plan:front_loaded-0007-1,Software Engineer,R&D,R&D,False,Paris,plan:front_loaded,1.0,12,6900.0,552.0,3129.8399999999997,345.0,0.0,0.0,10926.84
2028-01,plan:front_loaded-0007-1,Software Engineer,R&D,R&D,False,Paris,plan:front_loaded,1.0,13,7141.499999999999,571.3199999999999,3239.3843999999995,357.075,0.0,0.0,11309.2794
2028-02,plan:front_loaded-0007-1,Software Engineer,R&D,R&D,False,Paris,plan:front_loaded,1.0,14,7141.499999999999,571.3199999999999,3239.3843999999995,357.075,0.0,0.0,11309.2794
2026-12,plan:front_loaded-0008-0,Software Engineer,R&D,R&D,False,Paris,plan:front_loaded,1.0,0,6666.666666666667,533.3333333333334,3024.0,333.33333333333337,12000.0,3500.0,10557.333333333334
2027-01,plan:front_loaded-0008-0,Software Engineer,R&D,R&D,False,Paris,plan:front_loaded,1.0,1,6900.0,552.0,3129.8399999999997,345.0,0.0,0.0,10926.84
2027-02,plan:front_loaded-0008-0,Software Engineer,R&D,R&D,False,Paris,plan:front_loaded,1.0,2,6900.0,552.0,3129.8399999999997,345.0,0.0,0.0,10926.84
2027-03,plan:front_loaded-0008-0,Software Engineer,R&D,R&D,False,Paris,plan:front_loaded,1.0,3,6900.0,552.0,3129.8399999999997,345.0,0.0,0.0,10926.84
2027-04,plan:front_loaded-0008-0,Software Engineer,R&D,R&D,False,Paris,plan:front_loaded,1.0,4,6900.0,552.0,3129.8399999999997,345.0,0.0,0.0,10926.84
2027-05,plan:front_loaded-0008-0,Software Engineer,R&D,R&D,False,Paris,plan:front_loaded,1.0,5,6900.0,552.0,3129.8399999999997,345.0,0.0,0.0,10926.84
2027-06,plan:front_loaded-0008-0,Software Engineer,R&D,R&D,False,Paris,plan:front_loaded,1.0,6,6900.0,552.0,3129.8399999999997,345.0,0.0,0.0,10926.84
2027-07,plan:front_loaded-0008-0,Software Engineer,R&D,R&D,False,Paris,plan:front_loaded,1.0,7,6900.0,552.0,3129.8399999999997,345.0,0.0,0.0,10926.84
2027-08,plan:front_loaded-0008-0,Software Engineer,R&D,R&D,False,Paris,plan:front_loaded,1.0,8,6900.0,552.0,3129.8399999999997,345.0,0.0,0.0,10926.84
2027-09,plan:front_loaded-0008-0,Software Engineer,R&D,R&D,False,Paris,plan:front_loaded,1.0,9,6900.0,552.0,3129.8399999999997,345.0,0.0,0.0,10926.84
2027-10,plan:front_loaded-0008-0,Software Engineer,R&D,R&D,False,Paris,plan:front_loaded,1.0,10,6900.0,552.0,3129.8399999999997,345.0,0.0,0.0,10926.84
2027-11,plan:front_loaded-0008-0,Software Engineer,R&D,R&D,False,Paris,plan:front_loaded,1.0,11,6900.0,552.0,3129.8399999999997,345.0,0.0,0.0,10926.84
2027-12,plan:front_loaded-0008-0,Software Engineer,R&D,R&D,False,Paris,plan:front_loaded,1.0,12,6900.0,552.0,3129.8399999999997,345.0,0.0,0.0,10926.84
2028-01,plan:front_loaded-0008-0,Software Engineer,R&D,R&D,False,Paris,plan:front_loaded,1.0,13,7141.499999999999,571.3199999999999,3239.3843999999995,357.075,0.0,0.0,11309.2794
2028-02,plan:front_loaded-0008-0,Software Engineer,R&D,R&D,False,Paris,plan:front_loaded,1.0,14,7141.499999999999,571.3199999999999,3239.3843999999995,357.075,0.0,0.0,11309.2794
2026-12,plan:front_loaded-0008-1,Software Engineer,R&D,R&D,False,Paris,plan:front_loaded,1.0,0,6666.666666666667,533.3333333333334,3024.0,333.33333333333337,12000.0,3500.0,10557.333333333334
2027-01,plan:front_loaded-0008-1,Software Engineer,R&D,R&D,False,Paris,plan:front_loaded,1.0,1,6900.0,552.0,3129.8399999999997,345.0,0.0,0.0,10926.84
2027-02,plan:front_loaded-0008-1,Software Engineer,R&D,R&D,False,Paris,plan:front_loaded,1.0,2,6900.0,552.0,3129.8399999999997,345.0,0.0,0.0,10926.84
2027-03,plan:front_loaded-0008-1,Software Engineer,R&D,R&D,False,Paris,plan:front_loaded,1.0,3,6900.0,552.0,3129.8399999999997,345.0,0.0,0.0,10926.84
2027-04,plan:front_loaded-0008-1,Software Engineer,R&D,R&D,False,Paris,plan:front_loaded,1.0,4,6900.0,552.0,3129.8399999999997,345.0,0.0,0.0,10926.84
2027-05,plan:front_loaded-0008-1,Software Engineer,R&D,R&D,False,Paris,plan:front_loaded,1.0,5,6900.0,552.0,3129.8399999999997,345.0,0.0,0.0,10926.84
2027-06,plan:front_loaded-0008-1,Software Engineer,R&D,R&D,False,Paris,plan:front_loaded,1.0,6,6900.0,552.0,3129.8399999999997,345.0,0.0,0.0,10926.84
2027-07,plan:front_loaded-0008-1,Software Engineer,R&D,R&D,False,Paris,plan:front_loaded,1.0,7,6900.0,552.0,3129.8399999999997,345.0,0.0,0.0,10926.84
2027-08,plan:front_loaded-0008-1,Software Engineer,R&D,R&D,False,Paris,plan:front_loaded,1.0,8,6900.0,552.0,3129.8399999999997,345.0,0.0,0.0,10926.84
2027-09,plan:front_loaded-0008-1,Software Engineer,R&D,R&D,False,Paris,plan:front_loaded,1.0,9,6900.0,552.0,3129.8399999999997,345.0,0.0,0.0,10926.84
2027-10,plan:front_loaded-0008-1,Software Engineer,R&D,R&D,False,Paris,plan:front_loaded,1.0,10,6900.0,552.0,3129.8399999999997,345.0,0.0,0.0,10926.84
2027-11,plan:front_loaded-0008-1,Software Engineer,R&D,R&D,False,Paris,plan:front_loaded,1.0,11,6900.0,552.0,3129.8399999999997,345.0,0.0,0.0,10926.84
2027-12,plan:front_loaded-0008-1,Software Engineer,R&D,R&D,False,Paris,plan:front_loaded,1.0,12,6900.0,552.0,3129.8399999999997,345.0,0.0,0.0,10926.84
2028-01,plan:front_loaded-0008-1,Software Engineer,R&D,R&D,False,Paris,plan:front_loaded,1.0,13,7141.499999999999,571.3199999999999,3239.3843999999995,357.075,0.0,0.0,11309.2794
2028-02,plan:front_loaded-0008-1,Software Engineer,R&D,R&D,False,Paris,plan:front_loaded,1.0,14,7141.499999999999,571.3199999999999,3239.3843999999995,357.075,0.0,0.0,11309.2794
2027-01,plan:front_loaded-0009-0,Senior Software Engineer,R&D,R&D,False,Montreal,plan:front_loaded,1.0,0,10416.666666666666,833.3333333333333,1237.5,624.9999999999999,18750.0,3500.0,13112.5
2027-02,plan:front_loaded-0009-0,Senior Software Engineer,R&D,R&D,False,Montreal,plan:front_loaded,1.0,1,10416.666666666666,833.3333333333333,1237.5,624.9999999999999,0.0,0.0,13112.5
2027-03,plan:front_loaded-0009-0,Senior Software Engineer,R&D,R&D,False,Montreal,plan:front_loaded,1.0,2,10416.666666666666,833.3333333333333,1237.5,624.9999999999999,0.0,0.0,13112.5
2027-04,plan:front_loaded-0009-0,Senior Software Engineer,R&D,R&D,False,Montreal,plan:front_loaded,1.0,3,10416.666666666666,833.3333333333333,1237.5,624.9999999999999,0.0,0.0,13112.5
2027-05,plan:front_loaded-0009-0,Senior Software Engineer,R&D,R&D,False,Montreal,plan:front_loaded,1.0,4,10416.666666666666,833.3333333333333,1237.5,624.9999999999999,0.0,0.0,13112.5
2027-06,plan:front_loaded-0009-0,Senior Software Engineer,R&D,R&D,False,Montreal,plan:front_loaded,1.0,5,10416.666666666666,833.3333333333333,1237.5,624.9999999999999,0.0,0.0,13112.5
2027-07,plan:front_loaded-0009-0,Senior Software Engineer,R&D,R&D,False,Montreal,plan:front_loaded,1.0,6,10416.666666666666,833.3333333333333,1237.5,624.9999999999999,0.0,0.0,13112.5
2027-08,plan:front_loaded-0009-0,Senior Software Engineer,R&D,R&D,False,Montreal,plan:front_loaded,1.0,7,10416.666666666666,833.3333333333333,1237.5,624.9999999999999,0.0,0.0,13112.5
2027-09,plan:front_loaded-0009-0,Senior Software Engineer,R&D,R&D,False,Montreal,plan:front_loaded,1.0,8,10416.666666666666,833.3333333333333,1237.5,624.9999999999999,0.0,0.0,13112.5
2027-10,plan:front_loaded-0009-0,Senior Software Engineer,R&D,R&D,False,Montreal,plan:front_loaded,1.0,9,10416.666666666666,833.3333333333333,1237.5,624.9999999999999,0.0,0.0,13112.5
2027-11,plan:front_loaded-0009-0,Senior Software Engineer,R&D,R&D,False,Montreal,plan:front_loaded,1.0,10,10416.666666666666,833.3333333333333,1237.5,624.9999999999999,0.0,0.0,13112.5
2027-12,plan:front_loaded-0009-0,Senior Software Engineer,R&D,R&D,False,Montreal,plan:front_loaded,1.0,11,10416.666666666666,833.3333333333333,1237.5,624.9999999999999,0.0,0.0,13112.5
2028-01,plan:front_loaded-0009-0,Senior Software Engineer,R&D,R&D,False,Montreal,plan:front_loaded,1.0,12,10781.249999999998,862.4999999999999,1280.8124999999998,646.8749999999999,0.0,0.0,13571.437499999998
2028-02,plan:front_loaded-0009-0,Senior Software Engineer,R&D,R&D,False,Montreal,plan:front_loaded,1.0,13,10781.249999999998,862.4999999999999,1280.8124999999998,646.8749999999999,0.0,0.0,13571.437499999998
2027-01,plan:front_loaded-0009-1,Senior Software Engineer,R&D,R&D,False,Montreal,plan:front_loaded,1.0,0,10416.666666666666,833.3333333333333,1237.5,624.9999999999999,18750.0,3500.0,13112.5
2027-02,plan:front_loaded-0009-1,Senior Software Engineer,R&D,R&D,False,Montreal,plan:front_loaded,1.0,1,10416.666666666666,833.3333333333333,1237.5,624.9999999999999,0.0,0.0,13112.5
2027-03,plan:front_loaded-0009-1,Senior Software Engineer,R&D,R&D,False,Montreal,plan:front_loaded,1.0,2,10416.666666666666,833.3333333333333,1237.5,624.9999999999999,0.0,0.0,13112.5
2027-04,plan:front_loaded-0009-1,Senior Software Engineer,R&D,R&D,False,Montreal,plan:front_loaded,1.0,3,10416.666666666666,833.3333333333333,1237.5,624.9999999999999,0.0,0.0,13112.5
2027-05,plan:front_loaded-0009-1,Senior Software Engineer,R&D,R&D,False,Montreal,plan:front_loaded,1.0,4,10416.666666666666,833.3333333333333,1237.5,624.9999999999999,0.0,0.0,13112.5
2027-06,plan:front_loaded-0009-1,Senior Software Engineer,R&D,R&D,False,Montreal,plan:front_loaded,1.0,5,10416.666666666666,833.3333333333333,1237.5,624.9999999999999,0.0,0.0,13112.5
2027-07,plan:front_loaded-0009-1,Senior Software Engineer,R&D,R&D,False,Montreal,plan:front_loaded,1.0,6,10416.666666666666,833.3333333333333,1237.5,624.9999999999999,0.0,0.0,13112.5
2027-08,plan:front_loaded-0009-1,Senior Software Engineer,R&D,R&D,False,Montreal,plan:front_loaded,1.0,7,10416.666666666666,833.3333333333333,1237.5,624.9999999999999,0.0,0.0,13112.5
2027-09,plan:front_loaded-0009-1,Senior Software Engineer,R&D,R&D,False,Montreal,plan:front_loaded,1.0,8,10416.666666666666,833.3333333333333,1237.5,624.9999999999999,0.0,0.0,13112.5
2027-10,plan:front_loaded-0009-1,Senior Software Engineer,R&D,R&D,False,Montreal,plan:front_loaded,1.0,9,10416.666666666666,833.3333333333333,1237.5,624.9999999999999,0.0,0.0,13112.5
2027-11,plan:front_loaded-0009-1,Senior Software Engineer,R&D,R&D,False,Montreal,plan:front_loaded,1.0,10,10416.666666666666,833.3333333333333,1237.5,624.9999999999999,0.0,0.0,13112.5
2027-12,plan:front_loaded-0009-1,Senior Software Engineer,R&D,R&D,False,Montreal,plan:front_loaded,1.0,11,10416.666666666666,833.3333333333333,1237.5,624.9999999999999,0.0,0.0,13112.5
2028-01,plan:front_loaded-0009-1,Senior Software Engineer,R&D,R&D,False,Montreal,plan:front_loaded,1.0,12,10781.249999999998,862.4999999999999,1280.8124999999998,646.8749999999999,0.0,0.0,13571.437499999998
2028-02,plan:front_loaded-0009-1,Senior Software Engineer,R&D,R&D,False,Montreal,plan:front_loaded,1.0,13,10781.249999999998,862.4999999999999,1280.8124999999998,646.8749999999999,0.0,0.0,13571.437499999998
2026-10,plan:front_loaded-0010-0,Account Executive,S&M,S&M,True,Austin,plan:front_loaded,1.0,0,9166.666666666666,0.0,779.1666666666666,1283.3333333333333,16500.0,3500.0,11229.166666666666
2026-11,plan:front_loaded-0010-0,Account Executive,S&M,S&M,True,Austin,plan:front_loaded,1.0,1,9166.666666666666,0.0,779.1666666666666,1283.3333333333333,0.0,0.0,11229.166666666666
2026-12,plan:front_loaded-0010-0,Account Executive,S&M,S&M,True,Austin,plan:front_loaded,1.0,2,9166.666666666666,0.0,779.1666666666666,1283.3333333333333,0.0,0.0,11229.166666666666
2027-01,plan:front_loaded-0010-0,Account Executive,S&M,S&M,True,Austin,plan:front_loaded,1.0,3,9487.499999999998,0.0,806.4374999999999,1328.2499999999998,0.0,0.0,11622.187499999998
2027-02,plan:front_loaded-0010-0,Account Executive,S&M,S&M,True,Austin,plan:front_loaded,1.0,4,9487.499999999998,0.0,806.4374999999999,1328.2499999999998,0.0,0.0,11622.187499999998
2027-03,plan:front_loaded-0010-0,Account Executive,S&M,S&M,True,Austin,plan:front_loaded,1.0,5,9487.499999999998,0.0,806.4374999999999,1328.2499999999998,0.0,0.0,11622.187499999998
2027-04,plan:front_loaded-0010-0,Account Executive,S&M,S&M,True,Austin,plan:front_loaded,1.0,6,9487.499999999998,0.0,806.4374999999999,1328.2499999999998,0.0,0.0,11622.187499999998
2027-05,plan:front_loaded-0010-0,Account Executive,S&M,S&M,True,Austin,plan:front_loaded,1.0,7,9487.499999999998,0.0,806.4374999999999,1328.2499999999998,0.0,0.0,11622.187499999998
2027-06,plan:front_loaded-0010-0,Account Executive,S&M,S&M,True,Austin,plan:front_loaded,1.0,8,9487.499999999998,0.0,806.4374999999999,1328.2499999999998,0.0,0.0,11622.187499999998
2027-07,plan:front_loaded-0010-0,Account Executive,S&M,S&M,True,Austin,plan:front_loaded,1.0,9,9487.499999999998,0.0,806.4374999999999,1328.2499999999998,0.0,0.0,11622.187499999998
2027-08,plan:front_loaded-0010-0,Account Executive,S&M,S&M,True,Austin,plan:front_loaded,1.0,10,9487.499999999998,0.0,806.4374999999999,1328.2499999999998,0.0,0.0,11622.187499999998
2027-09,plan:front_loaded-0010-0,Account Executive,S&M,S&M,True,Austin,plan:front_loaded,1.0,11,9487.499999999998,0.0,806.4374999999999,1328.2499999999998,0.0,0.0,11622.187499999998
2027-10,plan:front_loaded-0010-0,Account Executive,S&M,S&M,True,Austin,plan:front_loaded,1.0,12,9487.499999999998,0.0,806.4374999999999,1328.2499999999998,0.0,0.0,11622.187499999998
2027-11,plan:front_loaded-0010-0,Account Executive,S&M,S&M,True,Austin,plan:front_loaded,1.0,13,9487.499999999998,0.0,806.4374999999999,1328.2499999999998,0.0,0.0,11622.187499999998
2027-12,plan:front_loaded-0010-0,Account Executive,S&M,S&M,True,Austin,plan:front_loaded,1.0,14,9487.499999999998,0.0,806.4374999999999,1328.2499999999998,0.0,0.0,11622.187499999998
2028-01,plan:front_loaded-0010-0,Account Executive,S&M,S&M,True,Austin,plan:front_loaded,1.0,15,9819.562499999998,0.0,834.6628124999999,1374.73875,0.0,0.0,12028.9640625
2028-02,plan:front_loaded-0010-0,Account Executive,S&M,S&M,True,Austin,plan:front_loaded,1.0,16,9819.562499999998,0.0,834.6628124999999,1374.73875,0.0,0.0,12028.9640625
2026-10,plan:front_loaded-0010-1,Account Executive,S&M,S&M,True,Austin,plan:front_loaded,1.0,0,9166.666666666666,0.0,779.1666666666666,1283.3333333333333,16500.0,3500.0,11229.166666666666
2026-11,plan:front_loaded-0010-1,Account Executive,S&M,S&M,True,Austin,plan:front_loaded,1.0,1,9166.666666666666,0.0,779.1666666666666,1283.3333333333333,0.0,0.0,11229.166666666666
2026-12,plan:front_loaded-0010-1,Account Executive,S&M,S&M,True,Austin,plan:front_loaded,1.0,2,9166.666666666666,0.0,779.1666666666666,1283.3333333333333,0.0,0.0,11229.166666666666
2027-01,plan:front_loaded-0010-1,Account Executive,S&M,S&M,True,Austin,plan:front_loaded,1.0,3,9487.499999999998,0.0,806.4374999999999,1328.2499999999998,0.0,0.0,11622.187499999998
2027-02,plan:front_loaded-0010-1,Account Executive,S&M,S&M,True,Austin,plan:front_loaded,1.0,4,9487.499999999998,0.0,806.4374999999999,1328.2499999999998,0.0,0.0,11622.187499999998
2027-03,plan:front_loaded-0010-1,Account Executive,S&M,S&M,True,Austin,plan:front_loaded,1.0,5,9487.499999999998,0.0,806.4374999999999,1328.2499999999998,0.0,0.0,11622.187499999998
2027-04,plan:front_loaded-0010-1,Account Executive,S&M,S&M,True,Austin,plan:front_loaded,1.0,6,9487.499999999998,0.0,806.4374999999999,1328.2499999999998,0.0,0.0,11622.187499999998
2027-05,plan:front_loaded-0010-1,Account Executive,S&M,S&M,True,Austin,plan:front_loaded,1.0,7,9487.499999999998,0.0,806.4374999999999,1328.2499999999998,0.0,0.0,11622.187499999998
2027-06,plan:front_loaded-0010-1,Account Executive,S&M,S&M,True,Austin,plan:front_loaded,1.0,8,9487.499999999998,0.0,806.4374999999999,1328.2499999999998,0.0,0.0,11622.187499999998
2027-07,plan:front_loaded-0010-1,Account Executive,S&M,S&M,True,Austin,plan:front_loaded,1.0,9,9487.499999999998,0.0,806.4374999999999,1328.2499999999998,0.0,0.0,11622.187499999998
2027-08,plan:front_loaded-0010-1,Account Executive,S&M,S&M,True,Austin,plan:front_loaded,1.0,10,9487.499999999998,0.0,806.4374999999999,1328.2499999999998,0.0,0.0,11622.187499999998
2027-09,plan:front_loaded-0010-1,Account Executive,S&M,S&M,True,Austin,plan:front_loaded,1.0,11,9487.499999999998,0.0,806.4374999999999,1328.2499999999998,0.0,0.0,11622.187499999998
2027-10,plan:front_loaded-0010-1,Account Executive,S&M,S&M,True,Austin,plan:front_loaded,1.0,12,9487.499999999998,0.0,806.4374999999999,1328.2499999999998,0.0,0.0,11622.187499999998
2027-11,plan:front_loaded-0010-1,Account Executive,S&M,S&M,True,Austin,plan:front_loaded,1.0,13,9487.499999999998,0.0,806.4374999999999,1328.2499999999998,0.0,0.0,11622.187499999998
2027-12,plan:front_loaded-0010-1,Account Executive,S&M,S&M,True,Austin,plan:front_loaded,1.0,14,9487.499999999998,0.0,806.4374999999999,1328.2499999999998,0.0,0.0,11622.187499999998
2028-01,plan:front_loaded-0010-1,Account Executive,S&M,S&M,True,Austin,plan:front_loaded,1.0,15,9819.562499999998,0.0,834.6628124999999,1374.73875,0.0,0.0,12028.9640625
2028-02,plan:front_loaded-0010-1,Account Executive,S&M,S&M,True,Austin,plan:front_loaded,1.0,16,9819.562499999998,0.0,834.6628124999999,1374.73875,0.0,0.0,12028.9640625
2026-11,plan:front_loaded-0011-0,Account Executive,S&M,S&M,True,Austin,plan:front_loaded,1.0,0,9166.666666666666,0.0,779.1666666666666,1283.3333333333333,16500.0,3500.0,11229.166666666666
2026-12,plan:front_loaded-0011-0,Account Executive,S&M,S&M,True,Austin,plan:front_loaded,1.0,1,9166.666666666666,0.0,779.1666666666666,1283.3333333333333,0.0,0.0,11229.166666666666
2027-01,plan:front_loaded-0011-0,Account Executive,S&M,S&M,True,Austin,plan:front_loaded,1.0,2,9487.499999999998,0.0,806.4374999999999,1328.2499999999998,0.0,0.0,11622.187499999998
2027-02,plan:front_loaded-0011-0,Account Executive,S&M,S&M,True,Austin,plan:front_loaded,1.0,3,9487.499999999998,0.0,806.4374999999999,1328.2499999999998,0.0,0.0,11622.187499999998
2027-03,plan:front_loaded-0011-0,Account Executive,S&M,S&M,True,Austin,plan:front_loaded,1.0,4,9487.499999999998,0.0,806.4374999999999,1328.2499999999998,0.0,0.0,11622.187499999998
2027-04,plan:front_loaded-0011-0,Account Executive,S&M,S&M,True,Austin,plan:front_loaded,1.0,5,9487.499999999998,0.0,806.4374999999999,1328.2499999999998,0.0,0.0,11622.187499999998
2027-05,plan:front_loaded-0011-0,Account Executive,S&M,S&M,True,Austin,plan:front_loaded,1.0,6,9487.499999999998,0.0,806.4374999999999,1328.2499999999998,0.0,0.0,11622.187499999998
2027-06,plan:front_loaded-0011-0,Account Executive,S&M,S&M,True,Austin,plan:front_loaded,1.0,7,9487.499999999998,0.0,806.4374999999999,1328.2499999999998,0.0,0.0,11622.187499999998
2027-07,plan:front_loaded-0011-0,Account Executive,S&M,S&M,True,Austin,plan:front_loaded,1.0,8,9487.499999999998,0.0,806.4374999999999,1328.2499999999998,0.0,0.0,11622.187499999998
2027-08,plan:front_loaded-0011-0,Account Executive,S&M,S&M,True,Austin,plan:front_loaded,1.0,9,9487.499999999998,0.0,806.4374999999999,1328.2499999999998,0.0,0.0,11622.187499999998
2027-09,plan:front_loaded-0011-0,Account Executive,S&M,S&M,True,Austin,plan:front_loaded,1.0,10,9487.499999999998,0.0,806.4374999999999,1328.2499999999998,0.0,0.0,11622.187499999998
2027-10,plan:front_loaded-0011-0,Account Executive,S&M,S&M,True,Austin,plan:front_loaded,1.0,11,9487.499999999998,0.0,806.4374999999999,1328.2499999999998,0.0,0.0,11622.187499999998
2027-11,plan:front_loaded-0011-0,Account Executive,S&M,S&M,True,Austin,plan:front_loaded,1.0,12,9487.499999999998,0.0,806.4374999999999,1328.2499999999998,0.0,0.0,11622.187499999998
2027-12,plan:front_loaded-0011-0,Account Executive,S&M,S&M,True,Austin,plan:front_loaded,1.0,13,9487.499999999998,0.0,806.4374999999999,1328.2499999999998,0.0,0.0,11622.187499999998
2028-01,plan:front_loaded-0011-0,Account Executive,S&M,S&M,True,Austin,plan:front_loaded,1.0,14,9819.562499999998,0.0,834.6628124999999,1374.73875,0.0,0.0,12028.9640625
2028-02,plan:front_loaded-0011-0,Account Executive,S&M,S&M,True,Austin,plan:front_loaded,1.0,15,9819.562499999998,0.0,834.6628124999999,1374.73875,0.0,0.0,12028.9640625
2026-11,plan:front_loaded-0011-1,Account Executive,S&M,S&M,True,Austin,plan:front_loaded,1.0,0,9166.666666666666,0.0,779.1666666666666,1283.3333333333333,16500.0,3500.0,11229.166666666666
2026-12,plan:front_loaded-0011-1,Account Executive,S&M,S&M,True,Austin,plan:front_loaded,1.0,1,9166.666666666666,0.0,779.1666666666666,1283.3333333333333,0.0,0.0,11229.166666666666
2027-01,plan:front_loaded-0011-1,Account Executive,S&M,S&M,True,Austin,plan:front_loaded,1.0,2,9487.499999999998,0.0,806.4374999999999,1328.2499999999998,0.0,0.0,11622.187499999998
2027-02,plan:front_loaded-0011-1,Account Executive,S&M,S&M,True,Austin,plan:front_loaded,1.0,3,9487.499999999998,0.0,806.4374999999999,1328.2499999999998,0.0,0.0,11622.187499999998
2027-03,plan:front_loaded-0011-1,Account Executive,S&M,S&M,True,Austin,plan:front_loaded,1.0,4,9487.499999999998,0.0,806.4374999999999,1328.2499999999998,0.0,0.0,11622.187499999998
2027-04,plan:front_loaded-0011-1,Account Executive,S&M,S&M,True,Austin,plan:front_loaded,1.0,5,9487.499999999998,0.0,806.4374999999999,1328.2499999999998,0.0,0.0,11622.187499999998
2027-05,plan:front_loaded-0011-1,Account Executive,S&M,S&M,True,Austin,plan:front_loaded,1.0,6,9487.499999999998,0.0,806.4374999999999,1328.2499999999998,0.0,0.0,11622.187499999998
2027-06,plan:front_loaded-0011-1,Account Executive,S&M,S&M,True,Austin,plan:front_loaded,1.0,7,9487.499999999998,0.0,806.4374999999999,1328.2499999999998,0.0,0.0,11622.187499999998
2027-07,plan:front_loaded-0011-1,Account Executive,S&M,S&M,True,Austin,plan:front_loaded,1.0,8,9487.499999999998,0.0,806.4374999999999,1328.2499999999998,0.0,0.0,11622.187499999998
2027-08,plan:front_loaded-0011-1,Account Executive,S&M,S&M,True,Austin,plan:front_loaded,1.0,9,9487.499999999998,0.0,806.4374999999999,1328.2499999999998,0.0,0.0,11622.187499999998
2027-09,plan:front_loaded-0011-1,Account Executive,S&M,S&M,True,Austin,plan:front_loaded,1.0,10,9487.499999999998,0.0,806.4374999999999,1328.2499999999998,0.0,0.0,11622.187499999998
2027-10,plan:front_loaded-0011-1,Account Executive,S&M,S&M,True,Austin,plan:front_loaded,1.0,11,9487.499999999998,0.0,806.4374999999999,1328.2499999999998,0.0,0.0,11622.187499999998
2027-11,plan:front_loaded-0011-1,Account Executive,S&M,S&M,True,Austin,plan:front_loaded,1.0,12,9487.499999999998,0.0,806.4374999999999,1328.2499999999998,0.0,0.0,11622.187499999998
2027-12,plan:front_loaded-0011-1,Account Executive,S&M,S&M,True,Austin,plan:front_loaded,1.0,13,9487.499999999998,0.0,806.4374999999999,1328.2499999999998,0.0,0.0,11622.187499999998
2028-01,plan:front_loaded-0011-1,Account Executive,S&M,S&M,True,Austin,plan:front_loaded,1.0,14,9819.562499999998,0.0,834.6628124999999,1374.73875,0.0,0.0,12028.9640625
2028-02,plan:front_loaded-0011-1,Account Executive,S&M,S&M,True,Austin,plan:front_loaded,1.0,15,9819.562499999998,0.0,834.6628124999999,1374.73875,0.0,0.0,12028.9640625
2027-01,plan:front_loaded-0012-0,Account Executive,S&M,S&M,True,Austin,plan:front_loaded,1.0,0,9166.666666666666,0.0,779.1666666666666,1283.3333333333333,16500.0,3500.0,11229.166666666666
2027-02,plan:front_loaded-0012-0,Account Executive,S&M,S&M,True,Austin,plan:front_loaded,1.0,1,9166.666666666666,0.0,779.1666666666666,1283.3333333333333,0.0,0.0,11229.166666666666
2027-03,plan:front_loaded-0012-0,Account Executive,S&M,S&M,True,Austin,plan:front_loaded,1.0,2,9166.666666666666,0.0,779.1666666666666,1283.3333333333333,0.0,0.0,11229.166666666666
2027-04,plan:front_loaded-0012-0,Account Executive,S&M,S&M,True,Austin,plan:front_loaded,1.0,3,9166.666666666666,0.0,779.1666666666666,1283.3333333333333,0.0,0.0,11229.166666666666
2027-05,plan:front_loaded-0012-0,Account Executive,S&M,S&M,True,Austin,plan:front_loaded,1.0,4,9166.666666666666,0.0,779.1666666666666,1283.3333333333333,0.0,0.0,11229.166666666666
2027-06,plan:front_loaded-0012-0,Account Executive,S&M,S&M,True,Austin,plan:front_loaded,1.0,5,9166.666666666666,0.0,779.1666666666666,1283.3333333333333,0.0,0.0,11229.166666666666
2027-07,plan:front_loaded-0012-0,Account Executive,S&M,S&M,True,Austin,plan:front_loaded,1.0,6,9166.666666666666,0.0,779.1666666666666,1283.3333333333333,0.0,0.0,11229.166666666666
2027-08,plan:front_loaded-0012-0,Account Executive,S&M,S&M,True,Austin,plan:front_loaded,1.0,7,9166.666666666666,0.0,779.1666666666666,1283.3333333333333,0.0,0.0,11229.166666666666
2027-09,plan:front_loaded-0012-0,Account Executive,S&M,S&M,True,Austin,plan:front_loaded,1.0,8,9166.666666666666,0.0,779.1666666666666,1283.3333333333333,0.0,0.0,11229.166666666666
2027-10,plan:front_loaded-0012-0,Account Executive,S&M,S&M,True,Austin,plan:front_loaded,1.0,9,9166.666666666666,0.0,779.1666666666666,1283.3333333333333,0.0,0.0,11229.166666666666
2027-11,plan:front_loaded-0012-0,Account Executive,S&M,S&M,True,Austin,plan:front_loaded,1.0,10,9166.666666666666,0.0,779.1666666666666,1283.3333333333333,0.0,0.0,11229.166666666666
2027-12,plan:front_loaded-0012-0,Account Executive,S&M,S&M,True,Austin,plan:front_loaded,1.0,11,9166.666666666666,0.0,779.1666666666666,1283.3333333333333,0.0,0.0,11229.166666666666
2028-01,plan:front_loaded-0012-0,Account Executive,S&M,S&M,True,Austin,plan:front_loaded,1.0,12,9487.499999999998,0.0,806.4374999999999,1328.2499999999998,0.0,0.0,11622.187499999998
2028-02,plan:front_loaded-0012-0,Account Executive,S&M,S&M,True,Austin,plan:front_loaded,1.0,13,9487.499999999998,0.0,806.4374999999999,1328.2499999999998,0.0,0.0,11622.187499999998
2027-01,plan:front_loaded-0012-1,Account Executive,S&M,S&M,True,Austin,plan:front_loaded,1.0,0,9166.666666666666,0.0,779.1666666666666,1283.3333333333333,16500.0,3500.0,11229.166666666666
2027-02,plan:front_loaded-0012-1,Account Executive,S&M,S&M,True,Austin,plan:front_loaded,1.0,1,9166.666666666666,0.0,779.1666666666666,1283.3333333333333,0.0,0.0,11229.166666666666
2027-03,plan:front_loaded-0012-1,Account Executive,S&M,S&M,True,Austin,plan:front_loaded,1.0,2,9166.666666666666,0.0,779.1666666666666,1283.3333333333333,0.0,0.0,11229.166666666666
2027-04,plan:front_loaded-0012-1,Account Executive,S&M,S&M,True,Austin,plan:front_loaded,1.0,3,9166.666666666666,0.0,779.1666666666666,1283.3333333333333,0.0,0.0,11229.166666666666
2027-05,plan:front_loaded-0012-1,Account Executive,S&M,S&M,True,Austin,plan:front_loaded,1.0,4,9166.666666666666,0.0,779.1666666666666,1283.3333333333333,0.0,0.0,11229.166666666666
2027-06,plan:front_loaded-0012-1,Account Executive,S&M,S&M,True,Austin,plan:front_loaded,1.0,5,9166.666666666666,0.0,779.1666666666666,1283.3333333333333,0.0,0.0,11229.166666666666
2027-07,plan:front_loaded-0012-1,Account Executive,S&M,S&M,True,Austin,plan:front_loaded,1.0,6,9166.666666666666,0.0,779.1666666666666,1283.3333333333333,0.0,0.0,11229.166666666666
2027-08,plan:front_loaded-0012-1,Account Executive,S&M,S&M,True,Austin,plan:front_loaded,1.0,7,9166.666666666666,0.0,779.1666666666666,1283.3333333333333,0.0,0.0,11229.166666666666
2027-09,plan:front_loaded-0012-1,Account Executive,S&M,S&M,True,Austin,plan:front_loaded,1.0,8,9166.666666666666,0.0,779.1666666666666,1283.3333333333333,0.0,0.0,11229.166666666666
2027-10,plan:front_loaded-0012-1,Account Executive,S&M,S&M,True,Austin,plan:front_loaded,1.0,9,9166.666666666666,0.0,779.1666666666666,1283.3333333333333,0.0,0.0,11229.166666666666
2027-11,plan:front_loaded-0012-1,Account Executive,S&M,S&M,True,Austin,plan:front_loaded,1.0,10,9166.666666666666,0.0,779.1666666666666,1283.3333333333333,0.0,0.0,11229.166666666666
2027-12,plan:front_loaded-0012-1,Account Executive,S&M,S&M,True,Austin,plan:front_loaded,1.0,11,9166.666666666666,0.0,779.1666666666666,1283.3333333333333,0.0,0.0,11229.166666666666
2028-01,plan:front_loaded-0012-1,Account Executive,S&M,S&M,True,Austin,plan:front_loaded,1.0,12,9487.499999999998,0.0,806.4374999999999,1328.2499999999998,0.0,0.0,11622.187499999998
2028-02,plan:front_loaded-0012-1,Account Executive,S&M,S&M,True,Austin,plan:front_loaded,1.0,13,9487.499999999998,0.0,806.4374999999999,1328.2499999999998,0.0,0.0,11622.187499999998
2026-11,plan:front_loaded-0013-0,Sales Development Rep,S&M,S&M,True,Austin,plan:front_loaded,1.0,0,5416.666666666667,0.0,460.41666666666674,758.3333333333335,9750.0,3500.0,6635.416666666668
2026-12,plan:front_loaded-0013-0,Sales Development Rep,S&M,S&M,True,Austin,plan:front_loaded,1.0,1,5416.666666666667,0.0,460.41666666666674,758.3333333333335,0.0,0.0,6635.416666666668
2027-01,plan:front_loaded-0013-0,Sales Development Rep,S&M,S&M,True,Austin,plan:front_loaded,1.0,2,5606.25,0.0,476.53125000000006,784.8750000000001,0.0,0.0,6867.65625
2027-02,plan:front_loaded-0013-0,Sales Development Rep,S&M,S&M,True,Austin,plan:front_loaded,1.0,3,5606.25,0.0,476.53125000000006,784.8750000000001,0.0,0.0,6867.65625
2027-03,plan:front_loaded-0013-0,Sales Development Rep,S&M,S&M,True,Austin,plan:front_loaded,1.0,4,5606.25,0.0,476.53125000000006,784.8750000000001,0.0,0.0,6867.65625
2027-04,plan:front_loaded-0013-0,Sales Development Rep,S&M,S&M,True,Austin,plan:front_loaded,1.0,5,5606.25,0.0,476.53125000000006,784.8750000000001,0.0,0.0,6867.65625
2027-05,plan:front_loaded-0013-0,Sales Development Rep,S&M,S&M,True,Austin,plan:front_loaded,1.0,6,5606.25,0.0,476.53125000000006,784.8750000000001,0.0,0.0,6867.65625
2027-06,plan:front_loaded-0013-0,Sales Development Rep,S&M,S&M,True,Austin,plan:front_loaded,1.0,7,5606.25,0.0,476.53125000000006,784.8750000000001,0.0,0.0,6867.65625
2027-07,plan:front_loaded-0013-0,Sales Development Rep,S&M,S&M,True,Austin,plan:front_loaded,1.0,8,5606.25,0.0,476.53125000000006,784.8750000000001,0.0,0.0,6867.65625
2027-08,plan:front_loaded-0013-0,Sales Development Rep,S&M,S&M,True,Austin,plan:front_loaded,1.0,9,5606.25,0.0,476.53125000000006,784.8750000000001,0.0,0.0,6867.65625
2027-09,plan:front_loaded-0013-0,Sales Development Rep,S&M,S&M,True,Austin,plan:front_loaded,1.0,10,5606.25,0.0,476.53125000000006,784.8750000000001,0.0,0.0,6867.65625
2027-10,plan:front_loaded-0013-0,Sales Development Rep,S&M,S&M,True,Austin,plan:front_loaded,1.0,11,5606.25,0.0,476.53125000000006,784.8750000000001,0.0,0.0,6867.65625
2027-11,plan:front_loaded-0013-0,Sales Development Rep,S&M,S&M,True,Austin,plan:front_loaded,1.0,12,5606.25,0.0,476.53125000000006,784.8750000000001,0.0,0.0,6867.65625
2027-12,plan:front_loaded-0013-0,Sales Development Rep,S&M,S&M,True,Austin,plan:front_loaded,1.0,13,5606.25,0.0,476.53125000000006,784.8750000000001,0.0,0.0,6867.65625
2028-01,plan:front_loaded-0013-0,Sales Development Rep,S&M,S&M,True,Austin,plan:front_loaded,1.0,14,5802.468749999999,0.0,493.20984374999995,812.3456249999999,0.0,0.0,7108.024218749999
2028-02,plan:front_loaded-0013-0,Sales Development Rep,S&M,S&M,True,Austin,plan:front_loaded,1.0,15,5802.468749999999,0.0,493.20984374999995,812.3456249999999,0.0,0.0,7108.024218749999
2026-11,plan:front_loaded-0013-1,Sales Development Rep,S&M,S&M,True,Austin,plan:front_loaded,1.0,0,5416.666666666667,0.0,460.41666666666674,758.3333333333335,9750.0,3500.0,6635.416666666668
2026-12,plan:front_loaded-0013-1,Sales Development Rep,S&M,S&M,True,Austin,plan:front_loaded,1.0,1,5416.666666666667,0.0,460.41666666666674,758.3333333333335,0.0,0.0,6635.416666666668
2027-01,plan:front_loaded-0013-1,Sales Development Rep,S&M,S&M,True,Austin,plan:front_loaded,1.0,2,5606.25,0.0,476.53125000000006,784.8750000000001,0.0,0.0,6867.65625
2027-02,plan:front_loaded-0013-1,Sales Development Rep,S&M,S&M,True,Austin,plan:front_loaded,1.0,3,5606.25,0.0,476.53125000000006,784.8750000000001,0.0,0.0,6867.65625
2027-03,plan:front_loaded-0013-1,Sales Development Rep,S&M,S&M,True,Austin,plan:front_loaded,1.0,4,5606.25,0.0,476.53125000000006,784.8750000000001,0.0,0.0,6867.65625
2027-04,plan:front_loaded-0013-1,Sales Development Rep,S&M,S&M,True,Austin,plan:front_loaded,1.0,5,5606.25,0.0,476.53125000000006,784.8750000000001,0.0,0.0,6867.65625
2027-05,plan:front_loaded-0013-1,Sales Development Rep,S&M,S&M,True,Austin,plan:front_loaded,1.0,6,5606.25,0.0,476.53125000000006,784.8750000000001,0.0,0.0,6867.65625
2027-06,plan:front_loaded-0013-1,Sales Development Rep,S&M,S&M,True,Austin,plan:front_loaded,1.0,7,5606.25,0.0,476.53125000000006,784.8750000000001,0.0,0.0,6867.65625
2027-07,plan:front_loaded-0013-1,Sales Development Rep,S&M,S&M,True,Austin,plan:front_loaded,1.0,8,5606.25,0.0,476.53125000000006,784.8750000000001,0.0,0.0,6867.65625
2027-08,plan:front_loaded-0013-1,Sales Development Rep,S&M,S&M,True,Austin,plan:front_loaded,1.0,9,5606.25,0.0,476.53125000000006,784.8750000000001,0.0,0.0,6867.65625
2027-09,plan:front_loaded-0013-1,Sales Development Rep,S&M,S&M,True,Austin,plan:front_loaded,1.0,10,5606.25,0.0,476.53125000000006,784.8750000000001,0.0,0.0,6867.65625
2027-10,plan:front_loaded-0013-1,Sales Development Rep,S&M,S&M,True,Austin,plan:front_loaded,1.0,11,5606.25,0.0,476.53125000000006,784.8750000000001,0.0,0.0,6867.65625
2027-11,plan:front_loaded-0013-1,Sales Development Rep,S&M,S&M,True,Austin,plan:front_loaded,1.0,12,5606.25,0.0,476.53125000000006,784.8750000000001,0.0,0.0,6867.65625
2027-12,plan:front_loaded-0013-1,Sales Development Rep,S&M,S&M,True,Austin,plan:front_loaded,1.0,13,5606.25,0.0,476.53125000000006,784.8750000000001,0.0,0.0,6867.65625
2028-01,plan:front_loaded-0013-1,Sales Development Rep,S&M,S&M,True,Austin,plan:front_loaded,1.0,14,5802.468749999999,0.0,493.20984374999995,812.3456249999999,0.0,0.0,7108.024218749999
2028-02,plan:front_loaded-0013-1,Sales Development Rep,S&M,S&M,True,Austin,plan:front_loaded,1.0,15,5802.468749999999,0.0,493.20984374999995,812.3456249999999,0.0,0.0,7108.024218749999
2026-11,plan:front_loaded-0013-2,Sales Development Rep,S&M,S&M,True,Austin,plan:front_loaded,1.0,0,5416.666666666667,0.0,460.41666666666674,758.3333333333335,9750.0,3500.0,6635.416666666668
2026-12,plan:front_loaded-0013-2,Sales Development Rep,S&M,S&M,True,Austin,plan:front_loaded,1.0,1,5416.666666666667,0.0,460.41666666666674,758.3333333333335,0.0,0.0,6635.416666666668
2027-01,plan:front_loaded-0013-2,Sales Development Rep,S&M,S&M,True,Austin,plan:front_loaded,1.0,2,5606.25,0.0,476.53125000000006,784.8750000000001,0.0,0.0,6867.65625
2027-02,plan:front_loaded-0013-2,Sales Development Rep,S&M,S&M,True,Austin,plan:front_loaded,1.0,3,5606.25,0.0,476.53125000000006,784.8750000000001,0.0,0.0,6867.65625
2027-03,plan:front_loaded-0013-2,Sales Development Rep,S&M,S&M,True,Austin,plan:front_loaded,1.0,4,5606.25,0.0,476.53125000000006,784.8750000000001,0.0,0.0,6867.65625
2027-04,plan:front_loaded-0013-2,Sales Development Rep,S&M,S&M,True,Austin,plan:front_loaded,1.0,5,5606.25,0.0,476.53125000000006,784.8750000000001,0.0,0.0,6867.65625
2027-05,plan:front_loaded-0013-2,Sales Development Rep,S&M,S&M,True,Austin,plan:front_loaded,1.0,6,5606.25,0.0,476.53125000000006,784.8750000000001,0.0,0.0,6867.65625
2027-06,plan:front_loaded-0013-2,Sales Development Rep,S&M,S&M,True,Austin,plan:front_loaded,1.0,7,5606.25,0.0,476.53125000000006,784.8750000000001,0.0,0.0,6867.65625
2027-07,plan:front_loaded-0013-2,Sales Development Rep,S&M,S&M,True,Austin,plan:front_loaded,1.0,8,5606.25,0.0,476.53125000000006,784.8750000000001,0.0,0.0,6867.65625
2027-08,plan:front_loaded-0013-2,Sales Development Rep,S&M,S&M,True,Austin,plan:front_loaded,1.0,9,5606.25,0.0,476.53125000000006,784.8750000000001,0.0,0.0,6867.65625
2027-09,plan:front_loaded-0013-2,Sales Development Rep,S&M,S&M,True,Austin,plan:front_loaded,1.0,10,5606.25,0.0,476.53125000000006,784.8750000000001,0.0,0.0,6867.65625
2027-10,plan:front_loaded-0013-2,Sales Development Rep,S&M,S&M,True,Austin,plan:front_loaded,1.0,11,5606.25,0.0,476.53125000000006,784.8750000000001,0.0,0.0,6867.65625
2027-11,plan:front_loaded-0013-2,Sales Development Rep,S&M,S&M,True,Austin,plan:front_loaded,1.0,12,5606.25,0.0,476.53125000000006,784.8750000000001,0.0,0.0,6867.65625
2027-12,plan:front_loaded-0013-2,Sales Development Rep,S&M,S&M,True,Austin,plan:front_loaded,1.0,13,5606.25,0.0,476.53125000000006,784.8750000000001,0.0,0.0,6867.65625
2028-01,plan:front_loaded-0013-2,Sales Development Rep,S&M,S&M,True,Austin,plan:front_loaded,1.0,14,5802.468749999999,0.0,493.20984374999995,812.3456249999999,0.0,0.0,7108.024218749999
2028-02,plan:front_loaded-0013-2,Sales Development Rep,S&M,S&M,True,Austin,plan:front_loaded,1.0,15,5802.468749999999,0.0,493.20984374999995,812.3456249999999,0.0,0.0,7108.024218749999
2026-11,plan:front_loaded-0014-0,Marketing Manager,S&M,S&M,False,Austin,plan:front_loaded,1.0,0,10000.0,800.0,918.0000000000001,1400.0000000000002,18000.0,3500.0,13118.0
2026-12,plan:front_loaded-0014-0,Marketing Manager,S&M,S&M,False,Austin,plan:front_loaded,1.0,1,10000.0,800.0,918.0000000000001,1400.0000000000002,0.0,0.0,13118.0
2027-01,plan:front_loaded-0014-0,Marketing Manager,S&M,S&M,False,Austin,plan:front_loaded,1.0,2,10349.999999999998,827.9999999999999,950.1299999999999,1448.9999999999998,0.0,0.0,13577.129999999997
2027-02,plan:front_loaded-0014-0,Marketing Manager,S&M,S&M,False,Austin,plan:front_loaded,1.0,3,10349.999999999998,827.9999999999999,950.1299999999999,1448.9999999999998,0.0,0.0,13577.129999999997
2027-03,plan:front_loaded-0014-0,Marketing Manager,S&M,S&M,False,Austin,plan:front_loaded,1.0,4,10349.999999999998,827.9999999999999,950.1299999999999,1448.9999999999998,0.0,0.0,13577.129999999997
2027-04,plan:front_loaded-0014-0,Marketing Manager,S&M,S&M,False,Austin,plan:front_loaded,1.0,5,10349.999999999998,827.9999999999999,950.1299999999999,1448.9999999999998,0.0,0.0,13577.129999999997
2027-05,plan:front_loaded-0014-0,Marketing Manager,S&M,S&M,False,Austin,plan:front_loaded,1.0,6,10349.999999999998,827.9999999999999,950.1299999999999,1448.9999999999998,0.0,0.0,13577.129999999997
2027-06,plan:front_loaded-0014-0,Marketing Manager,S&M,S&M,False,Austin,plan:front_loaded,1.0,7,10349.999999999998,827.9999999999999,950.1299999999999,1448.9999999999998,0.0,0.0,13577.129999999997
2027-07,plan:front_loaded-0014-0,Marketing Manager,S&M,S&M,False,Austin,plan:front_loaded,1.0,8,10349.999999999998,827.9999999999999,950.1299999999999,1448.9999999999998,0.0,0.0,13577.129999999997
2027-08,plan:front_loaded-0014-0,Marketing Manager,S&M,S&M,False,Austin,plan:front_loaded,1.0,9,10349.999999999998,827.9999999999999,950.1299999999999,1448.9999999999998,0.0,0.0,13577.129999999997
2027-09,plan:front_loaded-0014-0,Marketing Manager,S&M,S&M,False,Austin,plan:front_loaded,1.0,10,10349.999999999998,827.9999999999999,950.1299999999999,1448.9999999999998,0.0,0.0,13577.129999999997
2027-10,plan:front_loaded-0014-0,Marketing Manager,S&M,S&M,False,Austin,plan:front_loaded,1.0,11,10349.999999999998,827.9999999999999,950.1299999999999,1448.9999999999998,0.0,0.0,13577.129999999997
2027-11,plan:front_loaded-0014-0,Marketing Manager,S&M,S&M,False,Austin,plan:front_loaded,1.0,12,10349.999999999998,827.9999999999999,950.1299999999999,1448.9999999999998,0.0,0.0,13577.129999999997
2027-12,plan:front_loaded-0014-0,Marketing Manager,S&M,S&M,False,Austin,plan:front_loaded,1.0,13,10349.999999999998,827.9999999999999,950.1299999999999,1448.9999999999998,0.0,0.0,13577.129999999997
2028-01,plan:front_loaded-0014-0,Marketing Manager,S&M,S&M,False,Austin,plan:front_loaded,1.0,14,10712.249999999998,856.9799999999999,983.3845499999999,1499.715,0.0,0.0,14052.329549999999
2028-02,plan:front_loaded-0014-0,Marketing Manager,S&M,S&M,False,Austin,plan:front_loaded,1.0,15,10712.249999999998,856.9799999999999,983.3845499999999,1499.715,0.0,0.0,14052.329549999999
2027-01,plan:front_loaded-0015-0,Finance & Operations,G&A,G&A,False,Montreal,plan:front_loaded,1.0,0,7500.0,600.0,891.0,450.0,13500.0,3500.0,9441.0
2027-02,plan:front_loaded-0015-0,Finance & Operations,G&A,G&A,False,Montreal,plan:front_loaded,1.0,1,7500.0,600.0,891.0,450.0,0.0,0.0,9441.0
2027-03,plan:front_loaded-0015-0,Finance & Operations,G&A,G&A,False,Montreal,plan:front_loaded,1.0,2,7500.0,600.0,891.0,450.0,0.0,0.0,9441.0
2027-04,plan:front_loaded-0015-0,Finance & Operations,G&A,G&A,False,Montreal,plan:front_loaded,1.0,3,7500.0,600.0,891.0,450.0,0.0,0.0,9441.0
2027-05,plan:front_loaded-0015-0,Finance & Operations,G&A,G&A,False,Montreal,plan:front_loaded,1.0,4,7500.0,600.0,891.0,450.0,0.0,0.0,9441.0
2027-06,plan:front_loaded-0015-0,Finance & Operations,G&A,G&A,False,Montreal,plan:front_loaded,1.0,5,7500.0,600.0,891.0,450.0,0.0,0.0,9441.0
2027-07,plan:front_loaded-0015-0,Finance & Operations,G&A,G&A,False,Montreal,plan:front_loaded,1.0,6,7500.0,600.0,891.0,450.0,0.0,0.0,9441.0
2027-08,plan:front_loaded-0015-0,Finance & Operations,G&A,G&A,False,Montreal,plan:front_loaded,1.0,7,7500.0,600.0,891.0,450.0,0.0,0.0,9441.0
2027-09,plan:front_loaded-0015-0,Finance & Operations,G&A,G&A,False,Montreal,plan:front_loaded,1.0,8,7500.0,600.0,891.0,450.0,0.0,0.0,9441.0
2027-10,plan:front_loaded-0015-0,Finance & Operations,G&A,G&A,False,Montreal,plan:front_loaded,1.0,9,7500.0,600.0,891.0,450.0,0.0,0.0,9441.0
2027-11,plan:front_loaded-0015-0,Finance & Operations,G&A,G&A,False,Montreal,plan:front_loaded,1.0,10,7500.0,600.0,891.0,450.0,0.0,0.0,9441.0
2027-12,plan:front_loaded-0015-0,Finance & Operations,G&A,G&A,False,Montreal,plan:front_loaded,1.0,11,7500.0,600.0,891.0,450.0,0.0,0.0,9441.0
2028-01,plan:front_loaded-0015-0,Finance & Operations,G&A,G&A,False,Montreal,plan:front_loaded,1.0,12,7762.5,621.0,922.1850000000001,465.75,0.0,0.0,9771.435
2028-02,plan:front_loaded-0015-0,Finance & Operations,G&A,G&A,False,Montreal,plan:front_loaded,1.0,13,7762.5,621.0,922.1850000000001,465.75,0.0,0.0,9771.435
2027-06,auto-csm-000,Customer Success Manager,Customer Operations,COGS,False,Austin,auto:coverage,1.0,0,7500.0,600.0,688.5,1050.0,13500.0,3500.0,9838.5
2027-07,auto-csm-000,Customer Success Manager,Customer Operations,COGS,False,Austin,auto:coverage,1.0,1,7500.0,600.0,688.5,1050.0,0.0,0.0,9838.5
2027-08,auto-csm-000,Customer Success Manager,Customer Operations,COGS,False,Austin,auto:coverage,1.0,2,7500.0,600.0,688.5,1050.0,0.0,0.0,9838.5
2027-09,auto-csm-000,Customer Success Manager,Customer Operations,COGS,False,Austin,auto:coverage,1.0,3,7500.0,600.0,688.5,1050.0,0.0,0.0,9838.5
2027-10,auto-csm-000,Customer Success Manager,Customer Operations,COGS,False,Austin,auto:coverage,1.0,4,7500.0,600.0,688.5,1050.0,0.0,0.0,9838.5
2027-11,auto-csm-000,Customer Success Manager,Customer Operations,COGS,False,Austin,auto:coverage,1.0,5,7500.0,600.0,688.5,1050.0,0.0,0.0,9838.5
2027-12,auto-csm-000,Customer Success Manager,Customer Operations,COGS,False,Austin,auto:coverage,1.0,6,7500.0,600.0,688.5,1050.0,0.0,0.0,9838.5
2028-01,auto-csm-000,Customer Success Manager,Customer Operations,COGS,False,Austin,auto:coverage,1.0,7,7762.5,621.0,712.5975000000001,1086.75,0.0,0.0,10182.8475
2028-02,auto-csm-000,Customer Success Manager,Customer Operations,COGS,False,Austin,auto:coverage,1.0,8,7762.5,621.0,712.5975000000001,1086.75,0.0,0.0,10182.8475
2027-07,auto-csm-001,Customer Success Manager,Customer Operations,COGS,False,Austin,auto:coverage,1.0,0,7500.0,600.0,688.5,1050.0,13500.0,3500.0,9838.5
2027-08,auto-csm-001,Customer Success Manager,Customer Operations,COGS,False,Austin,auto:coverage,1.0,1,7500.0,600.0,688.5,1050.0,0.0,0.0,9838.5
2027-09,auto-csm-001,Customer Success Manager,Customer Operations,COGS,False,Austin,auto:coverage,1.0,2,7500.0,600.0,688.5,1050.0,0.0,0.0,9838.5
2027-10,auto-csm-001,Customer Success Manager,Customer Operations,COGS,False,Austin,auto:coverage,1.0,3,7500.0,600.0,688.5,1050.0,0.0,0.0,9838.5
2027-11,auto-csm-001,Customer Success Manager,Customer Operations,COGS,False,Austin,auto:coverage,1.0,4,7500.0,600.0,688.5,1050.0,0.0,0.0,9838.5
2027-12,auto-csm-001,Customer Success Manager,Customer Operations,COGS,False,Austin,auto:coverage,1.0,5,7500.0,600.0,688.5,1050.0,0.0,0.0,9838.5
2028-01,auto-csm-001,Customer Success Manager,Customer Operations,COGS,False,Austin,auto:coverage,1.0,6,7762.5,621.0,712.5975000000001,1086.75,0.0,0.0,10182.8475
2028-02,auto-csm-001,Customer Success Manager,Customer Operations,COGS,False,Austin,auto:coverage,1.0,7,7762.5,621.0,712.5975000000001,1086.75,0.0,0.0,10182.8475
2027-11,auto-csm-002,Customer Success Manager,Customer Operations,COGS,False,Austin,auto:coverage,1.0,0,7500.0,600.0,688.5,1050.0,13500.0,3500.0,9838.5
2027-12,auto-csm-002,Customer Success Manager,Customer Operations,COGS,False,Austin,auto:coverage,1.0,1,7500.0,600.0,688.5,1050.0,0.0,0.0,9838.5
2028-01,auto-csm-002,Customer Success Manager,Customer Operations,COGS,False,Austin,auto:coverage,1.0,2,7762.5,621.0,712.5975000000001,1086.75,0.0,0.0,10182.8475
2028-02,auto-csm-002,Customer Success Manager,Customer Operations,COGS,False,Austin,auto:coverage,1.0,3,7762.5,621.0,712.5975000000001,1086.75,0.0,0.0,10182.8475
2028-02,auto-csm-003,Customer Success Manager,Customer Operations,COGS,False,Austin,auto:coverage,1.0,0,7500.0,600.0,688.5,1050.0,13500.0,3500.0,9838.5
2026-09,vacancy-allowance,Vacancy allowance,Customer Operations,COGS,False,Austin,vacancy,-0.2,0,-1619.0081772541846,-129.52065418033476,-148.62495067193416,-226.66114481558589,0.0,0.0,-2123.8149269220394
2026-09,vacancy-allowance,Vacancy allowance,Customer Operations,COGS,False,Montreal,vacancy,-0.32,0,-2541.061519700576,-203.2849215760461,-301.8781085404284,-152.46369118203455,0.0,0.0,-3198.688240999085
2026-09,vacancy-allowance,Vacancy allowance,Customer Operations,COGS,False,Paris,vacancy,-0.02,0,-207.46871879595406,-16.597497503676326,-94.10781084584474,-10.373435939797703,0.0,0.0,-328.54746308527285
2026-09,vacancy-allowance,Vacancy allowance,G&A,G&A,False,Austin,vacancy,-0.02,0,-565.1783762541296,-45.21427010033037,-51.88337494012911,-79.12497267557816,0.0,0.0,-741.4009939701673
2026-09,vacancy-allowance,Vacancy allowance,G&A,G&A,False,Montreal,vacancy,-0.28,0,-3428.840804785819,-274.3072643828655,-407.3462876085553,-205.73044828714916,0.0,0.0,-4316.224805064389
2026-09,vacancy-allowance,Vacancy allowance,R&D,R&D,False,Montreal,vacancy,-0.9,0,-9147.357067145822,-731.7885653716658,-1086.7060195769236,-548.8414240287492,0.0,0.0,-11514.69307612316
2026-09,vacancy-allowance,Vacancy allowance,R&D,R&D,False,Paris,vacancy,-0.54,0,-4548.436817540844,-363.8749454032675,-2063.1709404365265,-227.4218408770422,0.0,0.0,-7202.90454425768
2026-09,vacancy-allowance,Vacancy allowance,S&M,S&M,False,Austin,vacancy,-0.54,0,-4966.946013491644,-90.52007705690994,-429.8846176966272,-695.3724418888304,0.0,0.0,-6182.723150134012
2026-09,vacancy-allowance,Vacancy allowance,S&M,S&M,False,Montreal,vacancy,-0.02,0,-174.83911715241717,-13.987129372193374,-20.77088711770716,-10.49034702914503,0.0,0.0,-220.08748067146274
2026-10,vacancy-allowance,Vacancy allowance,Customer Operations,COGS,False,Austin,vacancy,-0.2,0,-1619.0081772541846,-129.52065418033476,-148.62495067193416,-226.66114481558589,0.0,0.0,-2123.8149269220394
2026-10,vacancy-allowance,Vacancy allowance,Customer Operations,COGS,False,Montreal,vacancy,-0.32,0,-2541.061519700576,-203.2849215760461,-301.8781085404284,-152.46369118203455,0.0,0.0,-3198.688240999085
2026-10,vacancy-allowance,Vacancy allowance,Customer Operations,COGS,False,Paris,vacancy,-0.02,0,-207.46871879595406,-16.597497503676326,-94.10781084584474,-10.373435939797703,0.0,0.0,-328.54746308527285
2026-10,vacancy-allowance,Vacancy allowance,G&A,G&A,False,Austin,vacancy,-0.02,0,-565.1783762541296,-45.21427010033037,-51.88337494012911,-79.12497267557816,0.0,0.0,-741.4009939701673
2026-10,vacancy-allowance,Vacancy allowance,G&A,G&A,False,Montreal,vacancy,-0.28,0,-3428.840804785819,-274.3072643828655,-407.3462876085553,-205.73044828714916,0.0,0.0,-4316.224805064389
2026-10,vacancy-allowance,Vacancy allowance,R&D,R&D,False,Montreal,vacancy,-1.0,0,-10080.690400479156,-806.4552320383325,-1197.5860195769235,-604.8414240287492,0.0,0.0,-12689.57307612316
2026-10,vacancy-allowance,Vacancy allowance,R&D,R&D,False,Paris,vacancy,-0.58,0,-4815.1034842075105,-385.20827873660085,-2184.1309404365265,-240.75517421037551,0.0,0.0,-7625.197877591013
2026-10,vacancy-allowance,Vacancy allowance,S&M,S&M,False,Austin,vacancy,-0.58,0,-5333.612680158311,-90.52007705690994,-461.0512843632938,-746.7057752221637,0.0,0.0,-6631.889816800679
2026-10,vacancy-allowance,Vacancy allowance,S&M,S&M,False,Montreal,vacancy,-0.02,0,-174.83911715241717,-13.987129372193374,-20.77088711770716,-10.49034702914503,0.0,0.0,-220.08748067146274
2026-11,vacancy-allowance,Vacancy allowance,Customer Operations,COGS,False,Austin,vacancy,-0.2,0,-1619.0081772541846,-129.52065418033476,-148.62495067193416,-226.66114481558589,0.0,0.0,-2123.8149269220394
2026-11,vacancy-allowance,Vacancy allowance,Customer Operations,COGS,False,Montreal,vacancy,-0.32,0,-2541.061519700576,-203.2849215760461,-301.8781085404284,-152.46369118203455,0.0,0.0,-3198.688240999085
2026-11,vacancy-allowance,Vacancy allowance,Customer Operations,COGS,False,Paris,vacancy,-0.02,0,-207.46871879595406,-16.597497503676326,-94.10781084584474,-10.373435939797703,0.0,0.0,-328.54746308527285
2026-11,vacancy-allowance,Vacancy allowance,G&A,G&A,False,Austin,vacancy,-0.02,0,-565.1783762541296,-45.21427010033037,-51.88337494012911,-79.12497267557816,0.0,0.0,-741.4009939701673
2026-11,vacancy-allowance,Vacancy allowance,G&A,G&A,False,Montreal,vacancy,-0.28,0,-3428.840804785819,-274.3072643828655,-407.3462876085553,-205.73044828714916,0.0,0.0,-4316.224805064389
2026-11,vacancy-allowance,Vacancy allowance,R&D,R&D,False,Montreal,vacancy,-1.04,0,-10397.357067145822,-831.7885653716658,-1235.2060195769236,-623.8414240287492,0.0,0.0,-13088.19307612316
2026-11,vacancy-allowance,Vacancy allowance,R&D,R&D,False,Paris,vacancy,-0.64,0,-5306.770150874177,-424.54161206993416,-2407.1509404365265,-265.33850754370883,0.0,0.0,-8403.801210924346
2026-11,vacancy-allowance,Vacancy allowance,S&M,S&M,False,Austin,vacancy,-0.7000000000000001,0,-6225.279346824977,-106.52007705690994,-538.2029510299606,-871.5391085554971,0.0,0.0,-7741.541483467346
2026-11,vacancy-allowance,Vacancy allowance,S&M,S&M,False,Montreal,vacancy,-0.02,0,-174.83911715241717,-13.987129372193374,-20.77088711770716,-10.49034702914503,0.0,0.0,-220.08748067146274
2026-12,vacancy-allowance,Vacancy allowance,Customer Operations,COGS,False,Austin,vacancy,-0.2,0,-1619.0081772541846,-129.52065418033476,-148.62495067193416,-226.66114481558589,0.0,0.0,-2123.8149269220394
2026-12,vacancy-allowance,Vacancy allowance,Customer Operations,COGS,False,Montreal,vacancy,-0.32,0,-2541.061519700576,-203.2849215760461,-301.8781085404284,-152.46369118203455,0.0,0.0,-3198.688240999085
2026-12,vacancy-allowance,Vacancy allowance,Customer Operations,COGS,False,Paris,vacancy,-0.02,0,-207.46871879595406,-16.597497503676326,-94.10781084584474,-10.373435939797703,0.0,0.0,-328.54746308527285
2026-12,vacancy-allowance,Vacancy allowance,G&A,G&A,False,Austin,vacancy,-0.02,0,-565.1783762541296,-45.21427010033037,-51.88337494012911,-79.12497267557816,0.0,0.0,-741.4009939701673
2026-12,vacancy-allowance,Vacancy allowance,G&A,G&A,False,Montreal,vacancy,-0.28,0,-3428.840804785819,-274.3072643828655,-407.3462876085553,-205.73044828714916,0.0,0.0,-4316.224805064389
2026-12,vacancy-allowance,Vacancy allowance,R&D,R&D,False,Montreal,vacancy,-1.04,0,-10397.357067145822,-831.7885653716658,-1235.2060195769236,-623.8414240287492,0.0,0.0,-13088.19307612316
2026-12,vacancy-allowance,Vacancy allowance,R&D,R&D,False,Paris,vacancy,-0.72,0,-5840.1034842075105,-467.20827873660085,-2649.0709404365266,-292.0051742103755,0.0,0.0,-9248.387877591013
2026-12,vacancy-allowance,Vacancy allowance,S&M,S&M,False,Austin,vacancy,-0.7000000000000001,0,-6225.279346824977,-106.52007705690994,-538.2029510299606,-871.5391085554971,0.0,0.0,-7741.541483467346
2026-12,vacancy-allowance,Vacancy allowance,S&M,S&M,False,Montreal,vacancy,-0.02,0,-174.83911715241717,-13.987129372193374,-20.77088711770716,-10.49034702914503,0.0,0.0,-220.08748067146274
2027-01,vacancy-allowance,Vacancy allowance,Customer Operations,COGS,False,Austin,vacancy,-0.2,0,-1675.673463458081,-134.05387707664647,-153.82682394545185,-234.59428488413135,0.0,0.0,-2198.1484493643106
2027-01,vacancy-allowance,Vacancy allowance,Customer Operations,COGS,False,Montreal,vacancy,-0.32,0,-2629.998672890096,-210.39989383120766,-312.4438423393434,-157.79992037340574,0.0,0.0,-3310.6423294340525
2027-01,vacancy-allowance,Vacancy allowance,Customer Operations,COGS,False,Paris,vacancy,-0.02,0,-214.73012395381244,-17.178409916304997,-97.40158422544931,-10.736506197690622,0.0,0.0,-340.04662429325737
2027-01,vacancy-allowance,Vacancy allowance,G&A,G&A,False,Austin,vacancy,-0.02,0,-584.959619423024,-46.796769553841926,-53.699293063033615,-81.89434671922338,0.0,0.0,-767.3500287591229
2027-01,vacancy-allowance,Vacancy allowance,G&A,G&A,False,Montreal,vacancy,-0.3,0,-3698.8502329533226,-295.9080186362658,-439.4234076748548,-221.93101397719937,0.0,0.0,-4656.112673241642
2027-01,vacancy-allowance,Vacancy allowance,R&D,R&D,False,Montreal,vacancy,-1.08,0,-11177.93123116259,-894.2344984930073,-1327.938230262116,-670.6758738697555,0.0,0.0,-14070.77983378747
2027-01,vacancy-allowance,Vacancy allowance,R&D,R&D,False,Paris,vacancy,-0.72,0,-6044.507106154773,-483.5605684923818,-2741.7884233518043,-302.22535530773865,0.0,0.0,-9572.081453306699
2027-01,vacancy-allowance,Vacancy allowance,S&M,S&M,False,Austin,vacancy,-0.74,0,-6809.830790630519,-110.24827975390177,-588.2067209826757,-953.3763106882726,0.0,0.0,-8461.662102055368
2027-01,vacancy-allowance,Vacancy allowance,S&M,S&M,False,Montreal,vacancy,-0.02,0,-180.95848625275173,-14.476678900220138,-21.49786816682691,-10.857509175165104,0.0,0.0,-227.7905424949639
2027-02,vacancy-allowance,Vacancy allowance,Customer Operations,COGS,False,Austin,vacancy,-0.2,0,-1675.673463458081,-134.05387707664647,-153.82682394545185,-234.59428488413135,0.0,0.0,-2198.1484493643106
2027-02,vacancy-allowance,Vacancy allowance,Customer Operations,COGS,False,Montreal,vacancy,-0.32,0,-2629.998672890096,-210.39989383120766,-312.4438423393434,-157.79992037340574,0.0,0.0,-3310.6423294340525
2027-02,vacancy-allowance,Vacancy allowance,Customer Operations,COGS,False,Paris,vacancy,-0.02,0,-214.73012395381244,-17.178409916304997,-97.40158422544931,-10.736506197690622,0.0,0.0,-340.04662429325737
2027-02,vacancy-allowance,Vacancy allowance,G&A,G&A,False,Austin,vacancy,-0.02,0,-584.959619423024,-46.796769553841926,-53.699293063033615,-81.89434671922338,0.0,0.0,-767.3500287591229
2027-02,vacancy-allowance,Vacancy allowance,G&A,G&A,False,Montreal,vacancy,-0.3,0,-3698.8502329533226,-295.9080186362658,-439.4234076748548,-221.93101397719937,0.0,0.0,-4656.112673241642
2027-02,vacancy-allowance,Vacancy allowance,R&D,R&D,False,Montreal,vacancy,-1.08,0,-11177.93123116259,-894.2344984930073,-1327.938230262116,-670.6758738697555,0.0,0.0,-14070.77983378747
2027-02,vacancy-allowance,Vacancy allowance,R&D,R&D,False,Paris,vacancy,-0.72,0,-6044.507106154773,-483.5605684923818,-2741.7884233518043,-302.22535530773865,0.0,0.0,-9572.081453306699
2027-02,vacancy-allowance,Vacancy allowance,S&M,S&M,False,Austin,vacancy,-0.74,0,-6809.830790630519,-110.24827975390177,-588.2067209826757,-953.3763106882726,0.0,0.0,-8461.662102055368
2027-02,vacancy-allowance,Vacancy allowance,S&M,S&M,False,Montreal,vacancy,-0.02,0,-180.95848625275173,-14.476678900220138,-21.49786816682691,-10.857509175165104,0.0,0.0,-227.7905424949639
2027-03,vacancy-allowance,Vacancy allowance,Customer Operations,COGS,False,Austin,vacancy,-0.2,0,-1675.673463458081,-134.05387707664647,-153.82682394545185,-234.59428488413135,0.0,0.0,-2198.1484493643106
2027-03,vacancy-allowance,Vacancy allowance,Customer Operations,COGS,False,Montreal,vacancy,-0.32,0,-2629.998672890096,-210.39989383120766,-312.4438423393434,-157.79992037340574,0.0,0.0,-3310.6423294340525
2027-03,vacancy-allowance,Vacancy allowance,Customer Operations,COGS,False,Paris,vacancy,-0.02,0,-214.73012395381244,-17.178409916304997,-97.40158422544931,-10.736506197690622,0.0,0.0,-340.04662429325737
2027-03,vacancy-allowance,Vacancy allowance,G&A,G&A,False,Austin,vacancy,-0.02,0,-584.959619423024,-46.796769553841926,-53.699293063033615,-81.89434671922338,0.0,0.0,-767.3500287591229
2027-03,vacancy-allowance,Vacancy allowance,G&A,G&A,False,Montreal,vacancy,-0.3,0,-3698.8502329533226,-295.9080186362658,-439.4234076748548,-221.93101397719937,0.0,0.0,-4656.112673241642
2027-03,vacancy-allowance,Vacancy allowance,R&D,R&D,False,Montreal,vacancy,-1.08,0,-11177.93123116259,-894.2344984930073,-1327.938230262116,-670.6758738697555,0.0,0.0,-14070.77983378747
2027-03,vacancy-allowance,Vacancy allowance,R&D,R&D,False,Paris,vacancy,-0.72,0,-6044.507106154773,-483.5605684923818,-2741.7884233518043,-302.22535530773865,0.0,0.0,-9572.081453306699
2027-03,vacancy-allowance,Vacancy allowance,S&M,S&M,False,Austin,vacancy,-0.74,0,-6809.830790630519,-110.24827975390177,-588.2067209826757,-953.3763106882726,0.0,0.0,-8461.662102055368
2027-03,vacancy-allowance,Vacancy allowance,S&M,S&M,False,Montreal,vacancy,-0.02,0,-180.95848625275173,-14.476678900220138,-21.49786816682691,-10.857509175165104,0.0,0.0,-227.7905424949639
2027-04,vacancy-allowance,Vacancy allowance,Customer Operations,COGS,False,Austin,vacancy,-0.2,0,-1675.673463458081,-134.05387707664647,-153.82682394545185,-234.59428488413135,0.0,0.0,-2198.1484493643106
2027-04,vacancy-allowance,Vacancy allowance,Customer Operations,COGS,False,Montreal,vacancy,-0.32,0,-2629.998672890096,-210.39989383120766,-312.4438423393434,-157.79992037340574,0.0,0.0,-3310.6423294340525
2027-04,vacancy-allowance,Vacancy allowance,Customer Operations,COGS,False,Paris,vacancy,-0.02,0,-214.73012395381244,-17.178409916304997,-97.40158422544931,-10.736506197690622,0.0,0.0,-340.04662429325737
2027-04,vacancy-allowance,Vacancy allowance,G&A,G&A,False,Austin,vacancy,-0.02,0,-584.959619423024,-46.796769553841926,-53.699293063033615,-81.89434671922338,0.0,0.0,-767.3500287591229
2027-04,vacancy-allowance,Vacancy allowance,G&A,G&A,False,Montreal,vacancy,-0.3,0,-3698.8502329533226,-295.9080186362658,-439.4234076748548,-221.93101397719937,0.0,0.0,-4656.112673241642
2027-04,vacancy-allowance,Vacancy allowance,R&D,R&D,False,Montreal,vacancy,-1.08,0,-11177.93123116259,-894.2344984930073,-1327.938230262116,-670.6758738697555,0.0,0.0,-14070.77983378747
2027-04,vacancy-allowance,Vacancy allowance,R&D,R&D,False,Paris,vacancy,-0.72,0,-6044.507106154773,-483.5605684923818,-2741.7884233518043,-302.22535530773865,0.0,0.0,-9572.081453306699
2027-04,vacancy-allowance,Vacancy allowance,S&M,S&M,False,Austin,vacancy,-0.74,0,-6809.830790630519,-110.24827975390177,-588.2067209826757,-953.3763106882726,0.0,0.0,-8461.662102055368
2027-04,vacancy-allowance,Vacancy allowance,S&M,S&M,False,Montreal,vacancy,-0.02,0,-180.95848625275173,-14.476678900220138,-21.49786816682691,-10.857509175165104,0.0,0.0,-227.7905424949639
2027-05,vacancy-allowance,Vacancy allowance,Customer Operations,COGS,False,Austin,vacancy,-0.2,0,-1675.673463458081,-134.05387707664647,-153.82682394545185,-234.59428488413135,0.0,0.0,-2198.1484493643106
2027-05,vacancy-allowance,Vacancy allowance,Customer Operations,COGS,False,Montreal,vacancy,-0.32,0,-2629.998672890096,-210.39989383120766,-312.4438423393434,-157.79992037340574,0.0,0.0,-3310.6423294340525
2027-05,vacancy-allowance,Vacancy allowance,Customer Operations,COGS,False,Paris,vacancy,-0.02,0,-214.73012395381244,-17.178409916304997,-97.40158422544931,-10.736506197690622,0.0,0.0,-340.04662429325737
2027-05,vacancy-allowance,Vacancy allowance,G&A,G&A,False,Austin,vacancy,-0.02,0,-584.959619423024,-46.796769553841926,-53.699293063033615,-81.89434671922338,0.0,0.0,-767.3500287591229
2027-05,vacancy-allowance,Vacancy allowance,G&A,G&A,False,Montreal,vacancy,-0.3,0,-3698.8502329533226,-295.9080186362658,-439.4234076748548,-221.93101397719937,0.0,0.0,-4656.112673241642
2027-05,vacancy-allowance,Vacancy allowance,R&D,R&D,False,Montreal,vacancy,-1.08,0,-11177.93123116259,-894.2344984930073,-1327.938230262116,-670.6758738697555,0.0,0.0,-14070.77983378747
2027-05,vacancy-allowance,Vacancy allowance,R&D,R&D,False,Paris,vacancy,-0.72,0,-6044.507106154773,-483.5605684923818,-2741.7884233518043,-302.22535530773865,0.0,0.0,-9572.081453306699
2027-05,vacancy-allowance,Vacancy allowance,S&M,S&M,False,Austin,vacancy,-0.74,0,-6809.830790630519,-110.24827975390177,-588.2067209826757,-953.3763106882726,0.0,0.0,-8461.662102055368
2027-05,vacancy-allowance,Vacancy allowance,S&M,S&M,False,Montreal,vacancy,-0.02,0,-180.95848625275173,-14.476678900220138,-21.49786816682691,-10.857509175165104,0.0,0.0,-227.7905424949639
2027-06,vacancy-allowance,Vacancy allowance,Customer Operations,COGS,False,Austin,vacancy,-0.22,0,-1825.673463458081,-146.05387707664647,-167.59682394545183,-255.59428488413135,0.0,0.0,-2394.9184493643106
2027-06,vacancy-allowance,Vacancy allowance,Customer Operations,COGS,False,Montreal,vacancy,-0.32,0,-2629.998672890096,-210.39989383120766,-312.4438423393434,-157.79992037340574,0.0,0.0,-3310.6423294340525
2027-06,vacancy-allowance,Vacancy allowance,Customer Operations,COGS,False,Paris,vacancy,-0.02,0,-214.73012395381244,-17.178409916304997,-97.40158422544931,-10.736506197690622,0.0,0.0,-340.04662429325737
2027-06,vacancy-allowance,Vacancy allowance,G&A,G&A,False,Austin,vacancy,-0.02,0,-584.959619423024,-46.796769553841926,-53.699293063033615,-81.89434671922338,0.0,0.0,-767.3500287591229
2027-06,vacancy-allowance,Vacancy allowance,G&A,G&A,False,Montreal,vacancy,-0.3,0,-3698.8502329533226,-295.9080186362658,-439.4234076748548,-221.93101397719937,0.0,0.0,-4656.112673241642
2027-06,vacancy-allowance,Vacancy allowance,R&D,R&D,False,Montreal,vacancy,-1.08,0,-11177.93123116259,-894.2344984930073,-1327.938230262116,-670.6758738697555,0.0,0.0,-14070.77983378747
2027-06,vacancy-allowance,Vacancy allowance,R&D,R&D,False,Paris,vacancy,-0.72,0,-6044.507106154773,-483.5605684923818,-2741.7884233518043,-302.22535530773865,0.0,0.0,-9572.081453306699
2027-06,vacancy-allowance,Vacancy allowance,S&M,S&M,False,Austin,vacancy,-0.74,0,-6809.830790630519,-110.24827975390177,-588.2067209826757,-953.3763106882726,0.0,0.0,-8461.662102055368
2027-06,vacancy-allowance,Vacancy allowance,S&M,S&M,False,Montreal,vacancy,-0.02,0,-180.95848625275173,-14.476678900220138,-21.49786816682691,-10.857509175165104,0.0,0.0,-227.7905424949639
2027-07,vacancy-allowance,Vacancy allowance,Customer Operations,COGS,False,Austin,vacancy,-0.24,0,-1975.673463458081,-158.05387707664647,-181.36682394545184,-276.59428488413135,0.0,0.0,-2591.6884493643106
2027-07,vacancy-allowance,Vacancy allowance,Customer Operations,COGS,False,Montreal,vacancy,-0.32,0,-2629.998672890096,-210.39989383120766,-312.4438423393434,-157.79992037340574,0.0,0.0,-3310.6423294340525
2027-07,vacancy-allowance,Vacancy allowance,Customer Operations,COGS,False,Paris,vacancy,-0.02,0,-214.73012395381244,-17.178409916304997,-97.40158422544931,-10.736506197690622,0.0,0.0,-340.04662429325737
2027-07,vacancy-allowance,Vacancy allowance,G&A,G&A,False,Austin,vacancy,-0.02,0,-584.959619423024,-46.796769553841926,-53.699293063033615,-81.89434671922338,0.0,0.0,-767.3500287591229
2027-07,vacancy-allowance,Vacancy allowance,G&A,G&A,False,Montreal,vacancy,-0.3,0,-3698.8502329533226,-295.9080186362658,-439.4234076748548,-221.93101397719937,0.0,0.0,-4656.112673241642
2027-07,vacancy-allowance,Vacancy allowance,R&D,R&D,False,Montreal,vacancy,-1.08,0,-11177.93123116259,-894.2344984930073,-1327.938230262116,-670.6758738697555,0.0,0.0,-14070.77983378747
2027-07,vacancy-allowance,Vacancy allowance,R&D,R&D,False,Paris,vacancy,-0.72,0,-6044.507106154773,-483.5605684923818,-2741.7884233518043,-302.22535530773865,0.0,0.0,-9572.081453306699
2027-07,vacancy-allowance,Vacancy allowance,S&M,S&M,False,Austin,vacancy,-0.74,0,-6809.830790630519,-110.24827975390177,-588.2067209826757,-953.3763106882726,0.0,0.0,-8461.662102055368
2027-07,vacancy-allowance,Vacancy allowance,S&M,S&M,False,Montreal,vacancy,-0.02,0,-180.95848625275173,-14.476678900220138,-21.49786816682691,-10.857509175165104,0.0,0.0,-227.7905424949639
2027-08,vacancy-allowance,Vacancy allowance,Customer Operations,COGS,False,Austin,vacancy,-0.24,0,-1975.673463458081,-158.05387707664647,-181.36682394545184,-276.59428488413135,0.0,0.0,-2591.6884493643106
2027-08,vacancy-allowance,Vacancy allowance,Customer Operations,COGS,False,Montreal,vacancy,-0.32,0,-2629.998672890096,-210.39989383120766,-312.4438423393434,-157.79992037340574,0.0,0.0,-3310.6423294340525
2027-08,vacancy-allowance,Vacancy allowance,Customer Operations,COGS,False,Paris,vacancy,-0.02,0,-214.73012395381244,-17.178409916304997,-97.40158422544931,-10.736506197690622,0.0,0.0,-340.04662429325737
2027-08,vacancy-allowance,Vacancy allowance,G&A,G&A,False,Austin,vacancy,-0.02,0,-584.959619423024,-46.796769553841926,-53.699293063033615,-81.89434671922338,0.0,0.0,-767.3500287591229
2027-08,vacancy-allowance,Vacancy allowance,G&A,G&A,False,Montreal,vacancy,-0.3,0,-3698.8502329533226,-295.9080186362658,-439.4234076748548,-221.93101397719937,0.0,0.0,-4656.112673241642
2027-08,vacancy-allowance,Vacancy allowance,R&D,R&D,False,Montreal,vacancy,-1.08,0,-11177.93123116259,-894.2344984930073,-1327.938230262116,-670.6758738697555,0.0,0.0,-14070.77983378747
2027-08,vacancy-allowance,Vacancy allowance,R&D,R&D,False,Paris,vacancy,-0.72,0,-6044.507106154773,-483.5605684923818,-2741.7884233518043,-302.22535530773865,0.0,0.0,-9572.081453306699
2027-08,vacancy-allowance,Vacancy allowance,S&M,S&M,False,Austin,vacancy,-0.74,0,-6809.830790630519,-110.24827975390177,-588.2067209826757,-953.3763106882726,0.0,0.0,-8461.662102055368
2027-08,vacancy-allowance,Vacancy allowance,S&M,S&M,False,Montreal,vacancy,-0.02,0,-180.95848625275173,-14.476678900220138,-21.49786816682691,-10.857509175165104,0.0,0.0,-227.7905424949639
2027-09,vacancy-allowance,Vacancy allowance,Customer Operations,COGS,False,Austin,vacancy,-0.24,0,-1975.673463458081,-158.05387707664647,-181.36682394545184,-276.59428488413135,0.0,0.0,-2591.6884493643106
2027-09,vacancy-allowance,Vacancy allowance,Customer Operations,COGS,False,Montreal,vacancy,-0.32,0,-2629.998672890096,-210.39989383120766,-312.4438423393434,-157.79992037340574,0.0,0.0,-3310.6423294340525
2027-09,vacancy-allowance,Vacancy allowance,Customer Operations,COGS,False,Paris,vacancy,-0.02,0,-214.73012395381244,-17.178409916304997,-97.40158422544931,-10.736506197690622,0.0,0.0,-340.04662429325737
2027-09,vacancy-allowance,Vacancy allowance,G&A,G&A,False,Austin,vacancy,-0.02,0,-584.959619423024,-46.796769553841926,-53.699293063033615,-81.89434671922338,0.0,0.0,-767.3500287591229
2027-09,vacancy-allowance,Vacancy allowance,G&A,G&A,False,Montreal,vacancy,-0.3,0,-3698.8502329533226,-295.9080186362658,-439.4234076748548,-221.93101397719937,0.0,0.0,-4656.112673241642
2027-09,vacancy-allowance,Vacancy allowance,R&D,R&D,False,Montreal,vacancy,-1.08,0,-11177.93123116259,-894.2344984930073,-1327.938230262116,-670.6758738697555,0.0,0.0,-14070.77983378747
2027-09,vacancy-allowance,Vacancy allowance,R&D,R&D,False,Paris,vacancy,-0.72,0,-6044.507106154773,-483.5605684923818,-2741.7884233518043,-302.22535530773865,0.0,0.0,-9572.081453306699
2027-09,vacancy-allowance,Vacancy allowance,S&M,S&M,False,Austin,vacancy,-0.74,0,-6809.830790630519,-110.24827975390177,-588.2067209826757,-953.3763106882726,0.0,0.0,-8461.662102055368
2027-09,vacancy-allowance,Vacancy allowance,S&M,S&M,False,Montreal,vacancy,-0.02,0,-180.95848625275173,-14.476678900220138,-21.49786816682691,-10.857509175165104,0.0,0.0,-227.7905424949639
2027-10,vacancy-allowance,Vacancy allowance,Customer Operations,COGS,False,Austin,vacancy,-0.24,0,-1975.673463458081,-158.05387707664647,-181.36682394545184,-276.59428488413135,0.0,0.0,-2591.6884493643106
2027-10,vacancy-allowance,Vacancy allowance,Customer Operations,COGS,False,Montreal,vacancy,-0.32,0,-2629.998672890096,-210.39989383120766,-312.4438423393434,-157.79992037340574,0.0,0.0,-3310.6423294340525
2027-10,vacancy-allowance,Vacancy allowance,Customer Operations,COGS,False,Paris,vacancy,-0.02,0,-214.73012395381244,-17.178409916304997,-97.40158422544931,-10.736506197690622,0.0,0.0,-340.04662429325737
2027-10,vacancy-allowance,Vacancy allowance,G&A,G&A,False,Austin,vacancy,-0.02,0,-584.959619423024,-46.796769553841926,-53.699293063033615,-81.89434671922338,0.0,0.0,-767.3500287591229
2027-10,vacancy-allowance,Vacancy allowance,G&A,G&A,False,Montreal,vacancy,-0.3,0,-3698.8502329533226,-295.9080186362658,-439.4234076748548,-221.93101397719937,0.0,0.0,-4656.112673241642
2027-10,vacancy-allowance,Vacancy allowance,R&D,R&D,False,Montreal,vacancy,-1.08,0,-11177.93123116259,-894.2344984930073,-1327.938230262116,-670.6758738697555,0.0,0.0,-14070.77983378747
2027-10,vacancy-allowance,Vacancy allowance,R&D,R&D,False,Paris,vacancy,-0.72,0,-6044.507106154773,-483.5605684923818,-2741.7884233518043,-302.22535530773865,0.0,0.0,-9572.081453306699
2027-10,vacancy-allowance,Vacancy allowance,S&M,S&M,False,Austin,vacancy,-0.74,0,-6809.830790630519,-110.24827975390177,-588.2067209826757,-953.3763106882726,0.0,0.0,-8461.662102055368
2027-10,vacancy-allowance,Vacancy allowance,S&M,S&M,False,Montreal,vacancy,-0.02,0,-180.95848625275173,-14.476678900220138,-21.49786816682691,-10.857509175165104,0.0,0.0,-227.7905424949639
2027-11,vacancy-allowance,Vacancy allowance,Customer Operations,COGS,False,Austin,vacancy,-0.26,0,-2125.673463458081,-170.05387707664647,-195.13682394545185,-297.59428488413135,0.0,0.0,-2788.458449364311
2027-11,vacancy-allowance,Vacancy allowance,Customer Operations,COGS,False,Montreal,vacancy,-0.32,0,-2629.998672890096,-210.39989383120766,-312.4438423393434,-157.79992037340574,0.0,0.0,-3310.6423294340525
2027-11,vacancy-allowance,Vacancy allowance,Customer Operations,COGS,False,Paris,vacancy,-0.02,0,-214.73012395381244,-17.178409916304997,-97.40158422544931,-10.736506197690622,0.0,0.0,-340.04662429325737
2027-11,vacancy-allowance,Vacancy allowance,G&A,G&A,False,Austin,vacancy,-0.02,0,-584.959619423024,-46.796769553841926,-53.699293063033615,-81.89434671922338,0.0,0.0,-767.3500287591229
2027-11,vacancy-allowance,Vacancy allowance,G&A,G&A,False,Montreal,vacancy,-0.3,0,-3698.8502329533226,-295.9080186362658,-439.4234076748548,-221.93101397719937,0.0,0.0,-4656.112673241642
2027-11,vacancy-allowance,Vacancy allowance,R&D,R&D,False,Montreal,vacancy,-1.08,0,-11177.93123116259,-894.2344984930073,-1327.938230262116,-670.6758738697555,0.0,0.0,-14070.77983378747
2027-11,vacancy-allowance,Vacancy allowance,R&D,R&D,False,Paris,vacancy,-0.72,0,-6044.507106154773,-483.5605684923818,-2741.7884233518043,-302.22535530773865,0.0,0.0,-9572.081453306699
2027-11,vacancy-allowance,Vacancy allowance,S&M,S&M,False,Austin,vacancy,-0.74,0,-6809.830790630519,-110.24827975390177,-588.2067209826757,-953.3763106882726,0.0,0.0,-8461.662102055368
2027-11,vacancy-allowance,Vacancy allowance,S&M,S&M,False,Montreal,vacancy,-0.02,0,-180.95848625275173,-14.476678900220138,-21.49786816682691,-10.857509175165104,0.0,0.0,-227.7905424949639
2027-12,vacancy-allowance,Vacancy allowance,Customer Operations,COGS,False,Austin,vacancy,-0.26,0,-2125.673463458081,-170.05387707664647,-195.13682394545185,-297.59428488413135,0.0,0.0,-2788.458449364311
2027-12,vacancy-allowance,Vacancy allowance,Customer Operations,COGS,False,Montreal,vacancy,-0.32,0,-2629.998672890096,-210.39989383120766,-312.4438423393434,-157.79992037340574,0.0,0.0,-3310.6423294340525
2027-12,vacancy-allowance,Vacancy allowance,Customer Operations,COGS,False,Paris,vacancy,-0.02,0,-214.73012395381244,-17.178409916304997,-97.40158422544931,-10.736506197690622,0.0,0.0,-340.04662429325737
2027-12,vacancy-allowance,Vacancy allowance,G&A,G&A,False,Austin,vacancy,-0.02,0,-584.959619423024,-46.796769553841926,-53.699293063033615,-81.89434671922338,0.0,0.0,-767.3500287591229
2027-12,vacancy-allowance,Vacancy allowance,G&A,G&A,False,Montreal,vacancy,-0.3,0,-3698.8502329533226,-295.9080186362658,-439.4234076748548,-221.93101397719937,0.0,0.0,-4656.112673241642
2027-12,vacancy-allowance,Vacancy allowance,R&D,R&D,False,Montreal,vacancy,-1.08,0,-11177.93123116259,-894.2344984930073,-1327.938230262116,-670.6758738697555,0.0,0.0,-14070.77983378747
2027-12,vacancy-allowance,Vacancy allowance,R&D,R&D,False,Paris,vacancy,-0.72,0,-6044.507106154773,-483.5605684923818,-2741.7884233518043,-302.22535530773865,0.0,0.0,-9572.081453306699
2027-12,vacancy-allowance,Vacancy allowance,S&M,S&M,False,Austin,vacancy,-0.74,0,-6809.830790630519,-110.24827975390177,-588.2067209826757,-953.3763106882726,0.0,0.0,-8461.662102055368
2027-12,vacancy-allowance,Vacancy allowance,S&M,S&M,False,Montreal,vacancy,-0.02,0,-180.95848625275173,-14.476678900220138,-21.49786816682691,-10.857509175165104,0.0,0.0,-227.7905424949639
2028-01,vacancy-allowance,Vacancy allowance,Customer Operations,COGS,False,Austin,vacancy,-0.26,0,-2200.0720346791136,-176.0057627743291,-201.96661278354267,-308.01008485507595,0.0,0.0,-2886.054495092061
2028-01,vacancy-allowance,Vacancy allowance,Customer Operations,COGS,False,Montreal,vacancy,-0.32,0,-2722.048626441249,-217.76389011529994,-323.3793768212204,-163.32291758647494,0.0,0.0,-3426.514810964244
2028-01,vacancy-allowance,Vacancy allowance,Customer Operations,COGS,False,Paris,vacancy,-0.02,0,-222.24567829219586,-17.77965426337567,-100.81063967334003,-11.112283914609794,0.0,0.0,-351.9482561435214
2028-01,vacancy-allowance,Vacancy allowance,G&A,G&A,False,Austin,vacancy,-0.02,0,-605.4332061028299,-48.434656488226395,-55.57876832023979,-84.76064885439621,0.0,0.0,-794.2072797656923
2028-01,vacancy-allowance,Vacancy allowance,G&A,G&A,False,Montreal,vacancy,-0.3,0,-3828.3099911066884,-306.26479928853513,-454.8032269434746,-229.69859946640133,0.0,0.0,-4819.076616805099
2028-01,vacancy-allowance,Vacancy allowance,R&D,R&D,False,Montreal,vacancy,-1.08,0,-11569.15882425328,-925.5327059402625,-1374.41606832129,-694.1495294551969,0.0,0.0,-14563.25712797003
2028-01,vacancy-allowance,Vacancy allowance,R&D,R&D,False,Paris,vacancy,-0.72,0,-6256.064854870189,-500.48518838961513,-2837.7510181691177,-312.8032427435095,0.0,0.0,-9907.104304172433
2028-01,vacancy-allowance,Vacancy allowance,S&M,S&M,False,Austin,vacancy,-0.74,0,-7048.174868302586,-114.10696954528832,-608.7939562170694,-986.7444815623622,0.0,0.0,-8757.820275627306
2028-01,vacancy-allowance,Vacancy allowance,S&M,S&M,False,Montreal,vacancy,-0.02,0,-187.29203327159806,-14.983362661727845,-22.25029355266585,-11.237521996295882,0.0,0.0,-235.76321148228766
2028-02,vacancy-allowance,Vacancy allowance,Customer Operations,COGS,False,Austin,vacancy,-0.28,0,-2350.0720346791136,-188.0057627743291,-215.73661278354265,-329.01008485507595,0.0,0.0,-3082.824495092061
2028-02,vacancy-allowance,Vacancy allowance,Customer Operations,COGS,False,Montreal,vacancy,-0.32,0,-2722.048626441249,-217.76389011529994,-323.3793768212204,-163.32291758647494,0.0,0.0,-3426.514810964244
2028-02,vacancy-allowance,Vacancy allowance,Customer Operations,COGS,False,Paris,vacancy,-0.02,0,-222.24567829219586,-17.77965426337567,-100.81063967334003,-11.112283914609794,0.0,0.0,-351.9482561435214
2028-02,vacancy-allowance,Vacancy allowance,G&A,G&A,False,Austin,vacancy,-0.02,0,-605.4332061028299,-48.434656488226395,-55.57876832023979,-84.76064885439621,0.0,0.0,-794.2072797656923
2028-02,vacancy-allowance,Vacancy allowance,G&A,G&A,False,Montreal,vacancy,-0.3,0,-3828.3099911066884,-306.26479928853513,-454.8032269434746,-229.69859946640133,0.0,0.0,-4819.076616805099
2028-02,vacancy-allowance,Vacancy allowance,R&D,R&D,False,Montreal,vacancy,-1.08,0,-11569.15882425328,-925.5327059402625,-1374.41606832129,-694.1495294551969,0.0,0.0,-14563.25712797003
2028-02,vacancy-allowance,Vacancy allowance,R&D,R&D,False,Paris,vacancy,-0.72,0,-6256.064854870189,-500.48518838961513,-2837.7510181691177,-312.8032427435095,0.0,0.0,-9907.104304172433
2028-02,vacancy-allowance,Vacancy allowance,S&M,S&M,False,Austin,vacancy,-0.74,0,-7048.174868302586,-114.10696954528832,-608.7939562170694,-986.7444815623622,0.0,0.0,-8757.820275627306
2028-02,vacancy-allowance,Vacancy allowance,S&M,S&M,False,Montreal,vacancy,-0.02,0,-187.29203327159806,-14.983362661727845,-22.25029355266585,-11.237521996295882,0.0,0.0,-235.76321148228766
