month,position_id,role,function,cost_bucket,sales_role,location,origin,fte,tenure_months,salary,bonus,employer_tax,benefits,recruiting,capex,people_cost
2024-09,emp-0000,Software Engineer,R&D,R&D,False,Montreal,roster,1.0,35,8333.338069003801,666.6670455203041,990.0005625976515,500.0002841402281,0.0,0.0,10490.005961261984
2024-10,emp-0000,Software Engineer,R&D,R&D,False,Montreal,roster,1.0,36,8333.338069003801,666.6670455203041,990.0005625976515,500.0002841402281,0.0,0.0,10490.005961261984
2024-11,emp-0000,Software Engineer,R&D,R&D,False,Montreal,roster,1.0,37,8333.338069003801,666.6670455203041,990.0005625976515,500.0002841402281,0.0,0.0,10490.005961261984
2024-12,emp-0000,Software Engineer,R&D,R&D,False,Montreal,roster,1.0,38,8333.338069003801,666.6670455203041,990.0005625976515,500.0002841402281,0.0,0.0,10490.005961261984
2025-01,emp-0000,Software Engineer,R&D,R&D,False,Montreal,roster,1.0,39,8625.004901418935,690.0003921135149,1024.6505822885695,517.5002940851361,0.0,0.0,10857.156169906155
2025-02,emp-0000,Software Engineer,R&D,R&D,False,Montreal,roster,1.0,40,8625.004901418935,690.0003921135149,1024.6505822885695,517.5002940851361,0.0,0.0,10857.156169906155
2025-03,emp-0000,Software Engineer,R&D,R&D,False,Montreal,roster,1.0,41,8625.004901418935,690.0003921135149,1024.6505822885695,517.5002940851361,0.0,0.0,10857.156169906155
2025-04,emp-0000,Software Engineer,R&D,R&D,False,Montreal,roster,1.0,42,8625.004901418935,690.0003921135149,1024.6505822885695,517.5002940851361,0.0,0.0,10857.156169906155
2025-05,emp-0000,Software Engineer,R&D,R&D,False,Montreal,roster,1.0,43,8625.004901418935,690.0003921135149,1024.6505822885695,517.5002940851361,0.0,0.0,10857.156169906155
2025-06,emp-0000,Software Engineer,R&D,R&D,False,Montreal,roster,1.0,44,8625.004901418935,690.0003921135149,1024.6505822885695,517.5002940851361,0.0,0.0,10857.156169906155
2025-07,emp-0000,Software Engineer,R&D,R&D,False,Montreal,roster,1.0,45,8625.004901418935,690.0003921135149,1024.6505822885695,517.5002940851361,0.0,0.0,10857.156169906155
2025-08,emp-0000,Software Engineer,R&D,R&D,False,Montreal,roster,1.0,46,8625.004901418935,690.0003921135149,1024.6505822885695,517.5002940851361,0.0,0.0,10857.156169906155
2025-09,emp-0000,Software Engineer,R&D,R&D,False,Montreal,roster,1.0,47,8625.004901418935,690.0003921135149,1024.6505822885695,517.5002940851361,0.0,0.0,10857.156169906155
2025-10,emp-0000,Software Engineer,R&D,R&D,False,Montreal,roster,1.0,48,8625.004901418935,690.0003921135149,1024.6505822885695,517.5002940851361,0.0,0.0,10857.156169906155
2025-11,emp-0000,Software Engineer,R&D,R&D,False,Montreal,roster,1.0,49,8625.004901418935,690.0003921135149,1024.6505822885695,517.5002940851361,0.0,0.0,10857.156169906155
2025-12,emp-0000,Software Engineer,R&D,R&D,False,Montreal,roster,1.0,50,8625.004901418935,690.0003921135149,1024.6505822885695,517.5002940851361,0.0,0.0,10857.156169906155
2026-01,emp-0000,Software Engineer,R&D,R&D,False,Montreal,roster,1.0,51,8926.880072968595,714.1504058374876,1060.513352668669,535.6128043781157,0.0,0.0,11237.156635852867
2026-02,emp-0000,Software Engineer,R&D,R&D,False,Montreal,roster,1.0,52,8926.880072968595,714.1504058374876,1060.513352668669,535.6128043781157,0.0,0.0,11237.156635852867
2026-03,emp-0000,Software Engineer,R&D,R&D,False,Montreal,roster,1.0,53,8926.880072968595,714.1504058374876,1060.513352668669,535.6128043781157,0.0,0.0,11237.156635852867
2026-04,emp-0000,Software Engineer,R&D,R&D,False,Montreal,roster,1.0,54,8926.880072968595,714.1504058374876,1060.513352668669,535.6128043781157,0.0,0.0,11237.156635852867
2026-05,emp-0000,Software Engineer,R&D,R&D,False,Montreal,roster,1.0,55,8926.880072968595,714.1504058374876,1060.513352668669,535.6128043781157,0.0,0.0,11237.156635852867
2026-06,emp-0000,Software Engineer,R&D,R&D,False,Montreal,roster,1.0,56,8926.880072968595,714.1504058374876,1060.513352668669,535.6128043781157,0.0,0.0,11237.156635852867
2026-07,emp-0000,Software Engineer,R&D,R&D,False,Montreal,roster,1.0,57,8926.880072968595,714.1504058374876,1060.513352668669,535.6128043781157,0.0,0.0,11237.156635852867
2026-08,emp-0000,Software Engineer,R&D,R&D,False,Montreal,roster,1.0,58,8926.880072968595,714.1504058374876,1060.513352668669,535.6128043781157,0.0,0.0,11237.156635852867
2024-09,emp-0001,Software Engineer,R&D,R&D,False,Montreal,roster,1.0,24,8413.243045939193,673.0594436751354,999.4932738575761,504.79458275635153,0.0,0.0,10590.590346228255
2024-10,emp-0001,Software Engineer,R&D,R&D,False,Montreal,roster,1.0,25,8413.243045939193,673.0594436751354,999.4932738575761,504.79458275635153,0.0,0.0,10590.590346228255
2024-11,emp-0001,Software Engineer,R&D,R&D,False,Montreal,roster,1.0,26,8413.243045939193,673.0594436751354,999.4932738575761,504.79458275635153,0.0,0.0,10590.590346228255
2024-12,emp-0001,Software Engineer,R&D,R&D,False,Montreal,roster,1.0,27,8413.243045939193,673.0594436751354,999.4932738575761,504.79458275635153,0.0,0.0,10590.590346228255
2025-01,emp-0001,Software Engineer,R&D,R&D,False,Montreal,roster,1.0,28,8707.706552547063,696.616524203765,1034.4755384425912,522.4623931528238,0.0,0.0,10961.261008346244
2025-02,emp-0001,Software Engineer,R&D,R&D,False,Montreal,roster,1.0,29,8707.706552547063,696.616524203765,1034.4755384425912,522.4623931528238,0.0,0.0,10961.261008346244
2025-03,emp-0001,Software Engineer,R&D,R&D,False,Montreal,roster,1.0,30,8707.706552547063,696.616524203765,1034.4755384425912,522.4623931528238,0.0,0.0,10961.261008346244
2025-04,emp-0001,Software Engineer,R&D,R&D,False,Montreal,roster,1.0,31,8707.706552547063,696.616524203765,1034.4755384425912,522.4623931528238,0.0,0.0,10961.261008346244
2025-05,emp-0001,Software Engineer,R&D,R&D,False,Montreal,roster,1.0,32,8707.706552547063,696.616524203765,1034.4755384425912,522.4623931528238,0.0,0.0,10961.261008346244
2025-06,emp-0001,Software Engineer,R&D,R&D,False,Montreal,roster,1.0,33,8707.706552547063,696.616524203765,1034.4755384425912,522.4623931528238,0.0,0.0,10961.261008346244
2025-07,emp-0001,Software Engineer,R&D,R&D,False,Montreal,roster,1.0,34,8707.706552547063,696.616524203765,1034.4755384425912,522.4623931528238,0.0,0.0,10961.261008346244
2025-08,emp-0001,Software Engineer,R&D,R&D,False,Montreal,roster,1.0,35,8707.706552547063,696.616524203765,1034.4755384425912,522.4623931528238,0.0,0.0,10961.261008346244
2025-09,emp-0001,Software Engineer,R&D,R&D,False,Montreal,roster,1.0,36,8707.706552547063,696.616524203765,1034.4755384425912,522.4623931528238,0.0,0.0,10961.261008346244
2025-10,emp-0001,Software Engineer,R&D,R&D,False,Montreal,roster,1.0,37,8707.706552547063,696.616524203765,1034.4755384425912,522.4623931528238,0.0,0.0,10961.261008346244
2025-11,emp-0001,Software Engineer,R&D,R&D,False,Montreal,roster,1.0,38,8707.706552547063,696.616524203765,1034.4755384425912,522.4623931528238,0.0,0.0,10961.261008346244
2025-12,emp-0001,Software Engineer,R&D,R&D,False,Montreal,roster,1.0,39,8707.706552547063,696.616524203765,1034.4755384425912,522.4623931528238,0.0,0.0,10961.261008346244
2026-01,emp-0001,Software Engineer,R&D,R&D,False,Montreal,roster,1.0,40,9012.47628188621,720.9981025508968,1070.6821822880818,540.7485769131725,0.0,0.0,11344.90514363836
2026-02,emp-0001,Software Engineer,R&D,R&D,False,Montreal,roster,1.0,41,9012.47628188621,720.9981025508968,1070.6821822880818,540.7485769131725,0.0,0.0,11344.90514363836
2026-03,emp-0001,Software Engineer,R&D,R&D,False,Montreal,roster,1.0,42,9012.47628188621,720.9981025508968,1070.6821822880818,540.7485769131725,0.0,0.0,11344.90514363836
2026-04,emp-0001,Software Engineer,R&D,R&D,False,Montreal,roster,1.0,43,9012.47628188621,720.9981025508968,1070.6821822880818,540.7485769131725,0.0,0.0,11344.90514363836
2026-05,emp-0001,Software Engineer,R&D,R&D,False,Montreal,roster,1.0,44,9012.47628188621,720.9981025508968,1070.6821822880818,540.7485769131725,0.0,0.0,11344.90514363836
2026-06,emp-0001,Software Engineer,R&D,R&D,False,Montreal,roster,1.0,45,9012.47628188621,720.9981025508968,1070.6821822880818,540.7485769131725,0.0,0.0,11344.90514363836
2026-07,emp-0001,Software Engineer,R&D,R&D,False,Montreal,roster,1.0,46,9012.47628188621,720.9981025508968,1070.6821822880818,540.7485769131725,0.0,0.0,11344.90514363836
2026-08,emp-0001,Software Engineer,R&D,R&D,False,Montreal,roster,1.0,47,9012.47628188621,720.9981025508968,1070.6821822880818,540.7485769131725,0.0,0.0,11344.90514363836
2024-09,emp-0002,Software Engineer,R&D,R&D,False,Montreal,roster,1.0,26,7900.905433569779,632.0724346855824,938.6275655080899,474.05432601418676,0.0,0.0,9945.65975977764
2024-10,emp-0002,Software Engineer,R&D,R&D,False,Montreal,roster,1.0,27,7900.905433569779,632.0724346855824,938.6275655080899,474.05432601418676,0.0,0.0,9945.65975977764
2024-11,emp-0002,Software Engineer,R&D,R&D,False,Montreal,roster,1.0,28,7900.905433569779,632.0724346855824,938.6275655080899,474.05432601418676,0.0,0.0,9945.65975977764
2024-12,emp-0002,Software Engineer,R&D,R&D,False,Montreal,roster,1.0,29,7900.905433569779,632.0724346855824,938.6275655080899,474.05432601418676,0.0,0.0,9945.65975977764
2025-01,emp-0002,Software Engineer,R&D,R&D,False,Montreal,roster,1.0,30,8177.43712374472,654.1949698995776,971.4795303008727,490.6462274246832,0.0,0.0,10293.757851369852
2025-02,emp-0002,Software Engineer,R&D,R&D,False,Montreal,roster,1.0,31,8177.43712374472,654.1949698995776,971.4795303008727,490.6462274246832,0.0,0.0,10293.757851369852
2025-03,emp-0002,Software Engineer,R&D,R&D,False,Montreal,roster,1.0,32,8177.43712374472,654.1949698995776,971.4795303008727,490.6462274246832,0.0,0.0,10293.757851369852
2024-09,emp-0003,Software Engineer,R&D,R&D,False,Montreal,roster,1.0,26,9069.419305761325,725.553544460906,1077.4470135244455,544.1651583456795,0.0,0.0,11416.585022092355
2024-10,emp-0003,Software Engineer,R&D,R&D,False,Montreal,roster,1.0,27,9069.419305761325,725.553544460906,1077.4470135244455,544.1651583456795,0.0,0.0,11416.585022092355
2024-11,emp-0003,Software Engineer,R&D,R&D,False,Montreal,roster,1.0,28,9069.419305761325,725.553544460906,1077.4470135244455,544.1651583456795,0.0,0.0,11416.585022092355
2024-12,emp-0003,Software Engineer,R&D,R&D,False,Montreal,roster,1.0,29,9069.419305761325,725.553544460906,1077.4470135244455,544.1651583456795,0.0,0.0,11416.585022092355
2025-01,emp-0003,Software Engineer,R&D,R&D,False,Montreal,roster,1.0,30,9386.84898146297,750.9479185170376,1115.1576589978008,563.2109388877782,0.0,0.0,11816.165497865586
2025-02,emp-0003,Software Engineer,R&D,R&D,False,Montreal,roster,1.0,31,9386.84898146297,750.9479185170376,1115.1576589978008,563.2109388877782,0.0,0.0,11816.165497865586
2025-03,emp-0003,Software Engineer,R&D,R&D,False,Montreal,roster,1.0,32,9386.84898146297,750.9479185170376,1115.1576589978008,563.2109388877782,0.0,0.0,11816.165497865586
2025-04,emp-0003,Software Engineer,R&D,R&D,False,Montreal,roster,1.0,33,9386.84898146297,750.9479185170376,1115.1576589978008,563.2109388877782,0.0,0.0,11816.165497865586
2025-05,emp-0003,Software Engineer,R&D,R&D,False,Montreal,roster,1.0,34,9386.84898146297,750.9479185170376,1115.1576589978008,563.2109388877782,0.0,0.0,11816.165497865586
2025-06,emp-0003,Software Engineer,R&D,R&D,False,Montreal,roster,1.0,35,9386.84898146297,750.9479185170376,1115.1576589978008,563.2109388877782,0.0,0.0,11816.165497865586
2025-07,emp-0003,Software Engineer,R&D,R&D,False,Montreal,roster,1.0,36,9386.84898146297,750.9479185170376,1115.1576589978008,563.2109388877782,0.0,0.0,11816.165497865586
2025-08,emp-0003,Software Engineer,R&D,R&D,False,Montreal,roster,1.0,37,9386.84898146297,750.9479185170376,1115.1576589978008,563.2109388877782,0.0,0.0,11816.165497865586
2025-09,emp-0003,Software Engineer,R&D,R&D,False,Montreal,roster,1.0,38,9386.84898146297,750.9479185170376,1115.1576589978008,563.2109388877782,0.0,0.0,11816.165497865586
2025-10,emp-0003,Software Engineer,R&D,R&D,False,Montreal,roster,1.0,39,9386.84898146297,750.9479185170376,1115.1576589978008,563.2109388877782,0.0,0.0,11816.165497865586
2025-11,emp-0003,Software Engineer,R&D,R&D,False,Montreal,roster,1.0,40,9386.84898146297,750.9479185170376,1115.1576589978008,563.2109388877782,0.0,0.0,11816.165497865586
2025-12,emp-0003,Software Engineer,R&D,R&D,False,Montreal,roster,1.0,41,9386.84898146297,750.9479185170376,1115.1576589978008,563.2109388877782,0.0,0.0,11816.165497865586
2026-01,emp-0003,Software Engineer,R&D,R&D,False,Montreal,roster,1.0,42,9715.388695814172,777.2310956651338,1154.1881770627238,582.9233217488503,0.0,0.0,12229.731290290882
2026-02,emp-0003,Software Engineer,R&D,R&D,False,Montreal,roster,1.0,43,9715.388695814172,777.2310956651338,1154.1881770627238,582.9233217488503,0.0,0.0,12229.731290290882
2026-03,emp-0003,Software Engineer,R&D,R&D,False,Montreal,roster,1.0,44,9715.388695814172,777.2310956651338,1154.1881770627238,582.9233217488503,0.0,0.0,12229.731290290882
2026-04,emp-0003,Software Engineer,R&D,R&D,False,Montreal,roster,1.0,45,9715.388695814172,777.2310956651338,1154.1881770627238,582.9233217488503,0.0,0.0,12229.731290290882
2026-05,emp-0003,Software Engineer,R&D,R&D,False,Montreal,roster,1.0,46,9715.388695814172,777.2310956651338,1154.1881770627238,582.9233217488503,0.0,0.0,12229.731290290882
2026-06,emp-0003,Software Engineer,R&D,R&D,False,Montreal,roster,1.0,47,9715.388695814172,777.2310956651338,1154.1881770627238,582.9233217488503,0.0,0.0,12229.731290290882
2026-07,emp-0003,Software Engineer,R&D,R&D,False,Montreal,roster,1.0,48,9715.388695814172,777.2310956651338,1154.1881770627238,582.9233217488503,0.0,0.0,12229.731290290882
2026-08,emp-0003,Software Engineer,R&D,R&D,False,Montreal,roster,1.0,49,9715.388695814172,777.2310956651338,1154.1881770627238,582.9233217488503,0.0,0.0,12229.731290290882
2024-09,emp-0004,Software Engineer,R&D,R&D,False,Montreal,roster,1.0,44,9041.95142853954,723.3561142831632,1074.1838297104973,542.5170857123724,0.0,0.0,11382.008458245571
2024-10,emp-0004,Software Engineer,R&D,R&D,False,Montreal,roster,1.0,45,9041.95142853954,723.3561142831632,1074.1838297104973,542.5170857123724,0.0,0.0,11382.008458245571
2024-11,emp-0004,Software Engineer,R&D,R&D,False,Montreal,roster,1.0,46,9041.95142853954,723.3561142831632,1074.1838297104973,542.5170857123724,0.0,0.0,11382.008458245571
2024-12,emp-0004,Software Engineer,R&D,R&D,False,Montreal,roster,1.0,47,9041.95142853954,723.3561142831632,1074.1838297104973,542.5170857123724,0.0,0.0,11382.008458245571
2025-01,emp-0004,Software Engineer,R&D,R&D,False,Montreal,roster,1.0,48,9358.419728538423,748.6735782830739,1111.7802637503648,561.5051837123054,0.0,0.0,11780.378754284167
2025-02,emp-0004,Software Engineer,R&D,R&D,False,Montreal,roster,1.0,49,9358.419728538423,748.6735782830739,1111.7802637503648,561.5051837123054,0.0,0.0,11780.378754284167
2025-03,emp-0004,Software Engineer,R&D,R&D,False,Montreal,roster,1.0,50,9358.419728538423,748.6735782830739,1111.7802637503648,561.5051837123054,0.0,0.0,11780.378754284167
2025-04,emp-0004,Software Engineer,R&D,R&D,False,Montreal,roster,1.0,51,9358.419728538423,748.6735782830739,1111.7802637503648,561.5051837123054,0.0,0.0,11780.378754284167
2025-05,emp-0004,Software Engineer,R&D,R&D,False,Montreal,roster,1.0,52,9358.419728538423,748.6735782830739,1111.7802637503648,561.5051837123054,0.0,0.0,11780.378754284167
2025-06,emp-0004,Software Engineer,R&D,R&D,False,Montreal,roster,1.0,53,9358.419728538423,748.6735782830739,1111.7802637503648,561.5051837123054,0.0,0.0,11780.378754284167
2025-07,emp-0004,Software Engineer,R&D,R&D,False,Montreal,roster,1.0,54,9358.419728538423,748.6735782830739,1111.7802637503648,561.5051837123054,0.0,0.0,11780.378754284167
2025-08,emp-0004,Software Engineer,R&D,R&D,False,Montreal,roster,1.0,55,9358.419728538423,748.6735782830739,1111.7802637503648,561.5051837123054,0.0,0.0,11780.378754284167
2025-09,emp-0004,Software Engineer,R&D,R&D,False,Montreal,roster,1.0,56,9358.419728538423,748.6735782830739,1111.7802637503648,561.5051837123054,0.0,0.0,11780.378754284167
2025-10,emp-0004,Software Engineer,R&D,R&D,False,Montreal,roster,1.0,57,9358.419728538423,748.6735782830739,1111.7802637503648,561.5051837123054,0.0,0.0,11780.378754284167
2025-11,emp-0004,Software Engineer,R&D,R&D,False,Montreal,roster,1.0,58,9358.419728538423,748.6735782830739,1111.7802637503648,561.5051837123054,0.0,0.0,11780.378754284167
2025-12,emp-0004,Software Engineer,R&D,R&D,False,Montreal,roster,1.0,59,9358.419728538423,748.6735782830739,1111.7802637503648,561.5051837123054,0.0,0.0,11780.378754284167
2026-01,emp-0004,Software Engineer,R&D,R&D,False,Montreal,roster,1.0,60,9685.964419037267,774.8771535229814,1150.6925729816273,581.157865142236,0.0,0.0,12192.69201068411
2026-02,emp-0004,Software Engineer,R&D,R&D,False,Montreal,roster,1.0,61,9685.964419037267,774.8771535229814,1150.6925729816273,581.157865142236,0.0,0.0,12192.69201068411
2026-03,emp-0004,Software Engineer,R&D,R&D,False,Montreal,roster,1.0,62,9685.964419037267,774.8771535229814,1150.6925729816273,581.157865142236,0.0,0.0,12192.69201068411
2026-04,emp-0004,Software Engineer,R&D,R&D,False,Montreal,roster,1.0,63,9685.964419037267,774.8771535229814,1150.6925729816273,581.157865142236,0.0,0.0,12192.69201068411
2026-05,emp-0004,Software Engineer,R&D,R&D,False,Montreal,roster,1.0,64,9685.964419037267,774.8771535229814,1150.6925729816273,581.157865142236,0.0,0.0,12192.69201068411
2026-06,emp-0004,Software Engineer,R&D,R&D,False,Montreal,roster,1.0,65,9685.964419037267,774.8771535229814,1150.6925729816273,581.157865142236,0.0,0.0,12192.69201068411
2026-07,emp-0004,Software Engineer,R&D,R&D,False,Montreal,roster,1.0,66,9685.964419037267,774.8771535229814,1150.6925729816273,581.157865142236,0.0,0.0,12192.69201068411
2026-08,emp-0004,Software Engineer,R&D,R&D,False,Montreal,roster,1.0,67,9685.964419037267,774.8771535229814,1150.6925729816273,581.157865142236,0.0,0.0,12192.69201068411
2024-09,emp-0005,Software Engineer,R&D,R&D,False,Montreal,roster,1.0,22,8112.315855869846,648.9852684695877,963.7431236773377,486.7389513521907,0.0,0.0,10211.783199368962
2024-10,emp-0005,Software Engineer,R&D,R&D,False,Montreal,roster,1.0,23,8112.315855869846,648.9852684695877,963.7431236773377,486.7389513521907,0.0,0.0,10211.783199368962
2024-11,emp-0005,Software Engineer,R&D,R&D,False,Montreal,roster,1.0,24,8112.315855869846,648.9852684695877,963.7431236773377,486.7389513521907,0.0,0.0,10211.783199368962
2024-12,emp-0005,Software Engineer,R&D,R&D,False,Montreal,roster,1.0,25,8112.315855869846,648.9852684695877,963.7431236773377,486.7389513521907,0.0,0.0,10211.783199368962
2025-01,emp-0005,Software Engineer,R&D,R&D,False,Montreal,roster,1.0,26,8396.24691082529,671.6997528660232,997.4741330060444,503.7748146495174,0.0,0.0,10569.195611346875
2025-02,emp-0005,Software Engineer,R&D,R&D,False,Montreal,roster,1.0,27,8396.24691082529,671.6997528660232,997.4741330060444,503.7748146495174,0.0,0.0,10569.195611346875
2025-03,emp-0005,Software Engineer,R&D,R&D,False,Montreal,roster,1.0,28,8396.24691082529,671.6997528660232,997.4741330060444,503.7748146495174,0.0,0.0,10569.195611346875
2025-04,emp-0005,Software Engineer,R&D,R&D,False,Montreal,roster,1.0,29,8396.24691082529,671.6997528660232,997.4741330060444,503.7748146495174,0.0,0.0,10569.195611346875
2025-05,emp-0005,Software Engineer,R&D,R&D,False,Montreal,roster,1.0,30,8396.24691082529,671.6997528660232,997.4741330060444,503.7748146495174,0.0,0.0,10569.195611346875
2025-06,emp-0005,Software Engineer,R&D,R&D,False,Montreal,roster,1.0,31,8396.24691082529,671.6997528660232,997.4741330060444,503.7748146495174,0.0,0.0,10569.195611346875
2025-07,emp-0005,Software Engineer,R&D,R&D,False,Montreal,roster,1.0,32,8396.24691082529,671.6997528660232,997.4741330060444,503.7748146495174,0.0,0.0,10569.195611346875
2025-08,emp-0005,Software Engineer,R&D,R&D,False,Montreal,roster,1.0,33,8396.24691082529,671.6997528660232,997.4741330060444,503.7748146495174,0.0,0.0,10569.195611346875
2025-09,emp-0005,Software Engineer,R&D,R&D,False,Montreal,roster,1.0,34,8396.24691082529,671.6997528660232,997.4741330060444,503.7748146495174,0.0,0.0,10569.195611346875
2025-10,emp-0005,Software Engineer,R&D,R&D,False,Montreal,roster,1.0,35,8396.24691082529,671.6997528660232,997.4741330060444,503.7748146495174,0.0,0.0,10569.195611346875
2025-11,emp-0005,Software Engineer,R&D,R&D,False,Montreal,roster,1.0,36,8396.24691082529,671.6997528660232,997.4741330060444,503.7748146495174,0.0,0.0,10569.195611346875
2025-12,emp-0005,Software Engineer,R&D,R&D,False,Montreal,roster,1.0,37,8396.24691082529,671.6997528660232,997.4741330060444,503.7748146495174,0.0,0.0,10569.195611346875
2026-01,emp-0005,Software Engineer,R&D,R&D,False,Montreal,roster,1.0,38,8690.115552704176,695.209244216334,1032.385727661256,521.4069331622505,0.0,0.0,10939.117457744016
2026-02,emp-0005,Software Engineer,R&D,R&D,False,Montreal,roster,1.0,39,8690.115552704176,695.209244216334,1032.385727661256,521.4069331622505,0.0,0.0,10939.117457744016
2026-03,emp-0005,Software Engineer,R&D,R&D,False,Montreal,roster,1.0,40,8690.115552704176,695.209244216334,1032.385727661256,521.4069331622505,0.0,0.0,10939.117457744016
2026-04,emp-0005,Software Engineer,R&D,R&D,False,Montreal,roster,1.0,41,8690.115552704176,695.209244216334,1032.385727661256,521.4069331622505,0.0,0.0,10939.117457744016
2026-05,emp-0005,Software Engineer,R&D,R&D,False,Montreal,roster,1.0,42,8690.115552704176,695.209244216334,1032.385727661256,521.4069331622505,0.0,0.0,10939.117457744016
2026-06,emp-0005,Software Engineer,R&D,R&D,False,Montreal,roster,1.0,43,8690.115552704176,695.209244216334,1032.385727661256,521.4069331622505,0.0,0.0,10939.117457744016
2026-07,emp-0005,Software Engineer,R&D,R&D,False,Montreal,roster,1.0,44,8690.115552704176,695.209244216334,1032.385727661256,521.4069331622505,0.0,0.0,10939.117457744016
2026-08,emp-0005,Software Engineer,R&D,R&D,False,Montreal,roster,1.0,45,8690.115552704176,695.209244216334,1032.385727661256,521.4069331622505,0.0,0.0,10939.117457744016
2024-09,emp-0006,Software Engineer,R&D,R&D,False,Montreal,roster,1.0,7,7502.352747942133,600.1882198353707,891.2795064555254,450.14116487652797,0.0,0.0,9443.961639109557
2024-10,emp-0006,Software Engineer,R&D,R&D,False,Montreal,roster,1.0,8,7502.352747942133,600.1882198353707,891.2795064555254,450.14116487652797,0.0,0.0,9443.961639109557
2024-11,emp-0006,Software Engineer,R&D,R&D,False,Montreal,roster,1.0,9,7502.352747942133,600.1882198353707,891.2795064555254,450.14116487652797,0.0,0.0,9443.961639109557
2024-12,emp-0006,Software Engineer,R&D,R&D,False,Montreal,roster,1.0,10,7502.352747942133,600.1882198353707,891.2795064555254,450.14116487652797,0.0,0.0,9443.961639109557
2025-01,emp-0006,Software Engineer,R&D,R&D,False,Montreal,roster,1.0,11,7764.935094120107,621.1948075296086,922.4742891814687,465.8961056472064,0.0,0.0,9774.500296478393
2025-02,emp-0006,Software Engineer,R&D,R&D,False,Montreal,roster,1.0,12,7764.935094120107,621.1948075296086,922.4742891814687,465.8961056472064,0.0,0.0,9774.500296478393
2025-03,emp-0006,Software Engineer,R&D,R&D,False,Montreal,roster,1.0,13,7764.935094120107,621.1948075296086,922.4742891814687,465.8961056472064,0.0,0.0,9774.500296478393
2025-04,emp-0006,Software Engineer,R&D,R&D,False,Montreal,roster,1.0,14,7764.935094120107,621.1948075296086,922.4742891814687,465.8961056472064,0.0,0.0,9774.500296478393
2025-05,emp-0006,Software Engineer,R&D,R&D,False,Montreal,roster,1.0,15,7764.935094120107,621.1948075296086,922.4742891814687,465.8961056472064,0.0,0.0,9774.500296478393
2025-06,emp-0006,Software Engineer,R&D,R&D,False,Montreal,roster,1.0,16,7764.935094120107,621.1948075296086,922.4742891814687,465.8961056472064,0.0,0.0,9774.500296478393
2025-07,emp-0006,Software Engineer,R&D,R&D,False,Montreal,roster,1.0,17,7764.935094120107,621.1948075296086,922.4742891814687,465.8961056472064,0.0,0.0,9774.500296478393
2025-08,emp-0006,Software Engineer,R&D,R&D,False,Montreal,roster,1.0,18,7764.935094120107,621.1948075296086,922.4742891814687,465.8961056472064,0.0,0.0,9774.500296478393
2025-09,emp-0006,Software Engineer,R&D,R&D,False,Montreal,roster,1.0,19,7764.935094120107,621.1948075296086,922.4742891814687,465.8961056472064,0.0,0.0,9774.500296478393
2025-10,emp-0006,Software Engineer,R&D,R&D,False,Montreal,roster,1.0,20,7764.935094120107,621.1948075296086,922.4742891814687,465.8961056472064,0.0,0.0,9774.500296478393
2025-11,emp-0006,Software Engineer,R&D,R&D,False,Montreal,roster,1.0,21,7764.935094120107,621.1948075296086,922.4742891814687,465.8961056472064,0.0,0.0,9774.500296478393
2025-12,emp-0006,Software Engineer,R&D,R&D,False,Montreal,roster,1.0,22,7764.935094120107,621.1948075296086,922.4742891814687,465.8961056472064,0.0,0.0,9774.500296478393
2026-01,emp-0006,Software Engineer,R&D,R&D,False,Montreal,roster,1.0,23,8036.707822414311,642.9366257931449,954.76088930282,482.2024693448586,0.0,0.0,10116.607806855132
2026-02,emp-0006,Software Engineer,R&D,R&D,False,Montreal,roster,1.0,24,8036.707822414311,642.9366257931449,954.76088930282,482.2024693448586,0.0,0.0,10116.607806855132
2026-03,emp-0006,Software Engineer,R&D,R&D,False,Montreal,roster,1.0,25,8036.707822414311,642.9366257931449,954.76088930282,482.2024693448586,0.0,0.0,10116.607806855132
2026-04,emp-0006,Software Engineer,R&D,R&D,False,Montreal,roster,1.0,26,8036.707822414311,642.9366257931449,954.76088930282,482.2024693448586,0.0,0.0,10116.607806855132
2026-05,emp-0006,Software Engineer,R&D,R&D,False,Montreal,roster,1.0,27,8036.707822414311,642.9366257931449,954.76088930282,482.2024693448586,0.0,0.0,10116.607806855132
2026-06,emp-0006,Software Engineer,R&D,R&D,False,Montreal,roster,1.0,28,8036.707822414311,642.9366257931449,954.76088930282,482.2024693448586,0.0,0.0,10116.607806855132
2026-07,emp-0006,Software Engineer,R&D,R&D,False,Montreal,roster,1.0,29,8036.707822414311,642.9366257931449,954.76088930282,482.2024693448586,0.0,0.0,10116.607806855132
2026-08,emp-0006,Software Engineer,R&D,R&D,False,Montreal,roster,1.0,30,8036.707822414311,642.9366257931449,954.76088930282,482.2024693448586,0.0,0.0,10116.607806855132
2024-09,emp-0007,Software Engineer,R&D,R&D,False,Montreal,roster,1.0,59,10059.548433949878,804.7638747159903,1195.0743539532457,603.5729060369927,0.0,0.0,12662.959568656106
2024-10,emp-0007,Software Engineer,R&D,R&D,False,Montreal,roster,1.0,60,10059.548433949878,804.7638747159903,1195.0743539532457,603.5729060369927,0.0,0.0,12662.959568656106
2024-11,emp-0007,Software Engineer,R&D,R&D,False,Montreal,roster,1.0,61,10059.548433949878,804.7638747159903,1195.0743539532457,603.5729060369927,0.0,0.0,12662.959568656106
2024-12,emp-0007,Software Engineer,R&D,R&D,False,Montreal,roster,1.0,62,10059.548433949878,804.7638747159903,1195.0743539532457,603.5729060369927,0.0,0.0,12662.959568656106
2025-01,emp-0007,Software Engineer,R&D,R&D,False,Montreal,roster,1.0,63,10411.632629138123,832.9306103310498,1236.901956341609,624.6979577482873,0.0,0.0,13106.16315355907
2025-02,emp-0007,Software Engineer,R&D,R&D,False,Montreal,roster,1.0,64,10411.632629138123,832.9306103310498,1236.901956341609,624.6979577482873,0.0,0.0,13106.16315355907
2025-03,emp-0007,Software Engineer,R&D,R&D,False,Montreal,roster,1.0,65,10411.632629138123,832.9306103310498,1236.901956341609,624.6979577482873,0.0,0.0,13106.16315355907
2025-04,emp-0007,Software Engineer,R&D,R&D,False,Montreal,roster,1.0,66,10411.632629138123,832.9306103310498,1236.901956341609,624.6979577482873,0.0,0.0,13106.16315355907
2025-05,emp-0007,Software Engineer,R&D,R&D,False,Montreal,roster,1.0,67,10411.632629138123,832.9306103310498,1236.901956341609,624.6979577482873,0.0,0.0,13106.16315355907
2025-06,emp-0007,Software Engineer,R&D,R&D,False,Montreal,roster,1.0,68,10411.632629138123,832.9306103310498,1236.901956341609,624.6979577482873,0.0,0.0,13106.16315355907
2025-07,emp-0007,Software Engineer,R&D,R&D,False,Montreal,roster,1.0,69,10411.632629138123,832.9306103310498,1236.901956341609,624.6979577482873,0.0,0.0,13106.16315355907
2025-08,emp-0007,Software Engineer,R&D,R&D,False,Montreal,roster,1.0,70,10411.632629138123,832.9306103310498,1236.901956341609,624.6979577482873,0.0,0.0,13106.16315355907
2025-09,emp-0007,Software Engineer,R&D,R&D,False,Montreal,roster,1.0,71,10411.632629138123,832.9306103310498,1236.901956341609,624.6979577482873,0.0,0.0,13106.16315355907
2025-10,emp-0007,Software Engineer,R&D,R&D,False,Montreal,roster,1.0,72,10411.632629138123,832.9306103310498,1236.901956341609,624.6979577482873,0.0,0.0,13106.16315355907
2025-11,emp-0007,Software Engineer,R&D,R&D,False,Montreal,roster,1.0,73,10411.632629138123,832.9306103310498,1236.901956341609,624.6979577482873,0.0,0.0,13106.16315355907
2025-12,emp-0007,Software Engineer,R&D,R&D,False,Montreal,roster,1.0,74,10411.632629138123,832.9306103310498,1236.901956341609,624.6979577482873,0.0,0.0,13106.16315355907
2026-01,emp-0007,Software Engineer,R&D,R&D,False,Montreal,roster,1.0,75,10776.039771157955,862.0831816926365,1280.193524813565,646.5623862694773,0.0,0.0,13564.878863933634
2026-02,emp-0007,Software Engineer,R&D,R&D,False,Montreal,roster,1.0,76,10776.039771157955,862.0831816926365,1280.193524813565,646.5623862694773,0.0,0.0,13564.878863933634
2026-03,emp-0007,Software Engineer,R&D,R&D,False,Montreal,roster,1.0,77,10776.039771157955,862.0831816926365,1280.193524813565,646.5623862694773,0.0,0.0,13564.878863933634
2026-04,emp-0007,Software Engineer,R&D,R&D,False,Montreal,roster,1.0,78,10776.039771157955,862.0831816926365,1280.193524813565,646.5623862694773,0.0,0.0,13564.878863933634
2026-05,emp-0007,Software Engineer,R&D,R&D,False,Montreal,roster,1.0,79,10776.039771157955,862.0831816926365,1280.193524813565,646.5623862694773,0.0,0.0,13564.878863933634
2026-06,emp-0007,Software Engineer,R&D,R&D,False,Montreal,roster,1.0,80,10776.039771157955,862.0831816926365,1280.193524813565,646.5623862694773,0.0,0.0,13564.878863933634
2026-07,emp-0007,Software Engineer,R&D,R&D,False,Montreal,roster,1.0,81,10776.039771157955,862.0831816926365,1280.193524813565,646.5623862694773,0.0,0.0,13564.878863933634
2026-08,emp-0007,Software Engineer,R&D,R&D,False,Montreal,roster,1.0,82,10776.039771157955,862.0831816926365,1280.193524813565,646.5623862694773,0.0,0.0,13564.878863933634
2024-09,emp-0008,Software Engineer,R&D,R&D,False,Montreal,roster,1.0,45,8400.029726324834,672.0023781059867,997.9235314873903,504.00178357949,0.0,0.0,10573.9574194977
2024-10,emp-0008,Software Engineer,R&D,R&D,False,Montreal,roster,1.0,46,8400.029726324834,672.0023781059867,997.9235314873903,504.00178357949,0.0,0.0,10573.9574194977
2024-11,emp-0008,Software Engineer,R&D,R&D,False,Montreal,roster,1.0,47,8400.029726324834,672.0023781059867,997.9235314873903,504.00178357949,0.0,0.0,10573.9574194977
2024-12,emp-0008,Software Engineer,R&D,R&D,False,Montreal,roster,1.0,48,8400.029726324834,672.0023781059867,997.9235314873903,504.00178357949,0.0,0.0,10573.9574194977
2025-01,emp-0008,Software Engineer,R&D,R&D,False,Montreal,roster,1.0,49,8694.0307667462,695.5224613396961,1032.8508550894487,521.641846004772,0.0,0.0,10944.045929180118
2025-02,emp-0008,Software Engineer,R&D,R&D,False,Montreal,roster,1.0,50,8694.0307667462,695.5224613396961,1032.8508550894487,521.641846004772,0.0,0.0,10944.045929180118
2025-03,emp-0008,Software Engineer,R&D,R&D,False,Montreal,roster,1.0,51,8694.0307667462,695.5224613396961,1032.8508550894487,521.641846004772,0.0,0.0,10944.045929180118
2025-04,emp-0008,Software Engineer,R&D,R&D,False,Montreal,roster,1.0,52,8694.0307667462,695.5224613396961,1032.8508550894487,521.641846004772,0.0,0.0,10944.045929180118
2025-05,emp-0008,Software Engineer,R&D,R&D,False,Montreal,roster,1.0,53,8694.0307667462,695.5224613396961,1032.8508550894487,521.641846004772,0.0,0.0,10944.045929180118
2025-06,emp-0008,Software Engineer,R&D,R&D,False,Montreal,roster,1.0,54,8694.0307667462,695.5224613396961,1032.8508550894487,521.641846004772,0.0,0.0,10944.045929180118
2025-07,emp-0008,Software Engineer,R&D,R&D,False,Montreal,roster,1.0,55,8694.0307667462,695.5224613396961,1032.8508550894487,521.641846004772,0.0,0.0,10944.045929180118
2025-08,emp-0008,Software Engineer,R&D,R&D,False,Montreal,roster,1.0,56,8694.0307667462,695.5224613396961,1032.8508550894487,521.641846004772,0.0,0.0,10944.045929180118
2025-09,emp-0008,Software Engineer,R&D,R&D,False,Montreal,roster,1.0,57,8694.0307667462,695.5224613396961,1032.8508550894487,521.641846004772,0.0,0.0,10944.045929180118
2025-10,emp-0008,Software Engineer,R&D,R&D,False,Montreal,roster,1.0,58,8694.0307667462,695.5224613396961,1032.8508550894487,521.641846004772,0.0,0.0,10944.045929180118
2025-11,emp-0008,Software Engineer,R&D,R&D,False,Montreal,roster,1.0,59,8694.0307667462,695.5224613396961,1032.8508550894487,521.641846004772,0.0,0.0,10944.045929180118
2025-12,emp-0008,Software Engineer,R&D,R&D,False,Montreal,roster,1.0,60,8694.0307667462,695.5224613396961,1032.8508550894487,521.641846004772,0.0,0.0,10944.045929180118
2026-01,emp-0008,Software Engineer,R&D,R&D,False,Montreal,roster,1.0,61,8998.321843582316,719.8657474865853,1069.0006350175793,539.8993106149389,0.0,0.0,11327.08753670142
2026-02,emp-0008,Software Engineer,R&D,R&D,False,Montreal,roster,1.0,62,8998.321843582316,719.8657474865853,1069.0006350175793,539.8993106149389,0.0,0.0,11327.08753670142
2026-03,emp-0008,Software Engineer,R&D,R&D,False,Montreal,roster,1.0,63,8998.321843582316,719.8657474865853,1069.0006350175793,539.8993106149389,0.0,0.0,11327.08753670142
2026-04,emp-0008,Software Engineer,R&D,R&D,False,Montreal,roster,1.0,64,8998.321843582316,719.8657474865853,1069.0006350175793,539.8993106149389,0.0,0.0,11327.08753670142
2026-05,emp-0008,Software Engineer,R&D,R&D,False,Montreal,roster,1.0,65,8998.321843582316,719.8657474865853,1069.0006350175793,539.8993106149389,0.0,0.0,11327.08753670142
2024-09,emp-0009,Software Engineer,R&D,R&D,False,Montreal,roster,1.0,38,8966.511783877038,717.3209427101631,1065.221599924592,537.9907070326223,0.0,0.0,11287.045033544417
2024-10,emp-0009,Software Engineer,R&D,R&D,False,Montreal,roster,1.0,39,8966.511783877038,717.3209427101631,1065.221599924592,537.9907070326223,0.0,0.0,11287.045033544417
2024-11,emp-0009,Software Engineer,R&D,R&D,False,Montreal,roster,1.0,40,8966.511783877038,717.3209427101631,1065.221599924592,537.9907070326223,0.0,0.0,11287.045033544417
2024-12,emp-0009,Software Engineer,R&D,R&D,False,Montreal,roster,1.0,41,8966.511783877038,717.3209427101631,1065.221599924592,537.9907070326223,0.0,0.0,11287.045033544417
2025-01,emp-0009,Software Engineer,R&D,R&D,False,Montreal,roster,1.0,42,9280.339696312734,742.4271757050187,1102.504355921953,556.820381778764,0.0,0.0,11682.091609718469
2025-02,emp-0009,Software Engineer,R&D,R&D,False,Montreal,roster,1.0,43,9280.339696312734,742.4271757050187,1102.504355921953,556.820381778764,0.0,0.0,11682.091609718469
2025-03,emp-0009,Software Engineer,R&D,R&D,False,Montreal,roster,1.0,44,9280.339696312734,742.4271757050187,1102.504355921953,556.820381778764,0.0,0.0,11682.091609718469
2025-04,emp-0009,Software Engineer,R&D,R&D,False,Montreal,roster,1.0,45,9280.339696312734,742.4271757050187,1102.504355921953,556.820381778764,0.0,0.0,11682.091609718469
2025-05,emp-0009,Software Engineer,R&D,R&D,False,Montreal,roster,1.0,46,9280.339696312734,742.4271757050187,1102.504355921953,556.820381778764,0.0,0.0,11682.091609718469
2025-06,emp-0009,Software Engineer,R&D,R&D,False,Montreal,roster,1.0,47,9280.339696312734,742.4271757050187,1102.504355921953,556.820381778764,0.0,0.0,11682.091609718469
2025-07,emp-0009,Software Engineer,R&D,R&D,False,Montreal,roster,1.0,48,9280.339696312734,742.4271757050187,1102.504355921953,556.820381778764,0.0,0.0,11682.091609718469
2025-08,emp-0009,Software Engineer,R&D,R&D,False,Montreal,roster,1.0,49,9280.339696312734,742.4271757050187,1102.504355921953,556.820381778764,0.0,0.0,11682.091609718469
2025-09,emp-0009,Software Engineer,R&D,R&D,False,Montreal,roster,1.0,50,9280.339696312734,742.4271757050187,1102.504355921953,556.820381778764,0.0,0.0,11682.091609718469
2025-10,emp-0009,Software Engineer,R&D,R&D,False,Montreal,roster,1.0,51,9280.339696312734,742.4271757050187,1102.504355921953,556.820381778764,0.0,0.0,11682.091609718469
2025-11,emp-0009,Software Engineer,R&D,R&D,False,Montreal,roster,1.0,52,9280.339696312734,742.4271757050187,1102.504355921953,556.820381778764,0.0,0.0,11682.091609718469
2025-12,emp-0009,Software Engineer,R&D,R&D,False,Montreal,roster,1.0,53,9280.339696312734,742.4271757050187,1102.504355921953,556.820381778764,0.0,0.0,11682.091609718469
2026-01,emp-0009,Software Engineer,R&D,R&D,False,Montreal,roster,1.0,54,9605.151585683678,768.4121268546942,1141.092008379221,576.3090951410206,0.0,0.0,12090.964816058615
2026-02,emp-0009,Software Engineer,R&D,R&D,False,Montreal,roster,1.0,55,9605.151585683678,768.4121268546942,1141.092008379221,576.3090951410206,0.0,0.0,12090.964816058615
2026-03,emp-0009,Software Engineer,R&D,R&D,False,Montreal,roster,1.0,56,9605.151585683678,768.4121268546942,1141.092008379221,576.3090951410206,0.0,0.0,12090.964816058615
2026-04,emp-0009,Software Engineer,R&D,R&D,False,Montreal,roster,1.0,57,9605.151585683678,768.4121268546942,1141.092008379221,576.3090951410206,0.0,0.0,12090.964816058615
2026-05,emp-0009,Software Engineer,R&D,R&D,False,Montreal,roster,1.0,58,9605.151585683678,768.4121268546942,1141.092008379221,576.3090951410206,0.0,0.0,12090.964816058615
2026-06,emp-0009,Software Engineer,R&D,R&D,False,Montreal,roster,1.0,59,9605.151585683678,768.4121268546942,1141.092008379221,576.3090951410206,0.0,0.0,12090.964816058615
2026-07,emp-0009,Software Engineer,R&D,R&D,False,Montreal,roster,1.0,60,9605.151585683678,768.4121268546942,1141.092008379221,576.3090951410206,0.0,0.0,12090.964816058615
2026-08,emp-0009,Software Engineer,R&D,R&D,False,Montreal,roster,1.0,61,9605.151585683678,768.4121268546942,1141.092008379221,576.3090951410206,0.0,0.0,12090.964816058615
2024-09,emp-0010,Software Engineer,R&D,R&D,False,Montreal,roster,1.0,51,9490.456014967878,759.2364811974303,1127.466174578184,569.4273608980727,0.0,0.0,11946.586031641567
2024-10,emp-0010,Software Engineer,R&D,R&D,False,Montreal,roster,1.0,52,9490.456014967878,759.2364811974303,1127.466174578184,569.4273608980727,0.0,0.0,11946.586031641567
2024-11,emp-0010,Software Engineer,R&D,R&D,False,Montreal,roster,1.0,53,9490.456014967878,759.2364811974303,1127.466174578184,569.4273608980727,0.0,0.0,11946.586031641567
2024-12,emp-0010,Software Engineer,R&D,R&D,False,Montreal,roster,1.0,54,9490.456014967878,759.2364811974303,1127.466174578184,569.4273608980727,0.0,0.0,11946.586031641567
2025-01,emp-0010,Software Engineer,R&D,R&D,False,Montreal,roster,1.0,55,9822.621975491753,785.8097580393403,1166.9274906884202,589.3573185295052,0.0,0.0,12364.716542749018
2025-02,emp-0010,Software Engineer,R&D,R&D,False,Montreal,roster,1.0,56,9822.621975491753,785.8097580393403,1166.9274906884202,589.3573185295052,0.0,0.0,12364.716542749018
2025-03,emp-0010,Software Engineer,R&D,R&D,False,Montreal,roster,1.0,57,9822.621975491753,785.8097580393403,1166.9274906884202,589.3573185295052,0.0,0.0,12364.716542749018
2025-04,emp-0010,Software Engineer,R&D,R&D,False,Montreal,roster,1.0,58,9822.621975491753,785.8097580393403,1166.9274906884202,589.3573185295052,0.0,0.0,12364.716542749018
2025-05,emp-0010,Software Engineer,R&D,R&D,False,Montreal,roster,1.0,59,9822.621975491753,785.8097580393403,1166.9274906884202,589.3573185295052,0.0,0.0,12364.716542749018
2025-06,emp-0010,Software Engineer,R&D,R&D,False,Montreal,roster,1.0,60,9822.621975491753,785.8097580393403,1166.9274906884202,589.3573185295052,0.0,0.0,12364.716542749018
2025-07,emp-0010,Software Engineer,R&D,R&D,False,Montreal,roster,1.0,61,9822.621975491753,785.8097580393403,1166.9274906884202,589.3573185295052,0.0,0.0,12364.716542749018
2025-08,emp-0010,Software Engineer,R&D,R&D,False,Montreal,roster,1.0,62,9822.621975491753,785.8097580393403,1166.9274906884202,589.3573185295052,0.0,0.0,12364.716542749018
2025-09,emp-0010,Software Engineer,R&D,R&D,False,Montreal,roster,1.0,63,9822.621975491753,785.8097580393403,1166.9274906884202,589.3573185295052,0.0,0.0,12364.716542749018
2025-10,emp-0010,Software Engineer,R&D,R&D,False,Montreal,roster,1.0,64,9822.621975491753,785.8097580393403,1166.9274906884202,589.3573185295052,0.0,0.0,12364.716542749018
2025-11,emp-0010,Software Engineer,R&D,R&D,False,Montreal,roster,1.0,65,9822.621975491753,785.8097580393403,1166.9274906884202,589.3573185295052,0.0,0.0,12364.716542749018
2025-12,emp-0010,Software Engineer,R&D,R&D,False,Montreal,roster,1.0,66,9822.621975491753,785.8097580393403,1166.9274906884202,589.3573185295052,0.0,0.0,12364.716542749018
2026-01,emp-0010,Software Engineer,R&D,R&D,False,Montreal,roster,1.0,67,10166.413744633963,813.313099570717,1207.7699528625149,609.9848246780377,0.0,0.0,12797.481621745233
2026-02,emp-0010,Software Engineer,R&D,R&D,False,Montreal,roster,1.0,68,10166.413744633963,813.313099570717,1207.7699528625149,609.9848246780377,0.0,0.0,12797.481621745233
2026-03,emp-0010,Software Engineer,R&D,R&D,False,Montreal,roster,1.0,69,10166.413744633963,813.313099570717,1207.7699528625149,609.9848246780377,0.0,0.0,12797.481621745233
2026-04,emp-0010,Software Engineer,R&D,R&D,False,Montreal,roster,1.0,70,10166.413744633963,813.313099570717,1207.7699528625149,609.9848246780377,0.0,0.0,12797.481621745233
2026-05,emp-0010,Software Engineer,R&D,R&D,False,Montreal,roster,1.0,71,10166.413744633963,813.313099570717,1207.7699528625149,609.9848246780377,0.0,0.0,12797.481621745233
2026-06,emp-0010,Software Engineer,R&D,R&D,False,Montreal,roster,1.0,72,10166.413744633963,813.313099570717,1207.7699528625149,609.9848246780377,0.0,0.0,12797.481621745233
2026-07,emp-0010,Software Engineer,R&D,R&D,False,Montreal,roster,1.0,73,10166.413744633963,813.313099570717,1207.7699528625149,609.9848246780377,0.0,0.0,12797.481621745233
2026-08,emp-0010,Software Engineer,R&D,R&D,False,Montreal,roster,1.0,74,10166.413744633963,813.313099570717,1207.7699528625149,609.9848246780377,0.0,0.0,12797.481621745233
2024-09,emp-0011,Software Engineer,R&D,R&D,False,Montreal,roster,1.0,5,7345.459172082489,587.6367337665991,872.6405496433997,440.72755032494933,0.0,0.0,9246.464005817437
2024-10,emp-0011,Software Engineer,R&D,R&D,False,Montreal,roster,1.0,6,7345.459172082489,587.6367337665991,872.6405496433997,440.72755032494933,0.0,0.0,9246.464005817437
2024-11,emp-0011,Software Engineer,R&D,R&D,False,Montreal,roster,1.0,7,7345.459172082489,587.6367337665991,872.6405496433997,440.72755032494933,0.0,0.0,9246.464005817437
2024-12,emp-0011,Software Engineer,R&D,R&D,False,Montreal,roster,1.0,8,7345.459172082489,587.6367337665991,872.6405496433997,440.72755032494933,0.0,0.0,9246.464005817437
2025-01,emp-0011,Software Engineer,R&D,R&D,False,Montreal,roster,1.0,9,7602.550243105376,608.20401944843,903.1829688809187,456.1530145863225,0.0,0.0,9570.090246021047
2025-02,emp-0011,Software Engineer,R&D,R&D,False,Montreal,roster,1.0,10,7602.550243105376,608.20401944843,903.1829688809187,456.1530145863225,0.0,0.0,9570.090246021047
2025-03,emp-0011,Software Engineer,R&D,R&D,False,Montreal,roster,1.0,11,7602.550243105376,608.20401944843,903.1829688809187,456.1530145863225,0.0,0.0,9570.090246021047
2025-04,emp-0011,Software Engineer,R&D,R&D,False,Montreal,roster,1.0,12,7602.550243105376,608.20401944843,903.1829688809187,456.1530145863225,0.0,0.0,9570.090246021047
2025-05,emp-0011,Software Engineer,R&D,R&D,False,Montreal,roster,1.0,13,7602.550243105376,608.20401944843,903.1829688809187,456.1530145863225,0.0,0.0,9570.090246021047
2025-06,emp-0011,Software Engineer,R&D,R&D,False,Montreal,roster,1.0,14,7602.550243105376,608.20401944843,903.1829688809187,456.1530145863225,0.0,0.0,9570.090246021047
2025-07,emp-0011,Software Engineer,R&D,R&D,False,Montreal,roster,1.0,15,7602.550243105376,608.20401944843,903.1829688809187,456.1530145863225,0.0,0.0,9570.090246021047
2025-08,emp-0011,Software Engineer,R&D,R&D,False,Montreal,roster,1.0,16,7602.550243105376,608.20401944843,903.1829688809187,456.1530145863225,0.0,0.0,9570.090246021047
2025-09,emp-0011,Software Engineer,R&D,R&D,False,Montreal,roster,1.0,17,7602.550243105376,608.20401944843,903.1829688809187,456.1530145863225,0.0,0.0,9570.090246021047
2025-10,emp-0011,Software Engineer,R&D,R&D,False,Montreal,roster,1.0,18,7602.550243105376,608.20401944843,903.1829688809187,456.1530145863225,0.0,0.0,9570.090246021047
2025-11,emp-0011,Software Engineer,R&D,R&D,False,Montreal,roster,1.0,19,7602.550243105376,608.20401944843,903.1829688809187,456.1530145863225,0.0,0.0,9570.090246021047
2025-12,emp-0011,Software Engineer,R&D,R&D,False,Montreal,roster,1.0,20,7602.550243105376,608.20401944843,903.1829688809187,456.1530145863225,0.0,0.0,9570.090246021047
2026-01,emp-0011,Software Engineer,R&D,R&D,False,Montreal,roster,1.0,21,7868.639501614063,629.4911601291251,934.7943727917506,472.11837009684376,0.0,0.0,9905.04340463178
2026-02,emp-0011,Software Engineer,R&D,R&D,False,Montreal,roster,1.0,22,7868.639501614063,629.4911601291251,934.7943727917506,472.11837009684376,0.0,0.0,9905.04340463178
2026-03,emp-0011,Software Engineer,R&D,R&D,False,Montreal,roster,1.0,23,7868.639501614063,629.4911601291251,934.7943727917506,472.11837009684376,0.0,0.0,9905.04340463178
2026-04,emp-0011,Software Engineer,R&D,R&D,False,Montreal,roster,1.0,24,7868.639501614063,629.4911601291251,934.7943727917506,472.11837009684376,0.0,0.0,9905.04340463178
2026-05,emp-0011,Software Engineer,R&D,R&D,False,Montreal,roster,1.0,25,7868.639501614063,629.4911601291251,934.7943727917506,472.11837009684376,0.0,0.0,9905.04340463178
2026-06,emp-0011,Software Engineer,R&D,R&D,False,Montreal,roster,1.0,26,7868.639501614063,629.4911601291251,934.7943727917506,472.11837009684376,0.0,0.0,9905.04340463178
2026-07,emp-0011,Software Engineer,R&D,R&D,False,Montreal,roster,1.0,27,7868.639501614063,629.4911601291251,934.7943727917506,472.11837009684376,0.0,0.0,9905.04340463178
2026-08,emp-0011,Software Engineer,R&D,R&D,False,Montreal,roster,1.0,28,7868.639501614063,629.4911601291251,934.7943727917506,472.11837009684376,0.0,0.0,9905.04340463178
2024-09,emp-0012,Software Engineer,R&D,R&D,False,Montreal,roster,1.0,3,7513.077706042274,601.046216483382,892.5536314778221,450.78466236253644,0.0,0.0,9457.462216366013
2024-10,emp-0012,Software Engineer,R&D,R&D,False,Montreal,roster,1.0,4,7513.077706042274,601.046216483382,892.5536314778221,450.78466236253644,0.0,0.0,9457.462216366013
2024-11,emp-0012,Software Engineer,R&D,R&D,False,Montreal,roster,1.0,5,7513.077706042274,601.046216483382,892.5536314778221,450.78466236253644,0.0,0.0,9457.462216366013
2024-12,emp-0012,Software Engineer,R&D,R&D,False,Montreal,roster,1.0,6,7513.077706042274,601.046216483382,892.5536314778221,450.78466236253644,0.0,0.0,9457.462216366013
2025-01,emp-0012,Software Engineer,R&D,R&D,False,Montreal,roster,1.0,7,7776.035425753754,622.0828340603003,923.793008579546,466.56212554522523,0.0,0.0,9788.473393938826
2025-02,emp-0012,Software Engineer,R&D,R&D,False,Montreal,roster,1.0,8,7776.035425753754,622.0828340603003,923.793008579546,466.56212554522523,0.0,0.0,9788.473393938826
2025-03,emp-0012,Software Engineer,R&D,R&D,False,Montreal,roster,1.0,9,7776.035425753754,622.0828340603003,923.793008579546,466.56212554522523,0.0,0.0,9788.473393938826
2025-04,emp-0012,Software Engineer,R&D,R&D,False,Montreal,roster,1.0,10,7776.035425753754,622.0828340603003,923.793008579546,466.56212554522523,0.0,0.0,9788.473393938826
2025-05,emp-0012,Software Engineer,R&D,R&D,False,Montreal,roster,1.0,11,7776.035425753754,622.0828340603003,923.793008579546,466.56212554522523,0.0,0.0,9788.473393938826
2025-06,emp-0012,Software Engineer,R&D,R&D,False,Montreal,roster,1.0,12,7776.035425753754,622.0828340603003,923.793008579546,466.56212554522523,0.0,0.0,9788.473393938826
2025-07,emp-0012,Software Engineer,R&D,R&D,False,Montreal,roster,1.0,13,7776.035425753754,622.0828340603003,923.793008579546,466.56212554522523,0.0,0.0,9788.473393938826
2025-08,emp-0012,Software Engineer,R&D,R&D,False,Montreal,roster,1.0,14,7776.035425753754,622.0828340603003,923.793008579546,466.56212554522523,0.0,0.0,9788.473393938826
2025-09,emp-0012,Software Engineer,R&D,R&D,False,Montreal,roster,1.0,15,7776.035425753754,622.0828340603003,923.793008579546,466.56212554522523,0.0,0.0,9788.473393938826
2025-10,emp-0012,Software Engineer,R&D,R&D,False,Montreal,roster,1.0,16,7776.035425753754,622.0828340603003,923.793008579546,466.56212554522523,0.0,0.0,9788.473393938826
2025-11,emp-0012,Software Engineer,R&D,R&D,False,Montreal,roster,1.0,17,7776.035425753754,622.0828340603003,923.793008579546,466.56212554522523,0.0,0.0,9788.473393938826
2025-12,emp-0012,Software Engineer,R&D,R&D,False,Montreal,roster,1.0,18,7776.035425753754,622.0828340603003,923.793008579546,466.56212554522523,0.0,0.0,9788.473393938826
2026-01,emp-0012,Software Engineer,R&D,R&D,False,Montreal,roster,1.0,19,8048.196665655135,643.8557332524108,956.1257638798301,482.8917999393081,0.0,0.0,10131.069962726686
2026-02,emp-0012,Software Engineer,R&D,R&D,False,Montreal,roster,1.0,20,8048.196665655135,643.8557332524108,956.1257638798301,482.8917999393081,0.0,0.0,10131.069962726686
2026-03,emp-0012,Software Engineer,R&D,R&D,False,Montreal,roster,1.0,21,8048.196665655135,643.8557332524108,956.1257638798301,482.8917999393081,0.0,0.0,10131.069962726686
2026-04,emp-0012,Software Engineer,R&D,R&D,False,Montreal,roster,1.0,22,8048.196665655135,643.8557332524108,956.1257638798301,482.8917999393081,0.0,0.0,10131.069962726686
2026-05,emp-0012,Software Engineer,R&D,R&D,False,Montreal,roster,1.0,23,8048.196665655135,643.8557332524108,956.1257638798301,482.8917999393081,0.0,0.0,10131.069962726686
2026-06,emp-0012,Software Engineer,R&D,R&D,False,Montreal,roster,1.0,24,8048.196665655135,643.8557332524108,956.1257638798301,482.8917999393081,0.0,0.0,10131.069962726686
2026-07,emp-0012,Software Engineer,R&D,R&D,False,Montreal,roster,1.0,25,8048.196665655135,643.8557332524108,956.1257638798301,482.8917999393081,0.0,0.0,10131.069962726686
2026-08,emp-0012,Software Engineer,R&D,R&D,False,Montreal,roster,1.0,26,8048.196665655135,643.8557332524108,956.1257638798301,482.8917999393081,0.0,0.0,10131.069962726686
2024-09,emp-0013,Software Engineer,R&D,R&D,False,Montreal,roster,1.0,50,8484.533165254306,678.7626532203445,1007.9625400322117,509.07198991525837,0.0,0.0,10680.330348422121
2024-10,emp-0013,Software Engineer,R&D,R&D,False,Montreal,roster,1.0,51,8484.533165254306,678.7626532203445,1007.9625400322117,509.07198991525837,0.0,0.0,10680.330348422121
2024-11,emp-0013,Software Engineer,R&D,R&D,False,Montreal,roster,1.0,52,8484.533165254306,678.7626532203445,1007.9625400322117,509.07198991525837,0.0,0.0,10680.330348422121
2024-12,emp-0013,Software Engineer,R&D,R&D,False,Montreal,roster,1.0,53,8484.533165254306,678.7626532203445,1007.9625400322117,509.07198991525837,0.0,0.0,10680.330348422121
2025-01,emp-0013,Software Engineer,R&D,R&D,False,Montreal,roster,1.0,54,8781.491826038206,702.5193460830565,1043.2412289333388,526.8895095622923,0.0,0.0,11054.141910616892
2025-02,emp-0013,Software Engineer,R&D,R&D,False,Montreal,roster,1.0,55,8781.491826038206,702.5193460830565,1043.2412289333388,526.8895095622923,0.0,0.0,11054.141910616892
2025-03,emp-0013,Software Engineer,R&D,R&D,False,Montreal,roster,1.0,56,8781.491826038206,702.5193460830565,1043.2412289333388,526.8895095622923,0.0,0.0,11054.141910616892
2025-04,emp-0013,Software Engineer,R&D,R&D,False,Montreal,roster,1.0,57,8781.491826038206,702.5193460830565,1043.2412289333388,526.8895095622923,0.0,0.0,11054.141910616892
2025-05,emp-0013,Software Engineer,R&D,R&D,False,Montreal,roster,1.0,58,8781.491826038206,702.5193460830565,1043.2412289333388,526.8895095622923,0.0,0.0,11054.141910616892
2025-06,emp-0013,Software Engineer,R&D,R&D,False,Montreal,roster,1.0,59,8781.491826038206,702.5193460830565,1043.2412289333388,526.8895095622923,0.0,0.0,11054.141910616892
2025-07,emp-0013,Software Engineer,R&D,R&D,False,Montreal,roster,1.0,60,8781.491826038206,702.5193460830565,1043.2412289333388,526.8895095622923,0.0,0.0,11054.141910616892
2025-08,emp-0013,Software Engineer,R&D,R&D,False,Montreal,roster,1.0,61,8781.491826038206,702.5193460830565,1043.2412289333388,526.8895095622923,0.0,0.0,11054.141910616892
2025-09,emp-0013,Software Engineer,R&D,R&D,False,Montreal,roster,1.0,62,8781.491826038206,702.5193460830565,1043.2412289333388,526.8895095622923,0.0,0.0,11054.141910616892
2025-10,emp-0013,Software Engineer,R&D,R&D,False,Montreal,roster,1.0,63,8781.491826038206,702.5193460830565,1043.2412289333388,526.8895095622923,0.0,0.0,11054.141910616892
2025-11,emp-0013,Software Engineer,R&D,R&D,False,Montreal,roster,1.0,64,8781.491826038206,702.5193460830565,1043.2412289333388,526.8895095622923,0.0,0.0,11054.141910616892
2025-12,emp-0013,Software Engineer,R&D,R&D,False,Montreal,roster,1.0,65,8781.491826038206,702.5193460830565,1043.2412289333388,526.8895095622923,0.0,0.0,11054.141910616892
2026-01,emp-0013,Software Engineer,R&D,R&D,False,Montreal,roster,1.0,66,9088.844039949543,727.1075231959635,1079.7546719460058,545.3306423969725,0.0,0.0,11441.036877488485
2026-02,emp-0013,Software Engineer,R&D,R&D,False,Montreal,roster,1.0,67,9088.844039949543,727.1075231959635,1079.7546719460058,545.3306423969725,0.0,0.0,11441.036877488485
2026-03,emp-0013,Software Engineer,R&D,R&D,False,Montreal,roster,1.0,68,9088.844039949543,727.1075231959635,1079.7546719460058,545.3306423969725,0.0,0.0,11441.036877488485
2026-04,emp-0013,Software Engineer,R&D,R&D,False,Montreal,roster,1.0,69,9088.844039949543,727.1075231959635,1079.7546719460058,545.3306423969725,0.0,0.0,11441.036877488485
2026-05,emp-0013,Software Engineer,R&D,R&D,False,Montreal,roster,1.0,70,9088.844039949543,727.1075231959635,1079.7546719460058,545.3306423969725,0.0,0.0,11441.036877488485
2026-06,emp-0013,Software Engineer,R&D,R&D,False,Montreal,roster,1.0,71,9088.844039949543,727.1075231959635,1079.7546719460058,545.3306423969725,0.0,0.0,11441.036877488485
2026-07,emp-0013,Software Engineer,R&D,R&D,False,Montreal,roster,1.0,72,9088.844039949543,727.1075231959635,1079.7546719460058,545.3306423969725,0.0,0.0,11441.036877488485
2026-08,emp-0013,Software Engineer,R&D,R&D,False,Montreal,roster,1.0,73,9088.844039949543,727.1075231959635,1079.7546719460058,545.3306423969725,0.0,0.0,11441.036877488485
2024-09,emp-0014,Software Engineer,R&D,R&D,False,Montreal,roster,1.0,33,9423.860588586957,753.9088470869565,1119.5546379241302,565.4316353152174,0.0,0.0,11862.755708913259
2024-10,emp-0014,Software Engineer,R&D,R&D,False,Montreal,roster,1.0,34,9423.860588586957,753.9088470869565,1119.5546379241302,565.4316353152174,0.0,0.0,11862.755708913259
2024-11,emp-0014,Software Engineer,R&D,R&D,False,Montreal,roster,1.0,35,9423.860588586957,753.9088470869565,1119.5546379241302,565.4316353152174,0.0,0.0,11862.755708913259
2024-12,emp-0014,Software Engineer,R&D,R&D,False,Montreal,roster,1.0,36,9423.860588586957,753.9088470869565,1119.5546379241302,565.4316353152174,0.0,0.0,11862.755708913259
2025-01,emp-0014,Software Engineer,R&D,R&D,False,Montreal,roster,1.0,37,9753.6957091875,780.295656735,1158.7390502514747,585.2217425512499,0.0,0.0,12277.952158725224
2025-02,emp-0014,Software Engineer,R&D,R&D,False,Montreal,roster,1.0,38,9753.6957091875,780.295656735,1158.7390502514747,585.2217425512499,0.0,0.0,12277.952158725224
2025-03,emp-0014,Software Engineer,R&D,R&D,False,Montreal,roster,1.0,39,9753.6957091875,780.295656735,1158.7390502514747,585.2217425512499,0.0,0.0,12277.952158725224
2025-04,emp-0014,Software Engineer,R&D,R&D,False,Montreal,roster,1.0,40,9753.6957091875,780.295656735,1158.7390502514747,585.2217425512499,0.0,0.0,12277.952158725224
2025-05,emp-0014,Software Engineer,R&D,R&D,False,Montreal,roster,1.0,41,9753.6957091875,780.295656735,1158.7390502514747,585.2217425512499,0.0,0.0,12277.952158725224
2025-06,emp-0014,Software Engineer,R&D,R&D,False,Montreal,roster,1.0,42,9753.6957091875,780.295656735,1158.7390502514747,585.2217425512499,0.0,0.0,12277.952158725224
2025-07,emp-0014,Software Engineer,R&D,R&D,False,Montreal,roster,1.0,43,9753.6957091875,780.295656735,1158.7390502514747,585.2217425512499,0.0,0.0,12277.952158725224
2025-08,emp-0014,Software Engineer,R&D,R&D,False,Montreal,roster,1.0,44,9753.6957091875,780.295656735,1158.7390502514747,585.2217425512499,0.0,0.0,12277.952158725224
2025-09,emp-0014,Software Engineer,R&D,R&D,False,Montreal,roster,1.0,45,9753.6957091875,780.295656735,1158.7390502514747,585.2217425512499,0.0,0.0,12277.952158725224
2025-10,emp-0014,Software Engineer,R&D,R&D,False,Montreal,roster,1.0,46,9753.6957091875,780.295656735,1158.7390502514747,585.2217425512499,0.0,0.0,12277.952158725224
2025-11,emp-0014,Software Engineer,R&D,R&D,False,Montreal,roster,1.0,47,9753.6957091875,780.295656735,1158.7390502514747,585.2217425512499,0.0,0.0,12277.952158725224
2025-12,emp-0014,Software Engineer,R&D,R&D,False,Montreal,roster,1.0,48,9753.6957091875,780.295656735,1158.7390502514747,585.2217425512499,0.0,0.0,12277.952158725224
2026-01,emp-0014,Software Engineer,R&D,R&D,False,Montreal,roster,1.0,49,10095.07505900906,807.6060047207247,1199.2949170102763,605.7045035405436,0.0,0.0,12707.680484280605
2026-02,emp-0014,Software Engineer,R&D,R&D,False,Montreal,roster,1.0,50,10095.07505900906,807.6060047207247,1199.2949170102763,605.7045035405436,0.0,0.0,12707.680484280605
2026-03,emp-0014,Software Engineer,R&D,R&D,False,Montreal,roster,1.0,51,10095.07505900906,807.6060047207247,1199.2949170102763,605.7045035405436,0.0,0.0,12707.680484280605
2026-04,emp-0014,Software Engineer,R&D,R&D,False,Montreal,roster,1.0,52,10095.07505900906,807.6060047207247,1199.2949170102763,605.7045035405436,0.0,0.0,12707.680484280605
2026-05,emp-0014,Software Engineer,R&D,R&D,False,Montreal,roster,1.0,53,10095.07505900906,807.6060047207247,1199.2949170102763,605.7045035405436,0.0,0.0,12707.680484280605
2026-06,emp-0014,Software Engineer,R&D,R&D,False,Montreal,roster,1.0,54,10095.07505900906,807.6060047207247,1199.2949170102763,605.7045035405436,0.0,0.0,12707.680484280605
2026-07,emp-0014,Software Engineer,R&D,R&D,False,Montreal,roster,1.0,55,10095.07505900906,807.6060047207247,1199.2949170102763,605.7045035405436,0.0,0.0,12707.680484280605
2026-08,emp-0014,Software Engineer,R&D,R&D,False,Montreal,roster,1.0,56,10095.07505900906,807.6060047207247,1199.2949170102763,605.7045035405436,0.0,0.0,12707.680484280605
2024-09,emp-0015,Senior Software Engineer,R&D,R&D,False,Montreal,roster,1.0,33,11595.209338505432,927.6167470804346,1377.5108694144453,695.7125603103259,0.0,0.0,14596.049515310639
2024-10,emp-0015,Senior Software Engineer,R&D,R&D,False,Montreal,roster,1.0,34,11595.209338505432,927.6167470804346,1377.5108694144453,695.7125603103259,0.0,0.0,14596.049515310639
2024-11,emp-0015,Senior Software Engineer,R&D,R&D,False,Montreal,roster,1.0,35,11595.209338505432,927.6167470804346,1377.5108694144453,695.7125603103259,0.0,0.0,14596.049515310639
2024-12,emp-0015,Senior Software Engineer,R&D,R&D,False,Montreal,roster,1.0,36,11595.209338505432,927.6167470804346,1377.5108694144453,695.7125603103259,0.0,0.0,14596.049515310639
2025-01,emp-0015,Senior Software Engineer,R&D,R&D,False,Montreal,roster,1.0,37,12001.041665353121,960.0833332282497,1425.7237498439508,720.0624999211873,0.0,0.0,15106.911248346507
2025-02,emp-0015,Senior Software Engineer,R&D,R&D,False,Montreal,roster,1.0,38,12001.041665353121,960.0833332282497,1425.7237498439508,720.0624999211873,0.0,0.0,15106.911248346507
2025-03,emp-0015,Senior Software Engineer,R&D,R&D,False,Montreal,roster,1.0,39,12001.041665353121,960.0833332282497,1425.7237498439508,720.0624999211873,0.0,0.0,15106.911248346507
2025-04,emp-0015,Senior Software Engineer,R&D,R&D,False,Montreal,roster,1.0,40,12001.041665353121,960.0833332282497,1425.7237498439508,720.0624999211873,0.0,0.0,15106.911248346507
2025-05,emp-0015,Senior Software Engineer,R&D,R&D,False,Montreal,roster,1.0,41,12001.041665353121,960.0833332282497,1425.7237498439508,720.0624999211873,0.0,0.0,15106.911248346507
2025-06,emp-0015,Senior Software Engineer,R&D,R&D,False,Montreal,roster,1.0,42,12001.041665353121,960.0833332282497,1425.7237498439508,720.0624999211873,0.0,0.0,15106.911248346507
2025-07,emp-0015,Senior Software Engineer,R&D,R&D,False,Montreal,roster,1.0,43,12001.041665353121,960.0833332282497,1425.7237498439508,720.0624999211873,0.0,0.0,15106.911248346507
2025-08,emp-0015,Senior Software Engineer,R&D,R&D,False,Montreal,roster,1.0,44,12001.041665353121,960.0833332282497,1425.7237498439508,720.0624999211873,0.0,0.0,15106.911248346507
2025-09,emp-0015,Senior Software Engineer,R&D,R&D,False,Montreal,roster,1.0,45,12001.041665353121,960.0833332282497,1425.7237498439508,720.0624999211873,0.0,0.0,15106.911248346507
2025-10,emp-0015,Senior Software Engineer,R&D,R&D,False,Montreal,roster,1.0,46,12001.041665353121,960.0833332282497,1425.7237498439508,720.0624999211873,0.0,0.0,15106.911248346507
2025-11,emp-0015,Senior Software Engineer,R&D,R&D,False,Montreal,roster,1.0,47,12001.041665353121,960.0833332282497,1425.7237498439508,720.0624999211873,0.0,0.0,15106.911248346507
2025-12,emp-0015,Senior Software Engineer,R&D,R&D,False,Montreal,roster,1.0,48,12001.041665353121,960.0833332282497,1425.7237498439508,720.0624999211873,0.0,0.0,15106.911248346507
2026-01,emp-0015,Senior Software Engineer,R&D,R&D,False,Montreal,roster,1.0,49,12421.07812364048,993.6862498912384,1475.624081088489,745.2646874184288,0.0,0.0,15635.653142038635
2026-02,emp-0015,Senior Software Engineer,R&D,R&D,False,Montreal,roster,1.0,50,12421.07812364048,993.6862498912384,1475.624081088489,745.2646874184288,0.0,0.0,15635.653142038635
2026-03,emp-0015,Senior Software Engineer,R&D,R&D,False,Montreal,roster,1.0,51,12421.07812364048,993.6862498912384,1475.624081088489,745.2646874184288,0.0,0.0,15635.653142038635
2026-04,emp-0015,Senior Software Engineer,R&D,R&D,False,Montreal,roster,1.0,52,12421.07812364048,993.6862498912384,1475.624081088489,745.2646874184288,0.0,0.0,15635.653142038635
2026-05,emp-0015,Senior Software Engineer,R&D,R&D,False,Montreal,roster,1.0,53,12421.07812364048,993.6862498912384,1475.624081088489,745.2646874184288,0.0,0.0,15635.653142038635
2026-06,emp-0015,Senior Software Engineer,R&D,R&D,False,Montreal,roster,1.0,54,12421.07812364048,993.6862498912384,1475.624081088489,745.2646874184288,0.0,0.0,15635.653142038635
2026-07,emp-0015,Senior Software Engineer,R&D,R&D,False,Montreal,roster,1.0,55,12421.07812364048,993.6862498912384,1475.624081088489,745.2646874184288,0.0,0.0,15635.653142038635
2026-08,emp-0015,Senior Software Engineer,R&D,R&D,False,Montreal,roster,1.0,56,12421.07812364048,993.6862498912384,1475.624081088489,745.2646874184288,0.0,0.0,15635.653142038635
2024-09,emp-0016,Senior Software Engineer,R&D,R&D,False,Montreal,roster,1.0,51,11598.718947911855,927.8975158329484,1377.9278110119285,695.9231368747113,0.0,0.0,14600.467411631444
2024-10,emp-0016,Senior Software Engineer,R&D,R&D,False,Montreal,roster,1.0,52,11598.718947911855,927.8975158329484,1377.9278110119285,695.9231368747113,0.0,0.0,14600.467411631444
2024-11,emp-0016,Senior Software Engineer,R&D,R&D,False,Montreal,roster,1.0,53,11598.718947911855,927.8975158329484,1377.9278110119285,695.9231368747113,0.0,0.0,14600.467411631444
2024-12,emp-0016,Senior Software Engineer,R&D,R&D,False,Montreal,roster,1.0,54,11598.718947911855,927.8975158329484,1377.9278110119285,695.9231368747113,0.0,0.0,14600.467411631444
2025-01,emp-0016,Senior Software Engineer,R&D,R&D,False,Montreal,roster,1.0,55,12004.674111088767,960.3739288871013,1426.1552843973457,720.2804466653259,0.0,0.0,15111.48377103854
2025-02,emp-0016,Senior Software Engineer,R&D,R&D,False,Montreal,roster,1.0,56,12004.674111088767,960.3739288871013,1426.1552843973457,720.2804466653259,0.0,0.0,15111.48377103854
2025-03,emp-0016,Senior Software Engineer,R&D,R&D,False,Montreal,roster,1.0,57,12004.674111088767,960.3739288871013,1426.1552843973457,720.2804466653259,0.0,0.0,15111.48377103854
2025-04,emp-0016,Senior Software Engineer,R&D,R&D,False,Montreal,roster,1.0,58,12004.674111088767,960.3739288871013,1426.1552843973457,720.2804466653259,0.0,0.0,15111.48377103854
2025-05,emp-0016,Senior Software Engineer,R&D,R&D,False,Montreal,roster,1.0,59,12004.674111088767,960.3739288871013,1426.1552843973457,720.2804466653259,0.0,0.0,15111.48377103854
2025-06,emp-0016,Senior Software Engineer,R&D,R&D,False,Montreal,roster,1.0,60,12004.674111088767,960.3739288871013,1426.1552843973457,720.2804466653259,0.0,0.0,15111.48377103854
2025-07,emp-0016,Senior Software Engineer,R&D,R&D,False,Montreal,roster,1.0,61,12004.674111088767,960.3739288871013,1426.1552843973457,720.2804466653259,0.0,0.0,15111.48377103854
2025-08,emp-0016,Senior Software Engineer,R&D,R&D,False,Montreal,roster,1.0,62,12004.674111088767,960.3739288871013,1426.1552843973457,720.2804466653259,0.0,0.0,15111.48377103854
2025-09,emp-0016,Senior Software Engineer,R&D,R&D,False,Montreal,roster,1.0,63,12004.674111088767,960.3739288871013,1426.1552843973457,720.2804466653259,0.0,0.0,15111.48377103854
2025-10,emp-0016,Senior Software Engineer,R&D,R&D,False,Montreal,roster,1.0,64,12004.674111088767,960.3739288871013,1426.1552843973457,720.2804466653259,0.0,0.0,15111.48377103854
2024-09,emp-0017,Senior Software Engineer,R&D,R&D,False,Montreal,roster,1.0,26,10654.849247245153,852.3879397796122,1265.796090572724,639.2909548347092,0.0,0.0,13412.324232432198
2024-10,emp-0017,Senior Software Engineer,R&D,R&D,False,Montreal,roster,1.0,27,10654.849247245153,852.3879397796122,1265.796090572724,639.2909548347092,0.0,0.0,13412.324232432198
2024-11,emp-0017,Senior Software Engineer,R&D,R&D,False,Montreal,roster,1.0,28,10654.849247245153,852.3879397796122,1265.796090572724,639.2909548347092,0.0,0.0,13412.324232432198
2024-12,emp-0017,Senior Software Engineer,R&D,R&D,False,Montreal,roster,1.0,29,10654.849247245153,852.3879397796122,1265.796090572724,639.2909548347092,0.0,0.0,13412.324232432198
2025-01,emp-0017,Senior Software Engineer,R&D,R&D,False,Montreal,roster,1.0,30,11027.768970898733,882.2215176718986,1310.0989537427695,661.6661382539239,0.0,0.0,13881.755580567326
2025-02,emp-0017,Senior Software Engineer,R&D,R&D,False,Montreal,roster,1.0,31,11027.768970898733,882.2215176718986,1310.0989537427695,661.6661382539239,0.0,0.0,13881.755580567326
2025-03,emp-0017,Senior Software Engineer,R&D,R&D,False,Montreal,roster,1.0,32,11027.768970898733,882.2215176718986,1310.0989537427695,661.6661382539239,0.0,0.0,13881.755580567326
2025-04,emp-0017,Senior Software Engineer,R&D,R&D,False,Montreal,roster,1.0,33,11027.768970898733,882.2215176718986,1310.0989537427695,661.6661382539239,0.0,0.0,13881.755580567326
2025-05,emp-0017,Senior Software Engineer,R&D,R&D,False,Montreal,roster,1.0,34,11027.768970898733,882.2215176718986,1310.0989537427695,661.6661382539239,0.0,0.0,13881.755580567326
2025-06,emp-0017,Senior Software Engineer,R&D,R&D,False,Montreal,roster,1.0,35,11027.768970898733,882.2215176718986,1310.0989537427695,661.6661382539239,0.0,0.0,13881.755580567326
2025-07,emp-0017,Senior Software Engineer,R&D,R&D,False,Montreal,roster,1.0,36,11027.768970898733,882.2215176718986,1310.0989537427695,661.6661382539239,0.0,0.0,13881.755580567326
2025-08,emp-0017,Senior Software Engineer,R&D,R&D,False,Montreal,roster,1.0,37,11027.768970898733,882.2215176718986,1310.0989537427695,661.6661382539239,0.0,0.0,13881.755580567326
2025-09,emp-0017,Senior Software Engineer,R&D,R&D,False,Montreal,roster,1.0,38,11027.768970898733,882.2215176718986,1310.0989537427695,661.6661382539239,0.0,0.0,13881.755580567326
2025-10,emp-0017,Senior Software Engineer,R&D,R&D,False,Montreal,roster,1.0,39,11027.768970898733,882.2215176718986,1310.0989537427695,661.6661382539239,0.0,0.0,13881.755580567326
2025-11,emp-0017,Senior Software Engineer,R&D,R&D,False,Montreal,roster,1.0,40,11027.768970898733,882.2215176718986,1310.0989537427695,661.6661382539239,0.0,0.0,13881.755580567326
2025-12,emp-0017,Senior Software Engineer,R&D,R&D,False,Montreal,roster,1.0,41,11027.768970898733,882.2215176718986,1310.0989537427695,661.6661382539239,0.0,0.0,13881.755580567326
2026-01,emp-0017,Senior Software Engineer,R&D,R&D,False,Montreal,roster,1.0,42,11413.740884880186,913.099270790415,1355.952417123766,684.8244530928112,0.0,0.0,14367.617025887179
2026-02,emp-0017,Senior Software Engineer,R&D,R&D,False,Montreal,roster,1.0,43,11413.740884880186,913.099270790415,1355.952417123766,684.8244530928112,0.0,0.0,14367.617025887179
2026-03,emp-0017,Senior Software Engineer,R&D,R&D,False,Montreal,roster,1.0,44,11413.740884880186,913.099270790415,1355.952417123766,684.8244530928112,0.0,0.0,14367.617025887179
2026-04,emp-0017,Senior Software Engineer,R&D,R&D,False,Montreal,roster,1.0,45,11413.740884880186,913.099270790415,1355.952417123766,684.8244530928112,0.0,0.0,14367.617025887179
2026-05,emp-0017,Senior Software Engineer,R&D,R&D,False,Montreal,roster,1.0,46,11413.740884880186,913.099270790415,1355.952417123766,684.8244530928112,0.0,0.0,14367.617025887179
2026-06,emp-0017,Senior Software Engineer,R&D,R&D,False,Montreal,roster,1.0,47,11413.740884880186,913.099270790415,1355.952417123766,684.8244530928112,0.0,0.0,14367.617025887179
2026-07,emp-0017,Senior Software Engineer,R&D,R&D,False,Montreal,roster,1.0,48,11413.740884880186,913.099270790415,1355.952417123766,684.8244530928112,0.0,0.0,14367.617025887179
2026-08,emp-0017,Senior Software Engineer,R&D,R&D,False,Montreal,roster,1.0,49,11413.740884880186,913.099270790415,1355.952417123766,684.8244530928112,0.0,0.0,14367.617025887179
2024-09,emp-0018,Senior Software Engineer,R&D,R&D,False,Montreal,roster,1.0,54,11390.957714038792,911.2766171231034,1353.2457764278086,683.4574628423275,0.0,0.0,14338.93757043203
2024-10,emp-0018,Senior Software Engineer,R&D,R&D,False,Montreal,roster,1.0,55,11390.957714038792,911.2766171231034,1353.2457764278086,683.4574628423275,0.0,0.0,14338.93757043203
2024-11,emp-0018,Senior Software Engineer,R&D,R&D,False,Montreal,roster,1.0,56,11390.957714038792,911.2766171231034,1353.2457764278086,683.4574628423275,0.0,0.0,14338.93757043203
2024-12,emp-0018,Senior Software Engineer,R&D,R&D,False,Montreal,roster,1.0,57,11390.957714038792,911.2766171231034,1353.2457764278086,683.4574628423275,0.0,0.0,14338.93757043203
2025-01,emp-0018,Senior Software Engineer,R&D,R&D,False,Montreal,roster,1.0,58,11789.641234030147,943.1712987224117,1400.6093786027814,707.3784740418088,0.0,0.0,14840.800385397148
2025-02,emp-0018,Senior Software Engineer,R&D,R&D,False,Montreal,roster,1.0,59,11789.641234030147,943.1712987224117,1400.6093786027814,707.3784740418088,0.0,0.0,14840.800385397148
2025-03,emp-0018,Senior Software Engineer,R&D,R&D,False,Montreal,roster,1.0,60,11789.641234030147,943.1712987224117,1400.6093786027814,707.3784740418088,0.0,0.0,14840.800385397148
2025-04,emp-0018,Senior Software Engineer,R&D,R&D,False,Montreal,roster,1.0,61,11789.641234030147,943.1712987224117,1400.6093786027814,707.3784740418088,0.0,0.0,14840.800385397148
2025-05,emp-0018,Senior Software Engineer,R&D,R&D,False,Montreal,roster,1.0,62,11789.641234030147,943.1712987224117,1400.6093786027814,707.3784740418088,0.0,0.0,14840.800385397148
2025-06,emp-0018,Senior Software Engineer,R&D,R&D,False,Montreal,roster,1.0,63,11789.641234030147,943.1712987224117,1400.6093786027814,707.3784740418088,0.0,0.0,14840.800385397148
2025-07,emp-0018,Senior Software Engineer,R&D,R&D,False,Montreal,roster,1.0,64,11789.641234030147,943.1712987224117,1400.6093786027814,707.3784740418088,0.0,0.0,14840.800385397148
2025-08,emp-0018,Senior Software Engineer,R&D,R&D,False,Montreal,roster,1.0,65,11789.641234030147,943.1712987224117,1400.6093786027814,707.3784740418088,0.0,0.0,14840.800385397148
2025-09,emp-0018,Senior Software Engineer,R&D,R&D,False,Montreal,roster,1.0,66,11789.641234030147,943.1712987224117,1400.6093786027814,707.3784740418088,0.0,0.0,14840.800385397148
2025-10,emp-0018,Senior Software Engineer,R&D,R&D,False,Montreal,roster,1.0,67,11789.641234030147,943.1712987224117,1400.6093786027814,707.3784740418088,0.0,0.0,14840.800385397148
2025-11,emp-0018,Senior Software Engineer,R&D,R&D,False,Montreal,roster,1.0,68,11789.641234030147,943.1712987224117,1400.6093786027814,707.3784740418088,0.0,0.0,14840.800385397148
2025-12,emp-0018,Senior Software Engineer,R&D,R&D,False,Montreal,roster,1.0,69,11789.641234030147,943.1712987224117,1400.6093786027814,707.3784740418088,0.0,0.0,14840.800385397148
2026-01,emp-0018,Senior Software Engineer,R&D,R&D,False,Montreal,roster,1.0,70,12202.2786772212,976.182294177696,1449.6307068538786,732.136720633272,0.0,0.0,15360.228398886047
2026-02,emp-0018,Senior Software Engineer,R&D,R&D,False,Montreal,roster,1.0,71,12202.2786772212,976.182294177696,1449.6307068538786,732.136720633272,0.0,0.0,15360.228398886047
2026-03,emp-0018,Senior Software Engineer,R&D,R&D,False,Montreal,roster,1.0,72,12202.2786772212,976.182294177696,1449.6307068538786,732.136720633272,0.0,0.0,15360.228398886047
2026-04,emp-0018,Senior Software Engineer,R&D,R&D,False,Montreal,roster,1.0,73,12202.2786772212,976.182294177696,1449.6307068538786,732.136720633272,0.0,0.0,15360.228398886047
2026-05,emp-0018,Senior Software Engineer,R&D,R&D,False,Montreal,roster,1.0,74,12202.2786772212,976.182294177696,1449.6307068538786,732.136720633272,0.0,0.0,15360.228398886047
2026-06,emp-0018,Senior Software Engineer,R&D,R&D,False,Montreal,roster,1.0,75,12202.2786772212,976.182294177696,1449.6307068538786,732.136720633272,0.0,0.0,15360.228398886047
2026-07,emp-0018,Senior Software Engineer,R&D,R&D,False,Montreal,roster,1.0,76,12202.2786772212,976.182294177696,1449.6307068538786,732.136720633272,0.0,0.0,15360.228398886047
2026-08,emp-0018,Senior Software Engineer,R&D,R&D,False,Montreal,roster,1.0,77,12202.2786772212,976.182294177696,1449.6307068538786,732.136720633272,0.0,0.0,15360.228398886047
2024-09,emp-0019,Senior Software Engineer,R&D,R&D,False,Montreal,roster,1.0,55,12669.06751530007,1013.5254012240057,1505.0852208176484,760.1440509180042,0.0,0.0,15947.82218825973
2024-10,emp-0019,Senior Software Engineer,R&D,R&D,False,Montreal,roster,1.0,56,12669.06751530007,1013.5254012240057,1505.0852208176484,760.1440509180042,0.0,0.0,15947.82218825973
2024-11,emp-0019,Senior Software Engineer,R&D,R&D,False,Montreal,roster,1.0,57,12669.06751530007,1013.5254012240057,1505.0852208176484,760.1440509180042,0.0,0.0,15947.82218825973
2024-12,emp-0019,Senior Software Engineer,R&D,R&D,False,Montreal,roster,1.0,58,12669.06751530007,1013.5254012240057,1505.0852208176484,760.1440509180042,0.0,0.0,15947.82218825973
2025-01,emp-0019,Senior Software Engineer,R&D,R&D,False,Montreal,roster,1.0,59,13112.48487833557,1048.9987902668456,1557.7632035462657,786.7490927001342,0.0,0.0,16505.995964848815
2025-02,emp-0019,Senior Software Engineer,R&D,R&D,False,Montreal,roster,1.0,60,13112.48487833557,1048.9987902668456,1557.7632035462657,786.7490927001342,0.0,0.0,16505.995964848815
2025-03,emp-0019,Senior Software Engineer,R&D,R&D,False,Montreal,roster,1.0,61,13112.48487833557,1048.9987902668456,1557.7632035462657,786.7490927001342,0.0,0.0,16505.995964848815
2025-04,emp-0019,Senior Software Engineer,R&D,R&D,False,Montreal,roster,1.0,62,13112.48487833557,1048.9987902668456,1557.7632035462657,786.7490927001342,0.0,0.0,16505.995964848815
2025-05,emp-0019,Senior Software Engineer,R&D,R&D,False,Montreal,roster,1.0,63,13112.48487833557,1048.9987902668456,1557.7632035462657,786.7490927001342,0.0,0.0,16505.995964848815
2025-06,emp-0019,Senior Software Engineer,R&D,R&D,False,Montreal,roster,1.0,64,13112.48487833557,1048.9987902668456,1557.7632035462657,786.7490927001342,0.0,0.0,16505.995964848815
2025-07,emp-0019,Senior Software Engineer,R&D,R&D,False,Montreal,roster,1.0,65,13112.48487833557,1048.9987902668456,1557.7632035462657,786.7490927001342,0.0,0.0,16505.995964848815
2025-08,emp-0019,Senior Software Engineer,R&D,R&D,False,Montreal,roster,1.0,66,13112.48487833557,1048.9987902668456,1557.7632035462657,786.7490927001342,0.0,0.0,16505.995964848815
2025-09,emp-0019,Senior Software Engineer,R&D,R&D,False,Montreal,roster,1.0,67,13112.48487833557,1048.9987902668456,1557.7632035462657,786.7490927001342,0.0,0.0,16505.995964848815
2025-10,emp-0019,Senior Software Engineer,R&D,R&D,False,Montreal,roster,1.0,68,13112.48487833557,1048.9987902668456,1557.7632035462657,786.7490927001342,0.0,0.0,16505.995964848815
2025-11,emp-0019,Senior Software Engineer,R&D,R&D,False,Montreal,roster,1.0,69,13112.48487833557,1048.9987902668456,1557.7632035462657,786.7490927001342,0.0,0.0,16505.995964848815
2025-12,emp-0019,Senior Software Engineer,R&D,R&D,False,Montreal,roster,1.0,70,13112.48487833557,1048.9987902668456,1557.7632035462657,786.7490927001342,0.0,0.0,16505.995964848815
2026-01,emp-0019,Senior Software Engineer,R&D,R&D,False,Montreal,roster,1.0,71,13571.421849077315,1085.713747926185,1612.284915670385,814.2853109446388,0.0,0.0,17083.705823618526
2026-02,emp-0019,Senior Software Engineer,R&D,R&D,False,Montreal,roster,1.0,72,13571.421849077315,1085.713747926185,1612.284915670385,814.2853109446388,0.0,0.0,17083.705823618526
2026-03,emp-0019,Senior Software Engineer,R&D,R&D,False,Montreal,roster,1.0,73,13571.421849077315,1085.713747926185,1612.284915670385,814.2853109446388,0.0,0.0,17083.705823618526
2026-04,emp-0019,Senior Software Engineer,R&D,R&D,False,Montreal,roster,1.0,74,13571.421849077315,1085.713747926185,1612.284915670385,814.2853109446388,0.0,0.0,17083.705823618526
2026-05,emp-0019,Senior Software Engineer,R&D,R&D,False,Montreal,roster,1.0,75,13571.421849077315,1085.713747926185,1612.284915670385,814.2853109446388,0.0,0.0,17083.705823618526
2026-06,emp-0019,Senior Software Engineer,R&D,R&D,False,Montreal,roster,1.0,76,13571.421849077315,1085.713747926185,1612.284915670385,814.2853109446388,0.0,0.0,17083.705823618526
2026-07,emp-0019,Senior Software Engineer,R&D,R&D,False,Montreal,roster,1.0,77,13571.421849077315,1085.713747926185,1612.284915670385,814.2853109446388,0.0,0.0,17083.705823618526
2026-08,emp-0019,Senior Software Engineer,R&D,R&D,False,Montreal,roster,1.0,78,13571.421849077315,1085.713747926185,1612.284915670385,814.2853109446388,0.0,0.0,17083.705823618526
2024-09,emp-0020,Senior Software Engineer,R&D,R&D,False,Montreal,roster,1.0,46,11967.803102160933,957.4242481728746,1421.7750085367188,718.0681861296559,0.0,0.0,15065.070545000182
2024-10,emp-0020,Senior Software Engineer,R&D,R&D,False,Montreal,roster,1.0,47,11967.803102160933,957.4242481728746,1421.7750085367188,718.0681861296559,0.0,0.0,15065.070545000182
2024-11,emp-0020,Senior Software Engineer,R&D,R&D,False,Montreal,roster,1.0,48,11967.803102160933,957.4242481728746,1421.7750085367188,718.0681861296559,0.0,0.0,15065.070545000182
2024-12,emp-0020,Senior Software Engineer,R&D,R&D,False,Montreal,roster,1.0,49,11967.803102160933,957.4242481728746,1421.7750085367188,718.0681861296559,0.0,0.0,15065.070545000182
2025-01,emp-0020,Senior Software Engineer,R&D,R&D,False,Montreal,roster,1.0,50,12386.676210736565,990.9340968589252,1471.537133835504,743.2005726441938,0.0,0.0,15592.348014075187
2025-02,emp-0020,Senior Software Engineer,R&D,R&D,False,Montreal,roster,1.0,51,12386.676210736565,990.9340968589252,1471.537133835504,743.2005726441938,0.0,0.0,15592.348014075187
2025-03,emp-0020,Senior Software Engineer,R&D,R&D,False,Montreal,roster,1.0,52,12386.676210736565,990.9340968589252,1471.537133835504,743.2005726441938,0.0,0.0,15592.348014075187
2025-04,emp-0020,Senior Software Engineer,R&D,R&D,False,Montreal,roster,1.0,53,12386.676210736565,990.9340968589252,1471.537133835504,743.2005726441938,0.0,0.0,15592.348014075187
2024-09,emp-0021,Senior Software Engineer,R&D,R&D,False,Montreal,roster,1.0,4,10214.397207079151,817.1517765663322,1213.4703882010033,612.863832424749,0.0,0.0,12857.883204271237
2024-10,emp-0021,Senior Software Engineer,R&D,R&D,False,Montreal,roster,1.0,5,10214.397207079151,817.1517765663322,1213.4703882010033,612.863832424749,0.0,0.0,12857.883204271237
2024-11,emp-0021,Senior Software Engineer,R&D,R&D,False,Montreal,roster,1.0,6,10214.397207079151,817.1517765663322,1213.4703882010033,612.863832424749,0.0,0.0,12857.883204271237
2024-12,emp-0021,Senior Software Engineer,R&D,R&D,False,Montreal,roster,1.0,7,10214.397207079151,817.1517765663322,1213.4703882010033,612.863832424749,0.0,0.0,12857.883204271237
2025-01,emp-0021,Senior Software Engineer,R&D,R&D,False,Montreal,roster,1.0,8,10571.901109326922,845.7520887461537,1255.9418517880383,634.3140665596153,0.0,0.0,13307.90911642073
2025-02,emp-0021,Senior Software Engineer,R&D,R&D,False,Montreal,roster,1.0,9,10571.901109326922,845.7520887461537,1255.9418517880383,634.3140665596153,0.0,0.0,13307.90911642073
2025-03,emp-0021,Senior Software Engineer,R&D,R&D,False,Montreal,roster,1.0,10,10571.901109326922,845.7520887461537,1255.9418517880383,634.3140665596153,0.0,0.0,13307.90911642073
2025-04,emp-0021,Senior Software Engineer,R&D,R&D,False,Montreal,roster,1.0,11,10571.901109326922,845.7520887461537,1255.9418517880383,634.3140665596153,0.0,0.0,13307.90911642073
2025-05,emp-0021,Senior Software Engineer,R&D,R&D,False,Montreal,roster,1.0,12,10571.901109326922,845.7520887461537,1255.9418517880383,634.3140665596153,0.0,0.0,13307.90911642073
2025-06,emp-0021,Senior Software Engineer,R&D,R&D,False,Montreal,roster,1.0,13,10571.901109326922,845.7520887461537,1255.9418517880383,634.3140665596153,0.0,0.0,13307.90911642073
2025-07,emp-0021,Senior Software Engineer,R&D,R&D,False,Montreal,roster,1.0,14,10571.901109326922,845.7520887461537,1255.9418517880383,634.3140665596153,0.0,0.0,13307.90911642073
2025-08,emp-0021,Senior Software Engineer,R&D,R&D,False,Montreal,roster,1.0,15,10571.901109326922,845.7520887461537,1255.9418517880383,634.3140665596153,0.0,0.0,13307.90911642073
2025-09,emp-0021,Senior Software Engineer,R&D,R&D,False,Montreal,roster,1.0,16,10571.901109326922,845.7520887461537,1255.9418517880383,634.3140665596153,0.0,0.0,13307.90911642073
2025-10,emp-0021,Senior Software Engineer,R&D,R&D,False,Montreal,roster,1.0,17,10571.901109326922,845.7520887461537,1255.9418517880383,634.3140665596153,0.0,0.0,13307.90911642073
2025-11,emp-0021,Senior Software Engineer,R&D,R&D,False,Montreal,roster,1.0,18,10571.901109326922,845.7520887461537,1255.9418517880383,634.3140665596153,0.0,0.0,13307.90911642073
2025-12,emp-0021,Senior Software Engineer,R&D,R&D,False,Montreal,roster,1.0,19,10571.901109326922,845.7520887461537,1255.9418517880383,634.3140665596153,0.0,0.0,13307.90911642073
2026-01,emp-0021,Senior Software Engineer,R&D,R&D,False,Montreal,roster,1.0,20,10941.917648153363,875.3534118522691,1299.8998166006195,656.5150588892018,0.0,0.0,13773.685935495452
2026-02,emp-0021,Senior Software Engineer,R&D,R&D,False,Montreal,roster,1.0,21,10941.917648153363,875.3534118522691,1299.8998166006195,656.5150588892018,0.0,0.0,13773.685935495452
2026-03,emp-0021,Senior Software Engineer,R&D,R&D,False,Montreal,roster,1.0,22,10941.917648153363,875.3534118522691,1299.8998166006195,656.5150588892018,0.0,0.0,13773.685935495452
2026-04,emp-0021,Senior Software Engineer,R&D,R&D,False,Montreal,roster,1.0,23,10941.917648153363,875.3534118522691,1299.8998166006195,656.5150588892018,0.0,0.0,13773.685935495452
2026-05,emp-0021,Senior Software Engineer,R&D,R&D,False,Montreal,roster,1.0,24,10941.917648153363,875.3534118522691,1299.8998166006195,656.5150588892018,0.0,0.0,13773.685935495452
2026-06,emp-0021,Senior Software Engineer,R&D,R&D,False,Montreal,roster,1.0,25,10941.917648153363,875.3534118522691,1299.8998166006195,656.5150588892018,0.0,0.0,13773.685935495452
2026-07,emp-0021,Senior Software Engineer,R&D,R&D,False,Montreal,roster,1.0,26,10941.917648153363,875.3534118522691,1299.8998166006195,656.5150588892018,0.0,0.0,13773.685935495452
2026-08,emp-0021,Senior Software Engineer,R&D,R&D,False,Montreal,roster,1.0,27,10941.917648153363,875.3534118522691,1299.8998166006195,656.5150588892018,0.0,0.0,13773.685935495452
2024-09,emp-0022,Senior Software Engineer,R&D,R&D,False,Montreal,roster,1.0,56,12343.700879092314,987.4960703273852,1466.4316644361668,740.6220527455388,0.0,0.0,15538.250666601403
2024-10,emp-0022,Senior Software Engineer,R&D,R&D,False,Montreal,roster,1.0,57,12343.700879092314,987.4960703273852,1466.4316644361668,740.6220527455388,0.0,0.0,15538.250666601403
2024-11,emp-0022,Senior Software Engineer,R&D,R&D,False,Montreal,roster,1.0,58,12343.700879092314,987.4960703273852,1466.4316644361668,740.6220527455388,0.0,0.0,15538.250666601403
2024-12,emp-0022,Senior Software Engineer,R&D,R&D,False,Montreal,roster,1.0,59,12343.700879092314,987.4960703273852,1466.4316644361668,740.6220527455388,0.0,0.0,15538.250666601403
2025-01,emp-0022,Senior Software Engineer,R&D,R&D,False,Montreal,roster,1.0,60,12775.730409860544,1022.0584327888436,1517.7567726914326,766.5438245916326,0.0,0.0,16082.089439932452
2025-02,emp-0022,Senior Software Engineer,R&D,R&D,False,Montreal,roster,1.0,61,12775.730409860544,1022.0584327888436,1517.7567726914326,766.5438245916326,0.0,0.0,16082.089439932452
2025-03,emp-0022,Senior Software Engineer,R&D,R&D,False,Montreal,roster,1.0,62,12775.730409860544,1022.0584327888436,1517.7567726914326,766.5438245916326,0.0,0.0,16082.089439932452
2025-04,emp-0022,Senior Software Engineer,R&D,R&D,False,Montreal,roster,1.0,63,12775.730409860544,1022.0584327888436,1517.7567726914326,766.5438245916326,0.0,0.0,16082.089439932452
2025-05,emp-0022,Senior Software Engineer,R&D,R&D,False,Montreal,roster,1.0,64,12775.730409860544,1022.0584327888436,1517.7567726914326,766.5438245916326,0.0,0.0,16082.089439932452
2025-06,emp-0022,Senior Software Engineer,R&D,R&D,False,Montreal,roster,1.0,65,12775.730409860544,1022.0584327888436,1517.7567726914326,766.5438245916326,0.0,0.0,16082.089439932452
2025-07,emp-0022,Senior Software Engineer,R&D,R&D,False,Montreal,roster,1.0,66,12775.730409860544,1022.0584327888436,1517.7567726914326,766.5438245916326,0.0,0.0,16082.089439932452
2025-08,emp-0022,Senior Software Engineer,R&D,R&D,False,Montreal,roster,1.0,67,12775.730409860544,1022.0584327888436,1517.7567726914326,766.5438245916326,0.0,0.0,16082.089439932452
2025-09,emp-0022,Senior Software Engineer,R&D,R&D,False,Montreal,roster,1.0,68,12775.730409860544,1022.0584327888436,1517.7567726914326,766.5438245916326,0.0,0.0,16082.089439932452
2025-10,emp-0022,Senior Software Engineer,R&D,R&D,False,Montreal,roster,1.0,69,12775.730409860544,1022.0584327888436,1517.7567726914326,766.5438245916326,0.0,0.0,16082.089439932452
2025-11,emp-0022,Senior Software Engineer,R&D,R&D,False,Montreal,roster,1.0,70,12775.730409860544,1022.0584327888436,1517.7567726914326,766.5438245916326,0.0,0.0,16082.089439932452
2025-12,emp-0022,Senior Software Engineer,R&D,R&D,False,Montreal,roster,1.0,71,12775.730409860544,1022.0584327888436,1517.7567726914326,766.5438245916326,0.0,0.0,16082.089439932452
2026-01,emp-0022,Senior Software Engineer,R&D,R&D,False,Montreal,roster,1.0,72,13222.88097420566,1057.8304779364528,1570.8782597356326,793.3728584523395,0.0,0.0,16644.962570330084
2026-02,emp-0022,Senior Software Engineer,R&D,R&D,False,Montreal,roster,1.0,73,13222.88097420566,1057.8304779364528,1570.8782597356326,793.3728584523395,0.0,0.0,16644.962570330084
2026-03,emp-0022,Senior Software Engineer,R&D,R&D,False,Montreal,roster,1.0,74,13222.88097420566,1057.8304779364528,1570.8782597356326,793.3728584523395,0.0,0.0,16644.962570330084
2026-04,emp-0022,Senior Software Engineer,R&D,R&D,False,Montreal,roster,1.0,75,13222.88097420566,1057.8304779364528,1570.8782597356326,793.3728584523395,0.0,0.0,16644.962570330084
2026-05,emp-0022,Senior Software Engineer,R&D,R&D,False,Montreal,roster,1.0,76,13222.88097420566,1057.8304779364528,1570.8782597356326,793.3728584523395,0.0,0.0,16644.962570330084
2026-06,emp-0022,Senior Software Engineer,R&D,R&D,False,Montreal,roster,1.0,77,13222.88097420566,1057.8304779364528,1570.8782597356326,793.3728584523395,0.0,0.0,16644.962570330084
2026-07,emp-0022,Senior Software Engineer,R&D,R&D,False,Montreal,roster,1.0,78,13222.88097420566,1057.8304779364528,1570.8782597356326,793.3728584523395,0.0,0.0,16644.962570330084
2026-08,emp-0022,Senior Software Engineer,R&D,R&D,False,Montreal,roster,1.0,79,13222.88097420566,1057.8304779364528,1570.8782597356326,793.3728584523395,0.0,0.0,16644.962570330084
2024-09,emp-0023,Senior Software Engineer,R&D,R&D,False,Montreal,roster,1.0,27,11992.548874145921,959.4039099316738,1424.7148062485355,719.5529324487552,0.0,0.0,15096.220522774885
2024-10,emp-0023,Senior Software Engineer,R&D,R&D,False,Montreal,roster,1.0,28,11992.548874145921,959.4039099316738,1424.7148062485355,719.5529324487552,0.0,0.0,15096.220522774885
2024-11,emp-0023,Senior Software Engineer,R&D,R&D,False,Montreal,roster,1.0,29,11992.548874145921,959.4039099316738,1424.7148062485355,719.5529324487552,0.0,0.0,15096.220522774885
2024-12,emp-0023,Senior Software Engineer,R&D,R&D,False,Montreal,roster,1.0,30,11992.548874145921,959.4039099316738,1424.7148062485355,719.5529324487552,0.0,0.0,15096.220522774885
2025-01,emp-0023,Senior Software Engineer,R&D,R&D,False,Montreal,roster,1.0,31,12412.288084741027,992.9830467792822,1474.579824467234,744.7372850844616,0.0,0.0,15624.588241072004
2025-02,emp-0023,Senior Software Engineer,R&D,R&D,False,Montreal,roster,1.0,32,12412.288084741027,992.9830467792822,1474.579824467234,744.7372850844616,0.0,0.0,15624.588241072004
2025-03,emp-0023,Senior Software Engineer,R&D,R&D,False,Montreal,roster,1.0,33,12412.288084741027,992.9830467792822,1474.579824467234,744.7372850844616,0.0,0.0,15624.588241072004
2025-04,emp-0023,Senior Software Engineer,R&D,R&D,False,Montreal,roster,1.0,34,12412.288084741027,992.9830467792822,1474.579824467234,744.7372850844616,0.0,0.0,15624.588241072004
2025-05,emp-0023,Senior Software Engineer,R&D,R&D,False,Montreal,roster,1.0,35,12412.288084741027,992.9830467792822,1474.579824467234,744.7372850844616,0.0,0.0,15624.588241072004
2025-06,emp-0023,Senior Software Engineer,R&D,R&D,False,Montreal,roster,1.0,36,12412.288084741027,992.9830467792822,1474.579824467234,744.7372850844616,0.0,0.0,15624.588241072004
2025-07,emp-0023,Senior Software Engineer,R&D,R&D,False,Montreal,roster,1.0,37,12412.288084741027,992.9830467792822,1474.579824467234,744.7372850844616,0.0,0.0,15624.588241072004
2025-08,emp-0023,Senior Software Engineer,R&D,R&D,False,Montreal,roster,1.0,38,12412.288084741027,992.9830467792822,1474.579824467234,744.7372850844616,0.0,0.0,15624.588241072004
2025-09,emp-0023,Senior Software Engineer,R&D,R&D,False,Montreal,roster,1.0,39,12412.288084741027,992.9830467792822,1474.579824467234,744.7372850844616,0.0,0.0,15624.588241072004
2025-10,emp-0023,Senior Software Engineer,R&D,R&D,False,Montreal,roster,1.0,40,12412.288084741027,992.9830467792822,1474.579824467234,744.7372850844616,0.0,0.0,15624.588241072004
2025-11,emp-0023,Senior Software Engineer,R&D,R&D,False,Montreal,roster,1.0,41,12412.288084741027,992.9830467792822,1474.579824467234,744.7372850844616,0.0,0.0,15624.588241072004
2025-12,emp-0023,Senior Software Engineer,R&D,R&D,False,Montreal,roster,1.0,42,12412.288084741027,992.9830467792822,1474.579824467234,744.7372850844616,0.0,0.0,15624.588241072004
2026-01,emp-0023,Senior Software Engineer,R&D,R&D,False,Montreal,roster,1.0,43,12846.718167706962,1027.737453416557,1526.190118323587,770.8030900624177,0.0,0.0,16171.448829509525
2026-02,emp-0023,Senior Software Engineer,R&D,R&D,False,Montreal,roster,1.0,44,12846.718167706962,1027.737453416557,1526.190118323587,770.8030900624177,0.0,0.0,16171.448829509525
2026-03,emp-0023,Senior Software Engineer,R&D,R&D,False,Montreal,roster,1.0,45,12846.718167706962,1027.737453416557,1526.190118323587,770.8030900624177,0.0,0.0,16171.448829509525
2026-04,emp-0023,Senior Software Engineer,R&D,R&D,False,Montreal,roster,1.0,46,12846.718167706962,1027.737453416557,1526.190118323587,770.8030900624177,0.0,0.0,16171.448829509525
2026-05,emp-0023,Senior Software Engineer,R&D,R&D,False,Montreal,roster,1.0,47,12846.718167706962,1027.737453416557,1526.190118323587,770.8030900624177,0.0,0.0,16171.448829509525
2026-06,emp-0023,Senior Software Engineer,R&D,R&D,False,Montreal,roster,1.0,48,12846.718167706962,1027.737453416557,1526.190118323587,770.8030900624177,0.0,0.0,16171.448829509525
2026-07,emp-0023,Senior Software Engineer,R&D,R&D,False,Montreal,roster,1.0,49,12846.718167706962,1027.737453416557,1526.190118323587,770.8030900624177,0.0,0.0,16171.448829509525
2026-08,emp-0023,Senior Software Engineer,R&D,R&D,False,Montreal,roster,1.0,50,12846.718167706962,1027.737453416557,1526.190118323587,770.8030900624177,0.0,0.0,16171.448829509525
2024-09,emp-0024,Senior Software Engineer,R&D,R&D,False,Montreal,roster,1.0,43,10785.78746008121,862.8629968064969,1281.3515502576477,647.1472476048726,0.0,0.0,13577.149254750228
2024-10,emp-0024,Senior Software Engineer,R&D,R&D,False,Montreal,roster,1.0,44,10785.78746008121,862.8629968064969,1281.3515502576477,647.1472476048726,0.0,0.0,13577.149254750228
2024-11,emp-0024,Senior Software Engineer,R&D,R&D,False,Montreal,roster,1.0,45,10785.78746008121,862.8629968064969,1281.3515502576477,647.1472476048726,0.0,0.0,13577.149254750228
2024-12,emp-0024,Senior Software Engineer,R&D,R&D,False,Montreal,roster,1.0,46,10785.78746008121,862.8629968064969,1281.3515502576477,647.1472476048726,0.0,0.0,13577.149254750228
2025-01,emp-0024,Senior Software Engineer,R&D,R&D,False,Montreal,roster,1.0,47,11163.290021184053,893.0632016947243,1326.1988545166655,669.7974012710432,0.0,0.0,14052.349478666487
2025-02,emp-0024,Senior Software Engineer,R&D,R&D,False,Montreal,roster,1.0,48,11163.290021184053,893.0632016947243,1326.1988545166655,669.7974012710432,0.0,0.0,14052.349478666487
2025-03,emp-0024,Senior Software Engineer,R&D,R&D,False,Montreal,roster,1.0,49,11163.290021184053,893.0632016947243,1326.1988545166655,669.7974012710432,0.0,0.0,14052.349478666487
2025-04,emp-0024,Senior Software Engineer,R&D,R&D,False,Montreal,roster,1.0,50,11163.290021184053,893.0632016947243,1326.1988545166655,669.7974012710432,0.0,0.0,14052.349478666487
2025-05,emp-0024,Senior Software Engineer,R&D,R&D,False,Montreal,roster,1.0,51,11163.290021184053,893.0632016947243,1326.1988545166655,669.7974012710432,0.0,0.0,14052.349478666487
2025-06,emp-0024,Senior Software Engineer,R&D,R&D,False,Montreal,roster,1.0,52,11163.290021184053,893.0632016947243,1326.1988545166655,669.7974012710432,0.0,0.0,14052.349478666487
2025-07,emp-0024,Senior Software Engineer,R&D,R&D,False,Montreal,roster,1.0,53,11163.290021184053,893.0632016947243,1326.1988545166655,669.7974012710432,0.0,0.0,14052.349478666487
2025-08,emp-0024,Senior Software Engineer,R&D,R&D,False,Montreal,roster,1.0,54,11163.290021184053,893.0632016947243,1326.1988545166655,669.7974012710432,0.0,0.0,14052.349478666487
2025-09,emp-0024,Senior Software Engineer,R&D,R&D,False,Montreal,roster,1.0,55,11163.290021184053,893.0632016947243,1326.1988545166655,669.7974012710432,0.0,0.0,14052.349478666487
2025-10,emp-0024,Senior Software Engineer,R&D,R&D,False,Montreal,roster,1.0,56,11163.290021184053,893.0632016947243,1326.1988545166655,669.7974012710432,0.0,0.0,14052.349478666487
2025-11,emp-0024,Senior Software Engineer,R&D,R&D,False,Montreal,roster,1.0,57,11163.290021184053,893.0632016947243,1326.1988545166655,669.7974012710432,0.0,0.0,14052.349478666487
2025-12,emp-0024,Senior Software Engineer,R&D,R&D,False,Montreal,roster,1.0,58,11163.290021184053,893.0632016947243,1326.1988545166655,669.7974012710432,0.0,0.0,14052.349478666487
2026-01,emp-0024,Senior Software Engineer,R&D,R&D,False,Montreal,roster,1.0,59,11554.005171925492,924.3204137540394,1372.6158144247484,693.2403103155294,0.0,0.0,14544.181710419809
2026-02,emp-0024,Senior Software Engineer,R&D,R&D,False,Montreal,roster,1.0,60,11554.005171925492,924.3204137540394,1372.6158144247484,693.2403103155294,0.0,0.0,14544.181710419809
2026-03,emp-0024,Senior Software Engineer,R&D,R&D,False,Montreal,roster,1.0,61,11554.005171925492,924.3204137540394,1372.6158144247484,693.2403103155294,0.0,0.0,14544.181710419809
2026-04,emp-0024,Senior Software Engineer,R&D,R&D,False,Montreal,roster,1.0,62,11554.005171925492,924.3204137540394,1372.6158144247484,693.2403103155294,0.0,0.0,14544.181710419809
2026-05,emp-0024,Senior Software Engineer,R&D,R&D,False,Montreal,roster,1.0,63,11554.005171925492,924.3204137540394,1372.6158144247484,693.2403103155294,0.0,0.0,14544.181710419809
2026-06,emp-0024,Senior Software Engineer,R&D,R&D,False,Montreal,roster,1.0,64,11554.005171925492,924.3204137540394,1372.6158144247484,693.2403103155294,0.0,0.0,14544.181710419809
2026-07,emp-0024,Senior Software Engineer,R&D,R&D,False,Montreal,roster,1.0,65,11554.005171925492,924.3204137540394,1372.6158144247484,693.2403103155294,0.0,0.0,14544.181710419809
2026-08,emp-0024,Senior Software Engineer,R&D,R&D,False,Montreal,roster,1.0,66,11554.005171925492,924.3204137540394,1372.6158144247484,693.2403103155294,0.0,0.0,14544.181710419809
2024-09,emp-0025,Engineering Manager,R&D,R&D,False,Montreal,roster,1.0,5,13592.87130880654,1087.4297047045231,1614.833111486217,815.5722785283923,0.0,0.0,17110.706403525674
2024-10,emp-0025,Engineering Manager,R&D,R&D,False,Montreal,roster,1.0,6,13592.87130880654,1087.4297047045231,1614.833111486217,815.5722785283923,0.0,0.0,17110.706403525674
2024-11,emp-0025,Engineering Manager,R&D,R&D,False,Montreal,roster,1.0,7,13592.87130880654,1087.4297047045231,1614.833111486217,815.5722785283923,0.0,0.0,17110.706403525674
2024-12,emp-0025,Engineering Manager,R&D,R&D,False,Montreal,roster,1.0,8,13592.87130880654,1087.4297047045231,1614.833111486217,815.5722785283923,0.0,0.0,17110.706403525674
2025-01,emp-0025,Engineering Manager,R&D,R&D,False,Montreal,roster,1.0,9,14068.621804614768,1125.4897443691814,1671.3522703882343,844.1173082768861,0.0,0.0,17709.58112764907
2025-02,emp-0025,Engineering Manager,R&D,R&D,False,Montreal,roster,1.0,10,14068.621804614768,1125.4897443691814,1671.3522703882343,844.1173082768861,0.0,0.0,17709.58112764907
2025-03,emp-0025,Engineering Manager,R&D,R&D,False,Montreal,roster,1.0,11,14068.621804614768,1125.4897443691814,1671.3522703882343,844.1173082768861,0.0,0.0,17709.58112764907
2025-04,emp-0025,Engineering Manager,R&D,R&D,False,Montreal,roster,1.0,12,14068.621804614768,1125.4897443691814,1671.3522703882343,844.1173082768861,0.0,0.0,17709.58112764907
2025-05,emp-0025,Engineering Manager,R&D,R&D,False,Montreal,roster,1.0,13,14068.621804614768,1125.4897443691814,1671.3522703882343,844.1173082768861,0.0,0.0,17709.58112764907
2025-06,emp-0025,Engineering Manager,R&D,R&D,False,Montreal,roster,1.0,14,14068.621804614768,1125.4897443691814,1671.3522703882343,844.1173082768861,0.0,0.0,17709.58112764907
2025-07,emp-0025,Engineering Manager,R&D,R&D,False,Montreal,roster,1.0,15,14068.621804614768,1125.4897443691814,1671.3522703882343,844.1173082768861,0.0,0.0,17709.58112764907
2025-08,emp-0025,Engineering Manager,R&D,R&D,False,Montreal,roster,1.0,16,14068.621804614768,1125.4897443691814,1671.3522703882343,844.1173082768861,0.0,0.0,17709.58112764907
2025-09,emp-0025,Engineering Manager,R&D,R&D,False,Montreal,roster,1.0,17,14068.621804614768,1125.4897443691814,1671.3522703882343,844.1173082768861,0.0,0.0,17709.58112764907
2025-10,emp-0025,Engineering Manager,R&D,R&D,False,Montreal,roster,1.0,18,14068.621804614768,1125.4897443691814,1671.3522703882343,844.1173082768861,0.0,0.0,17709.58112764907
2025-11,emp-0025,Engineering Manager,R&D,R&D,False,Montreal,roster,1.0,19,14068.621804614768,1125.4897443691814,1671.3522703882343,844.1173082768861,0.0,0.0,17709.58112764907
2025-12,emp-0025,Engineering Manager,R&D,R&D,False,Montreal,roster,1.0,20,14068.621804614768,1125.4897443691814,1671.3522703882343,844.1173082768861,0.0,0.0,17709.58112764907
2026-01,emp-0025,Engineering Manager,R&D,R&D,False,Montreal,roster,1.0,21,14561.023567776283,1164.8818854221026,1729.8495998518224,873.661414066577,0.0,0.0,18329.416467116785
2026-02,emp-0025,Engineering Manager,R&D,R&D,False,Montreal,roster,1.0,22,14561.023567776283,1164.8818854221026,1729.8495998518224,873.661414066577,0.0,0.0,18329.416467116785
2026-03,emp-0025,Engineering Manager,R&D,R&D,False,Montreal,roster,1.0,23,14561.023567776283,1164.8818854221026,1729.8495998518224,873.661414066577,0.0,0.0,18329.416467116785
2026-04,emp-0025,Engineering Manager,R&D,R&D,False,Montreal,roster,1.0,24,14561.023567776283,1164.8818854221026,1729.8495998518224,873.661414066577,0.0,0.0,18329.416467116785
2026-05,emp-0025,Engineering Manager,R&D,R&D,False,Montreal,roster,1.0,25,14561.023567776283,1164.8818854221026,1729.8495998518224,873.661414066577,0.0,0.0,18329.416467116785
2024-09,emp-0026,Engineering Manager,R&D,R&D,False,Montreal,roster,1.0,48,15362.631649410103,1229.0105319528082,1825.08063994992,921.7578989646062,0.0,0.0,19338.480720277435
2024-10,emp-0026,Engineering Manager,R&D,R&D,False,Montreal,roster,1.0,49,15362.631649410103,1229.0105319528082,1825.08063994992,921.7578989646062,0.0,0.0,19338.480720277435
2024-11,emp-0026,Engineering Manager,R&D,R&D,False,Montreal,roster,1.0,50,15362.631649410103,1229.0105319528082,1825.08063994992,921.7578989646062,0.0,0.0,19338.480720277435
2024-12,emp-0026,Engineering Manager,R&D,R&D,False,Montreal,roster,1.0,51,15362.631649410103,1229.0105319528082,1825.08063994992,921.7578989646062,0.0,0.0,19338.480720277435
2025-01,emp-0026,Engineering Manager,R&D,R&D,False,Montreal,roster,1.0,52,15900.323757139455,1272.0259005711564,1888.9584623481674,954.0194254283673,0.0,0.0,20015.327545487147
2025-02,emp-0026,Engineering Manager,R&D,R&D,False,Montreal,roster,1.0,53,15900.323757139455,1272.0259005711564,1888.9584623481674,954.0194254283673,0.0,0.0,20015.327545487147
2025-03,emp-0026,Engineering Manager,R&D,R&D,False,Montreal,roster,1.0,54,15900.323757139455,1272.0259005711564,1888.9584623481674,954.0194254283673,0.0,0.0,20015.327545487147
2025-04,emp-0026,Engineering Manager,R&D,R&D,False,Montreal,roster,1.0,55,15900.323757139455,1272.0259005711564,1888.9584623481674,954.0194254283673,0.0,0.0,20015.327545487147
2025-05,emp-0026,Engineering Manager,R&D,R&D,False,Montreal,roster,1.0,56,15900.323757139455,1272.0259005711564,1888.9584623481674,954.0194254283673,0.0,0.0,20015.327545487147
2025-06,emp-0026,Engineering Manager,R&D,R&D,False,Montreal,roster,1.0,57,15900.323757139455,1272.0259005711564,1888.9584623481674,954.0194254283673,0.0,0.0,20015.327545487147
2025-07,emp-0026,Engineering Manager,R&D,R&D,False,Montreal,roster,1.0,58,15900.323757139455,1272.0259005711564,1888.9584623481674,954.0194254283673,0.0,0.0,20015.327545487147
2025-08,emp-0026,Engineering Manager,R&D,R&D,False,Montreal,roster,1.0,59,15900.323757139455,1272.0259005711564,1888.9584623481674,954.0194254283673,0.0,0.0,20015.327545487147
2025-09,emp-0026,Engineering Manager,R&D,R&D,False,Montreal,roster,1.0,60,15900.323757139455,1272.0259005711564,1888.9584623481674,954.0194254283673,0.0,0.0,20015.327545487147
2025-10,emp-0026,Engineering Manager,R&D,R&D,False,Montreal,roster,1.0,61,15900.323757139455,1272.0259005711564,1888.9584623481674,954.0194254283673,0.0,0.0,20015.327545487147
2025-11,emp-0026,Engineering Manager,R&D,R&D,False,Montreal,roster,1.0,62,15900.323757139455,1272.0259005711564,1888.9584623481674,954.0194254283673,0.0,0.0,20015.327545487147
2025-12,emp-0026,Engineering Manager,R&D,R&D,False,Montreal,roster,1.0,63,15900.323757139455,1272.0259005711564,1888.9584623481674,954.0194254283673,0.0,0.0,20015.327545487147
2026-01,emp-0026,Engineering Manager,R&D,R&D,False,Montreal,roster,1.0,64,16456.835088639335,1316.5468070911468,1955.072008530353,987.41010531836,0.0,0.0,20715.864009579196
2026-02,emp-0026,Engineering Manager,R&D,R&D,False,Montreal,roster,1.0,65,16456.835088639335,1316.5468070911468,1955.072008530353,987.41010531836,0.0,0.0,20715.864009579196
2026-03,emp-0026,Engineering Manager,R&D,R&D,False,Montreal,roster,1.0,66,16456.835088639335,1316.5468070911468,1955.072008530353,987.41010531836,0.0,0.0,20715.864009579196
2026-04,emp-0026,Engineering Manager,R&D,R&D,False,Montreal,roster,1.0,67,16456.835088639335,1316.5468070911468,1955.072008530353,987.41010531836,0.0,0.0,20715.864009579196
2026-05,emp-0026,Engineering Manager,R&D,R&D,False,Montreal,roster,1.0,68,16456.835088639335,1316.5468070911468,1955.072008530353,987.41010531836,0.0,0.0,20715.864009579196
2026-06,emp-0026,Engineering Manager,R&D,R&D,False,Montreal,roster,1.0,69,16456.835088639335,1316.5468070911468,1955.072008530353,987.41010531836,0.0,0.0,20715.864009579196
2026-07,emp-0026,Engineering Manager,R&D,R&D,False,Montreal,roster,1.0,70,16456.835088639335,1316.5468070911468,1955.072008530353,987.41010531836,0.0,0.0,20715.864009579196
2026-08,emp-0026,Engineering Manager,R&D,R&D,False,Montreal,roster,1.0,71,16456.835088639335,1316.5468070911468,1955.072008530353,987.41010531836,0.0,0.0,20715.864009579196
2024-09,emp-0027,Engineering Manager,R&D,R&D,False,Montreal,roster,1.0,19,14167.559802685142,1133.4047842148113,1683.106104558995,850.0535881611085,0.0,0.0,17834.124279620057
2024-10,emp-0027,Engineering Manager,R&D,R&D,False,Montreal,roster,1.0,20,14167.559802685142,1133.4047842148113,1683.106104558995,850.0535881611085,0.0,0.0,17834.124279620057
2024-09,emp-0028,Product Manager,R&D,R&D,False,Montreal,roster,1.0,67,11823.1132537589,945.849060300712,1404.5858545465574,709.386795225534,0.0,0.0,14882.934963831703
2024-10,emp-0028,Product Manager,R&D,R&D,False,Montreal,roster,1.0,68,11823.1132537589,945.849060300712,1404.5858545465574,709.386795225534,0.0,0.0,14882.934963831703
2024-11,emp-0028,Product Manager,R&D,R&D,False,Montreal,roster,1.0,69,11823.1132537589,945.849060300712,1404.5858545465574,709.386795225534,0.0,0.0,14882.934963831703
2024-12,emp-0028,Product Manager,R&D,R&D,False,Montreal,roster,1.0,70,11823.1132537589,945.849060300712,1404.5858545465574,709.386795225534,0.0,0.0,14882.934963831703
2025-01,emp-0028,Product Manager,R&D,R&D,False,Montreal,roster,1.0,71,12236.92221764046,978.9537774112368,1453.7463594556868,734.2153330584276,0.0,0.0,15403.837687565812
2025-02,emp-0028,Product Manager,R&D,R&D,False,Montreal,roster,1.0,72,12236.92221764046,978.9537774112368,1453.7463594556868,734.2153330584276,0.0,0.0,15403.837687565812
2025-03,emp-0028,Product Manager,R&D,R&D,False,Montreal,roster,1.0,73,12236.92221764046,978.9537774112368,1453.7463594556868,734.2153330584276,0.0,0.0,15403.837687565812
2025-04,emp-0028,Product Manager,R&D,R&D,False,Montreal,roster,1.0,74,12236.92221764046,978.9537774112368,1453.7463594556868,734.2153330584276,0.0,0.0,15403.837687565812
2025-05,emp-0028,Product Manager,R&D,R&D,False,Montreal,roster,1.0,75,12236.92221764046,978.9537774112368,1453.7463594556868,734.2153330584276,0.0,0.0,15403.837687565812
2025-06,emp-0028,Product Manager,R&D,R&D,False,Montreal,roster,1.0,76,12236.92221764046,978.9537774112368,1453.7463594556868,734.2153330584276,0.0,0.0,15403.837687565812
2025-07,emp-0028,Product Manager,R&D,R&D,False,Montreal,roster,1.0,77,12236.92221764046,978.9537774112368,1453.7463594556868,734.2153330584276,0.0,0.0,15403.837687565812
2025-08,emp-0028,Product Manager,R&D,R&D,False,Montreal,roster,1.0,78,12236.92221764046,978.9537774112368,1453.7463594556868,734.2153330584276,0.0,0.0,15403.837687565812
2025-09,emp-0028,Product Manager,R&D,R&D,False,Montreal,roster,1.0,79,12236.92221764046,978.9537774112368,1453.7463594556868,734.2153330584276,0.0,0.0,15403.837687565812
2025-10,emp-0028,Product Manager,R&D,R&D,False,Montreal,roster,1.0,80,12236.92221764046,978.9537774112368,1453.7463594556868,734.2153330584276,0.0,0.0,15403.837687565812
2025-11,emp-0028,Product Manager,R&D,R&D,False,Montreal,roster,1.0,81,12236.92221764046,978.9537774112368,1453.7463594556868,734.2153330584276,0.0,0.0,15403.837687565812
2025-12,emp-0028,Product Manager,R&D,R&D,False,Montreal,roster,1.0,82,12236.92221764046,978.9537774112368,1453.7463594556868,734.2153330584276,0.0,0.0,15403.837687565812
2026-01,emp-0028,Product Manager,R&D,R&D,False,Montreal,roster,1.0,83,12665.214495257876,1013.2171596206301,1504.6274820366357,759.9128697154725,0.0,0.0,15942.972006630614
2026-02,emp-0028,Product Manager,R&D,R&D,False,Montreal,roster,1.0,84,12665.214495257876,1013.2171596206301,1504.6274820366357,759.9128697154725,0.0,0.0,15942.972006630614
2026-03,emp-0028,Product Manager,R&D,R&D,False,Montreal,roster,1.0,85,12665.214495257876,1013.2171596206301,1504.6274820366357,759.9128697154725,0.0,0.0,15942.972006630614
2026-04,emp-0028,Product Manager,R&D,R&D,False,Montreal,roster,1.0,86,12665.214495257876,1013.2171596206301,1504.6274820366357,759.9128697154725,0.0,0.0,15942.972006630614
2026-05,emp-0028,Product Manager,R&D,R&D,False,Montreal,roster,1.0,87,12665.214495257876,1013.2171596206301,1504.6274820366357,759.9128697154725,0.0,0.0,15942.972006630614
2026-06,emp-0028,Product Manager,R&D,R&D,False,Montreal,roster,1.0,88,12665.214495257876,1013.2171596206301,1504.6274820366357,759.9128697154725,0.0,0.0,15942.972006630614
2026-07,emp-0028,Product Manager,R&D,R&D,False,Montreal,roster,1.0,89,12665.214495257876,1013.2171596206301,1504.6274820366357,759.9128697154725,0.0,0.0,15942.972006630614
2026-08,emp-0028,Product Manager,R&D,R&D,False,Montreal,roster,1.0,90,12665.214495257876,1013.2171596206301,1504.6274820366357,759.9128697154725,0.0,0.0,15942.972006630614
2024-09,emp-0029,Product Manager,R&D,R&D,False,Montreal,roster,1.0,35,11421.822314682531,913.7457851746025,1356.9124909842847,685.3093388809518,0.0,0.0,14377.78992972237
2024-10,emp-0029,Product Manager,R&D,R&D,False,Montreal,roster,1.0,36,11421.822314682531,913.7457851746025,1356.9124909842847,685.3093388809518,0.0,0.0,14377.78992972237
2024-11,emp-0029,Product Manager,R&D,R&D,False,Montreal,roster,1.0,37,11421.822314682531,913.7457851746025,1356.9124909842847,685.3093388809518,0.0,0.0,14377.78992972237
2024-12,emp-0029,Product Manager,R&D,R&D,False,Montreal,roster,1.0,38,11421.822314682531,913.7457851746025,1356.9124909842847,685.3093388809518,0.0,0.0,14377.78992972237
2025-01,emp-0029,Product Manager,R&D,R&D,False,Montreal,roster,1.0,39,11821.586095696417,945.7268876557134,1404.4044281687343,709.295165741785,0.0,0.0,14881.01257726265
2025-02,emp-0029,Product Manager,R&D,R&D,False,Montreal,roster,1.0,40,11821.586095696417,945.7268876557134,1404.4044281687343,709.295165741785,0.0,0.0,14881.01257726265
2025-03,emp-0029,Product Manager,R&D,R&D,False,Montreal,roster,1.0,41,11821.586095696417,945.7268876557134,1404.4044281687343,709.295165741785,0.0,0.0,14881.01257726265
2025-04,emp-0029,Product Manager,R&D,R&D,False,Montreal,roster,1.0,42,11821.586095696417,945.7268876557134,1404.4044281687343,709.295165741785,0.0,0.0,14881.01257726265
2025-05,emp-0029,Product Manager,R&D,R&D,False,Montreal,roster,1.0,43,11821.586095696417,945.7268876557134,1404.4044281687343,709.295165741785,0.0,0.0,14881.01257726265
2025-06,emp-0029,Product Manager,R&D,R&D,False,Montreal,roster,1.0,44,11821.586095696417,945.7268876557134,1404.4044281687343,709.295165741785,0.0,0.0,14881.01257726265
2025-07,emp-0029,Product Manager,R&D,R&D,False,Montreal,roster,1.0,45,11821.586095696417,945.7268876557134,1404.4044281687343,709.295165741785,0.0,0.0,14881.01257726265
2025-08,emp-0029,Product Manager,R&D,R&D,False,Montreal,roster,1.0,46,11821.586095696417,945.7268876557134,1404.4044281687343,709.295165741785,0.0,0.0,14881.01257726265
2025-09,emp-0029,Product Manager,R&D,R&D,False,Montreal,roster,1.0,47,11821.586095696417,945.7268876557134,1404.4044281687343,709.295165741785,0.0,0.0,14881.01257726265
2025-10,emp-0029,Product Manager,R&D,R&D,False,Montreal,roster,1.0,48,11821.586095696417,945.7268876557134,1404.4044281687343,709.295165741785,0.0,0.0,14881.01257726265
2025-11,emp-0029,Product Manager,R&D,R&D,False,Montreal,roster,1.0,49,11821.586095696417,945.7268876557134,1404.4044281687343,709.295165741785,0.0,0.0,14881.01257726265
2025-12,emp-0029,Product Manager,R&D,R&D,False,Montreal,roster,1.0,50,11821.586095696417,945.7268876557134,1404.4044281687343,709.295165741785,0.0,0.0,14881.01257726265
2026-01,emp-0029,Product Manager,R&D,R&D,False,Montreal,roster,1.0,51,12235.34160904579,978.8273287236633,1453.5585831546398,734.1204965427474,0.0,0.0,15401.84801746684
2026-02,emp-0029,Product Manager,R&D,R&D,False,Montreal,roster,1.0,52,12235.34160904579,978.8273287236633,1453.5585831546398,734.1204965427474,0.0,0.0,15401.84801746684
2026-03,emp-0029,Product Manager,R&D,R&D,False,Montreal,roster,1.0,53,12235.34160904579,978.8273287236633,1453.5585831546398,734.1204965427474,0.0,0.0,15401.84801746684
2026-04,emp-0029,Product Manager,R&D,R&D,False,Montreal,roster,1.0,54,12235.34160904579,978.8273287236633,1453.5585831546398,734.1204965427474,0.0,0.0,15401.84801746684
2026-05,emp-0029,Product Manager,R&D,R&D,False,Montreal,roster,1.0,55,12235.34160904579,978.8273287236633,1453.5585831546398,734.1204965427474,0.0,0.0,15401.84801746684
2026-06,emp-0029,Product Manager,R&D,R&D,False,Montreal,roster,1.0,56,12235.34160904579,978.8273287236633,1453.5585831546398,734.1204965427474,0.0,0.0,15401.84801746684
2026-07,emp-0029,Product Manager,R&D,R&D,False,Montreal,roster,1.0,57,12235.34160904579,978.8273287236633,1453.5585831546398,734.1204965427474,0.0,0.0,15401.84801746684
2026-08,emp-0029,Product Manager,R&D,R&D,False,Montreal,roster,1.0,58,12235.34160904579,978.8273287236633,1453.5585831546398,734.1204965427474,0.0,0.0,15401.84801746684
2024-09,emp-0030,Product Manager,R&D,R&D,False,Montreal,roster,1.0,41,11013.4242618454,881.0739409476321,1308.3948023072337,660.805455710724,0.0,0.0,13863.69846081099
2024-10,emp-0030,Product Manager,R&D,R&D,False,Montreal,roster,1.0,42,11013.4242618454,881.0739409476321,1308.3948023072337,660.805455710724,0.0,0.0,13863.69846081099
2024-11,emp-0030,Product Manager,R&D,R&D,False,Montreal,roster,1.0,43,11013.4242618454,881.0739409476321,1308.3948023072337,660.805455710724,0.0,0.0,13863.69846081099
2024-12,emp-0030,Product Manager,R&D,R&D,False,Montreal,roster,1.0,44,11013.4242618454,881.0739409476321,1308.3948023072337,660.805455710724,0.0,0.0,13863.69846081099
2024-09,emp-0031,Product Designer,R&D,R&D,False,Montreal,roster,1.0,67,9519.46779624138,761.5574236993104,1130.912774193476,571.1680677744828,0.0,0.0,11983.10606190865
2024-10,emp-0031,Product Designer,R&D,R&D,False,Montreal,roster,1.0,68,9519.46779624138,761.5574236993104,1130.912774193476,571.1680677744828,0.0,0.0,11983.10606190865
2024-11,emp-0031,Product Designer,R&D,R&D,False,Montreal,roster,1.0,69,9519.46779624138,761.5574236993104,1130.912774193476,571.1680677744828,0.0,0.0,11983.10606190865
2024-12,emp-0031,Product Designer,R&D,R&D,False,Montreal,roster,1.0,70,9519.46779624138,761.5574236993104,1130.912774193476,571.1680677744828,0.0,0.0,11983.10606190865
2025-01,emp-0031,Product Designer,R&D,R&D,False,Montreal,roster,1.0,71,9852.649169109827,788.2119335287862,1170.4947212902475,591.1589501465896,0.0,0.0,12402.514774075451
2025-02,emp-0031,Product Designer,R&D,R&D,False,Montreal,roster,1.0,72,9852.649169109827,788.2119335287862,1170.4947212902475,591.1589501465896,0.0,0.0,12402.514774075451
2025-03,emp-0031,Product Designer,R&D,R&D,False,Montreal,roster,1.0,73,9852.649169109827,788.2119335287862,1170.4947212902475,591.1589501465896,0.0,0.0,12402.514774075451
2025-04,emp-0031,Product Designer,R&D,R&D,False,Montreal,roster,1.0,74,9852.649169109827,788.2119335287862,1170.4947212902475,591.1589501465896,0.0,0.0,12402.514774075451
2025-05,emp-0031,Product Designer,R&D,R&D,False,Montreal,roster,1.0,75,9852.649169109827,788.2119335287862,1170.4947212902475,591.1589501465896,0.0,0.0,12402.514774075451
2025-06,emp-0031,Product Designer,R&D,R&D,False,Montreal,roster,1.0,76,9852.649169109827,788.2119335287862,1170.4947212902475,591.1589501465896,0.0,0.0,12402.514774075451
2025-07,emp-0031,Product Designer,R&D,R&D,False,Montreal,roster,1.0,77,9852.649169109827,788.2119335287862,1170.4947212902475,591.1589501465896,0.0,0.0,12402.514774075451
2025-08,emp-0031,Product Designer,R&D,R&D,False,Montreal,roster,1.0,78,9852.649169109827,788.2119335287862,1170.4947212902475,591.1589501465896,0.0,0.0,12402.514774075451
2025-09,emp-0031,Product Designer,R&D,R&D,False,Montreal,roster,1.0,79,9852.649169109827,788.2119335287862,1170.4947212902475,591.1589501465896,0.0,0.0,12402.514774075451
2025-10,emp-0031,Product Designer,R&D,R&D,False,Montreal,roster,1.0,80,9852.649169109827,788.2119335287862,1170.4947212902475,591.1589501465896,0.0,0.0,12402.514774075451
2025-11,emp-0031,Product Designer,R&D,R&D,False,Montreal,roster,1.0,81,9852.649169109827,788.2119335287862,1170.4947212902475,591.1589501465896,0.0,0.0,12402.514774075451
2025-12,emp-0031,Product Designer,R&D,R&D,False,Montreal,roster,1.0,82,9852.649169109827,788.2119335287862,1170.4947212902475,591.1589501465896,0.0,0.0,12402.514774075451
2026-01,emp-0031,Product Designer,R&D,R&D,False,Montreal,roster,1.0,83,10197.49189002867,815.7993512022937,1211.462036535406,611.8495134017202,0.0,0.0,12836.602791168089
2026-02,emp-0031,Product Designer,R&D,R&D,False,Montreal,roster,1.0,84,10197.49189002867,815.7993512022937,1211.462036535406,611.8495134017202,0.0,0.0,12836.602791168089
2026-03,emp-0031,Product Designer,R&D,R&D,False,Montreal,roster,1.0,85,10197.49189002867,815.7993512022937,1211.462036535406,611.8495134017202,0.0,0.0,12836.602791168089
2026-04,emp-0031,Product Designer,R&D,R&D,False,Montreal,roster,1.0,86,10197.49189002867,815.7993512022937,1211.462036535406,611.8495134017202,0.0,0.0,12836.602791168089
2026-05,emp-0031,Product Designer,R&D,R&D,False,Montreal,roster,1.0,87,10197.49189002867,815.7993512022937,1211.462036535406,611.8495134017202,0.0,0.0,12836.602791168089
2026-06,emp-0031,Product Designer,R&D,R&D,False,Montreal,roster,1.0,88,10197.49189002867,815.7993512022937,1211.462036535406,611.8495134017202,0.0,0.0,12836.602791168089
2026-07,emp-0031,Product Designer,R&D,R&D,False,Montreal,roster,1.0,89,10197.49189002867,815.7993512022937,1211.462036535406,611.8495134017202,0.0,0.0,12836.602791168089
2026-08,emp-0031,Product Designer,R&D,R&D,False,Montreal,roster,1.0,90,10197.49189002867,815.7993512022937,1211.462036535406,611.8495134017202,0.0,0.0,12836.602791168089
2024-09,emp-0032,Product Designer,R&D,R&D,False,Montreal,roster,1.0,25,8215.639654376846,657.2511723501477,976.0179909399694,492.93837926261074,0.0,0.0,10341.847196929575
2024-10,emp-0032,Product Designer,R&D,R&D,False,Montreal,roster,1.0,26,8215.639654376846,657.2511723501477,976.0179909399694,492.93837926261074,0.0,0.0,10341.847196929575
2024-11,emp-0032,Product Designer,R&D,R&D,False,Montreal,roster,1.0,27,8215.639654376846,657.2511723501477,976.0179909399694,492.93837926261074,0.0,0.0,10341.847196929575
2024-12,emp-0032,Product Designer,R&D,R&D,False,Montreal,roster,1.0,28,8215.639654376846,657.2511723501477,976.0179909399694,492.93837926261074,0.0,0.0,10341.847196929575
2025-01,emp-0032,Product Designer,R&D,R&D,False,Montreal,roster,1.0,29,8503.187042280033,680.2549633824027,1010.1786206228678,510.19122253680194,0.0,0.0,10703.811848822104
2025-02,emp-0032,Product Designer,R&D,R&D,False,Montreal,roster,1.0,30,8503.187042280033,680.2549633824027,1010.1786206228678,510.19122253680194,0.0,0.0,10703.811848822104
2025-03,emp-0032,Product Designer,R&D,R&D,False,Montreal,roster,1.0,31,8503.187042280033,680.2549633824027,1010.1786206228678,510.19122253680194,0.0,0.0,10703.811848822104
2025-04,emp-0032,Product Designer,R&D,R&D,False,Montreal,roster,1.0,32,8503.187042280033,680.2549633824027,1010.1786206228678,510.19122253680194,0.0,0.0,10703.811848822104
2025-05,emp-0032,Product Designer,R&D,R&D,False,Montreal,roster,1.0,33,8503.187042280033,680.2549633824027,1010.1786206228678,510.19122253680194,0.0,0.0,10703.811848822104
2025-06,emp-0032,Product Designer,R&D,R&D,False,Montreal,roster,1.0,34,8503.187042280033,680.2549633824027,1010.1786206228678,510.19122253680194,0.0,0.0,10703.811848822104
2025-07,emp-0032,Product Designer,R&D,R&D,False,Montreal,roster,1.0,35,8503.187042280033,680.2549633824027,1010.1786206228678,510.19122253680194,0.0,0.0,10703.811848822104
2025-08,emp-0032,Product Designer,R&D,R&D,False,Montreal,roster,1.0,36,8503.187042280033,680.2549633824027,1010.1786206228678,510.19122253680194,0.0,0.0,10703.811848822104
2025-09,emp-0032,Product Designer,R&D,R&D,False,Montreal,roster,1.0,37,8503.187042280033,680.2549633824027,1010.1786206228678,510.19122253680194,0.0,0.0,10703.811848822104
2025-10,emp-0032,Product Designer,R&D,R&D,False,Montreal,roster,1.0,38,8503.187042280033,680.2549633824027,1010.1786206228678,510.19122253680194,0.0,0.0,10703.811848822104
2025-11,emp-0032,Product Designer,R&D,R&D,False,Montreal,roster,1.0,39,8503.187042280033,680.2549633824027,1010.1786206228678,510.19122253680194,0.0,0.0,10703.811848822104
2025-12,emp-0032,Product Designer,R&D,R&D,False,Montreal,roster,1.0,40,8503.187042280033,680.2549633824027,1010.1786206228678,510.19122253680194,0.0,0.0,10703.811848822104
2026-01,emp-0032,Product Designer,R&D,R&D,False,Montreal,roster,1.0,41,8800.798588759835,704.0638871007868,1045.5348723446684,528.0479153255901,0.0,0.0,11078.44526353088
2026-02,emp-0032,Product Designer,R&D,R&D,False,Montreal,roster,1.0,42,8800.798588759835,704.0638871007868,1045.5348723446684,528.0479153255901,0.0,0.0,11078.44526353088
2026-03,emp-0032,Product Designer,R&D,R&D,False,Montreal,roster,1.0,43,8800.798588759835,704.0638871007868,1045.5348723446684,528.0479153255901,0.0,0.0,11078.44526353088
2026-04,emp-0032,Product Designer,R&D,R&D,False,Montreal,roster,1.0,44,8800.798588759835,704.0638871007868,1045.5348723446684,528.0479153255901,0.0,0.0,11078.44526353088
2026-05,emp-0032,Product Designer,R&D,R&D,False,Montreal,roster,1.0,45,8800.798588759835,704.0638871007868,1045.5348723446684,528.0479153255901,0.0,0.0,11078.44526353088
2026-06,emp-0032,Product Designer,R&D,R&D,False,Montreal,roster,1.0,46,8800.798588759835,704.0638871007868,1045.5348723446684,528.0479153255901,0.0,0.0,11078.44526353088
2026-07,emp-0032,Product Designer,R&D,R&D,False,Montreal,roster,1.0,47,8800.798588759835,704.0638871007868,1045.5348723446684,528.0479153255901,0.0,0.0,11078.44526353088
2026-08,emp-0032,Product Designer,R&D,R&D,False,Montreal,roster,1.0,48,8800.798588759835,704.0638871007868,1045.5348723446684,528.0479153255901,0.0,0.0,11078.44526353088
2024-09,emp-0033,Data Engineer,R&D,R&D,False,Montreal,roster,1.0,35,11650.430523987023,932.0344419189619,1384.0711462496583,699.0258314392213,0.0,0.0,14665.561943594865
2024-10,emp-0033,Data Engineer,R&D,R&D,False,Montreal,roster,1.0,36,11650.430523987023,932.0344419189619,1384.0711462496583,699.0258314392213,0.0,0.0,14665.561943594865
2024-11,emp-0033,Data Engineer,R&D,R&D,False,Montreal,roster,1.0,37,11650.430523987023,932.0344419189619,1384.0711462496583,699.0258314392213,0.0,0.0,14665.561943594865
2024-12,emp-0033,Data Engineer,R&D,R&D,False,Montreal,roster,1.0,38,11650.430523987023,932.0344419189619,1384.0711462496583,699.0258314392213,0.0,0.0,14665.561943594865
2025-01,emp-0033,Data Engineer,R&D,R&D,False,Montreal,roster,1.0,39,12058.195592326569,964.6556473861256,1432.5136363683964,723.4917355395941,0.0,0.0,15178.856611620684
2025-02,emp-0033,Data Engineer,R&D,R&D,False,Montreal,roster,1.0,40,12058.195592326569,964.6556473861256,1432.5136363683964,723.4917355395941,0.0,0.0,15178.856611620684
2025-03,emp-0033,Data Engineer,R&D,R&D,False,Montreal,roster,1.0,41,12058.195592326569,964.6556473861256,1432.5136363683964,723.4917355395941,0.0,0.0,15178.856611620684
2025-04,emp-0033,Data Engineer,R&D,R&D,False,Montreal,roster,1.0,42,12058.195592326569,964.6556473861256,1432.5136363683964,723.4917355395941,0.0,0.0,15178.856611620684
2025-05,emp-0033,Data Engineer,R&D,R&D,False,Montreal,roster,1.0,43,12058.195592326569,964.6556473861256,1432.5136363683964,723.4917355395941,0.0,0.0,15178.856611620684
2025-06,emp-0033,Data Engineer,R&D,R&D,False,Montreal,roster,1.0,44,12058.195592326569,964.6556473861256,1432.5136363683964,723.4917355395941,0.0,0.0,15178.856611620684
2025-07,emp-0033,Data Engineer,R&D,R&D,False,Montreal,roster,1.0,45,12058.195592326569,964.6556473861256,1432.5136363683964,723.4917355395941,0.0,0.0,15178.856611620684
2025-08,emp-0033,Data Engineer,R&D,R&D,False,Montreal,roster,1.0,46,12058.195592326569,964.6556473861256,1432.5136363683964,723.4917355395941,0.0,0.0,15178.856611620684
2025-09,emp-0033,Data Engineer,R&D,R&D,False,Montreal,roster,1.0,47,12058.195592326569,964.6556473861256,1432.5136363683964,723.4917355395941,0.0,0.0,15178.856611620684
2025-10,emp-0033,Data Engineer,R&D,R&D,False,Montreal,roster,1.0,48,12058.195592326569,964.6556473861256,1432.5136363683964,723.4917355395941,0.0,0.0,15178.856611620684
2025-11,emp-0033,Data Engineer,R&D,R&D,False,Montreal,roster,1.0,49,12058.195592326569,964.6556473861256,1432.5136363683964,723.4917355395941,0.0,0.0,15178.856611620684
2025-12,emp-0033,Data Engineer,R&D,R&D,False,Montreal,roster,1.0,50,12058.195592326569,964.6556473861256,1432.5136363683964,723.4917355395941,0.0,0.0,15178.856611620684
2026-01,emp-0033,Data Engineer,R&D,R&D,False,Montreal,roster,1.0,51,12480.232438057996,998.4185950446397,1482.65161364129,748.8139462834797,0.0,0.0,15710.116593027404
2026-02,emp-0033,Data Engineer,R&D,R&D,False,Montreal,roster,1.0,52,12480.232438057996,998.4185950446397,1482.65161364129,748.8139462834797,0.0,0.0,15710.116593027404
2026-03,emp-0033,Data Engineer,R&D,R&D,False,Montreal,roster,1.0,53,12480.232438057996,998.4185950446397,1482.65161364129,748.8139462834797,0.0,0.0,15710.116593027404
2026-04,emp-0033,Data Engineer,R&D,R&D,False,Montreal,roster,1.0,54,12480.232438057996,998.4185950446397,1482.65161364129,748.8139462834797,0.0,0.0,15710.116593027404
2026-05,emp-0033,Data Engineer,R&D,R&D,False,Montreal,roster,1.0,55,12480.232438057996,998.4185950446397,1482.65161364129,748.8139462834797,0.0,0.0,15710.116593027404
2026-06,emp-0033,Data Engineer,R&D,R&D,False,Montreal,roster,1.0,56,12480.232438057996,998.4185950446397,1482.65161364129,748.8139462834797,0.0,0.0,15710.116593027404
2026-07,emp-0033,Data Engineer,R&D,R&D,False,Montreal,roster,1.0,57,12480.232438057996,998.4185950446397,1482.65161364129,748.8139462834797,0.0,0.0,15710.116593027404
2026-08,emp-0033,Data Engineer,R&D,R&D,False,Montreal,roster,1.0,58,12480.232438057996,998.4185950446397,1482.65161364129,748.8139462834797,0.0,0.0,15710.116593027404
2024-09,emp-0034,Data Engineer,R&D,R&D,False,Montreal,roster,1.0,39,11434.495527690975,914.7596422152781,1358.418068689688,686.0697316614585,0.0,0.0,14393.742970257399
2024-10,emp-0034,Data Engineer,R&D,R&D,False,Montreal,roster,1.0,40,11434.495527690975,914.7596422152781,1358.418068689688,686.0697316614585,0.0,0.0,14393.742970257399
2024-11,emp-0034,Data Engineer,R&D,R&D,False,Montreal,roster,1.0,41,11434.495527690975,914.7596422152781,1358.418068689688,686.0697316614585,0.0,0.0,14393.742970257399
2024-12,emp-0034,Data Engineer,R&D,R&D,False,Montreal,roster,1.0,42,11434.495527690975,914.7596422152781,1358.418068689688,686.0697316614585,0.0,0.0,14393.742970257399
2025-01,emp-0034,Data Engineer,R&D,R&D,False,Montreal,roster,1.0,43,11834.702871160158,946.7762296928126,1405.9627010938268,710.0821722696095,0.0,0.0,14897.523974216407
2025-02,emp-0034,Data Engineer,R&D,R&D,False,Montreal,roster,1.0,44,11834.702871160158,946.7762296928126,1405.9627010938268,710.0821722696095,0.0,0.0,14897.523974216407
2025-03,emp-0034,Data Engineer,R&D,R&D,False,Montreal,roster,1.0,45,11834.702871160158,946.7762296928126,1405.9627010938268,710.0821722696095,0.0,0.0,14897.523974216407
2025-04,emp-0034,Data Engineer,R&D,R&D,False,Montreal,roster,1.0,46,11834.702871160158,946.7762296928126,1405.9627010938268,710.0821722696095,0.0,0.0,14897.523974216407
2025-05,emp-0034,Data Engineer,R&D,R&D,False,Montreal,roster,1.0,47,11834.702871160158,946.7762296928126,1405.9627010938268,710.0821722696095,0.0,0.0,14897.523974216407
2025-06,emp-0034,Data Engineer,R&D,R&D,False,Montreal,roster,1.0,48,11834.702871160158,946.7762296928126,1405.9627010938268,710.0821722696095,0.0,0.0,14897.523974216407
2025-07,emp-0034,Data Engineer,R&D,R&D,False,Montreal,roster,1.0,49,11834.702871160158,946.7762296928126,1405.9627010938268,710.0821722696095,0.0,0.0,14897.523974216407
2025-08,emp-0034,Data Engineer,R&D,R&D,False,Montreal,roster,1.0,50,11834.702871160158,946.7762296928126,1405.9627010938268,710.0821722696095,0.0,0.0,14897.523974216407
2025-09,emp-0034,Data Engineer,R&D,R&D,False,Montreal,roster,1.0,51,11834.702871160158,946.7762296928126,1405.9627010938268,710.0821722696095,0.0,0.0,14897.523974216407
2025-10,emp-0034,Data Engineer,R&D,R&D,False,Montreal,roster,1.0,52,11834.702871160158,946.7762296928126,1405.9627010938268,710.0821722696095,0.0,0.0,14897.523974216407
2025-11,emp-0034,Data Engineer,R&D,R&D,False,Montreal,roster,1.0,53,11834.702871160158,946.7762296928126,1405.9627010938268,710.0821722696095,0.0,0.0,14897.523974216407
2025-12,emp-0034,Data Engineer,R&D,R&D,False,Montreal,roster,1.0,54,11834.702871160158,946.7762296928126,1405.9627010938268,710.0821722696095,0.0,0.0,14897.523974216407
2026-01,emp-0034,Data Engineer,R&D,R&D,False,Montreal,roster,1.0,55,12248.917471650762,979.913397732061,1455.1713956321107,734.9350482990457,0.0,0.0,15418.93731331398
2026-02,emp-0034,Data Engineer,R&D,R&D,False,Montreal,roster,1.0,56,12248.917471650762,979.913397732061,1455.1713956321107,734.9350482990457,0.0,0.0,15418.93731331398
2026-03,emp-0034,Data Engineer,R&D,R&D,False,Montreal,roster,1.0,57,12248.917471650762,979.913397732061,1455.1713956321107,734.9350482990457,0.0,0.0,15418.93731331398
2026-04,emp-0034,Data Engineer,R&D,R&D,False,Montreal,roster,1.0,58,12248.917471650762,979.913397732061,1455.1713956321107,734.9350482990457,0.0,0.0,15418.93731331398
2026-05,emp-0034,Data Engineer,R&D,R&D,False,Montreal,roster,1.0,59,12248.917471650762,979.913397732061,1455.1713956321107,734.9350482990457,0.0,0.0,15418.93731331398
2026-06,emp-0034,Data Engineer,R&D,R&D,False,Montreal,roster,1.0,60,12248.917471650762,979.913397732061,1455.1713956321107,734.9350482990457,0.0,0.0,15418.93731331398
2026-07,emp-0034,Data Engineer,R&D,R&D,False,Montreal,roster,1.0,61,12248.917471650762,979.913397732061,1455.1713956321107,734.9350482990457,0.0,0.0,15418.93731331398
2026-08,emp-0034,Data Engineer,R&D,R&D,False,Montreal,roster,1.0,62,12248.917471650762,979.913397732061,1455.1713956321107,734.9350482990457,0.0,0.0,15418.93731331398
2024-09,emp-0035,Software Engineer,R&D,R&D,False,Paris,roster,1.0,41,7575.562825702377,606.0450260561902,3436.275297738598,378.77814128511886,0.0,0.0,11996.661290782284
2024-10,emp-0035,Software Engineer,R&D,R&D,False,Paris,roster,1.0,42,7575.562825702377,606.0450260561902,3436.275297738598,378.77814128511886,0.0,0.0,11996.661290782284
2024-11,emp-0035,Software Engineer,R&D,R&D,False,Paris,roster,1.0,43,7575.562825702377,606.0450260561902,3436.275297738598,378.77814128511886,0.0,0.0,11996.661290782284
2024-12,emp-0035,Software Engineer,R&D,R&D,False,Paris,roster,1.0,44,7575.562825702377,606.0450260561902,3436.275297738598,378.77814128511886,0.0,0.0,11996.661290782284
2025-01,emp-0035,Software Engineer,R&D,R&D,False,Paris,roster,1.0,45,7840.707524601959,627.2566019681568,3556.5449331594486,392.035376230098,0.0,0.0,12416.544435959662
2025-02,emp-0035,Software Engineer,R&D,R&D,False,Paris,roster,1.0,46,7840.707524601959,627.2566019681568,3556.5449331594486,392.035376230098,0.0,0.0,12416.544435959662
2025-03,emp-0035,Software Engineer,R&D,R&D,False,Paris,roster,1.0,47,7840.707524601959,627.2566019681568,3556.5449331594486,392.035376230098,0.0,0.0,12416.544435959662
2025-04,emp-0035,Software Engineer,R&D,R&D,False,Paris,roster,1.0,48,7840.707524601959,627.2566019681568,3556.5449331594486,392.035376230098,0.0,0.0,12416.544435959662
2025-05,emp-0035,Software Engineer,R&D,R&D,False,Paris,roster,1.0,49,7840.707524601959,627.2566019681568,3556.5449331594486,392.035376230098,0.0,0.0,12416.544435959662
2025-06,emp-0035,Software Engineer,R&D,R&D,False,Paris,roster,1.0,50,7840.707524601959,627.2566019681568,3556.5449331594486,392.035376230098,0.0,0.0,12416.544435959662
2025-07,emp-0035,Software Engineer,R&D,R&D,False,Paris,roster,1.0,51,7840.707524601959,627.2566019681568,3556.5449331594486,392.035376230098,0.0,0.0,12416.544435959662
2025-08,emp-0035,Software Engineer,R&D,R&D,False,Paris,roster,1.0,52,7840.707524601959,627.2566019681568,3556.5449331594486,392.035376230098,0.0,0.0,12416.544435959662
2025-09,emp-0035,Software Engineer,R&D,R&D,False,Paris,roster,1.0,53,7840.707524601959,627.2566019681568,3556.5449331594486,392.035376230098,0.0,0.0,12416.544435959662
2025-10,emp-0035,Software Engineer,R&D,R&D,False,Paris,roster,1.0,54,7840.707524601959,627.2566019681568,3556.5449331594486,392.035376230098,0.0,0.0,12416.544435959662
2025-11,emp-0035,Software Engineer,R&D,R&D,False,Paris,roster,1.0,55,7840.707524601959,627.2566019681568,3556.5449331594486,392.035376230098,0.0,0.0,12416.544435959662
2025-12,emp-0035,Software Engineer,R&D,R&D,False,Paris,roster,1.0,56,7840.707524601959,627.2566019681568,3556.5449331594486,392.035376230098,0.0,0.0,12416.544435959662
2026-01,emp-0035,Software Engineer,R&D,R&D,False,Paris,roster,1.0,57,8115.132287963027,649.2105830370422,3681.0240058200293,405.7566143981514,0.0,0.0,12851.12349121825
2026-02,emp-0035,Software Engineer,R&D,R&D,False,Paris,roster,1.0,58,8115.132287963027,649.2105830370422,3681.0240058200293,405.7566143981514,0.0,0.0,12851.12349121825
2026-03,emp-0035,Software Engineer,R&D,R&D,False,Paris,roster,1.0,59,8115.132287963027,649.2105830370422,3681.0240058200293,405.7566143981514,0.0,0.0,12851.12349121825
2026-04,emp-0035,Software Engineer,R&D,R&D,False,Paris,roster,1.0,60,8115.132287963027,649.2105830370422,3681.0240058200293,405.7566143981514,0.0,0.0,12851.12349121825
2026-05,emp-0035,Software Engineer,R&D,R&D,False,Paris,roster,1.0,61,8115.132287963027,649.2105830370422,3681.0240058200293,405.7566143981514,0.0,0.0,12851.12349121825
2026-06,emp-0035,Software Engineer,R&D,R&D,False,Paris,roster,1.0,62,8115.132287963027,649.2105830370422,3681.0240058200293,405.7566143981514,0.0,0.0,12851.12349121825
2026-07,emp-0035,Software Engineer,R&D,R&D,False,Paris,roster,1.0,63,8115.132287963027,649.2105830370422,3681.0240058200293,405.7566143981514,0.0,0.0,12851.12349121825
2026-08,emp-0035,Software Engineer,R&D,R&D,False,Paris,roster,1.0,64,8115.132287963027,649.2105830370422,3681.0240058200293,405.7566143981514,0.0,0.0,12851.12349121825
2024-09,emp-0036,Software Engineer,R&D,R&D,False,Paris,roster,1.0,52,8328.209006344068,666.2567205075255,3777.675605277669,416.4104503172034,0.0,0.0,13188.551782446466
2024-10,emp-0036,Software Engineer,R&D,R&D,False,Paris,roster,1.0,53,8328.209006344068,666.2567205075255,3777.675605277669,416.4104503172034,0.0,0.0,13188.551782446466
2024-11,emp-0036,Software Engineer,R&D,R&D,False,Paris,roster,1.0,54,8328.209006344068,666.2567205075255,3777.675605277669,416.4104503172034,0.0,0.0,13188.551782446466
2024-12,emp-0036,Software Engineer,R&D,R&D,False,Paris,roster,1.0,55,8328.209006344068,666.2567205075255,3777.675605277669,416.4104503172034,0.0,0.0,13188.551782446466
2025-01,emp-0036,Software Engineer,R&D,R&D,False,Paris,roster,1.0,56,8619.696321566109,689.5757057252887,3909.894251462387,430.98481607830547,0.0,0.0,13650.15109483209
2025-02,emp-0036,Software Engineer,R&D,R&D,False,Paris,roster,1.0,57,8619.696321566109,689.5757057252887,3909.894251462387,430.98481607830547,0.0,0.0,13650.15109483209
2025-03,emp-0036,Software Engineer,R&D,R&D,False,Paris,roster,1.0,58,8619.696321566109,689.5757057252887,3909.894251462387,430.98481607830547,0.0,0.0,13650.15109483209
2025-04,emp-0036,Software Engineer,R&D,R&D,False,Paris,roster,1.0,59,8619.696321566109,689.5757057252887,3909.894251462387,430.98481607830547,0.0,0.0,13650.15109483209
2025-05,emp-0036,Software Engineer,R&D,R&D,False,Paris,roster,1.0,60,8619.696321566109,689.5757057252887,3909.894251462387,430.98481607830547,0.0,0.0,13650.15109483209
2025-06,emp-0036,Software Engineer,R&D,R&D,False,Paris,roster,1.0,61,8619.696321566109,689.5757057252887,3909.894251462387,430.98481607830547,0.0,0.0,13650.15109483209
2025-07,emp-0036,Software Engineer,R&D,R&D,False,Paris,roster,1.0,62,8619.696321566109,689.5757057252887,3909.894251462387,430.98481607830547,0.0,0.0,13650.15109483209
2025-08,emp-0036,Software Engineer,R&D,R&D,False,Paris,roster,1.0,63,8619.696321566109,689.5757057252887,3909.894251462387,430.98481607830547,0.0,0.0,13650.15109483209
2025-09,emp-0036,Software Engineer,R&D,R&D,False,Paris,roster,1.0,64,8619.696321566109,689.5757057252887,3909.894251462387,430.98481607830547,0.0,0.0,13650.15109483209
2025-10,emp-0036,Software Engineer,R&D,R&D,False,Paris,roster,1.0,65,8619.696321566109,689.5757057252887,3909.894251462387,430.98481607830547,0.0,0.0,13650.15109483209
2025-11,emp-0036,Software Engineer,R&D,R&D,False,Paris,roster,1.0,66,8619.696321566109,689.5757057252887,3909.894251462387,430.98481607830547,0.0,0.0,13650.15109483209
2025-12,emp-0036,Software Engineer,R&D,R&D,False,Paris,roster,1.0,67,8619.696321566109,689.5757057252887,3909.894251462387,430.98481607830547,0.0,0.0,13650.15109483209
2026-01,emp-0036,Software Engineer,R&D,R&D,False,Paris,roster,1.0,68,8921.385692820922,713.7108554256738,4046.74055026357,446.0692846410461,0.0,0.0,14127.906383151212
2026-02,emp-0036,Software Engineer,R&D,R&D,False,Paris,roster,1.0,69,8921.385692820922,713.7108554256738,4046.74055026357,446.0692846410461,0.0,0.0,14127.906383151212
2026-03,emp-0036,Software Engineer,R&D,R&D,False,Paris,roster,1.0,70,8921.385692820922,713.7108554256738,4046.74055026357,446.0692846410461,0.0,0.0,14127.906383151212
2026-04,emp-0036,Software Engineer,R&D,R&D,False,Paris,roster,1.0,71,8921.385692820922,713.7108554256738,4046.74055026357,446.0692846410461,0.0,0.0,14127.906383151212
2026-05,emp-0036,Software Engineer,R&D,R&D,False,Paris,roster,1.0,72,8921.385692820922,713.7108554256738,4046.74055026357,446.0692846410461,0.0,0.0,14127.906383151212
2026-06,emp-0036,Software Engineer,R&D,R&D,False,Paris,roster,1.0,73,8921.385692820922,713.7108554256738,4046.74055026357,446.0692846410461,0.0,0.0,14127.906383151212
2026-07,emp-0036,Software Engineer,R&D,R&D,False,Paris,roster,1.0,74,8921.385692820922,713.7108554256738,4046.74055026357,446.0692846410461,0.0,0.0,14127.906383151212
2026-08,emp-0036,Software Engineer,R&D,R&D,False,Paris,roster,1.0,75,8921.385692820922,713.7108554256738,4046.74055026357,446.0692846410461,0.0,0.0,14127.906383151212
2024-09,emp-0037,Software Engineer,R&D,R&D,False,Paris,roster,1.0,35,6935.898513677298,554.8718810941839,3146.1235658040223,346.7949256838649,0.0,0.0,10983.68888625937
2024-10,emp-0037,Software Engineer,R&D,R&D,False,Paris,roster,1.0,36,6935.898513677298,554.8718810941839,3146.1235658040223,346.7949256838649,0.0,0.0,10983.68888625937
2024-11,emp-0037,Software Engineer,R&D,R&D,False,Paris,roster,1.0,37,6935.898513677298,554.8718810941839,3146.1235658040223,346.7949256838649,0.0,0.0,10983.68888625937
2024-12,emp-0037,Software Engineer,R&D,R&D,False,Paris,roster,1.0,38,6935.898513677298,554.8718810941839,3146.1235658040223,346.7949256838649,0.0,0.0,10983.68888625937
2025-01,emp-0037,Software Engineer,R&D,R&D,False,Paris,roster,1.0,39,7178.654961656003,574.2923969324803,3256.237890607163,358.9327480828002,0.0,0.0,11368.117997278447
2025-02,emp-0037,Software Engineer,R&D,R&D,False,Paris,roster,1.0,40,7178.654961656003,574.2923969324803,3256.237890607163,358.9327480828002,0.0,0.0,11368.117997278447
2025-03,emp-0037,Software Engineer,R&D,R&D,False,Paris,roster,1.0,41,7178.654961656003,574.2923969324803,3256.237890607163,358.9327480828002,0.0,0.0,11368.117997278447
2025-04,emp-0037,Software Engineer,R&D,R&D,False,Paris,roster,1.0,42,7178.654961656003,574.2923969324803,3256.237890607163,358.9327480828002,0.0,0.0,11368.117997278447
2025-05,emp-0037,Software Engineer,R&D,R&D,False,Paris,roster,1.0,43,7178.654961656003,574.2923969324803,3256.237890607163,358.9327480828002,0.0,0.0,11368.117997278447
2025-06,emp-0037,Software Engineer,R&D,R&D,False,Paris,roster,1.0,44,7178.654961656003,574.2923969324803,3256.237890607163,358.9327480828002,0.0,0.0,11368.117997278447
2025-07,emp-0037,Software Engineer,R&D,R&D,False,Paris,roster,1.0,45,7178.654961656003,574.2923969324803,3256.237890607163,358.9327480828002,0.0,0.0,11368.117997278447
2025-08,emp-0037,Software Engineer,R&D,R&D,False,Paris,roster,1.0,46,7178.654961656003,574.2923969324803,3256.237890607163,358.9327480828002,0.0,0.0,11368.117997278447
2025-09,emp-0037,Software Engineer,R&D,R&D,False,Paris,roster,1.0,47,7178.654961656003,574.2923969324803,3256.237890607163,358.9327480828002,0.0,0.0,11368.117997278447
2025-10,emp-0037,Software Engineer,R&D,R&D,False,Paris,roster,1.0,48,7178.654961656003,574.2923969324803,3256.237890607163,358.9327480828002,0.0,0.0,11368.117997278447
2025-11,emp-0037,Software Engineer,R&D,R&D,False,Paris,roster,1.0,49,7178.654961656003,574.2923969324803,3256.237890607163,358.9327480828002,0.0,0.0,11368.117997278447
2025-12,emp-0037,Software Engineer,R&D,R&D,False,Paris,roster,1.0,50,7178.654961656003,574.2923969324803,3256.237890607163,358.9327480828002,0.0,0.0,11368.117997278447
2026-01,emp-0037,Software Engineer,R&D,R&D,False,Paris,roster,1.0,51,7429.907885313963,594.3926308251171,3370.2062167784134,371.49539426569817,0.0,0.0,11766.00212718319
2026-02,emp-0037,Software Engineer,R&D,R&D,False,Paris,roster,1.0,52,7429.907885313963,594.3926308251171,3370.2062167784134,371.49539426569817,0.0,0.0,11766.00212718319
2026-03,emp-0037,Software Engineer,R&D,R&D,False,Paris,roster,1.0,53,7429.907885313963,594.3926308251171,3370.2062167784134,371.49539426569817,0.0,0.0,11766.00212718319
2026-04,emp-0037,Software Engineer,R&D,R&D,False,Paris,roster,1.0,54,7429.907885313963,594.3926308251171,3370.2062167784134,371.49539426569817,0.0,0.0,11766.00212718319
2026-05,emp-0037,Software Engineer,R&D,R&D,False,Paris,roster,1.0,55,7429.907885313963,594.3926308251171,3370.2062167784134,371.49539426569817,0.0,0.0,11766.00212718319
2026-06,emp-0037,Software Engineer,R&D,R&D,False,Paris,roster,1.0,56,7429.907885313963,594.3926308251171,3370.2062167784134,371.49539426569817,0.0,0.0,11766.00212718319
2026-07,emp-0037,Software Engineer,R&D,R&D,False,Paris,roster,1.0,57,7429.907885313963,594.3926308251171,3370.2062167784134,371.49539426569817,0.0,0.0,11766.00212718319
2026-08,emp-0037,Software Engineer,R&D,R&D,False,Paris,roster,1.0,58,7429.907885313963,594.3926308251171,3370.2062167784134,371.49539426569817,0.0,0.0,11766.00212718319
2024-09,emp-0038,Software Engineer,R&D,R&D,False,Paris,roster,1.0,12,7550.71392113464,604.0571136907712,3425.0038346266724,377.53569605673204,0.0,0.0,11957.310565508815
2024-10,emp-0038,Software Engineer,R&D,R&D,False,Paris,roster,1.0,13,7550.71392113464,604.0571136907712,3425.0038346266724,377.53569605673204,0.0,0.0,11957.310565508815
2024-11,emp-0038,Software Engineer,R&D,R&D,False,Paris,roster,1.0,14,7550.71392113464,604.0571136907712,3425.0038346266724,377.53569605673204,0.0,0.0,11957.310565508815
2024-12,emp-0038,Software Engineer,R&D,R&D,False,Paris,roster,1.0,15,7550.71392113464,604.0571136907712,3425.0038346266724,377.53569605673204,0.0,0.0,11957.310565508815
2025-01,emp-0038,Software Engineer,R&D,R&D,False,Paris,roster,1.0,16,7814.988908374352,625.1991126699481,3544.8789688386055,390.74944541871764,0.0,0.0,12375.816435301624
2025-02,emp-0038,Software Engineer,R&D,R&D,False,Paris,roster,1.0,17,7814.988908374352,625.1991126699481,3544.8789688386055,390.74944541871764,0.0,0.0,12375.816435301624
2025-03,emp-0038,Software Engineer,R&D,R&D,False,Paris,roster,1.0,18,7814.988908374352,625.1991126699481,3544.8789688386055,390.74944541871764,0.0,0.0,12375.816435301624
2025-04,emp-0038,Software Engineer,R&D,R&D,False,Paris,roster,1.0,19,7814.988908374352,625.1991126699481,3544.8789688386055,390.74944541871764,0.0,0.0,12375.816435301624
2025-05,emp-0038,Software Engineer,R&D,R&D,False,Paris,roster,1.0,20,7814.988908374352,625.1991126699481,3544.8789688386055,390.74944541871764,0.0,0.0,12375.816435301624
2025-06,emp-0038,Software Engineer,R&D,R&D,False,Paris,roster,1.0,21,7814.988908374352,625.1991126699481,3544.8789688386055,390.74944541871764,0.0,0.0,12375.816435301624
2025-07,emp-0038,Software Engineer,R&D,R&D,False,Paris,roster,1.0,22,7814.988908374352,625.1991126699481,3544.8789688386055,390.74944541871764,0.0,0.0,12375.816435301624
2025-08,emp-0038,Software Engineer,R&D,R&D,False,Paris,roster,1.0,23,7814.988908374352,625.1991126699481,3544.8789688386055,390.74944541871764,0.0,0.0,12375.816435301624
2025-09,emp-0038,Software Engineer,R&D,R&D,False,Paris,roster,1.0,24,7814.988908374352,625.1991126699481,3544.8789688386055,390.74944541871764,0.0,0.0,12375.816435301624
2025-10,emp-0038,Software Engineer,R&D,R&D,False,Paris,roster,1.0,25,7814.988908374352,625.1991126699481,3544.8789688386055,390.74944541871764,0.0,0.0,12375.816435301624
2025-11,emp-0038,Software Engineer,R&D,R&D,False,Paris,roster,1.0,26,7814.988908374352,625.1991126699481,3544.8789688386055,390.74944541871764,0.0,0.0,12375.816435301624
2025-12,emp-0038,Software Engineer,R&D,R&D,False,Paris,roster,1.0,27,7814.988908374352,625.1991126699481,3544.8789688386055,390.74944541871764,0.0,0.0,12375.816435301624
2026-01,emp-0038,Software Engineer,R&D,R&D,False,Paris,roster,1.0,28,8088.513520167454,647.0810816133963,3668.949732747957,404.4256760083727,0.0,0.0,12808.970010537181
2026-02,emp-0038,Software Engineer,R&D,R&D,False,Paris,roster,1.0,29,8088.513520167454,647.0810816133963,3668.949732747957,404.4256760083727,0.0,0.0,12808.970010537181
2026-03,emp-0038,Software Engineer,R&D,R&D,False,Paris,roster,1.0,30,8088.513520167454,647.0810816133963,3668.949732747957,404.4256760083727,0.0,0.0,12808.970010537181
2026-04,emp-0038,Software Engineer,R&D,R&D,False,Paris,roster,1.0,31,8088.513520167454,647.0810816133963,3668.949732747957,404.4256760083727,0.0,0.0,12808.970010537181
2026-05,emp-0038,Software Engineer,R&D,R&D,False,Paris,roster,1.0,32,8088.513520167454,647.0810816133963,3668.949732747957,404.4256760083727,0.0,0.0,12808.970010537181
2026-06,emp-0038,Software Engineer,R&D,R&D,False,Paris,roster,1.0,33,8088.513520167454,647.0810816133963,3668.949732747957,404.4256760083727,0.0,0.0,12808.970010537181
2026-07,emp-0038,Software Engineer,R&D,R&D,False,Paris,roster,1.0,34,8088.513520167454,647.0810816133963,3668.949732747957,404.4256760083727,0.0,0.0,12808.970010537181
2026-08,emp-0038,Software Engineer,R&D,R&D,False,Paris,roster,1.0,35,8088.513520167454,647.0810816133963,3668.949732747957,404.4256760083727,0.0,0.0,12808.970010537181
2024-09,emp-0039,Software Engineer,R&D,R&D,False,Paris,roster,1.0,9,6521.027371522697,521.6821897218158,2957.938015722695,326.05136857613485,0.0,0.0,10326.698945543341
2024-10,emp-0039,Software Engineer,R&D,R&D,False,Paris,roster,1.0,10,6521.027371522697,521.6821897218158,2957.938015722695,326.05136857613485,0.0,0.0,10326.698945543341
2024-11,emp-0039,Software Engineer,R&D,R&D,False,Paris,roster,1.0,11,6521.027371522697,521.6821897218158,2957.938015722695,326.05136857613485,0.0,0.0,10326.698945543341
2024-12,emp-0039,Software Engineer,R&D,R&D,False,Paris,roster,1.0,12,6521.027371522697,521.6821897218158,2957.938015722695,326.05136857613485,0.0,0.0,10326.698945543341
2025-01,emp-0039,Software Engineer,R&D,R&D,False,Paris,roster,1.0,13,6749.26332952599,539.9410663620793,3061.465846272989,337.46316647629953,0.0,0.0,10688.133408637359
2025-02,emp-0039,Software Engineer,R&D,R&D,False,Paris,roster,1.0,14,6749.26332952599,539.9410663620793,3061.465846272989,337.46316647629953,0.0,0.0,10688.133408637359
2025-03,emp-0039,Software Engineer,R&D,R&D,False,Paris,roster,1.0,15,6749.26332952599,539.9410663620793,3061.465846272989,337.46316647629953,0.0,0.0,10688.133408637359
2025-04,emp-0039,Software Engineer,R&D,R&D,False,Paris,roster,1.0,16,6749.26332952599,539.9410663620793,3061.465846272989,337.46316647629953,0.0,0.0,10688.133408637359
2025-05,emp-0039,Software Engineer,R&D,R&D,False,Paris,roster,1.0,17,6749.26332952599,539.9410663620793,3061.465846272989,337.46316647629953,0.0,0.0,10688.133408637359
2025-06,emp-0039,Software Engineer,R&D,R&D,False,Paris,roster,1.0,18,6749.26332952599,539.9410663620793,3061.465846272989,337.46316647629953,0.0,0.0,10688.133408637359
2025-07,emp-0039,Software Engineer,R&D,R&D,False,Paris,roster,1.0,19,6749.26332952599,539.9410663620793,3061.465846272989,337.46316647629953,0.0,0.0,10688.133408637359
2025-08,emp-0039,Software Engineer,R&D,R&D,False,Paris,roster,1.0,20,6749.26332952599,539.9410663620793,3061.465846272989,337.46316647629953,0.0,0.0,10688.133408637359
2025-09,emp-0039,Software Engineer,R&D,R&D,False,Paris,roster,1.0,21,6749.26332952599,539.9410663620793,3061.465846272989,337.46316647629953,0.0,0.0,10688.133408637359
2025-10,emp-0039,Software Engineer,R&D,R&D,False,Paris,roster,1.0,22,6749.26332952599,539.9410663620793,3061.465846272989,337.46316647629953,0.0,0.0,10688.133408637359
2025-11,emp-0039,Software Engineer,R&D,R&D,False,Paris,roster,1.0,23,6749.26332952599,539.9410663620793,3061.465846272989,337.46316647629953,0.0,0.0,10688.133408637359
2025-12,emp-0039,Software Engineer,R&D,R&D,False,Paris,roster,1.0,24,6749.26332952599,539.9410663620793,3061.465846272989,337.46316647629953,0.0,0.0,10688.133408637359
2026-01,emp-0039,Software Engineer,R&D,R&D,False,Paris,roster,1.0,25,6985.4875460593985,558.8390036847519,3168.617150892543,349.2743773029699,0.0,0.0,11062.218077939664
2026-02,emp-0039,Software Engineer,R&D,R&D,False,Paris,roster,1.0,26,6985.4875460593985,558.8390036847519,3168.617150892543,349.2743773029699,0.0,0.0,11062.218077939664
2026-03,emp-0039,Software Engineer,R&D,R&D,False,Paris,roster,1.0,27,6985.4875460593985,558.8390036847519,3168.617150892543,349.2743773029699,0.0,0.0,11062.218077939664
2026-04,emp-0039,Software Engineer,R&D,R&D,False,Paris,roster,1.0,28,6985.4875460593985,558.8390036847519,3168.617150892543,349.2743773029699,0.0,0.0,11062.218077939664
2026-05,emp-0039,Software Engineer,R&D,R&D,False,Paris,roster,1.0,29,6985.4875460593985,558.8390036847519,3168.617150892543,349.2743773029699,0.0,0.0,11062.218077939664
2026-06,emp-0039,Software Engineer,R&D,R&D,False,Paris,roster,1.0,30,6985.4875460593985,558.8390036847519,3168.617150892543,349.2743773029699,0.0,0.0,11062.218077939664
2026-07,emp-0039,Software Engineer,R&D,R&D,False,Paris,roster,1.0,31,6985.4875460593985,558.8390036847519,3168.617150892543,349.2743773029699,0.0,0.0,11062.218077939664
2026-08,emp-0039,Software Engineer,R&D,R&D,False,Paris,roster,1.0,32,6985.4875460593985,558.8390036847519,3168.617150892543,349.2743773029699,0.0,0.0,11062.218077939664
2024-09,emp-0040,Software Engineer,R&D,R&D,False,Paris,roster,1.0,37,7209.756835611049,576.7805468488839,3270.345700633172,360.48784178055246,0.0,0.0,11417.370924873656
2024-10,emp-0040,Software Engineer,R&D,R&D,False,Paris,roster,1.0,38,7209.756835611049,576.7805468488839,3270.345700633172,360.48784178055246,0.0,0.0,11417.370924873656
2024-11,emp-0040,Software Engineer,R&D,R&D,False,Paris,roster,1.0,39,7209.756835611049,576.7805468488839,3270.345700633172,360.48784178055246,0.0,0.0,11417.370924873656
2024-12,emp-0040,Software Engineer,R&D,R&D,False,Paris,roster,1.0,40,7209.756835611049,576.7805468488839,3270.345700633172,360.48784178055246,0.0,0.0,11417.370924873656
2025-01,emp-0040,Software Engineer,R&D,R&D,False,Paris,roster,1.0,41,7462.098324857435,596.9678659885948,3384.807800155332,373.10491624287175,0.0,0.0,11816.978907244233
2025-02,emp-0040,Software Engineer,R&D,R&D,False,Paris,roster,1.0,42,7462.098324857435,596.9678659885948,3384.807800155332,373.10491624287175,0.0,0.0,11816.978907244233
2025-03,emp-0040,Software Engineer,R&D,R&D,False,Paris,roster,1.0,43,7462.098324857435,596.9678659885948,3384.807800155332,373.10491624287175,0.0,0.0,11816.978907244233
2025-04,emp-0040,Software Engineer,R&D,R&D,False,Paris,roster,1.0,44,7462.098324857435,596.9678659885948,3384.807800155332,373.10491624287175,0.0,0.0,11816.978907244233
2025-05,emp-0040,Software Engineer,R&D,R&D,False,Paris,roster,1.0,45,7462.098324857435,596.9678659885948,3384.807800155332,373.10491624287175,0.0,0.0,11816.978907244233
2025-06,emp-0040,Software Engineer,R&D,R&D,False,Paris,roster,1.0,46,7462.098324857435,596.9678659885948,3384.807800155332,373.10491624287175,0.0,0.0,11816.978907244233
2025-07,emp-0040,Software Engineer,R&D,R&D,False,Paris,roster,1.0,47,7462.098324857435,596.9678659885948,3384.807800155332,373.10491624287175,0.0,0.0,11816.978907244233
2025-08,emp-0040,Software Engineer,R&D,R&D,False,Paris,roster,1.0,48,7462.098324857435,596.9678659885948,3384.807800155332,373.10491624287175,0.0,0.0,11816.978907244233
2025-09,emp-0040,Software Engineer,R&D,R&D,False,Paris,roster,1.0,49,7462.098324857435,596.9678659885948,3384.807800155332,373.10491624287175,0.0,0.0,11816.978907244233
2025-10,emp-0040,Software Engineer,R&D,R&D,False,Paris,roster,1.0,50,7462.098324857435,596.9678659885948,3384.807800155332,373.10491624287175,0.0,0.0,11816.978907244233
2025-11,emp-0040,Software Engineer,R&D,R&D,False,Paris,roster,1.0,51,7462.098324857435,596.9678659885948,3384.807800155332,373.10491624287175,0.0,0.0,11816.978907244233
2025-12,emp-0040,Software Engineer,R&D,R&D,False,Paris,roster,1.0,52,7462.098324857435,596.9678659885948,3384.807800155332,373.10491624287175,0.0,0.0,11816.978907244233
2026-01,emp-0040,Software Engineer,R&D,R&D,False,Paris,roster,1.0,53,7723.2717662274445,617.8617412981956,3503.276073160768,386.1635883113722,0.0,0.0,12230.57316899778
2026-02,emp-0040,Software Engineer,R&D,R&D,False,Paris,roster,1.0,54,7723.2717662274445,617.8617412981956,3503.276073160768,386.1635883113722,0.0,0.0,12230.57316899778
2026-03,emp-0040,Software Engineer,R&D,R&D,False,Paris,roster,1.0,55,7723.2717662274445,617.8617412981956,3503.276073160768,386.1635883113722,0.0,0.0,12230.57316899778
2026-04,emp-0040,Software Engineer,R&D,R&D,False,Paris,roster,1.0,56,7723.2717662274445,617.8617412981956,3503.276073160768,386.1635883113722,0.0,0.0,12230.57316899778
2026-05,emp-0040,Software Engineer,R&D,R&D,False,Paris,roster,1.0,57,7723.2717662274445,617.8617412981956,3503.276073160768,386.1635883113722,0.0,0.0,12230.57316899778
2026-06,emp-0040,Software Engineer,R&D,R&D,False,Paris,roster,1.0,58,7723.2717662274445,617.8617412981956,3503.276073160768,386.1635883113722,0.0,0.0,12230.57316899778
2026-07,emp-0040,Software Engineer,R&D,R&D,False,Paris,roster,1.0,59,7723.2717662274445,617.8617412981956,3503.276073160768,386.1635883113722,0.0,0.0,12230.57316899778
2026-08,emp-0040,Software Engineer,R&D,R&D,False,Paris,roster,1.0,60,7723.2717662274445,617.8617412981956,3503.276073160768,386.1635883113722,0.0,0.0,12230.57316899778
2024-09,emp-0041,Senior Software Engineer,R&D,R&D,False,Paris,roster,1.0,28,8873.350593534129,709.8680474827304,4024.951829227081,443.66752967670647,0.0,0.0,14051.837999920646
2024-10,emp-0041,Senior Software Engineer,R&D,R&D,False,Paris,roster,1.0,29,8873.350593534129,709.8680474827304,4024.951829227081,443.66752967670647,0.0,0.0,14051.837999920646
2024-11,emp-0041,Senior Software Engineer,R&D,R&D,False,Paris,roster,1.0,30,8873.350593534129,709.8680474827304,4024.951829227081,443.66752967670647,0.0,0.0,14051.837999920646
2024-12,emp-0041,Senior Software Engineer,R&D,R&D,False,Paris,roster,1.0,31,8873.350593534129,709.8680474827304,4024.951829227081,443.66752967670647,0.0,0.0,14051.837999920646
2025-01,emp-0041,Senior Software Engineer,R&D,R&D,False,Paris,roster,1.0,32,9183.917864307821,734.7134291446257,4165.825143250027,459.1958932153911,0.0,0.0,14543.652329917864
2025-02,emp-0041,Senior Software Engineer,R&D,R&D,False,Paris,roster,1.0,33,9183.917864307821,734.7134291446257,4165.825143250027,459.1958932153911,0.0,0.0,14543.652329917864
2025-03,emp-0041,Senior Software Engineer,R&D,R&D,False,Paris,roster,1.0,34,9183.917864307821,734.7134291446257,4165.825143250027,459.1958932153911,0.0,0.0,14543.652329917864
2025-04,emp-0041,Senior Software Engineer,R&D,R&D,False,Paris,roster,1.0,35,9183.917864307821,734.7134291446257,4165.825143250027,459.1958932153911,0.0,0.0,14543.652329917864
2025-05,emp-0041,Senior Software Engineer,R&D,R&D,False,Paris,roster,1.0,36,9183.917864307821,734.7134291446257,4165.825143250027,459.1958932153911,0.0,0.0,14543.652329917864
2025-06,emp-0041,Senior Software Engineer,R&D,R&D,False,Paris,roster,1.0,37,9183.917864307821,734.7134291446257,4165.825143250027,459.1958932153911,0.0,0.0,14543.652329917864
2025-07,emp-0041,Senior Software Engineer,R&D,R&D,False,Paris,roster,1.0,38,9183.917864307821,734.7134291446257,4165.825143250027,459.1958932153911,0.0,0.0,14543.652329917864
2025-08,emp-0041,Senior Software Engineer,R&D,R&D,False,Paris,roster,1.0,39,9183.917864307821,734.7134291446257,4165.825143250027,459.1958932153911,0.0,0.0,14543.652329917864
2025-09,emp-0041,Senior Software Engineer,R&D,R&D,False,Paris,roster,1.0,40,9183.917864307821,734.7134291446257,4165.825143250027,459.1958932153911,0.0,0.0,14543.652329917864
2025-10,emp-0041,Senior Software Engineer,R&D,R&D,False,Paris,roster,1.0,41,9183.917864307821,734.7134291446257,4165.825143250027,459.1958932153911,0.0,0.0,14543.652329917864
2025-11,emp-0041,Senior Software Engineer,R&D,R&D,False,Paris,roster,1.0,42,9183.917864307821,734.7134291446257,4165.825143250027,459.1958932153911,0.0,0.0,14543.652329917864
2025-12,emp-0041,Senior Software Engineer,R&D,R&D,False,Paris,roster,1.0,43,9183.917864307821,734.7134291446257,4165.825143250027,459.1958932153911,0.0,0.0,14543.652329917864
2026-01,emp-0041,Senior Software Engineer,R&D,R&D,False,Paris,roster,1.0,44,9505.354989558595,760.4283991646876,4311.629023263778,475.2677494779298,0.0,0.0,15052.68016146499
2026-02,emp-0041,Senior Software Engineer,R&D,R&D,False,Paris,roster,1.0,45,9505.354989558595,760.4283991646876,4311.629023263778,475.2677494779298,0.0,0.0,15052.68016146499
2026-03,emp-0041,Senior Software Engineer,R&D,R&D,False,Paris,roster,1.0,46,9505.354989558595,760.4283991646876,4311.629023263778,475.2677494779298,0.0,0.0,15052.68016146499
2026-04,emp-0041,Senior Software Engineer,R&D,R&D,False,Paris,roster,1.0,47,9505.354989558595,760.4283991646876,4311.629023263778,475.2677494779298,0.0,0.0,15052.68016146499
2026-05,emp-0041,Senior Software Engineer,R&D,R&D,False,Paris,roster,1.0,48,9505.354989558595,760.4283991646876,4311.629023263778,475.2677494779298,0.0,0.0,15052.68016146499
2026-06,emp-0041,Senior Software Engineer,R&D,R&D,False,Paris,roster,1.0,49,9505.354989558595,760.4283991646876,4311.629023263778,475.2677494779298,0.0,0.0,15052.68016146499
2026-07,emp-0041,Senior Software Engineer,R&D,R&D,False,Paris,roster,1.0,50,9505.354989558595,760.4283991646876,4311.629023263778,475.2677494779298,0.0,0.0,15052.68016146499
2026-08,emp-0041,Senior Software Engineer,R&D,R&D,False,Paris,roster,1.0,51,9505.354989558595,760.4283991646876,4311.629023263778,475.2677494779298,0.0,0.0,15052.68016146499
2024-09,emp-0042,Senior Software Engineer,R&D,R&D,False,Paris,roster,1.0,10,9355.40019561053,748.4320156488424,4243.609528728936,467.7700097805265,0.0,0.0,14815.211749768836
2024-10,emp-0042,Senior Software Engineer,R&D,R&D,False,Paris,roster,1.0,11,9355.40019561053,748.4320156488424,4243.609528728936,467.7700097805265,0.0,0.0,14815.211749768836
2024-11,emp-0042,Senior Software Engineer,R&D,R&D,False,Paris,roster,1.0,12,9355.40019561053,748.4320156488424,4243.609528728936,467.7700097805265,0.0,0.0,14815.211749768836
2024-12,emp-0042,Senior Software Engineer,R&D,R&D,False,Paris,roster,1.0,13,9355.40019561053,748.4320156488424,4243.609528728936,467.7700097805265,0.0,0.0,14815.211749768836
2025-01,emp-0042,Senior Software Engineer,R&D,R&D,False,Paris,roster,1.0,14,9682.839202456897,774.6271361965518,4392.135862234448,484.14196012284486,0.0,0.0,15333.744161010742
2025-02,emp-0042,Senior Software Engineer,R&D,R&D,False,Paris,roster,1.0,15,9682.839202456897,774.6271361965518,4392.135862234448,484.14196012284486,0.0,0.0,15333.744161010742
2025-03,emp-0042,Senior Software Engineer,R&D,R&D,False,Paris,roster,1.0,16,9682.839202456897,774.6271361965518,4392.135862234448,484.14196012284486,0.0,0.0,15333.744161010742
2025-04,emp-0042,Senior Software Engineer,R&D,R&D,False,Paris,roster,1.0,17,9682.839202456897,774.6271361965518,4392.135862234448,484.14196012284486,0.0,0.0,15333.744161010742
2025-05,emp-0042,Senior Software Engineer,R&D,R&D,False,Paris,roster,1.0,18,9682.839202456897,774.6271361965518,4392.135862234448,484.14196012284486,0.0,0.0,15333.744161010742
2025-06,emp-0042,Senior Software Engineer,R&D,R&D,False,Paris,roster,1.0,19,9682.839202456897,774.6271361965518,4392.135862234448,484.14196012284486,0.0,0.0,15333.744161010742
2025-07,emp-0042,Senior Software Engineer,R&D,R&D,False,Paris,roster,1.0,20,9682.839202456897,774.6271361965518,4392.135862234448,484.14196012284486,0.0,0.0,15333.744161010742
2025-08,emp-0042,Senior Software Engineer,R&D,R&D,False,Paris,roster,1.0,21,9682.839202456897,774.6271361965518,4392.135862234448,484.14196012284486,0.0,0.0,15333.744161010742
2025-09,emp-0042,Senior Software Engineer,R&D,R&D,False,Paris,roster,1.0,22,9682.839202456897,774.6271361965518,4392.135862234448,484.14196012284486,0.0,0.0,15333.744161010742
2025-10,emp-0042,Senior Software Engineer,R&D,R&D,False,Paris,roster,1.0,23,9682.839202456897,774.6271361965518,4392.135862234448,484.14196012284486,0.0,0.0,15333.744161010742
2025-11,emp-0042,Senior Software Engineer,R&D,R&D,False,Paris,roster,1.0,24,9682.839202456897,774.6271361965518,4392.135862234448,484.14196012284486,0.0,0.0,15333.744161010742
2025-12,emp-0042,Senior Software Engineer,R&D,R&D,False,Paris,roster,1.0,25,9682.839202456897,774.6271361965518,4392.135862234448,484.14196012284486,0.0,0.0,15333.744161010742
2026-01,emp-0042,Senior Software Engineer,R&D,R&D,False,Paris,roster,1.0,26,10021.738574542887,801.739085963431,4545.8606174126535,501.08692872714437,0.0,0.0,15870.425206646116
2026-02,emp-0042,Senior Software Engineer,R&D,R&D,False,Paris,roster,1.0,27,10021.738574542887,801.739085963431,4545.8606174126535,501.08692872714437,0.0,0.0,15870.425206646116
2026-03,emp-0042,Senior Software Engineer,R&D,R&D,False,Paris,roster,1.0,28,10021.738574542887,801.739085963431,4545.8606174126535,501.08692872714437,0.0,0.0,15870.425206646116
2026-04,emp-0042,Senior Software Engineer,R&D,R&D,False,Paris,roster,1.0,29,10021.738574542887,801.739085963431,4545.8606174126535,501.08692872714437,0.0,0.0,15870.425206646116
2026-05,emp-0042,Senior Software Engineer,R&D,R&D,False,Paris,roster,1.0,30,10021.738574542887,801.739085963431,4545.8606174126535,501.08692872714437,0.0,0.0,15870.425206646116
2026-06,emp-0042,Senior Software Engineer,R&D,R&D,False,Paris,roster,1.0,31,10021.738574542887,801.739085963431,4545.8606174126535,501.08692872714437,0.0,0.0,15870.425206646116
2026-07,emp-0042,Senior Software Engineer,R&D,R&D,False,Paris,roster,1.0,32,10021.738574542887,801.739085963431,4545.8606174126535,501.08692872714437,0.0,0.0,15870.425206646116
2026-08,emp-0042,Senior Software Engineer,R&D,R&D,False,Paris,roster,1.0,33,10021.738574542887,801.739085963431,4545.8606174126535,501.08692872714437,0.0,0.0,15870.425206646116
2024-09,emp-0043,Senior Software Engineer,R&D,R&D,False,Paris,roster,1.0,66,10297.48628804576,823.7989030436609,4670.939780257557,514.8743144022881,0.0,0.0,16307.099285749266
2024-10,emp-0043,Senior Software Engineer,R&D,R&D,False,Paris,roster,1.0,67,10297.48628804576,823.7989030436609,4670.939780257557,514.8743144022881,0.0,0.0,16307.099285749266
2024-11,emp-0043,Senior Software Engineer,R&D,R&D,False,Paris,roster,1.0,68,10297.48628804576,823.7989030436609,4670.939780257557,514.8743144022881,0.0,0.0,16307.099285749266
2024-12,emp-0043,Senior Software Engineer,R&D,R&D,False,Paris,roster,1.0,69,10297.48628804576,823.7989030436609,4670.939780257557,514.8743144022881,0.0,0.0,16307.099285749266
2025-01,emp-0043,Senior Software Engineer,R&D,R&D,False,Paris,roster,1.0,70,10657.89830812736,852.6318646501888,4834.42267256657,532.894915406368,0.0,0.0,16877.847760750486
2025-02,emp-0043,Senior Software Engineer,R&D,R&D,False,Paris,roster,1.0,71,10657.89830812736,852.6318646501888,4834.42267256657,532.894915406368,0.0,0.0,16877.847760750486
2025-03,emp-0043,Senior Software Engineer,R&D,R&D,False,Paris,roster,1.0,72,10657.89830812736,852.6318646501888,4834.42267256657,532.894915406368,0.0,0.0,16877.847760750486
2025-04,emp-0043,Senior Software Engineer,R&D,R&D,False,Paris,roster,1.0,73,10657.89830812736,852.6318646501888,4834.42267256657,532.894915406368,0.0,0.0,16877.847760750486
2025-05,emp-0043,Senior Software Engineer,R&D,R&D,False,Paris,roster,1.0,74,10657.89830812736,852.6318646501888,4834.42267256657,532.894915406368,0.0,0.0,16877.847760750486
2025-06,emp-0043,Senior Software Engineer,R&D,R&D,False,Paris,roster,1.0,75,10657.89830812736,852.6318646501888,4834.42267256657,532.894915406368,0.0,0.0,16877.847760750486
2025-07,emp-0043,Senior Software Engineer,R&D,R&D,False,Paris,roster,1.0,76,10657.89830812736,852.6318646501888,4834.42267256657,532.894915406368,0.0,0.0,16877.847760750486
2025-08,emp-0043,Senior Software Engineer,R&D,R&D,False,Paris,roster,1.0,77,10657.89830812736,852.6318646501888,4834.42267256657,532.894915406368,0.0,0.0,16877.847760750486
2025-09,emp-0043,Senior Software Engineer,R&D,R&D,False,Paris,roster,1.0,78,10657.89830812736,852.6318646501888,4834.42267256657,532.894915406368,0.0,0.0,16877.847760750486
2025-10,emp-0043,Senior Software Engineer,R&D,R&D,False,Paris,roster,1.0,79,10657.89830812736,852.6318646501888,4834.42267256657,532.894915406368,0.0,0.0,16877.847760750486
2025-11,emp-0043,Senior Software Engineer,R&D,R&D,False,Paris,roster,1.0,80,10657.89830812736,852.6318646501888,4834.42267256657,532.894915406368,0.0,0.0,16877.847760750486
2025-12,emp-0043,Senior Software Engineer,R&D,R&D,False,Paris,roster,1.0,81,10657.89830812736,852.6318646501888,4834.42267256657,532.894915406368,0.0,0.0,16877.847760750486
2026-01,emp-0043,Senior Software Engineer,R&D,R&D,False,Paris,roster,1.0,82,11030.924748911819,882.4739799129455,5003.627466106401,551.5462374455909,0.0,0.0,17468.572432376754
2026-02,emp-0043,Senior Software Engineer,R&D,R&D,False,Paris,roster,1.0,83,11030.924748911819,882.4739799129455,5003.627466106401,551.5462374455909,0.0,0.0,17468.572432376754
2026-03,emp-0043,Senior Software Engineer,R&D,R&D,False,Paris,roster,1.0,84,11030.924748911819,882.4739799129455,5003.627466106401,551.5462374455909,0.0,0.0,17468.572432376754
2026-04,emp-0043,Senior Software Engineer,R&D,R&D,False,Paris,roster,1.0,85,11030.924748911819,882.4739799129455,5003.627466106401,551.5462374455909,0.0,0.0,17468.572432376754
2026-05,emp-0043,Senior Software Engineer,R&D,R&D,False,Paris,roster,1.0,86,11030.924748911819,882.4739799129455,5003.627466106401,551.5462374455909,0.0,0.0,17468.572432376754
2026-06,emp-0043,Senior Software Engineer,R&D,R&D,False,Paris,roster,1.0,87,11030.924748911819,882.4739799129455,5003.627466106401,551.5462374455909,0.0,0.0,17468.572432376754
2026-07,emp-0043,Senior Software Engineer,R&D,R&D,False,Paris,roster,1.0,88,11030.924748911819,882.4739799129455,5003.627466106401,551.5462374455909,0.0,0.0,17468.572432376754
2026-08,emp-0043,Senior Software Engineer,R&D,R&D,False,Paris,roster,1.0,89,11030.924748911819,882.4739799129455,5003.627466106401,551.5462374455909,0.0,0.0,17468.572432376754
2024-09,emp-0044,Senior Software Engineer,R&D,R&D,False,Paris,roster,1.0,23,9264.187739350258,741.1350191480207,4202.235558569278,463.20938696751296,0.0,0.0,14670.76770403507
2024-10,emp-0044,Senior Software Engineer,R&D,R&D,False,Paris,roster,1.0,24,9264.187739350258,741.1350191480207,4202.235558569278,463.20938696751296,0.0,0.0,14670.76770403507
2024-11,emp-0044,Senior Software Engineer,R&D,R&D,False,Paris,roster,1.0,25,9264.187739350258,741.1350191480207,4202.235558569278,463.20938696751296,0.0,0.0,14670.76770403507
2024-12,emp-0044,Senior Software Engineer,R&D,R&D,False,Paris,roster,1.0,26,9264.187739350258,741.1350191480207,4202.235558569278,463.20938696751296,0.0,0.0,14670.76770403507
2025-01,emp-0044,Senior Software Engineer,R&D,R&D,False,Paris,roster,1.0,27,9588.434310227516,767.0747448182013,4349.313803119201,479.42171551137585,0.0,0.0,15184.244573676295
2025-02,emp-0044,Senior Software Engineer,R&D,R&D,False,Paris,roster,1.0,28,9588.434310227516,767.0747448182013,4349.313803119201,479.42171551137585,0.0,0.0,15184.244573676295
2025-03,emp-0044,Senior Software Engineer,R&D,R&D,False,Paris,roster,1.0,29,9588.434310227516,767.0747448182013,4349.313803119201,479.42171551137585,0.0,0.0,15184.244573676295
2025-04,emp-0044,Senior Software Engineer,R&D,R&D,False,Paris,roster,1.0,30,9588.434310227516,767.0747448182013,4349.313803119201,479.42171551137585,0.0,0.0,15184.244573676295
2025-05,emp-0044,Senior Software Engineer,R&D,R&D,False,Paris,roster,1.0,31,9588.434310227516,767.0747448182013,4349.313803119201,479.42171551137585,0.0,0.0,15184.244573676295
2025-06,emp-0044,Senior Software Engineer,R&D,R&D,False,Paris,roster,1.0,32,9588.434310227516,767.0747448182013,4349.313803119201,479.42171551137585,0.0,0.0,15184.244573676295
2025-07,emp-0044,Senior Software Engineer,R&D,R&D,False,Paris,roster,1.0,33,9588.434310227516,767.0747448182013,4349.313803119201,479.42171551137585,0.0,0.0,15184.244573676295
2025-08,emp-0044,Senior Software Engineer,R&D,R&D,False,Paris,roster,1.0,34,9588.434310227516,767.0747448182013,4349.313803119201,479.42171551137585,0.0,0.0,15184.244573676295
2025-09,emp-0044,Senior Software Engineer,R&D,R&D,False,Paris,roster,1.0,35,9588.434310227516,767.0747448182013,4349.313803119201,479.42171551137585,0.0,0.0,15184.244573676295
2025-10,emp-0044,Senior Software Engineer,R&D,R&D,False,Paris,roster,1.0,36,9588.434310227516,767.0747448182013,4349.313803119201,479.42171551137585,0.0,0.0,15184.244573676295
2025-11,emp-0044,Senior Software Engineer,R&D,R&D,False,Paris,roster,1.0,37,9588.434310227516,767.0747448182013,4349.313803119201,479.42171551137585,0.0,0.0,15184.244573676295
2025-12,emp-0044,Senior Software Engineer,R&D,R&D,False,Paris,roster,1.0,38,9588.434310227516,767.0747448182013,4349.313803119201,479.42171551137585,0.0,0.0,15184.244573676295
2026-01,emp-0044,Senior Software Engineer,R&D,R&D,False,Paris,roster,1.0,39,9924.029511085479,793.9223608868383,4501.539786228373,496.20147555427394,0.0,0.0,15715.693133754961
2026-02,emp-0044,Senior Software Engineer,R&D,R&D,False,Paris,roster,1.0,40,9924.029511085479,793.9223608868383,4501.539786228373,496.20147555427394,0.0,0.0,15715.693133754961
2026-03,emp-0044,Senior Software Engineer,R&D,R&D,False,Paris,roster,1.0,41,9924.029511085479,793.9223608868383,4501.539786228373,496.20147555427394,0.0,0.0,15715.693133754961
2026-04,emp-0044,Senior Software Engineer,R&D,R&D,False,Paris,roster,1.0,42,9924.029511085479,793.9223608868383,4501.539786228373,496.20147555427394,0.0,0.0,15715.693133754961
2026-05,emp-0044,Senior Software Engineer,R&D,R&D,False,Paris,roster,1.0,43,9924.029511085479,793.9223608868383,4501.539786228373,496.20147555427394,0.0,0.0,15715.693133754961
2026-06,emp-0044,Senior Software Engineer,R&D,R&D,False,Paris,roster,1.0,44,9924.029511085479,793.9223608868383,4501.539786228373,496.20147555427394,0.0,0.0,15715.693133754961
2026-07,emp-0044,Senior Software Engineer,R&D,R&D,False,Paris,roster,1.0,45,9924.029511085479,793.9223608868383,4501.539786228373,496.20147555427394,0.0,0.0,15715.693133754961
2026-08,emp-0044,Senior Software Engineer,R&D,R&D,False,Paris,roster,1.0,46,9924.029511085479,793.9223608868383,4501.539786228373,496.20147555427394,0.0,0.0,15715.693133754961
2024-09,emp-0045,Senior Software Engineer,R&D,R&D,False,Paris,roster,1.0,24,10165.744451976861,813.2595561581489,4611.181683416704,508.2872225988431,0.0,0.0,16098.472914150558
2024-10,emp-0045,Senior Software Engineer,R&D,R&D,False,Paris,roster,1.0,25,10165.744451976861,813.2595561581489,4611.181683416704,508.2872225988431,0.0,0.0,16098.472914150558
2024-11,emp-0045,Senior Software Engineer,R&D,R&D,False,Paris,roster,1.0,26,10165.744451976861,813.2595561581489,4611.181683416704,508.2872225988431,0.0,0.0,16098.472914150558
2024-12,emp-0045,Senior Software Engineer,R&D,R&D,False,Paris,roster,1.0,27,10165.744451976861,813.2595561581489,4611.181683416704,508.2872225988431,0.0,0.0,16098.472914150558
2025-01,emp-0045,Senior Software Engineer,R&D,R&D,False,Paris,roster,1.0,28,10521.545507796049,841.7236406236839,4772.5730423362875,526.0772753898025,0.0,0.0,16661.919466145824
2025-02,emp-0045,Senior Software Engineer,R&D,R&D,False,Paris,roster,1.0,29,10521.545507796049,841.7236406236839,4772.5730423362875,526.0772753898025,0.0,0.0,16661.919466145824
2025-03,emp-0045,Senior Software Engineer,R&D,R&D,False,Paris,roster,1.0,30,10521.545507796049,841.7236406236839,4772.5730423362875,526.0772753898025,0.0,0.0,16661.919466145824
2025-04,emp-0045,Senior Software Engineer,R&D,R&D,False,Paris,roster,1.0,31,10521.545507796049,841.7236406236839,4772.5730423362875,526.0772753898025,0.0,0.0,16661.919466145824
2025-05,emp-0045,Senior Software Engineer,R&D,R&D,False,Paris,roster,1.0,32,10521.545507796049,841.7236406236839,4772.5730423362875,526.0772753898025,0.0,0.0,16661.919466145824
2025-06,emp-0045,Senior Software Engineer,R&D,R&D,False,Paris,roster,1.0,33,10521.545507796049,841.7236406236839,4772.5730423362875,526.0772753898025,0.0,0.0,16661.919466145824
2025-07,emp-0045,Senior Software Engineer,R&D,R&D,False,Paris,roster,1.0,34,10521.545507796049,841.7236406236839,4772.5730423362875,526.0772753898025,0.0,0.0,16661.919466145824
2025-08,emp-0045,Senior Software Engineer,R&D,R&D,False,Paris,roster,1.0,35,10521.545507796049,841.7236406236839,4772.5730423362875,526.0772753898025,0.0,0.0,16661.919466145824
2025-09,emp-0045,Senior Software Engineer,R&D,R&D,False,Paris,roster,1.0,36,10521.545507796049,841.7236406236839,4772.5730423362875,526.0772753898025,0.0,0.0,16661.919466145824
2025-10,emp-0045,Senior Software Engineer,R&D,R&D,False,Paris,roster,1.0,37,10521.545507796049,841.7236406236839,4772.5730423362875,526.0772753898025,0.0,0.0,16661.919466145824
2025-11,emp-0045,Senior Software Engineer,R&D,R&D,False,Paris,roster,1.0,38,10521.545507796049,841.7236406236839,4772.5730423362875,526.0772753898025,0.0,0.0,16661.919466145824
2025-12,emp-0045,Senior Software Engineer,R&D,R&D,False,Paris,roster,1.0,39,10521.545507796049,841.7236406236839,4772.5730423362875,526.0772753898025,0.0,0.0,16661.919466145824
2026-01,emp-0045,Senior Software Engineer,R&D,R&D,False,Paris,roster,1.0,40,10889.799600568911,871.1839680455129,4939.613098818058,544.4899800284455,0.0,0.0,17245.086647460925
2026-02,emp-0045,Senior Software Engineer,R&D,R&D,False,Paris,roster,1.0,41,10889.799600568911,871.1839680455129,4939.613098818058,544.4899800284455,0.0,0.0,17245.086647460925
2026-03,emp-0045,Senior Software Engineer,R&D,R&D,False,Paris,roster,1.0,42,10889.799600568911,871.1839680455129,4939.613098818058,544.4899800284455,0.0,0.0,17245.086647460925
2026-04,emp-0045,Senior Software Engineer,R&D,R&D,False,Paris,roster,1.0,43,10889.799600568911,871.1839680455129,4939.613098818058,544.4899800284455,0.0,0.0,17245.086647460925
2026-05,emp-0045,Senior Software Engineer,R&D,R&D,False,Paris,roster,1.0,44,10889.799600568911,871.1839680455129,4939.613098818058,544.4899800284455,0.0,0.0,17245.086647460925
2026-06,emp-0045,Senior Software Engineer,R&D,R&D,False,Paris,roster,1.0,45,10889.799600568911,871.1839680455129,4939.613098818058,544.4899800284455,0.0,0.0,17245.086647460925
2026-07,emp-0045,Senior Software Engineer,R&D,R&D,False,Paris,roster,1.0,46,10889.799600568911,871.1839680455129,4939.613098818058,544.4899800284455,0.0,0.0,17245.086647460925
2026-08,emp-0045,Senior Software Engineer,R&D,R&D,False,Paris,roster,1.0,47,10889.799600568911,871.1839680455129,4939.613098818058,544.4899800284455,0.0,0.0,17245.086647460925
2024-09,emp-0046,Senior Software Engineer,R&D,R&D,False,Paris,roster,1.0,33,9279.44228886355,742.3553831090841,4209.155022228507,463.9721144431776,0.0,0.0,14694.92480864432
2024-10,emp-0046,Senior Software Engineer,R&D,R&D,False,Paris,roster,1.0,34,9279.44228886355,742.3553831090841,4209.155022228507,463.9721144431776,0.0,0.0,14694.92480864432
2024-11,emp-0046,Senior Software Engineer,R&D,R&D,False,Paris,roster,1.0,35,9279.44228886355,742.3553831090841,4209.155022228507,463.9721144431776,0.0,0.0,14694.92480864432
2024-12,emp-0046,Senior Software Engineer,R&D,R&D,False,Paris,roster,1.0,36,9279.44228886355,742.3553831090841,4209.155022228507,463.9721144431776,0.0,0.0,14694.92480864432
2025-01,emp-0046,Senior Software Engineer,R&D,R&D,False,Paris,roster,1.0,37,9604.222768973776,768.3378215179021,4356.475448006504,480.2111384486888,0.0,0.0,15209.24717694687
2025-02,emp-0046,Senior Software Engineer,R&D,R&D,False,Paris,roster,1.0,38,9604.222768973776,768.3378215179021,4356.475448006504,480.2111384486888,0.0,0.0,15209.24717694687
2025-03,emp-0046,Senior Software Engineer,R&D,R&D,False,Paris,roster,1.0,39,9604.222768973776,768.3378215179021,4356.475448006504,480.2111384486888,0.0,0.0,15209.24717694687
2025-04,emp-0046,Senior Software Engineer,R&D,R&D,False,Paris,roster,1.0,40,9604.222768973776,768.3378215179021,4356.475448006504,480.2111384486888,0.0,0.0,15209.24717694687
2025-05,emp-0046,Senior Software Engineer,R&D,R&D,False,Paris,roster,1.0,41,9604.222768973776,768.3378215179021,4356.475448006504,480.2111384486888,0.0,0.0,15209.24717694687
2025-06,emp-0046,Senior Software Engineer,R&D,R&D,False,Paris,roster,1.0,42,9604.222768973776,768.3378215179021,4356.475448006504,480.2111384486888,0.0,0.0,15209.24717694687
2025-07,emp-0046,Senior Software Engineer,R&D,R&D,False,Paris,roster,1.0,43,9604.222768973776,768.3378215179021,4356.475448006504,480.2111384486888,0.0,0.0,15209.24717694687
2025-08,emp-0046,Senior Software Engineer,R&D,R&D,False,Paris,roster,1.0,44,9604.222768973776,768.3378215179021,4356.475448006504,480.2111384486888,0.0,0.0,15209.24717694687
2025-09,emp-0046,Senior Software Engineer,R&D,R&D,False,Paris,roster,1.0,45,9604.222768973776,768.3378215179021,4356.475448006504,480.2111384486888,0.0,0.0,15209.24717694687
2025-10,emp-0046,Senior Software Engineer,R&D,R&D,False,Paris,roster,1.0,46,9604.222768973776,768.3378215179021,4356.475448006504,480.2111384486888,0.0,0.0,15209.24717694687
2025-11,emp-0046,Senior Software Engineer,R&D,R&D,False,Paris,roster,1.0,47,9604.222768973776,768.3378215179021,4356.475448006504,480.2111384486888,0.0,0.0,15209.24717694687
2025-12,emp-0046,Senior Software Engineer,R&D,R&D,False,Paris,roster,1.0,48,9604.222768973776,768.3378215179021,4356.475448006504,480.2111384486888,0.0,0.0,15209.24717694687
2026-01,emp-0046,Senior Software Engineer,R&D,R&D,False,Paris,roster,1.0,49,9940.370565887855,795.2296452710284,4508.952088686731,497.0185282943928,0.0,0.0,15741.570828140008
2026-02,emp-0046,Senior Software Engineer,R&D,R&D,False,Paris,roster,1.0,50,9940.370565887855,795.2296452710284,4508.952088686731,497.0185282943928,0.0,0.0,15741.570828140008
2026-03,emp-0046,Senior Software Engineer,R&D,R&D,False,Paris,roster,1.0,51,9940.370565887855,795.2296452710284,4508.952088686731,497.0185282943928,0.0,0.0,15741.570828140008
2026-04,emp-0046,Senior Software Engineer,R&D,R&D,False,Paris,roster,1.0,52,9940.370565887855,795.2296452710284,4508.952088686731,497.0185282943928,0.0,0.0,15741.570828140008
2026-05,emp-0046,Senior Software Engineer,R&D,R&D,False,Paris,roster,1.0,53,9940.370565887855,795.2296452710284,4508.952088686731,497.0185282943928,0.0,0.0,15741.570828140008
2026-06,emp-0046,Senior Software Engineer,R&D,R&D,False,Paris,roster,1.0,54,9940.370565887855,795.2296452710284,4508.952088686731,497.0185282943928,0.0,0.0,15741.570828140008
2026-07,emp-0046,Senior Software Engineer,R&D,R&D,False,Paris,roster,1.0,55,9940.370565887855,795.2296452710284,4508.952088686731,497.0185282943928,0.0,0.0,15741.570828140008
2026-08,emp-0046,Senior Software Engineer,R&D,R&D,False,Paris,roster,1.0,56,9940.370565887855,795.2296452710284,4508.952088686731,497.0185282943928,0.0,0.0,15741.570828140008
2024-09,emp-0047,Engineering Manager,R&D,R&D,False,Paris,roster,1.0,32,10758.785923898315,860.7028739118651,4880.185295080275,537.9392961949158,0.0,0.0,17037.61338908537
2024-10,emp-0047,Engineering Manager,R&D,R&D,False,Paris,roster,1.0,33,10758.785923898315,860.7028739118651,4880.185295080275,537.9392961949158,0.0,0.0,17037.61338908537
2024-11,emp-0047,Engineering Manager,R&D,R&D,False,Paris,roster,1.0,34,10758.785923898315,860.7028739118651,4880.185295080275,537.9392961949158,0.0,0.0,17037.61338908537
2024-12,emp-0047,Engineering Manager,R&D,R&D,False,Paris,roster,1.0,35,10758.785923898315,860.7028739118651,4880.185295080275,537.9392961949158,0.0,0.0,17037.61338908537
2025-01,emp-0047,Engineering Manager,R&D,R&D,False,Paris,roster,1.0,36,11135.343431234754,890.8274744987804,5050.991780408085,556.7671715617378,0.0,0.0,17633.92985770336
2025-02,emp-0047,Engineering Manager,R&D,R&D,False,Paris,roster,1.0,37,11135.343431234754,890.8274744987804,5050.991780408085,556.7671715617378,0.0,0.0,17633.92985770336
2025-03,emp-0047,Engineering Manager,R&D,R&D,False,Paris,roster,1.0,38,11135.343431234754,890.8274744987804,5050.991780408085,556.7671715617378,0.0,0.0,17633.92985770336
2025-04,emp-0047,Engineering Manager,R&D,R&D,False,Paris,roster,1.0,39,11135.343431234754,890.8274744987804,5050.991780408085,556.7671715617378,0.0,0.0,17633.92985770336
2025-05,emp-0047,Engineering Manager,R&D,R&D,False,Paris,roster,1.0,40,11135.343431234754,890.8274744987804,5050.991780408085,556.7671715617378,0.0,0.0,17633.92985770336
2025-06,emp-0047,Engineering Manager,R&D,R&D,False,Paris,roster,1.0,41,11135.343431234754,890.8274744987804,5050.991780408085,556.7671715617378,0.0,0.0,17633.92985770336
2025-07,emp-0047,Engineering Manager,R&D,R&D,False,Paris,roster,1.0,42,11135.343431234754,890.8274744987804,5050.991780408085,556.7671715617378,0.0,0.0,17633.92985770336
2025-08,emp-0047,Engineering Manager,R&D,R&D,False,Paris,roster,1.0,43,11135.343431234754,890.8274744987804,5050.991780408085,556.7671715617378,0.0,0.0,17633.92985770336
2025-09,emp-0047,Engineering Manager,R&D,R&D,False,Paris,roster,1.0,44,11135.343431234754,890.8274744987804,5050.991780408085,556.7671715617378,0.0,0.0,17633.92985770336
2025-10,emp-0047,Engineering Manager,R&D,R&D,False,Paris,roster,1.0,45,11135.343431234754,890.8274744987804,5050.991780408085,556.7671715617378,0.0,0.0,17633.92985770336
2025-11,emp-0047,Engineering Manager,R&D,R&D,False,Paris,roster,1.0,46,11135.343431234754,890.8274744987804,5050.991780408085,556.7671715617378,0.0,0.0,17633.92985770336
2025-12,emp-0047,Engineering Manager,R&D,R&D,False,Paris,roster,1.0,47,11135.343431234754,890.8274744987804,5050.991780408085,556.7671715617378,0.0,0.0,17633.92985770336
2026-01,emp-0047,Engineering Manager,R&D,R&D,False,Paris,roster,1.0,48,11525.08045132797,922.0064361062377,5227.776492722367,576.2540225663986,0.0,0.0,18251.11740272297
2026-02,emp-0047,Engineering Manager,R&D,R&D,False,Paris,roster,1.0,49,11525.08045132797,922.0064361062377,5227.776492722367,576.2540225663986,0.0,0.0,18251.11740272297
2026-03,emp-0047,Engineering Manager,R&D,R&D,False,Paris,roster,1.0,50,11525.08045132797,922.0064361062377,5227.776492722367,576.2540225663986,0.0,0.0,18251.11740272297
2026-04,emp-0047,Engineering Manager,R&D,R&D,False,Paris,roster,1.0,51,11525.08045132797,922.0064361062377,5227.776492722367,576.2540225663986,0.0,0.0,18251.11740272297
2026-05,emp-0047,Engineering Manager,R&D,R&D,False,Paris,roster,1.0,52,11525.08045132797,922.0064361062377,5227.776492722367,576.2540225663986,0.0,0.0,18251.11740272297
2026-06,emp-0047,Engineering Manager,R&D,R&D,False,Paris,roster,1.0,53,11525.08045132797,922.0064361062377,5227.776492722367,576.2540225663986,0.0,0.0,18251.11740272297
2026-07,emp-0047,Engineering Manager,R&D,R&D,False,Paris,roster,1.0,54,11525.08045132797,922.0064361062377,5227.776492722367,576.2540225663986,0.0,0.0,18251.11740272297
2026-08,emp-0047,Engineering Manager,R&D,R&D,False,Paris,roster,1.0,55,11525.08045132797,922.0064361062377,5227.776492722367,576.2540225663986,0.0,0.0,18251.11740272297
2024-09,emp-0048,Product Manager,R&D,R&D,False,Paris,roster,1.0,19,8652.657224025117,692.2125779220094,3924.845316817793,432.6328612012559,0.0,0.0,13702.347979966176
2024-10,emp-0048,Product Manager,R&D,R&D,False,Paris,roster,1.0,20,8652.657224025117,692.2125779220094,3924.845316817793,432.6328612012559,0.0,0.0,13702.347979966176
2024-11,emp-0048,Product Manager,R&D,R&D,False,Paris,roster,1.0,21,8652.657224025117,692.2125779220094,3924.845316817793,432.6328612012559,0.0,0.0,13702.347979966176
2024-12,emp-0048,Product Manager,R&D,R&D,False,Paris,roster,1.0,22,8652.657224025117,692.2125779220094,3924.845316817793,432.6328612012559,0.0,0.0,13702.347979966176
2025-01,emp-0048,Product Manager,R&D,R&D,False,Paris,roster,1.0,23,8955.500226865997,716.4400181492798,4062.2149029064162,447.77501134329987,0.0,0.0,14181.930159264994
2025-02,emp-0048,Product Manager,R&D,R&D,False,Paris,roster,1.0,24,8955.500226865997,716.4400181492798,4062.2149029064162,447.77501134329987,0.0,0.0,14181.930159264994
2025-03,emp-0048,Product Manager,R&D,R&D,False,Paris,roster,1.0,25,8955.500226865997,716.4400181492798,4062.2149029064162,447.77501134329987,0.0,0.0,14181.930159264994
2025-04,emp-0048,Product Manager,R&D,R&D,False,Paris,roster,1.0,26,8955.500226865997,716.4400181492798,4062.2149029064162,447.77501134329987,0.0,0.0,14181.930159264994
2025-05,emp-0048,Product Manager,R&D,R&D,False,Paris,roster,1.0,27,8955.500226865997,716.4400181492798,4062.2149029064162,447.77501134329987,0.0,0.0,14181.930159264994
2025-06,emp-0048,Product Manager,R&D,R&D,False,Paris,roster,1.0,28,8955.500226865997,716.4400181492798,4062.2149029064162,447.77501134329987,0.0,0.0,14181.930159264994
2025-07,emp-0048,Product Manager,R&D,R&D,False,Paris,roster,1.0,29,8955.500226865997,716.4400181492798,4062.2149029064162,447.77501134329987,0.0,0.0,14181.930159264994
2025-08,emp-0048,Product Manager,R&D,R&D,False,Paris,roster,1.0,30,8955.500226865997,716.4400181492798,4062.2149029064162,447.77501134329987,0.0,0.0,14181.930159264994
2025-09,emp-0048,Product Manager,R&D,R&D,False,Paris,roster,1.0,31,8955.500226865997,716.4400181492798,4062.2149029064162,447.77501134329987,0.0,0.0,14181.930159264994
2025-10,emp-0048,Product Manager,R&D,R&D,False,Paris,roster,1.0,32,8955.500226865997,716.4400181492798,4062.2149029064162,447.77501134329987,0.0,0.0,14181.930159264994
2025-11,emp-0048,Product Manager,R&D,R&D,False,Paris,roster,1.0,33,8955.500226865997,716.4400181492798,4062.2149029064162,447.77501134329987,0.0,0.0,14181.930159264994
2025-12,emp-0048,Product Manager,R&D,R&D,False,Paris,roster,1.0,34,8955.500226865997,716.4400181492798,4062.2149029064162,447.77501134329987,0.0,0.0,14181.930159264994
2026-01,emp-0048,Product Manager,R&D,R&D,False,Paris,roster,1.0,35,9268.942734806305,741.5154187845045,4204.39242450814,463.4471367403153,0.0,0.0,14678.297714839264
2026-02,emp-0048,Product Manager,R&D,R&D,False,Paris,roster,1.0,36,9268.942734806305,741.5154187845045,4204.39242450814,463.4471367403153,0.0,0.0,14678.297714839264
2024-09,emp-0049,Data Engineer,R&D,R&D,False,Paris,roster,1.0,6,7950.592069058856,636.0473655247085,3606.3885625250973,397.52960345294287,0.0,0.0,12590.557600561606
2024-10,emp-0049,Data Engineer,R&D,R&D,False,Paris,roster,1.0,7,7950.592069058856,636.0473655247085,3606.3885625250973,397.52960345294287,0.0,0.0,12590.557600561606
2024-11,emp-0049,Data Engineer,R&D,R&D,False,Paris,roster,1.0,8,7950.592069058856,636.0473655247085,3606.3885625250973,397.52960345294287,0.0,0.0,12590.557600561606
2024-12,emp-0049,Data Engineer,R&D,R&D,False,Paris,roster,1.0,9,7950.592069058856,636.0473655247085,3606.3885625250973,397.52960345294287,0.0,0.0,12590.557600561606
2025-01,emp-0049,Data Engineer,R&D,R&D,False,Paris,roster,1.0,10,8228.862791475914,658.3090233180732,3732.612162213475,411.44313957379575,0.0,0.0,13031.22711658126
2025-02,emp-0049,Data Engineer,R&D,R&D,False,Paris,roster,1.0,11,8228.862791475914,658.3090233180732,3732.612162213475,411.44313957379575,0.0,0.0,13031.22711658126
2025-03,emp-0049,Data Engineer,R&D,R&D,False,Paris,roster,1.0,12,8228.862791475914,658.3090233180732,3732.612162213475,411.44313957379575,0.0,0.0,13031.22711658126
2025-04,emp-0049,Data Engineer,R&D,R&D,False,Paris,roster,1.0,13,8228.862791475914,658.3090233180732,3732.612162213475,411.44313957379575,0.0,0.0,13031.22711658126
2025-05,emp-0049,Data Engineer,R&D,R&D,False,Paris,roster,1.0,14,8228.862791475914,658.3090233180732,3732.612162213475,411.44313957379575,0.0,0.0,13031.22711658126
2025-06,emp-0049,Data Engineer,R&D,R&D,False,Paris,roster,1.0,15,8228.862791475914,658.3090233180732,3732.612162213475,411.44313957379575,0.0,0.0,13031.22711658126
2025-07,emp-0049,Data Engineer,R&D,R&D,False,Paris,roster,1.0,16,8228.862791475914,658.3090233180732,3732.612162213475,411.44313957379575,0.0,0.0,13031.22711658126
2025-08,emp-0049,Data Engineer,R&D,R&D,False,Paris,roster,1.0,17,8228.862791475914,658.3090233180732,3732.612162213475,411.44313957379575,0.0,0.0,13031.22711658126
2025-09,emp-0049,Data Engineer,R&D,R&D,False,Paris,roster,1.0,18,8228.862791475914,658.3090233180732,3732.612162213475,411.44313957379575,0.0,0.0,13031.22711658126
2025-10,emp-0049,Data Engineer,R&D,R&D,False,Paris,roster,1.0,19,8228.862791475914,658.3090233180732,3732.612162213475,411.44313957379575,0.0,0.0,13031.22711658126
2025-11,emp-0049,Data Engineer,R&D,R&D,False,Paris,roster,1.0,20,8228.862791475914,658.3090233180732,3732.612162213475,411.44313957379575,0.0,0.0,13031.22711658126
2025-12,emp-0049,Data Engineer,R&D,R&D,False,Paris,roster,1.0,21,8228.862791475914,658.3090233180732,3732.612162213475,411.44313957379575,0.0,0.0,13031.22711658126
2026-01,emp-0049,Data Engineer,R&D,R&D,False,Paris,roster,1.0,22,8516.872989177571,681.3498391342057,3863.253587890946,425.8436494588786,0.0,0.0,13487.3200656616
2026-02,emp-0049,Data Engineer,R&D,R&D,False,Paris,roster,1.0,23,8516.872989177571,681.3498391342057,3863.253587890946,425.8436494588786,0.0,0.0,13487.3200656616
2026-03,emp-0049,Data Engineer,R&D,R&D,False,Paris,roster,1.0,24,8516.872989177571,681.3498391342057,3863.253587890946,425.8436494588786,0.0,0.0,13487.3200656616
2026-04,emp-0049,Data Engineer,R&D,R&D,False,Paris,roster,1.0,25,8516.872989177571,681.3498391342057,3863.253587890946,425.8436494588786,0.0,0.0,13487.3200656616
2026-05,emp-0049,Data Engineer,R&D,R&D,False,Paris,roster,1.0,26,8516.872989177571,681.3498391342057,3863.253587890946,425.8436494588786,0.0,0.0,13487.3200656616
2026-06,emp-0049,Data Engineer,R&D,R&D,False,Paris,roster,1.0,27,8516.872989177571,681.3498391342057,3863.253587890946,425.8436494588786,0.0,0.0,13487.3200656616
2026-07,emp-0049,Data Engineer,R&D,R&D,False,Paris,roster,1.0,28,8516.872989177571,681.3498391342057,3863.253587890946,425.8436494588786,0.0,0.0,13487.3200656616
2026-08,emp-0049,Data Engineer,R&D,R&D,False,Paris,roster,1.0,29,8516.872989177571,681.3498391342057,3863.253587890946,425.8436494588786,0.0,0.0,13487.3200656616
2024-09,emp-0050,Data Engineer,R&D,R&D,False,Paris,roster,1.0,34,9482.616929325943,758.6093543460754,4301.315039142248,474.13084646629716,0.0,0.0,15016.672169280564
2024-10,emp-0050,Data Engineer,R&D,R&D,False,Paris,roster,1.0,35,9482.616929325943,758.6093543460754,4301.315039142248,474.13084646629716,0.0,0.0,15016.672169280564
2024-11,emp-0050,Data Engineer,R&D,R&D,False,Paris,roster,1.0,36,9482.616929325943,758.6093543460754,4301.315039142248,474.13084646629716,0.0,0.0,15016.672169280564
2024-12,emp-0050,Data Engineer,R&D,R&D,False,Paris,roster,1.0,37,9482.616929325943,758.6093543460754,4301.315039142248,474.13084646629716,0.0,0.0,15016.672169280564
2025-01,emp-0050,Data Engineer,R&D,R&D,False,Paris,roster,1.0,38,9814.50852185235,785.160681748188,4451.861065512227,490.72542609261757,0.0,0.0,15542.255695205384
2025-02,emp-0050,Data Engineer,R&D,R&D,False,Paris,roster,1.0,39,9814.50852185235,785.160681748188,4451.861065512227,490.72542609261757,0.0,0.0,15542.255695205384
2025-03,emp-0050,Data Engineer,R&D,R&D,False,Paris,roster,1.0,40,9814.50852185235,785.160681748188,4451.861065512227,490.72542609261757,0.0,0.0,15542.255695205384
2025-04,emp-0050,Data Engineer,R&D,R&D,False,Paris,roster,1.0,41,9814.50852185235,785.160681748188,4451.861065512227,490.72542609261757,0.0,0.0,15542.255695205384
2025-05,emp-0050,Data Engineer,R&D,R&D,False,Paris,roster,1.0,42,9814.50852185235,785.160681748188,4451.861065512227,490.72542609261757,0.0,0.0,15542.255695205384
2025-06,emp-0050,Data Engineer,R&D,R&D,False,Paris,roster,1.0,43,9814.50852185235,785.160681748188,4451.861065512227,490.72542609261757,0.0,0.0,15542.255695205384
2025-07,emp-0050,Data Engineer,R&D,R&D,False,Paris,roster,1.0,44,9814.50852185235,785.160681748188,4451.861065512227,490.72542609261757,0.0,0.0,15542.255695205384
2025-08,emp-0050,Data Engineer,R&D,R&D,False,Paris,roster,1.0,45,9814.50852185235,785.160681748188,4451.861065512227,490.72542609261757,0.0,0.0,15542.255695205384
2025-09,emp-0050,Data Engineer,R&D,R&D,False,Paris,roster,1.0,46,9814.50852185235,785.160681748188,4451.861065512227,490.72542609261757,0.0,0.0,15542.255695205384
2025-10,emp-0050,Data Engineer,R&D,R&D,False,Paris,roster,1.0,47,9814.50852185235,785.160681748188,4451.861065512227,490.72542609261757,0.0,0.0,15542.255695205384
2025-11,emp-0050,Data Engineer,R&D,R&D,False,Paris,roster,1.0,48,9814.50852185235,785.160681748188,4451.861065512227,490.72542609261757,0.0,0.0,15542.255695205384
2025-12,emp-0050,Data Engineer,R&D,R&D,False,Paris,roster,1.0,49,9814.50852185235,785.160681748188,4451.861065512227,490.72542609261757,0.0,0.0,15542.255695205384
2026-01,emp-0050,Data Engineer,R&D,R&D,False,Paris,roster,1.0,50,10158.016320117182,812.6413056093745,4607.6762028051535,507.9008160058591,0.0,0.0,16086.23464453757
2026-02,emp-0050,Data Engineer,R&D,R&D,False,Paris,roster,1.0,51,10158.016320117182,812.6413056093745,4607.6762028051535,507.9008160058591,0.0,0.0,16086.23464453757
2026-03,emp-0050,Data Engineer,R&D,R&D,False,Paris,roster,1.0,52,10158.016320117182,812.6413056093745,4607.6762028051535,507.9008160058591,0.0,0.0,16086.23464453757
2026-04,emp-0050,Data Engineer,R&D,R&D,False,Paris,roster,1.0,53,10158.016320117182,812.6413056093745,4607.6762028051535,507.9008160058591,0.0,0.0,16086.23464453757
2026-05,emp-0050,Data Engineer,R&D,R&D,False,Paris,roster,1.0,54,10158.016320117182,812.6413056093745,4607.6762028051535,507.9008160058591,0.0,0.0,16086.23464453757
2026-06,emp-0050,Data Engineer,R&D,R&D,False,Paris,roster,1.0,55,10158.016320117182,812.6413056093745,4607.6762028051535,507.9008160058591,0.0,0.0,16086.23464453757
2026-07,emp-0050,Data Engineer,R&D,R&D,False,Paris,roster,1.0,56,10158.016320117182,812.6413056093745,4607.6762028051535,507.9008160058591,0.0,0.0,16086.23464453757
2026-08,emp-0050,Data Engineer,R&D,R&D,False,Paris,roster,1.0,57,10158.016320117182,812.6413056093745,4607.6762028051535,507.9008160058591,0.0,0.0,16086.23464453757
2024-09,emp-0051,Site Reliability Engineer,Customer Operations,COGS,False,Montreal,roster,1.0,47,12056.812050580935,964.5449640464748,1432.349271609015,723.408723034856,0.0,0.0,15177.11500927128
2024-10,emp-0051,Site Reliability Engineer,Customer Operations,COGS,False,Montreal,roster,1.0,48,12056.812050580935,964.5449640464748,1432.349271609015,723.408723034856,0.0,0.0,15177.11500927128
2024-11,emp-0051,Site Reliability Engineer,Customer Operations,COGS,False,Montreal,roster,1.0,49,12056.812050580935,964.5449640464748,1432.349271609015,723.408723034856,0.0,0.0,15177.11500927128
2024-12,emp-0051,Site Reliability Engineer,Customer Operations,COGS,False,Montreal,roster,1.0,50,12056.812050580935,964.5449640464748,1432.349271609015,723.408723034856,0.0,0.0,15177.11500927128
2025-01,emp-0051,Site Reliability Engineer,Customer Operations,COGS,False,Montreal,roster,1.0,51,12478.800472351266,998.3040377881013,1482.4814961153304,748.728028341076,0.0,0.0,15708.314034595773
2025-02,emp-0051,Site Reliability Engineer,Customer Operations,COGS,False,Montreal,roster,1.0,52,12478.800472351266,998.3040377881013,1482.4814961153304,748.728028341076,0.0,0.0,15708.314034595773
2025-03,emp-0051,Site Reliability Engineer,Customer Operations,COGS,False,Montreal,roster,1.0,53,12478.800472351266,998.3040377881013,1482.4814961153304,748.728028341076,0.0,0.0,15708.314034595773
2025-04,emp-0051,Site Reliability Engineer,Customer Operations,COGS,False,Montreal,roster,1.0,54,12478.800472351266,998.3040377881013,1482.4814961153304,748.728028341076,0.0,0.0,15708.314034595773
2025-05,emp-0051,Site Reliability Engineer,Customer Operations,COGS,False,Montreal,roster,1.0,55,12478.800472351266,998.3040377881013,1482.4814961153304,748.728028341076,0.0,0.0,15708.314034595773
2025-06,emp-0051,Site Reliability Engineer,Customer Operations,COGS,False,Montreal,roster,1.0,56,12478.800472351266,998.3040377881013,1482.4814961153304,748.728028341076,0.0,0.0,15708.314034595773
2025-07,emp-0051,Site Reliability Engineer,Customer Operations,COGS,False,Montreal,roster,1.0,57,12478.800472351266,998.3040377881013,1482.4814961153304,748.728028341076,0.0,0.0,15708.314034595773
2025-08,emp-0051,Site Reliability Engineer,Customer Operations,COGS,False,Montreal,roster,1.0,58,12478.800472351266,998.3040377881013,1482.4814961153304,748.728028341076,0.0,0.0,15708.314034595773
2025-09,emp-0051,Site Reliability Engineer,Customer Operations,COGS,False,Montreal,roster,1.0,59,12478.800472351266,998.3040377881013,1482.4814961153304,748.728028341076,0.0,0.0,15708.314034595773
2025-10,emp-0051,Site Reliability Engineer,Customer Operations,COGS,False,Montreal,roster,1.0,60,12478.800472351266,998.3040377881013,1482.4814961153304,748.728028341076,0.0,0.0,15708.314034595773
2025-11,emp-0051,Site Reliability Engineer,Customer Operations,COGS,False,Montreal,roster,1.0,61,12478.800472351266,998.3040377881013,1482.4814961153304,748.728028341076,0.0,0.0,15708.314034595773
2025-12,emp-0051,Site Reliability Engineer,Customer Operations,COGS,False,Montreal,roster,1.0,62,12478.800472351266,998.3040377881013,1482.4814961153304,748.728028341076,0.0,0.0,15708.314034595773
2026-01,emp-0051,Site Reliability Engineer,Customer Operations,COGS,False,Montreal,roster,1.0,63,12915.558488883558,1033.2446791106847,1534.3683484793667,774.9335093330135,0.0,0.0,16258.105025806624
2026-02,emp-0051,Site Reliability Engineer,Customer Operations,COGS,False,Montreal,roster,1.0,64,12915.558488883558,1033.2446791106847,1534.3683484793667,774.9335093330135,0.0,0.0,16258.105025806624
2026-03,emp-0051,Site Reliability Engineer,Customer Operations,COGS,False,Montreal,roster,1.0,65,12915.558488883558,1033.2446791106847,1534.3683484793667,774.9335093330135,0.0,0.0,16258.105025806624
2026-04,emp-0051,Site Reliability Engineer,Customer Operations,COGS,False,Montreal,roster,1.0,66,12915.558488883558,1033.2446791106847,1534.3683484793667,774.9335093330135,0.0,0.0,16258.105025806624
2026-05,emp-0051,Site Reliability Engineer,Customer Operations,COGS,False,Montreal,roster,1.0,67,12915.558488883558,1033.2446791106847,1534.3683484793667,774.9335093330135,0.0,0.0,16258.105025806624
2026-06,emp-0051,Site Reliability Engineer,Customer Operations,COGS,False,Montreal,roster,1.0,68,12915.558488883558,1033.2446791106847,1534.3683484793667,774.9335093330135,0.0,0.0,16258.105025806624
2026-07,emp-0051,Site Reliability Engineer,Customer Operations,COGS,False,Montreal,roster,1.0,69,12915.558488883558,1033.2446791106847,1534.3683484793667,774.9335093330135,0.0,0.0,16258.105025806624
2026-08,emp-0051,Site Reliability Engineer,Customer Operations,COGS,False,Montreal,roster,1.0,70,12915.558488883558,1033.2446791106847,1534.3683484793667,774.9335093330135,0.0,0.0,16258.105025806624
2024-09,emp-0052,Site Reliability Engineer,Customer Operations,COGS,False,Montreal,roster,1.0,68,12200.12969347667,976.0103754781337,1449.3754075850286,732.0077816086002,0.0,0.0,15357.523258148432
2024-10,emp-0052,Site Reliability Engineer,Customer Operations,COGS,False,Montreal,roster,1.0,69,12200.12969347667,976.0103754781337,1449.3754075850286,732.0077816086002,0.0,0.0,15357.523258148432
2024-11,emp-0052,Site Reliability Engineer,Customer Operations,COGS,False,Montreal,roster,1.0,70,12200.12969347667,976.0103754781337,1449.3754075850286,732.0077816086002,0.0,0.0,15357.523258148432
2024-12,emp-0052,Site Reliability Engineer,Customer Operations,COGS,False,Montreal,roster,1.0,71,12200.12969347667,976.0103754781337,1449.3754075850286,732.0077816086002,0.0,0.0,15357.523258148432
2025-01,emp-0052,Site Reliability Engineer,Customer Operations,COGS,False,Montreal,roster,1.0,72,12627.134232748353,1010.1707386198682,1500.1035468505042,757.6280539649011,0.0,0.0,15895.036572183628
2025-02,emp-0052,Site Reliability Engineer,Customer Operations,COGS,False,Montreal,roster,1.0,73,12627.134232748353,1010.1707386198682,1500.1035468505042,757.6280539649011,0.0,0.0,15895.036572183628
2025-03,emp-0052,Site Reliability Engineer,Customer Operations,COGS,False,Montreal,roster,1.0,74,12627.134232748353,1010.1707386198682,1500.1035468505042,757.6280539649011,0.0,0.0,15895.036572183628
2025-04,emp-0052,Site Reliability Engineer,Customer Operations,COGS,False,Montreal,roster,1.0,75,12627.134232748353,1010.1707386198682,1500.1035468505042,757.6280539649011,0.0,0.0,15895.036572183628
2025-05,emp-0052,Site Reliability Engineer,Customer Operations,COGS,False,Montreal,roster,1.0,76,12627.134232748353,1010.1707386198682,1500.1035468505042,757.6280539649011,0.0,0.0,15895.036572183628
2025-06,emp-0052,Site Reliability Engineer,Customer Operations,COGS,False,Montreal,roster,1.0,77,12627.134232748353,1010.1707386198682,1500.1035468505042,757.6280539649011,0.0,0.0,15895.036572183628
2025-07,emp-0052,Site Reliability Engineer,Customer Operations,COGS,False,Montreal,roster,1.0,78,12627.134232748353,1010.1707386198682,1500.1035468505042,757.6280539649011,0.0,0.0,15895.036572183628
2025-08,emp-0052,Site Reliability Engineer,Customer Operations,COGS,False,Montreal,roster,1.0,79,12627.134232748353,1010.1707386198682,1500.1035468505042,757.6280539649011,0.0,0.0,15895.036572183628
2025-09,emp-0052,Site Reliability Engineer,Customer Operations,COGS,False,Montreal,roster,1.0,80,12627.134232748353,1010.1707386198682,1500.1035468505042,757.6280539649011,0.0,0.0,15895.036572183628
2025-10,emp-0052,Site Reliability Engineer,Customer Operations,COGS,False,Montreal,roster,1.0,81,12627.134232748353,1010.1707386198682,1500.1035468505042,757.6280539649011,0.0,0.0,15895.036572183628
2025-11,emp-0052,Site Reliability Engineer,Customer Operations,COGS,False,Montreal,roster,1.0,82,12627.134232748353,1010.1707386198682,1500.1035468505042,757.6280539649011,0.0,0.0,15895.036572183628
2025-12,emp-0052,Site Reliability Engineer,Customer Operations,COGS,False,Montreal,roster,1.0,83,12627.134232748353,1010.1707386198682,1500.1035468505042,757.6280539649011,0.0,0.0,15895.036572183628
2026-01,emp-0052,Site Reliability Engineer,Customer Operations,COGS,False,Montreal,roster,1.0,84,13069.083930894543,1045.5267144715635,1552.6071709902717,784.1450358536725,0.0,0.0,16451.36285221005
2026-02,emp-0052,Site Reliability Engineer,Customer Operations,COGS,False,Montreal,roster,1.0,85,13069.083930894543,1045.5267144715635,1552.6071709902717,784.1450358536725,0.0,0.0,16451.36285221005
2026-03,emp-0052,Site Reliability Engineer,Customer Operations,COGS,False,Montreal,roster,1.0,86,13069.083930894543,1045.5267144715635,1552.6071709902717,784.1450358536725,0.0,0.0,16451.36285221005
2026-04,emp-0052,Site Reliability Engineer,Customer Operations,COGS,False,Montreal,roster,1.0,87,13069.083930894543,1045.5267144715635,1552.6071709902717,784.1450358536725,0.0,0.0,16451.36285221005
2026-05,emp-0052,Site Reliability Engineer,Customer Operations,COGS,False,Montreal,roster,1.0,88,13069.083930894543,1045.5267144715635,1552.6071709902717,784.1450358536725,0.0,0.0,16451.36285221005
2026-06,emp-0052,Site Reliability Engineer,Customer Operations,COGS,False,Montreal,roster,1.0,89,13069.083930894543,1045.5267144715635,1552.6071709902717,784.1450358536725,0.0,0.0,16451.36285221005
2026-07,emp-0052,Site Reliability Engineer,Customer Operations,COGS,False,Montreal,roster,1.0,90,13069.083930894543,1045.5267144715635,1552.6071709902717,784.1450358536725,0.0,0.0,16451.36285221005
2026-08,emp-0052,Site Reliability Engineer,Customer Operations,COGS,False,Montreal,roster,1.0,91,13069.083930894543,1045.5267144715635,1552.6071709902717,784.1450358536725,0.0,0.0,16451.36285221005
2024-09,emp-0053,Site Reliability Engineer,Customer Operations,COGS,False,Montreal,roster,1.0,59,12869.392761888681,1029.5514209510945,1528.8838601123753,772.1635657133208,0.0,0.0,16199.991608665472
2024-10,emp-0053,Site Reliability Engineer,Customer Operations,COGS,False,Montreal,roster,1.0,60,12869.392761888681,1029.5514209510945,1528.8838601123753,772.1635657133208,0.0,0.0,16199.991608665472
2024-11,emp-0053,Site Reliability Engineer,Customer Operations,COGS,False,Montreal,roster,1.0,61,12869.392761888681,1029.5514209510945,1528.8838601123753,772.1635657133208,0.0,0.0,16199.991608665472
2024-12,emp-0053,Site Reliability Engineer,Customer Operations,COGS,False,Montreal,roster,1.0,62,12869.392761888681,1029.5514209510945,1528.8838601123753,772.1635657133208,0.0,0.0,16199.991608665472
2025-01,emp-0053,Site Reliability Engineer,Customer Operations,COGS,False,Montreal,roster,1.0,63,13319.821508554784,1065.5857206843827,1582.3947952163082,799.189290513287,0.0,0.0,16766.991314968764
2025-02,emp-0053,Site Reliability Engineer,Customer Operations,COGS,False,Montreal,roster,1.0,64,13319.821508554784,1065.5857206843827,1582.3947952163082,799.189290513287,0.0,0.0,16766.991314968764
2025-03,emp-0053,Site Reliability Engineer,Customer Operations,COGS,False,Montreal,roster,1.0,65,13319.821508554784,1065.5857206843827,1582.3947952163082,799.189290513287,0.0,0.0,16766.991314968764
2025-04,emp-0053,Site Reliability Engineer,Customer Operations,COGS,False,Montreal,roster,1.0,66,13319.821508554784,1065.5857206843827,1582.3947952163082,799.189290513287,0.0,0.0,16766.991314968764
2025-05,emp-0053,Site Reliability Engineer,Customer Operations,COGS,False,Montreal,roster,1.0,67,13319.821508554784,1065.5857206843827,1582.3947952163082,799.189290513287,0.0,0.0,16766.991314968764
2025-06,emp-0053,Site Reliability Engineer,Customer Operations,COGS,False,Montreal,roster,1.0,68,13319.821508554784,1065.5857206843827,1582.3947952163082,799.189290513287,0.0,0.0,16766.991314968764
2025-07,emp-0053,Site Reliability Engineer,Customer Operations,COGS,False,Montreal,roster,1.0,69,13319.821508554784,1065.5857206843827,1582.3947952163082,799.189290513287,0.0,0.0,16766.991314968764
2025-08,emp-0053,Site Reliability Engineer,Customer Operations,COGS,False,Montreal,roster,1.0,70,13319.821508554784,1065.5857206843827,1582.3947952163082,799.189290513287,0.0,0.0,16766.991314968764
2025-09,emp-0053,Site Reliability Engineer,Customer Operations,COGS,False,Montreal,roster,1.0,71,13319.821508554784,1065.5857206843827,1582.3947952163082,799.189290513287,0.0,0.0,16766.991314968764
2025-10,emp-0053,Site Reliability Engineer,Customer Operations,COGS,False,Montreal,roster,1.0,72,13319.821508554784,1065.5857206843827,1582.3947952163082,799.189290513287,0.0,0.0,16766.991314968764
2025-11,emp-0053,Site Reliability Engineer,Customer Operations,COGS,False,Montreal,roster,1.0,73,13319.821508554784,1065.5857206843827,1582.3947952163082,799.189290513287,0.0,0.0,16766.991314968764
2025-12,emp-0053,Site Reliability Engineer,Customer Operations,COGS,False,Montreal,roster,1.0,74,13319.821508554784,1065.5857206843827,1582.3947952163082,799.189290513287,0.0,0.0,16766.991314968764
2026-01,emp-0053,Site Reliability Engineer,Customer Operations,COGS,False,Montreal,roster,1.0,75,13786.0152613542,1102.881220908336,1637.778613048879,827.1609156812519,0.0,0.0,17353.836010992665
2026-02,emp-0053,Site Reliability Engineer,Customer Operations,COGS,False,Montreal,roster,1.0,76,13786.0152613542,1102.881220908336,1637.778613048879,827.1609156812519,0.0,0.0,17353.836010992665
2026-03,emp-0053,Site Reliability Engineer,Customer Operations,COGS,False,Montreal,roster,1.0,77,13786.0152613542,1102.881220908336,1637.778613048879,827.1609156812519,0.0,0.0,17353.836010992665
2026-04,emp-0053,Site Reliability Engineer,Customer Operations,COGS,False,Montreal,roster,1.0,78,13786.0152613542,1102.881220908336,1637.778613048879,827.1609156812519,0.0,0.0,17353.836010992665
2026-05,emp-0053,Site Reliability Engineer,Customer Operations,COGS,False,Montreal,roster,1.0,79,13786.0152613542,1102.881220908336,1637.778613048879,827.1609156812519,0.0,0.0,17353.836010992665
2026-06,emp-0053,Site Reliability Engineer,Customer Operations,COGS,False,Montreal,roster,1.0,80,13786.0152613542,1102.881220908336,1637.778613048879,827.1609156812519,0.0,0.0,17353.836010992665
2026-07,emp-0053,Site Reliability Engineer,Customer Operations,COGS,False,Montreal,roster,1.0,81,13786.0152613542,1102.881220908336,1637.778613048879,827.1609156812519,0.0,0.0,17353.836010992665
2026-08,emp-0053,Site Reliability Engineer,Customer Operations,COGS,False,Montreal,roster,1.0,82,13786.0152613542,1102.881220908336,1637.778613048879,827.1609156812519,0.0,0.0,17353.836010992665
2024-09,emp-0054,Site Reliability Engineer,Customer Operations,COGS,False,Paris,roster,1.0,50,9683.71344936657,774.6970759493257,4392.532420632676,484.18567246832856,0.0,0.0,15335.128618416902
2024-10,emp-0054,Site Reliability Engineer,Customer Operations,COGS,False,Paris,roster,1.0,51,9683.71344936657,774.6970759493257,4392.532420632676,484.18567246832856,0.0,0.0,15335.128618416902
2024-11,emp-0054,Site Reliability Engineer,Customer Operations,COGS,False,Paris,roster,1.0,52,9683.71344936657,774.6970759493257,4392.532420632676,484.18567246832856,0.0,0.0,15335.128618416902
2024-12,emp-0054,Site Reliability Engineer,Customer Operations,COGS,False,Paris,roster,1.0,53,9683.71344936657,774.6970759493257,4392.532420632676,484.18567246832856,0.0,0.0,15335.128618416902
2025-01,emp-0054,Site Reliability Engineer,Customer Operations,COGS,False,Paris,roster,1.0,54,10022.6434200944,801.8114736075521,4546.2710553548195,501.13217100472,0.0,0.0,15871.85812006149
2025-02,emp-0054,Site Reliability Engineer,Customer Operations,COGS,False,Paris,roster,1.0,55,10022.6434200944,801.8114736075521,4546.2710553548195,501.13217100472,0.0,0.0,15871.85812006149
2025-03,emp-0054,Site Reliability Engineer,Customer Operations,COGS,False,Paris,roster,1.0,56,10022.6434200944,801.8114736075521,4546.2710553548195,501.13217100472,0.0,0.0,15871.85812006149
2025-04,emp-0054,Site Reliability Engineer,Customer Operations,COGS,False,Paris,roster,1.0,57,10022.6434200944,801.8114736075521,4546.2710553548195,501.13217100472,0.0,0.0,15871.85812006149
2025-05,emp-0054,Site Reliability Engineer,Customer Operations,COGS,False,Paris,roster,1.0,58,10022.6434200944,801.8114736075521,4546.2710553548195,501.13217100472,0.0,0.0,15871.85812006149
2025-06,emp-0054,Site Reliability Engineer,Customer Operations,COGS,False,Paris,roster,1.0,59,10022.6434200944,801.8114736075521,4546.2710553548195,501.13217100472,0.0,0.0,15871.85812006149
2025-07,emp-0054,Site Reliability Engineer,Customer Operations,COGS,False,Paris,roster,1.0,60,10022.6434200944,801.8114736075521,4546.2710553548195,501.13217100472,0.0,0.0,15871.85812006149
2025-08,emp-0054,Site Reliability Engineer,Customer Operations,COGS,False,Paris,roster,1.0,61,10022.6434200944,801.8114736075521,4546.2710553548195,501.13217100472,0.0,0.0,15871.85812006149
2025-09,emp-0054,Site Reliability Engineer,Customer Operations,COGS,False,Paris,roster,1.0,62,10022.6434200944,801.8114736075521,4546.2710553548195,501.13217100472,0.0,0.0,15871.85812006149
2025-10,emp-0054,Site Reliability Engineer,Customer Operations,COGS,False,Paris,roster,1.0,63,10022.6434200944,801.8114736075521,4546.2710553548195,501.13217100472,0.0,0.0,15871.85812006149
2025-11,emp-0054,Site Reliability Engineer,Customer Operations,COGS,False,Paris,roster,1.0,64,10022.6434200944,801.8114736075521,4546.2710553548195,501.13217100472,0.0,0.0,15871.85812006149
2025-12,emp-0054,Site Reliability Engineer,Customer Operations,COGS,False,Paris,roster,1.0,65,10022.6434200944,801.8114736075521,4546.2710553548195,501.13217100472,0.0,0.0,15871.85812006149
2026-01,emp-0054,Site Reliability Engineer,Customer Operations,COGS,False,Paris,roster,1.0,66,10373.435939797702,829.8748751838162,4705.390542292237,518.6717969898851,0.0,0.0,16427.37315426364
2026-02,emp-0054,Site Reliability Engineer,Customer Operations,COGS,False,Paris,roster,1.0,67,10373.435939797702,829.8748751838162,4705.390542292237,518.6717969898851,0.0,0.0,16427.37315426364
2026-03,emp-0054,Site Reliability Engineer,Customer Operations,COGS,False,Paris,roster,1.0,68,10373.435939797702,829.8748751838162,4705.390542292237,518.6717969898851,0.0,0.0,16427.37315426364
2026-04,emp-0054,Site Reliability Engineer,Customer Operations,COGS,False,Paris,roster,1.0,69,10373.435939797702,829.8748751838162,4705.390542292237,518.6717969898851,0.0,0.0,16427.37315426364
2026-05,emp-0054,Site Reliability Engineer,Customer Operations,COGS,False,Paris,roster,1.0,70,10373.435939797702,829.8748751838162,4705.390542292237,518.6717969898851,0.0,0.0,16427.37315426364
2026-06,emp-0054,Site Reliability Engineer,Customer Operations,COGS,False,Paris,roster,1.0,71,10373.435939797702,829.8748751838162,4705.390542292237,518.6717969898851,0.0,0.0,16427.37315426364
2026-07,emp-0054,Site Reliability Engineer,Customer Operations,COGS,False,Paris,roster,1.0,72,10373.435939797702,829.8748751838162,4705.390542292237,518.6717969898851,0.0,0.0,16427.37315426364
2026-08,emp-0054,Site Reliability Engineer,Customer Operations,COGS,False,Paris,roster,1.0,73,10373.435939797702,829.8748751838162,4705.390542292237,518.6717969898851,0.0,0.0,16427.37315426364
2024-09,emp-0055,Customer Success Manager,Customer Operations,COGS,False,Austin,roster,1.0,40,7713.619157673554,617.0895326138843,708.1102386744323,1079.9066820742976,0.0,0.0,10118.725611036167
2024-10,emp-0055,Customer Success Manager,Customer Operations,COGS,False,Austin,roster,1.0,41,7713.619157673554,617.0895326138843,708.1102386744323,1079.9066820742976,0.0,0.0,10118.725611036167
2024-11,emp-0055,Customer Success Manager,Customer Operations,COGS,False,Austin,roster,1.0,42,7713.619157673554,617.0895326138843,708.1102386744323,1079.9066820742976,0.0,0.0,10118.725611036167
2024-12,emp-0055,Customer Success Manager,Customer Operations,COGS,False,Austin,roster,1.0,43,7713.619157673554,617.0895326138843,708.1102386744323,1079.9066820742976,0.0,0.0,10118.725611036167
2025-01,emp-0055,Customer Success Manager,Customer Operations,COGS,False,Austin,roster,1.0,44,7983.595828192127,638.6876662553701,732.8940970280372,1117.7034159468978,0.0,0.0,10472.881007422431
2025-02,emp-0055,Customer Success Manager,Customer Operations,COGS,False,Austin,roster,1.0,45,7983.595828192127,638.6876662553701,732.8940970280372,1117.7034159468978,0.0,0.0,10472.881007422431
2025-03,emp-0055,Customer Success Manager,Customer Operations,COGS,False,Austin,roster,1.0,46,7983.595828192127,638.6876662553701,732.8940970280372,1117.7034159468978,0.0,0.0,10472.881007422431
2025-04,emp-0055,Customer Success Manager,Customer Operations,COGS,False,Austin,roster,1.0,47,7983.595828192127,638.6876662553701,732.8940970280372,1117.7034159468978,0.0,0.0,10472.881007422431
2025-05,emp-0055,Customer Success Manager,Customer Operations,COGS,False,Austin,roster,1.0,48,7983.595828192127,638.6876662553701,732.8940970280372,1117.7034159468978,0.0,0.0,10472.881007422431
2025-06,emp-0055,Customer Success Manager,Customer Operations,COGS,False,Austin,roster,1.0,49,7983.595828192127,638.6876662553701,732.8940970280372,1117.7034159468978,0.0,0.0,10472.881007422431
2025-07,emp-0055,Customer Success Manager,Customer Operations,COGS,False,Austin,roster,1.0,50,7983.595828192127,638.6876662553701,732.8940970280372,1117.7034159468978,0.0,0.0,10472.881007422431
2025-08,emp-0055,Customer Success Manager,Customer Operations,COGS,False,Austin,roster,1.0,51,7983.595828192127,638.6876662553701,732.8940970280372,1117.7034159468978,0.0,0.0,10472.881007422431
2025-09,emp-0055,Customer Success Manager,Customer Operations,COGS,False,Austin,roster,1.0,52,7983.595828192127,638.6876662553701,732.8940970280372,1117.7034159468978,0.0,0.0,10472.881007422431
2025-10,emp-0055,Customer Success Manager,Customer Operations,COGS,False,Austin,roster,1.0,53,7983.595828192127,638.6876662553701,732.8940970280372,1117.7034159468978,0.0,0.0,10472.881007422431
2025-11,emp-0055,Customer Success Manager,Customer Operations,COGS,False,Austin,roster,1.0,54,7983.595828192127,638.6876662553701,732.8940970280372,1117.7034159468978,0.0,0.0,10472.881007422431
2025-12,emp-0055,Customer Success Manager,Customer Operations,COGS,False,Austin,roster,1.0,55,7983.595828192127,638.6876662553701,732.8940970280372,1117.7034159468978,0.0,0.0,10472.881007422431
2026-01,emp-0055,Customer Success Manager,Customer Operations,COGS,False,Austin,roster,1.0,56,8263.02168217885,661.0417345743081,758.5453904240186,1156.8230355050391,0.0,0.0,10839.431842682217
2026-02,emp-0055,Customer Success Manager,Customer Operations,COGS,False,Austin,roster,1.0,57,8263.02168217885,661.0417345743081,758.5453904240186,1156.8230355050391,0.0,0.0,10839.431842682217
2026-03,emp-0055,Customer Success Manager,Customer Operations,COGS,False,Austin,roster,1.0,58,8263.02168217885,661.0417345743081,758.5453904240186,1156.8230355050391,0.0,0.0,10839.431842682217
2026-04,emp-0055,Customer Success Manager,Customer Operations,COGS,False,Austin,roster,1.0,59,8263.02168217885,661.0417345743081,758.5453904240186,1156.8230355050391,0.0,0.0,10839.431842682217
2026-05,emp-0055,Customer Success Manager,Customer Operations,COGS,False,Austin,roster,1.0,60,8263.02168217885,661.0417345743081,758.5453904240186,1156.8230355050391,0.0,0.0,10839.431842682217
2026-06,emp-0055,Customer Success Manager,Customer Operations,COGS,False,Austin,roster,1.0,61,8263.02168217885,661.0417345743081,758.5453904240186,1156.8230355050391,0.0,0.0,10839.431842682217
2026-07,emp-0055,Customer Success Manager,Customer Operations,COGS,False,Austin,roster,1.0,62,8263.02168217885,661.0417345743081,758.5453904240186,1156.8230355050391,0.0,0.0,10839.431842682217
2026-08,emp-0055,Customer Success Manager,Customer Operations,COGS,False,Austin,roster,1.0,63,8263.02168217885,661.0417345743081,758.5453904240186,1156.8230355050391,0.0,0.0,10839.431842682217
2024-09,emp-0056,Customer Success Manager,Customer Operations,COGS,False,Austin,roster,1.0,44,8008.55723575347,640.6845788602776,735.1855542421687,1121.198013005486,0.0,0.0,10505.625381861402
2024-10,emp-0056,Customer Success Manager,Customer Operations,COGS,False,Austin,roster,1.0,45,8008.55723575347,640.6845788602776,735.1855542421687,1121.198013005486,0.0,0.0,10505.625381861402
2024-11,emp-0056,Customer Success Manager,Customer Operations,COGS,False,Austin,roster,1.0,46,8008.55723575347,640.6845788602776,735.1855542421687,1121.198013005486,0.0,0.0,10505.625381861402
2024-12,emp-0056,Customer Success Manager,Customer Operations,COGS,False,Austin,roster,1.0,47,8008.55723575347,640.6845788602776,735.1855542421687,1121.198013005486,0.0,0.0,10505.625381861402
2025-01,emp-0056,Customer Success Manager,Customer Operations,COGS,False,Austin,roster,1.0,48,8288.856739004843,663.1085391203875,760.9170486406446,1160.439943460678,0.0,0.0,10873.322270226552
2025-02,emp-0056,Customer Success Manager,Customer Operations,COGS,False,Austin,roster,1.0,49,8288.856739004843,663.1085391203875,760.9170486406446,1160.439943460678,0.0,0.0,10873.322270226552
2025-03,emp-0056,Customer Success Manager,Customer Operations,COGS,False,Austin,roster,1.0,50,8288.856739004843,663.1085391203875,760.9170486406446,1160.439943460678,0.0,0.0,10873.322270226552
2025-04,emp-0056,Customer Success Manager,Customer Operations,COGS,False,Austin,roster,1.0,51,8288.856739004843,663.1085391203875,760.9170486406446,1160.439943460678,0.0,0.0,10873.322270226552
2025-05,emp-0056,Customer Success Manager,Customer Operations,COGS,False,Austin,roster,1.0,52,8288.856739004843,663.1085391203875,760.9170486406446,1160.439943460678,0.0,0.0,10873.322270226552
2025-06,emp-0056,Customer Success Manager,Customer Operations,COGS,False,Austin,roster,1.0,53,8288.856739004843,663.1085391203875,760.9170486406446,1160.439943460678,0.0,0.0,10873.322270226552
2025-07,emp-0056,Customer Success Manager,Customer Operations,COGS,False,Austin,roster,1.0,54,8288.856739004843,663.1085391203875,760.9170486406446,1160.439943460678,0.0,0.0,10873.322270226552
2025-08,emp-0056,Customer Success Manager,Customer Operations,COGS,False,Austin,roster,1.0,55,8288.856739004843,663.1085391203875,760.9170486406446,1160.439943460678,0.0,0.0,10873.322270226552
2025-09,emp-0056,Customer Success Manager,Customer Operations,COGS,False,Austin,roster,1.0,56,8288.856739004843,663.1085391203875,760.9170486406446,1160.439943460678,0.0,0.0,10873.322270226552
2025-10,emp-0056,Customer Success Manager,Customer Operations,COGS,False,Austin,roster,1.0,57,8288.856739004843,663.1085391203875,760.9170486406446,1160.439943460678,0.0,0.0,10873.322270226552
2025-11,emp-0056,Customer Success Manager,Customer Operations,COGS,False,Austin,roster,1.0,58,8288.856739004843,663.1085391203875,760.9170486406446,1160.439943460678,0.0,0.0,10873.322270226552
2025-12,emp-0056,Customer Success Manager,Customer Operations,COGS,False,Austin,roster,1.0,59,8288.856739004843,663.1085391203875,760.9170486406446,1160.439943460678,0.0,0.0,10873.322270226552
2026-01,emp-0056,Customer Success Manager,Customer Operations,COGS,False,Austin,roster,1.0,60,8578.96672487001,686.3173379896008,787.549145343067,1201.0553414818014,0.0,0.0,11253.888549684481
2026-02,emp-0056,Customer Success Manager,Customer Operations,COGS,False,Austin,roster,1.0,61,8578.96672487001,686.3173379896008,787.549145343067,1201.0553414818014,0.0,0.0,11253.888549684481
2024-09,emp-0057,Customer Success Manager,Customer Operations,COGS,False,Austin,roster,1.0,36,8191.49544093623,655.3196352748984,751.9792814779461,1146.8093617310724,0.0,0.0,10745.603719420149
2024-10,emp-0057,Customer Success Manager,Customer Operations,COGS,False,Austin,roster,1.0,37,8191.49544093623,655.3196352748984,751.9792814779461,1146.8093617310724,0.0,0.0,10745.603719420149
2024-11,emp-0057,Customer Success Manager,Customer Operations,COGS,False,Austin,roster,1.0,38,8191.49544093623,655.3196352748984,751.9792814779461,1146.8093617310724,0.0,0.0,10745.603719420149
2024-12,emp-0057,Customer Success Manager,Customer Operations,COGS,False,Austin,roster,1.0,39,8191.49544093623,655.3196352748984,751.9792814779461,1146.8093617310724,0.0,0.0,10745.603719420149
2025-01,emp-0057,Customer Success Manager,Customer Operations,COGS,False,Austin,roster,1.0,40,8478.197781368997,678.2558225095198,778.298556329674,1186.9476893916597,0.0,0.0,11121.69984959985
2025-02,emp-0057,Customer Success Manager,Customer Operations,COGS,False,Austin,roster,1.0,41,8478.197781368997,678.2558225095198,778.298556329674,1186.9476893916597,0.0,0.0,11121.69984959985
2025-03,emp-0057,Customer Success Manager,Customer Operations,COGS,False,Austin,roster,1.0,42,8478.197781368997,678.2558225095198,778.298556329674,1186.9476893916597,0.0,0.0,11121.69984959985
2025-04,emp-0057,Customer Success Manager,Customer Operations,COGS,False,Austin,roster,1.0,43,8478.197781368997,678.2558225095198,778.298556329674,1186.9476893916597,0.0,0.0,11121.69984959985
2025-05,emp-0057,Customer Success Manager,Customer Operations,COGS,False,Austin,roster,1.0,44,8478.197781368997,678.2558225095198,778.298556329674,1186.9476893916597,0.0,0.0,11121.69984959985
2025-06,emp-0057,Customer Success Manager,Customer Operations,COGS,False,Austin,roster,1.0,45,8478.197781368997,678.2558225095198,778.298556329674,1186.9476893916597,0.0,0.0,11121.69984959985
2025-07,emp-0057,Customer Success Manager,Customer Operations,COGS,False,Austin,roster,1.0,46,8478.197781368997,678.2558225095198,778.298556329674,1186.9476893916597,0.0,0.0,11121.69984959985
2025-08,emp-0057,Customer Success Manager,Customer Operations,COGS,False,Austin,roster,1.0,47,8478.197781368997,678.2558225095198,778.298556329674,1186.9476893916597,0.0,0.0,11121.69984959985
2025-09,emp-0057,Customer Success Manager,Customer Operations,COGS,False,Austin,roster,1.0,48,8478.197781368997,678.2558225095198,778.298556329674,1186.9476893916597,0.0,0.0,11121.69984959985
2025-10,emp-0057,Customer Success Manager,Customer Operations,COGS,False,Austin,roster,1.0,49,8478.197781368997,678.2558225095198,778.298556329674,1186.9476893916597,0.0,0.0,11121.69984959985
2025-11,emp-0057,Customer Success Manager,Customer Operations,COGS,False,Austin,roster,1.0,50,8478.197781368997,678.2558225095198,778.298556329674,1186.9476893916597,0.0,0.0,11121.69984959985
2025-12,emp-0057,Customer Success Manager,Customer Operations,COGS,False,Austin,roster,1.0,51,8478.197781368997,678.2558225095198,778.298556329674,1186.9476893916597,0.0,0.0,11121.69984959985
2026-01,emp-0057,Customer Success Manager,Customer Operations,COGS,False,Austin,roster,1.0,52,8774.934703716912,701.9947762973529,805.5390058012126,1228.4908585203677,0.0,0.0,11510.959344335846
2026-02,emp-0057,Customer Success Manager,Customer Operations,COGS,False,Austin,roster,1.0,53,8774.934703716912,701.9947762973529,805.5390058012126,1228.4908585203677,0.0,0.0,11510.959344335846
2026-03,emp-0057,Customer Success Manager,Customer Operations,COGS,False,Austin,roster,1.0,54,8774.934703716912,701.9947762973529,805.5390058012126,1228.4908585203677,0.0,0.0,11510.959344335846
2026-04,emp-0057,Customer Success Manager,Customer Operations,COGS,False,Austin,roster,1.0,55,8774.934703716912,701.9947762973529,805.5390058012126,1228.4908585203677,0.0,0.0,11510.959344335846
2026-05,emp-0057,Customer Success Manager,Customer Operations,COGS,False,Austin,roster,1.0,56,8774.934703716912,701.9947762973529,805.5390058012126,1228.4908585203677,0.0,0.0,11510.959344335846
2026-06,emp-0057,Customer Success Manager,Customer Operations,COGS,False,Austin,roster,1.0,57,8774.934703716912,701.9947762973529,805.5390058012126,1228.4908585203677,0.0,0.0,11510.959344335846
2026-07,emp-0057,Customer Success Manager,Customer Operations,COGS,False,Austin,roster,1.0,58,8774.934703716912,701.9947762973529,805.5390058012126,1228.4908585203677,0.0,0.0,11510.959344335846
2026-08,emp-0057,Customer Success Manager,Customer Operations,COGS,False,Austin,roster,1.0,59,8774.934703716912,701.9947762973529,805.5390058012126,1228.4908585203677,0.0,0.0,11510.959344335846
2024-09,emp-0058,Customer Success Manager,Customer Operations,COGS,False,Austin,roster,1.0,4,7611.412270885605,608.9129816708484,698.7276464672985,1065.5977179239849,0.0,0.0,9984.650616947736
2024-10,emp-0058,Customer Success Manager,Customer Operations,COGS,False,Austin,roster,1.0,5,7611.412270885605,608.9129816708484,698.7276464672985,1065.5977179239849,0.0,0.0,9984.650616947736
2024-11,emp-0058,Customer Success Manager,Customer Operations,COGS,False,Austin,roster,1.0,6,7611.412270885605,608.9129816708484,698.7276464672985,1065.5977179239849,0.0,0.0,9984.650616947736
2024-12,emp-0058,Customer Success Manager,Customer Operations,COGS,False,Austin,roster,1.0,7,7611.412270885605,608.9129816708484,698.7276464672985,1065.5977179239849,0.0,0.0,9984.650616947736
2025-01,emp-0058,Customer Success Manager,Customer Operations,COGS,False,Austin,roster,1.0,8,7877.8117003666,630.224936029328,723.1831140936539,1102.8936380513242,0.0,0.0,10334.113388540905
2025-02,emp-0058,Customer Success Manager,Customer Operations,COGS,False,Austin,roster,1.0,9,7877.8117003666,630.224936029328,723.1831140936539,1102.8936380513242,0.0,0.0,10334.113388540905
2025-03,emp-0058,Customer Success Manager,Customer Operations,COGS,False,Austin,roster,1.0,10,7877.8117003666,630.224936029328,723.1831140936539,1102.8936380513242,0.0,0.0,10334.113388540905
2025-04,emp-0058,Customer Success Manager,Customer Operations,COGS,False,Austin,roster,1.0,11,7877.8117003666,630.224936029328,723.1831140936539,1102.8936380513242,0.0,0.0,10334.113388540905
2025-05,emp-0058,Customer Success Manager,Customer Operations,COGS,False,Austin,roster,1.0,12,7877.8117003666,630.224936029328,723.1831140936539,1102.8936380513242,0.0,0.0,10334.113388540905
2025-06,emp-0058,Customer Success Manager,Customer Operations,COGS,False,Austin,roster,1.0,13,7877.8117003666,630.224936029328,723.1831140936539,1102.8936380513242,0.0,0.0,10334.113388540905
2025-07,emp-0058,Customer Success Manager,Customer Operations,COGS,False,Austin,roster,1.0,14,7877.8117003666,630.224936029328,723.1831140936539,1102.8936380513242,0.0,0.0,10334.113388540905
2025-08,emp-0058,Customer Success Manager,Customer Operations,COGS,False,Austin,roster,1.0,15,7877.8117003666,630.224936029328,723.1831140936539,1102.8936380513242,0.0,0.0,10334.113388540905
2025-09,emp-0058,Customer Success Manager,Customer Operations,COGS,False,Austin,roster,1.0,16,7877.8117003666,630.224936029328,723.1831140936539,1102.8936380513242,0.0,0.0,10334.113388540905
2025-10,emp-0058,Customer Success Manager,Customer Operations,COGS,False,Austin,roster,1.0,17,7877.8117003666,630.224936029328,723.1831140936539,1102.8936380513242,0.0,0.0,10334.113388540905
2025-11,emp-0058,Customer Success Manager,Customer Operations,COGS,False,Austin,roster,1.0,18,7877.8117003666,630.224936029328,723.1831140936539,1102.8936380513242,0.0,0.0,10334.113388540905
2025-12,emp-0058,Customer Success Manager,Customer Operations,COGS,False,Austin,roster,1.0,19,7877.8117003666,630.224936029328,723.1831140936539,1102.8936380513242,0.0,0.0,10334.113388540905
2026-01,emp-0058,Customer Success Manager,Customer Operations,COGS,False,Austin,roster,1.0,20,8153.535109879431,652.2828087903545,748.4945230869318,1141.4949153831203,0.0,0.0,10695.807357139838
2026-02,emp-0058,Customer Success Manager,Customer Operations,COGS,False,Austin,roster,1.0,21,8153.535109879431,652.2828087903545,748.4945230869318,1141.4949153831203,0.0,0.0,10695.807357139838
2026-03,emp-0058,Customer Success Manager,Customer Operations,COGS,False,Austin,roster,1.0,22,8153.535109879431,652.2828087903545,748.4945230869318,1141.4949153831203,0.0,0.0,10695.807357139838
2026-04,emp-0058,Customer Success Manager,Customer Operations,COGS,False,Austin,roster,1.0,23,8153.535109879431,652.2828087903545,748.4945230869318,1141.4949153831203,0.0,0.0,10695.807357139838
2026-05,emp-0058,Customer Success Manager,Customer Operations,COGS,False,Austin,roster,1.0,24,8153.535109879431,652.2828087903545,748.4945230869318,1141.4949153831203,0.0,0.0,10695.807357139838
2026-06,emp-0058,Customer Success Manager,Customer Operations,COGS,False,Austin,roster,1.0,25,8153.535109879431,652.2828087903545,748.4945230869318,1141.4949153831203,0.0,0.0,10695.807357139838
2026-07,emp-0058,Customer Success Manager,Customer Operations,COGS,False,Austin,roster,1.0,26,8153.535109879431,652.2828087903545,748.4945230869318,1141.4949153831203,0.0,0.0,10695.807357139838
2026-08,emp-0058,Customer Success Manager,Customer Operations,COGS,False,Austin,roster,1.0,27,8153.535109879431,652.2828087903545,748.4945230869318,1141.4949153831203,0.0,0.0,10695.807357139838
2024-09,emp-0059,Customer Success Manager,Customer Operations,COGS,False,Austin,roster,1.0,48,9328.99625639771,746.3197005118168,856.4018563373098,1306.0594758956795,0.0,0.0,12237.777289142516
2024-10,emp-0059,Customer Success Manager,Customer Operations,COGS,False,Austin,roster,1.0,49,9328.99625639771,746.3197005118168,856.4018563373098,1306.0594758956795,0.0,0.0,12237.777289142516
2024-11,emp-0059,Customer Success Manager,Customer Operations,COGS,False,Austin,roster,1.0,50,9328.99625639771,746.3197005118168,856.4018563373098,1306.0594758956795,0.0,0.0,12237.777289142516
2024-12,emp-0059,Customer Success Manager,Customer Operations,COGS,False,Austin,roster,1.0,51,9328.99625639771,746.3197005118168,856.4018563373098,1306.0594758956795,0.0,0.0,12237.777289142516
2025-01,emp-0059,Customer Success Manager,Customer Operations,COGS,False,Austin,roster,1.0,52,9655.51112537163,772.4408900297303,886.3759213091156,1351.7715575520283,0.0,0.0,12666.099494262504
2025-02,emp-0059,Customer Success Manager,Customer Operations,COGS,False,Austin,roster,1.0,53,9655.51112537163,772.4408900297303,886.3759213091156,1351.7715575520283,0.0,0.0,12666.099494262504
2025-03,emp-0059,Customer Success Manager,Customer Operations,COGS,False,Austin,roster,1.0,54,9655.51112537163,772.4408900297303,886.3759213091156,1351.7715575520283,0.0,0.0,12666.099494262504
2025-04,emp-0059,Customer Success Manager,Customer Operations,COGS,False,Austin,roster,1.0,55,9655.51112537163,772.4408900297303,886.3759213091156,1351.7715575520283,0.0,0.0,12666.099494262504
2025-05,emp-0059,Customer Success Manager,Customer Operations,COGS,False,Austin,roster,1.0,56,9655.51112537163,772.4408900297303,886.3759213091156,1351.7715575520283,0.0,0.0,12666.099494262504
2025-06,emp-0059,Customer Success Manager,Customer Operations,COGS,False,Austin,roster,1.0,57,9655.51112537163,772.4408900297303,886.3759213091156,1351.7715575520283,0.0,0.0,12666.099494262504
2025-07,emp-0059,Customer Success Manager,Customer Operations,COGS,False,Austin,roster,1.0,58,9655.51112537163,772.4408900297303,886.3759213091156,1351.7715575520283,0.0,0.0,12666.099494262504
2025-08,emp-0059,Customer Success Manager,Customer Operations,COGS,False,Austin,roster,1.0,59,9655.51112537163,772.4408900297303,886.3759213091156,1351.7715575520283,0.0,0.0,12666.099494262504
2025-09,emp-0059,Customer Success Manager,Customer Operations,COGS,False,Austin,roster,1.0,60,9655.51112537163,772.4408900297303,886.3759213091156,1351.7715575520283,0.0,0.0,12666.099494262504
2025-10,emp-0059,Customer Success Manager,Customer Operations,COGS,False,Austin,roster,1.0,61,9655.51112537163,772.4408900297303,886.3759213091156,1351.7715575520283,0.0,0.0,12666.099494262504
2025-11,emp-0059,Customer Success Manager,Customer Operations,COGS,False,Austin,roster,1.0,62,9655.51112537163,772.4408900297303,886.3759213091156,1351.7715575520283,0.0,0.0,12666.099494262504
2025-12,emp-0059,Customer Success Manager,Customer Operations,COGS,False,Austin,roster,1.0,63,9655.51112537163,772.4408900297303,886.3759213091156,1351.7715575520283,0.0,0.0,12666.099494262504
2026-01,emp-0059,Customer Success Manager,Customer Operations,COGS,False,Austin,roster,1.0,64,9993.454014759634,799.4763211807708,917.3990785549346,1399.083562066349,0.0,0.0,13109.412976561689
2026-02,emp-0059,Customer Success Manager,Customer Operations,COGS,False,Austin,roster,1.0,65,9993.454014759634,799.4763211807708,917.3990785549346,1399.083562066349,0.0,0.0,13109.412976561689
2026-03,emp-0059,Customer Success Manager,Customer Operations,COGS,False,Austin,roster,1.0,66,9993.454014759634,799.4763211807708,917.3990785549346,1399.083562066349,0.0,0.0,13109.412976561689
2026-04,emp-0059,Customer Success Manager,Customer Operations,COGS,False,Austin,roster,1.0,67,9993.454014759634,799.4763211807708,917.3990785549346,1399.083562066349,0.0,0.0,13109.412976561689
2026-05,emp-0059,Customer Success Manager,Customer Operations,COGS,False,Austin,roster,1.0,68,9993.454014759634,799.4763211807708,917.3990785549346,1399.083562066349,0.0,0.0,13109.412976561689
2026-06,emp-0059,Customer Success Manager,Customer Operations,COGS,False,Austin,roster,1.0,69,9993.454014759634,799.4763211807708,917.3990785549346,1399.083562066349,0.0,0.0,13109.412976561689
2026-07,emp-0059,Customer Success Manager,Customer Operations,COGS,False,Austin,roster,1.0,70,9993.454014759634,799.4763211807708,917.3990785549346,1399.083562066349,0.0,0.0,13109.412976561689
2026-08,emp-0059,Customer Success Manager,Customer Operations,COGS,False,Austin,roster,1.0,71,9993.454014759634,799.4763211807708,917.3990785549346,1399.083562066349,0.0,0.0,13109.412976561689
2024-09,emp-0060,Customer Success Manager,Customer Operations,COGS,False,Austin,roster,1.0,13,7319.405947100683,585.5524757680547,671.9214659438428,1024.7168325940956,0.0,0.0,9601.596721406677
2024-10,emp-0060,Customer Success Manager,Customer Operations,COGS,False,Austin,roster,1.0,14,7319.405947100683,585.5524757680547,671.9214659438428,1024.7168325940956,0.0,0.0,9601.596721406677
2024-11,emp-0060,Customer Success Manager,Customer Operations,COGS,False,Austin,roster,1.0,15,7319.405947100683,585.5524757680547,671.9214659438428,1024.7168325940956,0.0,0.0,9601.596721406677
2024-12,emp-0060,Customer Success Manager,Customer Operations,COGS,False,Austin,roster,1.0,16,7319.405947100683,585.5524757680547,671.9214659438428,1024.7168325940956,0.0,0.0,9601.596721406677
2025-01,emp-0060,Customer Success Manager,Customer Operations,COGS,False,Austin,roster,1.0,17,7575.585155249207,606.0468124199366,695.4387172518773,1060.581921734889,0.0,0.0,9937.65260665591
2025-02,emp-0060,Customer Success Manager,Customer Operations,COGS,False,Austin,roster,1.0,18,7575.585155249207,606.0468124199366,695.4387172518773,1060.581921734889,0.0,0.0,9937.65260665591
2025-03,emp-0060,Customer Success Manager,Customer Operations,COGS,False,Austin,roster,1.0,19,7575.585155249207,606.0468124199366,695.4387172518773,1060.581921734889,0.0,0.0,9937.65260665591
2025-04,emp-0060,Customer Success Manager,Customer Operations,COGS,False,Austin,roster,1.0,20,7575.585155249207,606.0468124199366,695.4387172518773,1060.581921734889,0.0,0.0,9937.65260665591
2025-05,emp-0060,Customer Success Manager,Customer Operations,COGS,False,Austin,roster,1.0,21,7575.585155249207,606.0468124199366,695.4387172518773,1060.581921734889,0.0,0.0,9937.65260665591
2025-06,emp-0060,Customer Success Manager,Customer Operations,COGS,False,Austin,roster,1.0,22,7575.585155249207,606.0468124199366,695.4387172518773,1060.581921734889,0.0,0.0,9937.65260665591
2025-07,emp-0060,Customer Success Manager,Customer Operations,COGS,False,Austin,roster,1.0,23,7575.585155249207,606.0468124199366,695.4387172518773,1060.581921734889,0.0,0.0,9937.65260665591
2025-08,emp-0060,Customer Success Manager,Customer Operations,COGS,False,Austin,roster,1.0,24,7575.585155249207,606.0468124199366,695.4387172518773,1060.581921734889,0.0,0.0,9937.65260665591
2025-09,emp-0060,Customer Success Manager,Customer Operations,COGS,False,Austin,roster,1.0,25,7575.585155249207,606.0468124199366,695.4387172518773,1060.581921734889,0.0,0.0,9937.65260665591
2025-10,emp-0060,Customer Success Manager,Customer Operations,COGS,False,Austin,roster,1.0,26,7575.585155249207,606.0468124199366,695.4387172518773,1060.581921734889,0.0,0.0,9937.65260665591
2025-11,emp-0060,Customer Success Manager,Customer Operations,COGS,False,Austin,roster,1.0,27,7575.585155249207,606.0468124199366,695.4387172518773,1060.581921734889,0.0,0.0,9937.65260665591
2025-12,emp-0060,Customer Success Manager,Customer Operations,COGS,False,Austin,roster,1.0,28,7575.585155249207,606.0468124199366,695.4387172518773,1060.581921734889,0.0,0.0,9937.65260665591
2026-01,emp-0060,Customer Success Manager,Customer Operations,COGS,False,Austin,roster,1.0,29,7840.730635682929,627.2584508546342,719.779072355693,1097.7022889956102,0.0,0.0,10285.470447888867
2026-02,emp-0060,Customer Success Manager,Customer Operations,COGS,False,Austin,roster,1.0,30,7840.730635682929,627.2584508546342,719.779072355693,1097.7022889956102,0.0,0.0,10285.470447888867
2026-03,emp-0060,Customer Success Manager,Customer Operations,COGS,False,Austin,roster,1.0,31,7840.730635682929,627.2584508546342,719.779072355693,1097.7022889956102,0.0,0.0,10285.470447888867
2026-04,emp-0060,Customer Success Manager,Customer Operations,COGS,False,Austin,roster,1.0,32,7840.730635682929,627.2584508546342,719.779072355693,1097.7022889956102,0.0,0.0,10285.470447888867
2026-05,emp-0060,Customer Success Manager,Customer Operations,COGS,False,Austin,roster,1.0,33,7840.730635682929,627.2584508546342,719.779072355693,1097.7022889956102,0.0,0.0,10285.470447888867
2026-06,emp-0060,Customer Success Manager,Customer Operations,COGS,False,Austin,roster,1.0,34,7840.730635682929,627.2584508546342,719.779072355693,1097.7022889956102,0.0,0.0,10285.470447888867
2026-07,emp-0060,Customer Success Manager,Customer Operations,COGS,False,Austin,roster,1.0,35,7840.730635682929,627.2584508546342,719.779072355693,1097.7022889956102,0.0,0.0,10285.470447888867
2026-08,emp-0060,Customer Success Manager,Customer Operations,COGS,False,Austin,roster,1.0,36,7840.730635682929,627.2584508546342,719.779072355693,1097.7022889956102,0.0,0.0,10285.470447888867
2024-09,emp-0061,Customer Success Manager,Customer Operations,COGS,False,Austin,roster,1.0,5,7957.966943118604,636.6373554494884,730.5413653782879,1114.1153720366046,0.0,0.0,10439.261035982985
2024-10,emp-0061,Customer Success Manager,Customer Operations,COGS,False,Austin,roster,1.0,6,7957.966943118604,636.6373554494884,730.5413653782879,1114.1153720366046,0.0,0.0,10439.261035982985
2024-11,emp-0061,Customer Success Manager,Customer Operations,COGS,False,Austin,roster,1.0,7,7957.966943118604,636.6373554494884,730.5413653782879,1114.1153720366046,0.0,0.0,10439.261035982985
2024-12,emp-0061,Customer Success Manager,Customer Operations,COGS,False,Austin,roster,1.0,8,7957.966943118604,636.6373554494884,730.5413653782879,1114.1153720366046,0.0,0.0,10439.261035982985
2025-01,emp-0061,Customer Success Manager,Customer Operations,COGS,False,Austin,roster,1.0,9,8236.495786127754,658.9196628902204,756.1103131665279,1153.1094100578857,0.0,0.0,10804.63517224239
2025-02,emp-0061,Customer Success Manager,Customer Operations,COGS,False,Austin,roster,1.0,10,8236.495786127754,658.9196628902204,756.1103131665279,1153.1094100578857,0.0,0.0,10804.63517224239
2025-03,emp-0061,Customer Success Manager,Customer Operations,COGS,False,Austin,roster,1.0,11,8236.495786127754,658.9196628902204,756.1103131665279,1153.1094100578857,0.0,0.0,10804.63517224239
2025-04,emp-0061,Customer Success Manager,Customer Operations,COGS,False,Austin,roster,1.0,12,8236.495786127754,658.9196628902204,756.1103131665279,1153.1094100578857,0.0,0.0,10804.63517224239
2025-05,emp-0061,Customer Success Manager,Customer Operations,COGS,False,Austin,roster,1.0,13,8236.495786127754,658.9196628902204,756.1103131665279,1153.1094100578857,0.0,0.0,10804.63517224239
2025-06,emp-0061,Customer Success Manager,Customer Operations,COGS,False,Austin,roster,1.0,14,8236.495786127754,658.9196628902204,756.1103131665279,1153.1094100578857,0.0,0.0,10804.63517224239
2024-09,emp-0062,Customer Success Manager,Customer Operations,COGS,False,Montreal,roster,1.0,56,7668.706455070112,613.496516405609,911.0423268623293,460.12238730420665,0.0,0.0,9653.367685642257
2024-10,emp-0062,Customer Success Manager,Customer Operations,COGS,False,Montreal,roster,1.0,57,7668.706455070112,613.496516405609,911.0423268623293,460.12238730420665,0.0,0.0,9653.367685642257
2024-11,emp-0062,Customer Success Manager,Customer Operations,COGS,False,Montreal,roster,1.0,58,7668.706455070112,613.496516405609,911.0423268623293,460.12238730420665,0.0,0.0,9653.367685642257
2024-12,emp-0062,Customer Success Manager,Customer Operations,COGS,False,Montreal,roster,1.0,59,7668.706455070112,613.496516405609,911.0423268623293,460.12238730420665,0.0,0.0,9653.367685642257
2025-01,emp-0062,Customer Success Manager,Customer Operations,COGS,False,Montreal,roster,1.0,60,7937.1111809975655,634.9688944798053,942.9288083025107,476.2266708598539,0.0,0.0,9991.235554639736
2025-02,emp-0062,Customer Success Manager,Customer Operations,COGS,False,Montreal,roster,1.0,61,7937.1111809975655,634.9688944798053,942.9288083025107,476.2266708598539,0.0,0.0,9991.235554639736
2025-03,emp-0062,Customer Success Manager,Customer Operations,COGS,False,Montreal,roster,1.0,62,7937.1111809975655,634.9688944798053,942.9288083025107,476.2266708598539,0.0,0.0,9991.235554639736
2025-04,emp-0062,Customer Success Manager,Customer Operations,COGS,False,Montreal,roster,1.0,63,7937.1111809975655,634.9688944798053,942.9288083025107,476.2266708598539,0.0,0.0,9991.235554639736
2025-05,emp-0062,Customer Success Manager,Customer Operations,COGS,False,Montreal,roster,1.0,64,7937.1111809975655,634.9688944798053,942.9288083025107,476.2266708598539,0.0,0.0,9991.235554639736
2025-06,emp-0062,Customer Success Manager,Customer Operations,COGS,False,Montreal,roster,1.0,65,7937.1111809975655,634.9688944798053,942.9288083025107,476.2266708598539,0.0,0.0,9991.235554639736
2025-07,emp-0062,Customer Success Manager,Customer Operations,COGS,False,Montreal,roster,1.0,66,7937.1111809975655,634.9688944798053,942.9288083025107,476.2266708598539,0.0,0.0,9991.235554639736
2025-08,emp-0062,Customer Success Manager,Customer Operations,COGS,False,Montreal,roster,1.0,67,7937.1111809975655,634.9688944798053,942.9288083025107,476.2266708598539,0.0,0.0,9991.235554639736
2025-09,emp-0062,Customer Success Manager,Customer Operations,COGS,False,Montreal,roster,1.0,68,7937.1111809975655,634.9688944798053,942.9288083025107,476.2266708598539,0.0,0.0,9991.235554639736
2025-10,emp-0062,Customer Success Manager,Customer Operations,COGS,False,Montreal,roster,1.0,69,7937.1111809975655,634.9688944798053,942.9288083025107,476.2266708598539,0.0,0.0,9991.235554639736
2025-11,emp-0062,Customer Success Manager,Customer Operations,COGS,False,Montreal,roster,1.0,70,7937.1111809975655,634.9688944798053,942.9288083025107,476.2266708598539,0.0,0.0,9991.235554639736
2025-12,emp-0062,Customer Success Manager,Customer Operations,COGS,False,Montreal,roster,1.0,71,7937.1111809975655,634.9688944798053,942.9288083025107,476.2266708598539,0.0,0.0,9991.235554639736
2026-01,emp-0062,Customer Success Manager,Customer Operations,COGS,False,Montreal,roster,1.0,72,8214.91007233248,657.1928057865983,975.9313165930986,492.8946043399487,0.0,0.0,10340.928799052124
2026-02,emp-0062,Customer Success Manager,Customer Operations,COGS,False,Montreal,roster,1.0,73,8214.91007233248,657.1928057865983,975.9313165930986,492.8946043399487,0.0,0.0,10340.928799052124
2026-03,emp-0062,Customer Success Manager,Customer Operations,COGS,False,Montreal,roster,1.0,74,8214.91007233248,657.1928057865983,975.9313165930986,492.8946043399487,0.0,0.0,10340.928799052124
2026-04,emp-0062,Customer Success Manager,Customer Operations,COGS,False,Montreal,roster,1.0,75,8214.91007233248,657.1928057865983,975.9313165930986,492.8946043399487,0.0,0.0,10340.928799052124
2026-05,emp-0062,Customer Success Manager,Customer Operations,COGS,False,Montreal,roster,1.0,76,8214.91007233248,657.1928057865983,975.9313165930986,492.8946043399487,0.0,0.0,10340.928799052124
2024-09,emp-0063,Customer Success Manager,Customer Operations,COGS,False,Montreal,roster,1.0,30,6558.711549311521,524.6969239449217,779.1749320582087,393.5226929586912,0.0,0.0,8256.106098273342
2024-10,emp-0063,Customer Success Manager,Customer Operations,COGS,False,Montreal,roster,1.0,31,6558.711549311521,524.6969239449217,779.1749320582087,393.5226929586912,0.0,0.0,8256.106098273342
2024-11,emp-0063,Customer Success Manager,Customer Operations,COGS,False,Montreal,roster,1.0,32,6558.711549311521,524.6969239449217,779.1749320582087,393.5226929586912,0.0,0.0,8256.106098273342
2024-12,emp-0063,Customer Success Manager,Customer Operations,COGS,False,Montreal,roster,1.0,33,6558.711549311521,524.6969239449217,779.1749320582087,393.5226929586912,0.0,0.0,8256.106098273342
2025-01,emp-0063,Customer Success Manager,Customer Operations,COGS,False,Montreal,roster,1.0,34,6788.266453537424,543.061316282994,806.446054680246,407.29598721224545,0.0,0.0,8545.069811712909
2025-02,emp-0063,Customer Success Manager,Customer Operations,COGS,False,Montreal,roster,1.0,35,6788.266453537424,543.061316282994,806.446054680246,407.29598721224545,0.0,0.0,8545.069811712909
2025-03,emp-0063,Customer Success Manager,Customer Operations,COGS,False,Montreal,roster,1.0,36,6788.266453537424,543.061316282994,806.446054680246,407.29598721224545,0.0,0.0,8545.069811712909
2025-04,emp-0063,Customer Success Manager,Customer Operations,COGS,False,Montreal,roster,1.0,37,6788.266453537424,543.061316282994,806.446054680246,407.29598721224545,0.0,0.0,8545.069811712909
2025-05,emp-0063,Customer Success Manager,Customer Operations,COGS,False,Montreal,roster,1.0,38,6788.266453537424,543.061316282994,806.446054680246,407.29598721224545,0.0,0.0,8545.069811712909
2025-06,emp-0063,Customer Success Manager,Customer Operations,COGS,False,Montreal,roster,1.0,39,6788.266453537424,543.061316282994,806.446054680246,407.29598721224545,0.0,0.0,8545.069811712909
2025-07,emp-0063,Customer Success Manager,Customer Operations,COGS,False,Montreal,roster,1.0,40,6788.266453537424,543.061316282994,806.446054680246,407.29598721224545,0.0,0.0,8545.069811712909
2025-08,emp-0063,Customer Success Manager,Customer Operations,COGS,False,Montreal,roster,1.0,41,6788.266453537424,543.061316282994,806.446054680246,407.29598721224545,0.0,0.0,8545.069811712909
2025-09,emp-0063,Customer Success Manager,Customer Operations,COGS,False,Montreal,roster,1.0,42,6788.266453537424,543.061316282994,806.446054680246,407.29598721224545,0.0,0.0,8545.069811712909
2025-10,emp-0063,Customer Success Manager,Customer Operations,COGS,False,Montreal,roster,1.0,43,6788.266453537424,543.061316282994,806.446054680246,407.29598721224545,0.0,0.0,8545.069811712909
2025-11,emp-0063,Customer Success Manager,Customer Operations,COGS,False,Montreal,roster,1.0,44,6788.266453537424,543.061316282994,806.446054680246,407.29598721224545,0.0,0.0,8545.069811712909
2025-12,emp-0063,Customer Success Manager,Customer Operations,COGS,False,Montreal,roster,1.0,45,6788.266453537424,543.061316282994,806.446054680246,407.29598721224545,0.0,0.0,8545.069811712909
2026-01,emp-0063,Customer Success Manager,Customer Operations,COGS,False,Montreal,roster,1.0,46,7025.855779411234,562.0684623528987,834.6716665940546,421.551346764674,0.0,0.0,8844.147255122862
2026-02,emp-0063,Customer Success Manager,Customer Operations,COGS,False,Montreal,roster,1.0,47,7025.855779411234,562.0684623528987,834.6716665940546,421.551346764674,0.0,0.0,8844.147255122862
2026-03,emp-0063,Customer Success Manager,Customer Operations,COGS,False,Montreal,roster,1.0,48,7025.855779411234,562.0684623528987,834.6716665940546,421.551346764674,0.0,0.0,8844.147255122862
2026-04,emp-0063,Customer Success Manager,Customer Operations,COGS,False,Montreal,roster,1.0,49,7025.855779411234,562.0684623528987,834.6716665940546,421.551346764674,0.0,0.0,8844.147255122862
2026-05,emp-0063,Customer Success Manager,Customer Operations,COGS,False,Montreal,roster,1.0,50,7025.855779411234,562.0684623528987,834.6716665940546,421.551346764674,0.0,0.0,8844.147255122862
2026-06,emp-0063,Customer Success Manager,Customer Operations,COGS,False,Montreal,roster,1.0,51,7025.855779411234,562.0684623528987,834.6716665940546,421.551346764674,0.0,0.0,8844.147255122862
2026-07,emp-0063,Customer Success Manager,Customer Operations,COGS,False,Montreal,roster,1.0,52,7025.855779411234,562.0684623528987,834.6716665940546,421.551346764674,0.0,0.0,8844.147255122862
2026-08,emp-0063,Customer Success Manager,Customer Operations,COGS,False,Montreal,roster,1.0,53,7025.855779411234,562.0684623528987,834.6716665940546,421.551346764674,0.0,0.0,8844.147255122862
2024-09,emp-0064,Customer Success Manager,Customer Operations,COGS,False,Montreal,roster,1.0,42,7243.543265022771,579.4834612018217,860.5329398847052,434.61259590136626,0.0,0.0,9118.172262010663
2024-10,emp-0064,Customer Success Manager,Customer Operations,COGS,False,Montreal,roster,1.0,43,7243.543265022771,579.4834612018217,860.5329398847052,434.61259590136626,0.0,0.0,9118.172262010663
2024-11,emp-0064,Customer Success Manager,Customer Operations,COGS,False,Montreal,roster,1.0,44,7243.543265022771,579.4834612018217,860.5329398847052,434.61259590136626,0.0,0.0,9118.172262010663
2024-12,emp-0064,Customer Success Manager,Customer Operations,COGS,False,Montreal,roster,1.0,45,7243.543265022771,579.4834612018217,860.5329398847052,434.61259590136626,0.0,0.0,9118.172262010663
2025-01,emp-0064,Customer Success Manager,Customer Operations,COGS,False,Montreal,roster,1.0,46,7497.067279298569,599.7653823438856,890.6515927806701,449.8240367579141,0.0,0.0,9437.30829118104
2025-02,emp-0064,Customer Success Manager,Customer Operations,COGS,False,Montreal,roster,1.0,47,7497.067279298569,599.7653823438856,890.6515927806701,449.8240367579141,0.0,0.0,9437.30829118104
2025-03,emp-0064,Customer Success Manager,Customer Operations,COGS,False,Montreal,roster,1.0,48,7497.067279298569,599.7653823438856,890.6515927806701,449.8240367579141,0.0,0.0,9437.30829118104
2025-04,emp-0064,Customer Success Manager,Customer Operations,COGS,False,Montreal,roster,1.0,49,7497.067279298569,599.7653823438856,890.6515927806701,449.8240367579141,0.0,0.0,9437.30829118104
2025-05,emp-0064,Customer Success Manager,Customer Operations,COGS,False,Montreal,roster,1.0,50,7497.067279298569,599.7653823438856,890.6515927806701,449.8240367579141,0.0,0.0,9437.30829118104
2025-06,emp-0064,Customer Success Manager,Customer Operations,COGS,False,Montreal,roster,1.0,51,7497.067279298569,599.7653823438856,890.6515927806701,449.8240367579141,0.0,0.0,9437.30829118104
2025-07,emp-0064,Customer Success Manager,Customer Operations,COGS,False,Montreal,roster,1.0,52,7497.067279298569,599.7653823438856,890.6515927806701,449.8240367579141,0.0,0.0,9437.30829118104
2025-08,emp-0064,Customer Success Manager,Customer Operations,COGS,False,Montreal,roster,1.0,53,7497.067279298569,599.7653823438856,890.6515927806701,449.8240367579141,0.0,0.0,9437.30829118104
2025-09,emp-0064,Customer Success Manager,Customer Operations,COGS,False,Montreal,roster,1.0,54,7497.067279298569,599.7653823438856,890.6515927806701,449.8240367579141,0.0,0.0,9437.30829118104
2025-10,emp-0064,Customer Success Manager,Customer Operations,COGS,False,Montreal,roster,1.0,55,7497.067279298569,599.7653823438856,890.6515927806701,449.8240367579141,0.0,0.0,9437.30829118104
2025-11,emp-0064,Customer Success Manager,Customer Operations,COGS,False,Montreal,roster,1.0,56,7497.067279298569,599.7653823438856,890.6515927806701,449.8240367579141,0.0,0.0,9437.30829118104
2025-12,emp-0064,Customer Success Manager,Customer Operations,COGS,False,Montreal,roster,1.0,57,7497.067279298569,599.7653823438856,890.6515927806701,449.8240367579141,0.0,0.0,9437.30829118104
2026-01,emp-0064,Customer Success Manager,Customer Operations,COGS,False,Montreal,roster,1.0,58,7759.464634074017,620.7571707259214,921.8243985279934,465.56787804444104,0.0,0.0,9767.614081372374
2026-02,emp-0064,Customer Success Manager,Customer Operations,COGS,False,Montreal,roster,1.0,59,7759.464634074017,620.7571707259214,921.8243985279934,465.56787804444104,0.0,0.0,9767.614081372374
2026-03,emp-0064,Customer Success Manager,Customer Operations,COGS,False,Montreal,roster,1.0,60,7759.464634074017,620.7571707259214,921.8243985279934,465.56787804444104,0.0,0.0,9767.614081372374
2026-04,emp-0064,Customer Success Manager,Customer Operations,COGS,False,Montreal,roster,1.0,61,7759.464634074017,620.7571707259214,921.8243985279934,465.56787804444104,0.0,0.0,9767.614081372374
2026-05,emp-0064,Customer Success Manager,Customer Operations,COGS,False,Montreal,roster,1.0,62,7759.464634074017,620.7571707259214,921.8243985279934,465.56787804444104,0.0,0.0,9767.614081372374
2026-06,emp-0064,Customer Success Manager,Customer Operations,COGS,False,Montreal,roster,1.0,63,7759.464634074017,620.7571707259214,921.8243985279934,465.56787804444104,0.0,0.0,9767.614081372374
2026-07,emp-0064,Customer Success Manager,Customer Operations,COGS,False,Montreal,roster,1.0,64,7759.464634074017,620.7571707259214,921.8243985279934,465.56787804444104,0.0,0.0,9767.614081372374
2026-08,emp-0064,Customer Success Manager,Customer Operations,COGS,False,Montreal,roster,1.0,65,7759.464634074017,620.7571707259214,921.8243985279934,465.56787804444104,0.0,0.0,9767.614081372374
2024-09,emp-0065,Customer Success Manager,Customer Operations,COGS,False,Montreal,roster,1.0,5,5888.224042452616,471.05792339620933,699.5210162433708,353.293442547157,0.0,0.0,7412.096424639352
2024-10,emp-0065,Customer Success Manager,Customer Operations,COGS,False,Montreal,roster,1.0,6,5888.224042452616,471.05792339620933,699.5210162433708,353.293442547157,0.0,0.0,7412.096424639352
2024-11,emp-0065,Customer Success Manager,Customer Operations,COGS,False,Montreal,roster,1.0,7,5888.224042452616,471.05792339620933,699.5210162433708,353.293442547157,0.0,0.0,7412.096424639352
2024-12,emp-0065,Customer Success Manager,Customer Operations,COGS,False,Montreal,roster,1.0,8,5888.224042452616,471.05792339620933,699.5210162433708,353.293442547157,0.0,0.0,7412.096424639352
2025-01,emp-0065,Customer Success Manager,Customer Operations,COGS,False,Montreal,roster,1.0,9,6094.311883938458,487.54495071507665,724.0042518118888,365.65871303630746,0.0,0.0,7671.5197995017315
2025-02,emp-0065,Customer Success Manager,Customer Operations,COGS,False,Montreal,roster,1.0,10,6094.311883938458,487.54495071507665,724.0042518118888,365.65871303630746,0.0,0.0,7671.5197995017315
2025-03,emp-0065,Customer Success Manager,Customer Operations,COGS,False,Montreal,roster,1.0,11,6094.311883938458,487.54495071507665,724.0042518118888,365.65871303630746,0.0,0.0,7671.5197995017315
2025-04,emp-0065,Customer Success Manager,Customer Operations,COGS,False,Montreal,roster,1.0,12,6094.311883938458,487.54495071507665,724.0042518118888,365.65871303630746,0.0,0.0,7671.5197995017315
2025-05,emp-0065,Customer Success Manager,Customer Operations,COGS,False,Montreal,roster,1.0,13,6094.311883938458,487.54495071507665,724.0042518118888,365.65871303630746,0.0,0.0,7671.5197995017315
2025-06,emp-0065,Customer Success Manager,Customer Operations,COGS,False,Montreal,roster,1.0,14,6094.311883938458,487.54495071507665,724.0042518118888,365.65871303630746,0.0,0.0,7671.5197995017315
2025-07,emp-0065,Customer Success Manager,Customer Operations,COGS,False,Montreal,roster,1.0,15,6094.311883938458,487.54495071507665,724.0042518118888,365.65871303630746,0.0,0.0,7671.5197995017315
2025-08,emp-0065,Customer Success Manager,Customer Operations,COGS,False,Montreal,roster,1.0,16,6094.311883938458,487.54495071507665,724.0042518118888,365.65871303630746,0.0,0.0,7671.5197995017315
2025-09,emp-0065,Customer Success Manager,Customer Operations,COGS,False,Montreal,roster,1.0,17,6094.311883938458,487.54495071507665,724.0042518118888,365.65871303630746,0.0,0.0,7671.5197995017315
2025-10,emp-0065,Customer Success Manager,Customer Operations,COGS,False,Montreal,roster,1.0,18,6094.311883938458,487.54495071507665,724.0042518118888,365.65871303630746,0.0,0.0,7671.5197995017315
2025-11,emp-0065,Customer Success Manager,Customer Operations,COGS,False,Montreal,roster,1.0,19,6094.311883938458,487.54495071507665,724.0042518118888,365.65871303630746,0.0,0.0,7671.5197995017315
2025-12,emp-0065,Customer Success Manager,Customer Operations,COGS,False,Montreal,roster,1.0,20,6094.311883938458,487.54495071507665,724.0042518118888,365.65871303630746,0.0,0.0,7671.5197995017315
2026-01,emp-0065,Customer Success Manager,Customer Operations,COGS,False,Montreal,roster,1.0,21,6307.612799876303,504.6090239901043,749.3444006253048,378.4567679925782,0.0,0.0,7940.022992484291
2026-02,emp-0065,Customer Success Manager,Customer Operations,COGS,False,Montreal,roster,1.0,22,6307.612799876303,504.6090239901043,749.3444006253048,378.4567679925782,0.0,0.0,7940.022992484291
2026-03,emp-0065,Customer Success Manager,Customer Operations,COGS,False,Montreal,roster,1.0,23,6307.612799876303,504.6090239901043,749.3444006253048,378.4567679925782,0.0,0.0,7940.022992484291
2026-04,emp-0065,Customer Success Manager,Customer Operations,COGS,False,Montreal,roster,1.0,24,6307.612799876303,504.6090239901043,749.3444006253048,378.4567679925782,0.0,0.0,7940.022992484291
2026-05,emp-0065,Customer Success Manager,Customer Operations,COGS,False,Montreal,roster,1.0,25,6307.612799876303,504.6090239901043,749.3444006253048,378.4567679925782,0.0,0.0,7940.022992484291
2026-06,emp-0065,Customer Success Manager,Customer Operations,COGS,False,Montreal,roster,1.0,26,6307.612799876303,504.6090239901043,749.3444006253048,378.4567679925782,0.0,0.0,7940.022992484291
2026-07,emp-0065,Customer Success Manager,Customer Operations,COGS,False,Montreal,roster,1.0,27,6307.612799876303,504.6090239901043,749.3444006253048,378.4567679925782,0.0,0.0,7940.022992484291
2026-08,emp-0065,Customer Success Manager,Customer Operations,COGS,False,Montreal,roster,1.0,28,6307.612799876303,504.6090239901043,749.3444006253048,378.4567679925782,0.0,0.0,7940.022992484291
2024-09,emp-0066,Support Engineer,Customer Operations,COGS,False,Montreal,roster,1.0,32,5868.919604717953,469.51356837743623,697.2276490404928,352.13517628307716,0.0,0.0,7387.795998418959
2024-10,emp-0066,Support Engineer,Customer Operations,COGS,False,Montreal,roster,1.0,33,5868.919604717953,469.51356837743623,697.2276490404928,352.13517628307716,0.0,0.0,7387.795998418959
2024-11,emp-0066,Support Engineer,Customer Operations,COGS,False,Montreal,roster,1.0,34,5868.919604717953,469.51356837743623,697.2276490404928,352.13517628307716,0.0,0.0,7387.795998418959
2024-12,emp-0066,Support Engineer,Customer Operations,COGS,False,Montreal,roster,1.0,35,5868.919604717953,469.51356837743623,697.2276490404928,352.13517628307716,0.0,0.0,7387.795998418959
2025-01,emp-0066,Support Engineer,Customer Operations,COGS,False,Montreal,roster,1.0,36,6074.33179088308,485.94654327064643,721.63061675691,364.4599074529848,0.0,0.0,7646.368858363622
2025-02,emp-0066,Support Engineer,Customer Operations,COGS,False,Montreal,roster,1.0,37,6074.33179088308,485.94654327064643,721.63061675691,364.4599074529848,0.0,0.0,7646.368858363622
2025-03,emp-0066,Support Engineer,Customer Operations,COGS,False,Montreal,roster,1.0,38,6074.33179088308,485.94654327064643,721.63061675691,364.4599074529848,0.0,0.0,7646.368858363622
2025-04,emp-0066,Support Engineer,Customer Operations,COGS,False,Montreal,roster,1.0,39,6074.33179088308,485.94654327064643,721.63061675691,364.4599074529848,0.0,0.0,7646.368858363622
2025-05,emp-0066,Support Engineer,Customer Operations,COGS,False,Montreal,roster,1.0,40,6074.33179088308,485.94654327064643,721.63061675691,364.4599074529848,0.0,0.0,7646.368858363622
2025-06,emp-0066,Support Engineer,Customer Operations,COGS,False,Montreal,roster,1.0,41,6074.33179088308,485.94654327064643,721.63061675691,364.4599074529848,0.0,0.0,7646.368858363622
2025-07,emp-0066,Support Engineer,Customer Operations,COGS,False,Montreal,roster,1.0,42,6074.33179088308,485.94654327064643,721.63061675691,364.4599074529848,0.0,0.0,7646.368858363622
2025-08,emp-0066,Support Engineer,Customer Operations,COGS,False,Montreal,roster,1.0,43,6074.33179088308,485.94654327064643,721.63061675691,364.4599074529848,0.0,0.0,7646.368858363622
2025-09,emp-0066,Support Engineer,Customer Operations,COGS,False,Montreal,roster,1.0,44,6074.33179088308,485.94654327064643,721.63061675691,364.4599074529848,0.0,0.0,7646.368858363622
2025-10,emp-0066,Support Engineer,Customer Operations,COGS,False,Montreal,roster,1.0,45,6074.33179088308,485.94654327064643,721.63061675691,364.4599074529848,0.0,0.0,7646.368858363622
2025-11,emp-0066,Support Engineer,Customer Operations,COGS,False,Montreal,roster,1.0,46,6074.33179088308,485.94654327064643,721.63061675691,364.4599074529848,0.0,0.0,7646.368858363622
2025-12,emp-0066,Support Engineer,Customer Operations,COGS,False,Montreal,roster,1.0,47,6074.33179088308,485.94654327064643,721.63061675691,364.4599074529848,0.0,0.0,7646.368858363622
2026-01,emp-0066,Support Engineer,Customer Operations,COGS,False,Montreal,roster,1.0,48,6286.933403563988,502.95467228511905,746.8876883434018,377.21600421383926,0.0,0.0,7913.9917684063485
2026-02,emp-0066,Support Engineer,Customer Operations,COGS,False,Montreal,roster,1.0,49,6286.933403563988,502.95467228511905,746.8876883434018,377.21600421383926,0.0,0.0,7913.9917684063485
2026-03,emp-0066,Support Engineer,Customer Operations,COGS,False,Montreal,roster,1.0,50,6286.933403563988,502.95467228511905,746.8876883434018,377.21600421383926,0.0,0.0,7913.9917684063485
2026-04,emp-0066,Support Engineer,Customer Operations,COGS,False,Montreal,roster,1.0,51,6286.933403563988,502.95467228511905,746.8876883434018,377.21600421383926,0.0,0.0,7913.9917684063485
2026-05,emp-0066,Support Engineer,Customer Operations,COGS,False,Montreal,roster,1.0,52,6286.933403563988,502.95467228511905,746.8876883434018,377.21600421383926,0.0,0.0,7913.9917684063485
2026-06,emp-0066,Support Engineer,Customer Operations,COGS,False,Montreal,roster,1.0,53,6286.933403563988,502.95467228511905,746.8876883434018,377.21600421383926,0.0,0.0,7913.9917684063485
2026-07,emp-0066,Support Engineer,Customer Operations,COGS,False,Montreal,roster,1.0,54,6286.933403563988,502.95467228511905,746.8876883434018,377.21600421383926,0.0,0.0,7913.9917684063485
2026-08,emp-0066,Support Engineer,Customer Operations,COGS,False,Montreal,roster,1.0,55,6286.933403563988,502.95467228511905,746.8876883434018,377.21600421383926,0.0,0.0,7913.9917684063485
2024-09,emp-0067,Support Engineer,Customer Operations,COGS,False,Montreal,roster,1.0,58,6012.3911399620965,480.9912911969677,714.2720674274971,360.7434683977258,0.0,0.0,7568.3979669842865
2024-10,emp-0067,Support Engineer,Customer Operations,COGS,False,Montreal,roster,1.0,59,6012.3911399620965,480.9912911969677,714.2720674274971,360.7434683977258,0.0,0.0,7568.3979669842865
2024-11,emp-0067,Support Engineer,Customer Operations,COGS,False,Montreal,roster,1.0,60,6012.3911399620965,480.9912911969677,714.2720674274971,360.7434683977258,0.0,0.0,7568.3979669842865
2024-12,emp-0067,Support Engineer,Customer Operations,COGS,False,Montreal,roster,1.0,61,6012.3911399620965,480.9912911969677,714.2720674274971,360.7434683977258,0.0,0.0,7568.3979669842865
2025-01,emp-0067,Support Engineer,Customer Operations,COGS,False,Montreal,roster,1.0,62,6222.824829860769,497.8259863888615,739.2715897874593,373.3694897916461,0.0,0.0,7833.2918958287355
2025-02,emp-0067,Support Engineer,Customer Operations,COGS,False,Montreal,roster,1.0,63,6222.824829860769,497.8259863888615,739.2715897874593,373.3694897916461,0.0,0.0,7833.2918958287355
2025-03,emp-0067,Support Engineer,Customer Operations,COGS,False,Montreal,roster,1.0,64,6222.824829860769,497.8259863888615,739.2715897874593,373.3694897916461,0.0,0.0,7833.2918958287355
2025-04,emp-0067,Support Engineer,Customer Operations,COGS,False,Montreal,roster,1.0,65,6222.824829860769,497.8259863888615,739.2715897874593,373.3694897916461,0.0,0.0,7833.2918958287355
2025-05,emp-0067,Support Engineer,Customer Operations,COGS,False,Montreal,roster,1.0,66,6222.824829860769,497.8259863888615,739.2715897874593,373.3694897916461,0.0,0.0,7833.2918958287355
2025-06,emp-0067,Support Engineer,Customer Operations,COGS,False,Montreal,roster,1.0,67,6222.824829860769,497.8259863888615,739.2715897874593,373.3694897916461,0.0,0.0,7833.2918958287355
2025-07,emp-0067,Support Engineer,Customer Operations,COGS,False,Montreal,roster,1.0,68,6222.824829860769,497.8259863888615,739.2715897874593,373.3694897916461,0.0,0.0,7833.2918958287355
2025-08,emp-0067,Support Engineer,Customer Operations,COGS,False,Montreal,roster,1.0,69,6222.824829860769,497.8259863888615,739.2715897874593,373.3694897916461,0.0,0.0,7833.2918958287355
2025-09,emp-0067,Support Engineer,Customer Operations,COGS,False,Montreal,roster,1.0,70,6222.824829860769,497.8259863888615,739.2715897874593,373.3694897916461,0.0,0.0,7833.2918958287355
2025-10,emp-0067,Support Engineer,Customer Operations,COGS,False,Montreal,roster,1.0,71,6222.824829860769,497.8259863888615,739.2715897874593,373.3694897916461,0.0,0.0,7833.2918958287355
2025-11,emp-0067,Support Engineer,Customer Operations,COGS,False,Montreal,roster,1.0,72,6222.824829860769,497.8259863888615,739.2715897874593,373.3694897916461,0.0,0.0,7833.2918958287355
2025-12,emp-0067,Support Engineer,Customer Operations,COGS,False,Montreal,roster,1.0,73,6222.824829860769,497.8259863888615,739.2715897874593,373.3694897916461,0.0,0.0,7833.2918958287355
2026-01,emp-0067,Support Engineer,Customer Operations,COGS,False,Montreal,roster,1.0,74,6440.623698905895,515.2498959124716,765.1460954300203,386.4374219343537,0.0,0.0,8107.45711218274
2026-02,emp-0067,Support Engineer,Customer Operations,COGS,False,Montreal,roster,1.0,75,6440.623698905895,515.2498959124716,765.1460954300203,386.4374219343537,0.0,0.0,8107.45711218274
2026-03,emp-0067,Support Engineer,Customer Operations,COGS,False,Montreal,roster,1.0,76,6440.623698905895,515.2498959124716,765.1460954300203,386.4374219343537,0.0,0.0,8107.45711218274
2026-04,emp-0067,Support Engineer,Customer Operations,COGS,False,Montreal,roster,1.0,77,6440.623698905895,515.2498959124716,765.1460954300203,386.4374219343537,0.0,0.0,8107.45711218274
2026-05,emp-0067,Support Engineer,Customer Operations,COGS,False,Montreal,roster,1.0,78,6440.623698905895,515.2498959124716,765.1460954300203,386.4374219343537,0.0,0.0,8107.45711218274
2026-06,emp-0067,Support Engineer,Customer Operations,COGS,False,Montreal,roster,1.0,79,6440.623698905895,515.2498959124716,765.1460954300203,386.4374219343537,0.0,0.0,8107.45711218274
2026-07,emp-0067,Support Engineer,Customer Operations,COGS,False,Montreal,roster,1.0,80,6440.623698905895,515.2498959124716,765.1460954300203,386.4374219343537,0.0,0.0,8107.45711218274
2026-08,emp-0067,Support Engineer,Customer Operations,COGS,False,Montreal,roster,1.0,81,6440.623698905895,515.2498959124716,765.1460954300203,386.4374219343537,0.0,0.0,8107.45711218274
2024-09,emp-0068,Support Engineer,Customer Operations,COGS,False,Montreal,roster,1.0,55,5790.342023071863,463.22736184574904,687.8926323409373,347.42052138431177,0.0,0.0,7288.882538642861
2024-10,emp-0068,Support Engineer,Customer Operations,COGS,False,Montreal,roster,1.0,56,5790.342023071863,463.22736184574904,687.8926323409373,347.42052138431177,0.0,0.0,7288.882538642861
2024-11,emp-0068,Support Engineer,Customer Operations,COGS,False,Montreal,roster,1.0,57,5790.342023071863,463.22736184574904,687.8926323409373,347.42052138431177,0.0,0.0,7288.882538642861
2024-12,emp-0068,Support Engineer,Customer Operations,COGS,False,Montreal,roster,1.0,58,5790.342023071863,463.22736184574904,687.8926323409373,347.42052138431177,0.0,0.0,7288.882538642861
2025-01,emp-0068,Support Engineer,Customer Operations,COGS,False,Montreal,roster,1.0,59,5993.003993879378,479.44031951035026,711.9688744728701,359.58023963276264,0.0,0.0,7543.993427495361
2025-02,emp-0068,Support Engineer,Customer Operations,COGS,False,Montreal,roster,1.0,60,5993.003993879378,479.44031951035026,711.9688744728701,359.58023963276264,0.0,0.0,7543.993427495361
2025-03,emp-0068,Support Engineer,Customer Operations,COGS,False,Montreal,roster,1.0,61,5993.003993879378,479.44031951035026,711.9688744728701,359.58023963276264,0.0,0.0,7543.993427495361
2025-04,emp-0068,Support Engineer,Customer Operations,COGS,False,Montreal,roster,1.0,62,5993.003993879378,479.44031951035026,711.9688744728701,359.58023963276264,0.0,0.0,7543.993427495361
2025-05,emp-0068,Support Engineer,Customer Operations,COGS,False,Montreal,roster,1.0,63,5993.003993879378,479.44031951035026,711.9688744728701,359.58023963276264,0.0,0.0,7543.993427495361
2025-06,emp-0068,Support Engineer,Customer Operations,COGS,False,Montreal,roster,1.0,64,5993.003993879378,479.44031951035026,711.9688744728701,359.58023963276264,0.0,0.0,7543.993427495361
2025-07,emp-0068,Support Engineer,Customer Operations,COGS,False,Montreal,roster,1.0,65,5993.003993879378,479.44031951035026,711.9688744728701,359.58023963276264,0.0,0.0,7543.993427495361
2025-08,emp-0068,Support Engineer,Customer Operations,COGS,False,Montreal,roster,1.0,66,5993.003993879378,479.44031951035026,711.9688744728701,359.58023963276264,0.0,0.0,7543.993427495361
2025-09,emp-0068,Support Engineer,Customer Operations,COGS,False,Montreal,roster,1.0,67,5993.003993879378,479.44031951035026,711.9688744728701,359.58023963276264,0.0,0.0,7543.993427495361
2025-10,emp-0068,Support Engineer,Customer Operations,COGS,False,Montreal,roster,1.0,68,5993.003993879378,479.44031951035026,711.9688744728701,359.58023963276264,0.0,0.0,7543.993427495361
2025-11,emp-0068,Support Engineer,Customer Operations,COGS,False,Montreal,roster,1.0,69,5993.003993879378,479.44031951035026,711.9688744728701,359.58023963276264,0.0,0.0,7543.993427495361
2025-12,emp-0068,Support Engineer,Customer Operations,COGS,False,Montreal,roster,1.0,70,5993.003993879378,479.44031951035026,711.9688744728701,359.58023963276264,0.0,0.0,7543.993427495361
2026-01,emp-0068,Support Engineer,Customer Operations,COGS,False,Montreal,roster,1.0,71,6202.759133665156,496.2207306932125,736.8877850794205,372.16554801990935,0.0,0.0,7808.033197457698
2026-02,emp-0068,Support Engineer,Customer Operations,COGS,False,Montreal,roster,1.0,72,6202.759133665156,496.2207306932125,736.8877850794205,372.16554801990935,0.0,0.0,7808.033197457698
2026-03,emp-0068,Support Engineer,Customer Operations,COGS,False,Montreal,roster,1.0,73,6202.759133665156,496.2207306932125,736.8877850794205,372.16554801990935,0.0,0.0,7808.033197457698
2026-04,emp-0068,Support Engineer,Customer Operations,COGS,False,Montreal,roster,1.0,74,6202.759133665156,496.2207306932125,736.8877850794205,372.16554801990935,0.0,0.0,7808.033197457698
2026-05,emp-0068,Support Engineer,Customer Operations,COGS,False,Montreal,roster,1.0,75,6202.759133665156,496.2207306932125,736.8877850794205,372.16554801990935,0.0,0.0,7808.033197457698
2026-06,emp-0068,Support Engineer,Customer Operations,COGS,False,Montreal,roster,1.0,76,6202.759133665156,496.2207306932125,736.8877850794205,372.16554801990935,0.0,0.0,7808.033197457698
2026-07,emp-0068,Support Engineer,Customer Operations,COGS,False,Montreal,roster,1.0,77,6202.759133665156,496.2207306932125,736.8877850794205,372.16554801990935,0.0,0.0,7808.033197457698
2026-08,emp-0068,Support Engineer,Customer Operations,COGS,False,Montreal,roster,1.0,78,6202.759133665156,496.2207306932125,736.8877850794205,372.16554801990935,0.0,0.0,7808.033197457698
2024-09,emp-0069,Support Engineer,Customer Operations,COGS,False,Montreal,roster,1.0,26,5618.685667808404,449.4948534246723,667.4998573356385,337.12114006850425,0.0,0.0,7072.8015186372195
2024-10,emp-0069,Support Engineer,Customer Operations,COGS,False,Montreal,roster,1.0,27,5618.685667808404,449.4948534246723,667.4998573356385,337.12114006850425,0.0,0.0,7072.8015186372195
2024-11,emp-0069,Support Engineer,Customer Operations,COGS,False,Montreal,roster,1.0,28,5618.685667808404,449.4948534246723,667.4998573356385,337.12114006850425,0.0,0.0,7072.8015186372195
2024-12,emp-0069,Support Engineer,Customer Operations,COGS,False,Montreal,roster,1.0,29,5618.685667808404,449.4948534246723,667.4998573356385,337.12114006850425,0.0,0.0,7072.8015186372195
2025-01,emp-0069,Support Engineer,Customer Operations,COGS,False,Montreal,roster,1.0,30,5815.339666181698,465.2271732945358,690.8623523423856,348.9203799709019,0.0,0.0,7320.349571789521
2025-02,emp-0069,Support Engineer,Customer Operations,COGS,False,Montreal,roster,1.0,31,5815.339666181698,465.2271732945358,690.8623523423856,348.9203799709019,0.0,0.0,7320.349571789521
2025-03,emp-0069,Support Engineer,Customer Operations,COGS,False,Montreal,roster,1.0,32,5815.339666181698,465.2271732945358,690.8623523423856,348.9203799709019,0.0,0.0,7320.349571789521
2025-04,emp-0069,Support Engineer,Customer Operations,COGS,False,Montreal,roster,1.0,33,5815.339666181698,465.2271732945358,690.8623523423856,348.9203799709019,0.0,0.0,7320.349571789521
2025-05,emp-0069,Support Engineer,Customer Operations,COGS,False,Montreal,roster,1.0,34,5815.339666181698,465.2271732945358,690.8623523423856,348.9203799709019,0.0,0.0,7320.349571789521
2025-06,emp-0069,Support Engineer,Customer Operations,COGS,False,Montreal,roster,1.0,35,5815.339666181698,465.2271732945358,690.8623523423856,348.9203799709019,0.0,0.0,7320.349571789521
2025-07,emp-0069,Support Engineer,Customer Operations,COGS,False,Montreal,roster,1.0,36,5815.339666181698,465.2271732945358,690.8623523423856,348.9203799709019,0.0,0.0,7320.349571789521
2025-08,emp-0069,Support Engineer,Customer Operations,COGS,False,Montreal,roster,1.0,37,5815.339666181698,465.2271732945358,690.8623523423856,348.9203799709019,0.0,0.0,7320.349571789521
2025-09,emp-0069,Support Engineer,Customer Operations,COGS,False,Montreal,roster,1.0,38,5815.339666181698,465.2271732945358,690.8623523423856,348.9203799709019,0.0,0.0,7320.349571789521
2025-10,emp-0069,Support Engineer,Customer Operations,COGS,False,Montreal,roster,1.0,39,5815.339666181698,465.2271732945358,690.8623523423856,348.9203799709019,0.0,0.0,7320.349571789521
2025-11,emp-0069,Support Engineer,Customer Operations,COGS,False,Montreal,roster,1.0,40,5815.339666181698,465.2271732945358,690.8623523423856,348.9203799709019,0.0,0.0,7320.349571789521
2025-12,emp-0069,Support Engineer,Customer Operations,COGS,False,Montreal,roster,1.0,41,5815.339666181698,465.2271732945358,690.8623523423856,348.9203799709019,0.0,0.0,7320.349571789521
2026-01,emp-0069,Support Engineer,Customer Operations,COGS,False,Montreal,roster,1.0,42,6018.876554498057,481.51012435984455,715.0425346743692,361.1325932698834,0.0,0.0,7576.561806802155
2026-02,emp-0069,Support Engineer,Customer Operations,COGS,False,Montreal,roster,1.0,43,6018.876554498057,481.51012435984455,715.0425346743692,361.1325932698834,0.0,0.0,7576.561806802155
2026-03,emp-0069,Support Engineer,Customer Operations,COGS,False,Montreal,roster,1.0,44,6018.876554498057,481.51012435984455,715.0425346743692,361.1325932698834,0.0,0.0,7576.561806802155
2026-04,emp-0069,Support Engineer,Customer Operations,COGS,False,Montreal,roster,1.0,45,6018.876554498057,481.51012435984455,715.0425346743692,361.1325932698834,0.0,0.0,7576.561806802155
2026-05,emp-0069,Support Engineer,Customer Operations,COGS,False,Montreal,roster,1.0,46,6018.876554498057,481.51012435984455,715.0425346743692,361.1325932698834,0.0,0.0,7576.561806802155
2026-06,emp-0069,Support Engineer,Customer Operations,COGS,False,Montreal,roster,1.0,47,6018.876554498057,481.51012435984455,715.0425346743692,361.1325932698834,0.0,0.0,7576.561806802155
2026-07,emp-0069,Support Engineer,Customer Operations,COGS,False,Montreal,roster,1.0,48,6018.876554498057,481.51012435984455,715.0425346743692,361.1325932698834,0.0,0.0,7576.561806802155
2026-08,emp-0069,Support Engineer,Customer Operations,COGS,False,Montreal,roster,1.0,49,6018.876554498057,481.51012435984455,715.0425346743692,361.1325932698834,0.0,0.0,7576.561806802155
2024-09,emp-0070,Support Engineer,Customer Operations,COGS,False,Montreal,roster,1.0,39,6170.142296067428,493.6113836853943,733.0129047728105,370.2085377640457,0.0,0.0,7766.975122289679
2024-10,emp-0070,Support Engineer,Customer Operations,COGS,False,Montreal,roster,1.0,40,6170.142296067428,493.6113836853943,733.0129047728105,370.2085377640457,0.0,0.0,7766.975122289679
2024-11,emp-0070,Support Engineer,Customer Operations,COGS,False,Montreal,roster,1.0,41,6170.142296067428,493.6113836853943,733.0129047728105,370.2085377640457,0.0,0.0,7766.975122289679
2024-12,emp-0070,Support Engineer,Customer Operations,COGS,False,Montreal,roster,1.0,42,6170.142296067428,493.6113836853943,733.0129047728105,370.2085377640457,0.0,0.0,7766.975122289679
2025-01,emp-0070,Support Engineer,Customer Operations,COGS,False,Montreal,roster,1.0,43,6386.097276429788,510.887782114383,758.6683564398588,383.16583658578725,0.0,0.0,8038.819251569817
2025-02,emp-0070,Support Engineer,Customer Operations,COGS,False,Montreal,roster,1.0,44,6386.097276429788,510.887782114383,758.6683564398588,383.16583658578725,0.0,0.0,8038.819251569817
2025-03,emp-0070,Support Engineer,Customer Operations,COGS,False,Montreal,roster,1.0,45,6386.097276429788,510.887782114383,758.6683564398588,383.16583658578725,0.0,0.0,8038.819251569817
2025-04,emp-0070,Support Engineer,Customer Operations,COGS,False,Montreal,roster,1.0,46,6386.097276429788,510.887782114383,758.6683564398588,383.16583658578725,0.0,0.0,8038.819251569817
2025-05,emp-0070,Support Engineer,Customer Operations,COGS,False,Montreal,roster,1.0,47,6386.097276429788,510.887782114383,758.6683564398588,383.16583658578725,0.0,0.0,8038.819251569817
2024-09,emp-0071,Support Engineer,Customer Operations,COGS,False,Montreal,roster,1.0,9,5337.603666402281,427.0082933121825,634.1073155685909,320.25621998413686,0.0,0.0,6718.975495267191
2024-10,emp-0071,Support Engineer,Customer Operations,COGS,False,Montreal,roster,1.0,10,5337.603666402281,427.0082933121825,634.1073155685909,320.25621998413686,0.0,0.0,6718.975495267191
2024-11,emp-0071,Support Engineer,Customer Operations,COGS,False,Montreal,roster,1.0,11,5337.603666402281,427.0082933121825,634.1073155685909,320.25621998413686,0.0,0.0,6718.975495267191
2024-12,emp-0071,Support Engineer,Customer Operations,COGS,False,Montreal,roster,1.0,12,5337.603666402281,427.0082933121825,634.1073155685909,320.25621998413686,0.0,0.0,6718.975495267191
2025-01,emp-0071,Support Engineer,Customer Operations,COGS,False,Montreal,roster,1.0,13,5524.419794726361,441.9535835781089,656.3010716134917,331.46518768358163,0.0,0.0,6954.139637601543
2025-02,emp-0071,Support Engineer,Customer Operations,COGS,False,Montreal,roster,1.0,14,5524.419794726361,441.9535835781089,656.3010716134917,331.46518768358163,0.0,0.0,6954.139637601543
2025-03,emp-0071,Support Engineer,Customer Operations,COGS,False,Montreal,roster,1.0,15,5524.419794726361,441.9535835781089,656.3010716134917,331.46518768358163,0.0,0.0,6954.139637601543
2025-04,emp-0071,Support Engineer,Customer Operations,COGS,False,Montreal,roster,1.0,16,5524.419794726361,441.9535835781089,656.3010716134917,331.46518768358163,0.0,0.0,6954.139637601543
2025-05,emp-0071,Support Engineer,Customer Operations,COGS,False,Montreal,roster,1.0,17,5524.419794726361,441.9535835781089,656.3010716134917,331.46518768358163,0.0,0.0,6954.139637601543
2025-06,emp-0071,Support Engineer,Customer Operations,COGS,False,Montreal,roster,1.0,18,5524.419794726361,441.9535835781089,656.3010716134917,331.46518768358163,0.0,0.0,6954.139637601543
2025-07,emp-0071,Support Engineer,Customer Operations,COGS,False,Montreal,roster,1.0,19,5524.419794726361,441.9535835781089,656.3010716134917,331.46518768358163,0.0,0.0,6954.139637601543
2025-08,emp-0071,Support Engineer,Customer Operations,COGS,False,Montreal,roster,1.0,20,5524.419794726361,441.9535835781089,656.3010716134917,331.46518768358163,0.0,0.0,6954.139637601543
2025-09,emp-0071,Support Engineer,Customer Operations,COGS,False,Montreal,roster,1.0,21,5524.419794726361,441.9535835781089,656.3010716134917,331.46518768358163,0.0,0.0,6954.139637601543
2025-10,emp-0071,Support Engineer,Customer Operations,COGS,False,Montreal,roster,1.0,22,5524.419794726361,441.9535835781089,656.3010716134917,331.46518768358163,0.0,0.0,6954.139637601543
2025-11,emp-0071,Support Engineer,Customer Operations,COGS,False,Montreal,roster,1.0,23,5524.419794726361,441.9535835781089,656.3010716134917,331.46518768358163,0.0,0.0,6954.139637601543
2025-12,emp-0071,Support Engineer,Customer Operations,COGS,False,Montreal,roster,1.0,24,5524.419794726361,441.9535835781089,656.3010716134917,331.46518768358163,0.0,0.0,6954.139637601543
2026-01,emp-0071,Support Engineer,Customer Operations,COGS,False,Montreal,roster,1.0,25,5717.774487541784,457.4219590033427,679.271609119964,343.06646925250703,0.0,0.0,7197.534524917597
2026-02,emp-0071,Support Engineer,Customer Operations,COGS,False,Montreal,roster,1.0,26,5717.774487541784,457.4219590033427,679.271609119964,343.06646925250703,0.0,0.0,7197.534524917597
2026-03,emp-0071,Support Engineer,Customer Operations,COGS,False,Montreal,roster,1.0,27,5717.774487541784,457.4219590033427,679.271609119964,343.06646925250703,0.0,0.0,7197.534524917597
2026-04,emp-0071,Support Engineer,Customer Operations,COGS,False,Montreal,roster,1.0,28,5717.774487541784,457.4219590033427,679.271609119964,343.06646925250703,0.0,0.0,7197.534524917597
2026-05,emp-0071,Support Engineer,Customer Operations,COGS,False,Montreal,roster,1.0,29,5717.774487541784,457.4219590033427,679.271609119964,343.06646925250703,0.0,0.0,7197.534524917597
2026-06,emp-0071,Support Engineer,Customer Operations,COGS,False,Montreal,roster,1.0,30,5717.774487541784,457.4219590033427,679.271609119964,343.06646925250703,0.0,0.0,7197.534524917597
2026-07,emp-0071,Support Engineer,Customer Operations,COGS,False,Montreal,roster,1.0,31,5717.774487541784,457.4219590033427,679.271609119964,343.06646925250703,0.0,0.0,7197.534524917597
2026-08,emp-0071,Support Engineer,Customer Operations,COGS,False,Montreal,roster,1.0,32,5717.774487541784,457.4219590033427,679.271609119964,343.06646925250703,0.0,0.0,7197.534524917597
2024-09,emp-0072,Support Engineer,Customer Operations,COGS,False,Montreal,roster,1.0,51,6692.083514524179,535.3666811619344,795.0195215254724,401.5250108714507,0.0,0.0,8423.994728083037
2024-10,emp-0072,Support Engineer,Customer Operations,COGS,False,Montreal,roster,1.0,52,6692.083514524179,535.3666811619344,795.0195215254724,401.5250108714507,0.0,0.0,8423.994728083037
2024-11,emp-0072,Support Engineer,Customer Operations,COGS,False,Montreal,roster,1.0,53,6692.083514524179,535.3666811619344,795.0195215254724,401.5250108714507,0.0,0.0,8423.994728083037
2024-12,emp-0072,Support Engineer,Customer Operations,COGS,False,Montreal,roster,1.0,54,6692.083514524179,535.3666811619344,795.0195215254724,401.5250108714507,0.0,0.0,8423.994728083037
2025-01,emp-0072,Support Engineer,Customer Operations,COGS,False,Montreal,roster,1.0,55,6926.306437532524,554.1045150026019,822.8452047788638,415.57838625195143,0.0,0.0,8718.834543565941
2025-02,emp-0072,Support Engineer,Customer Operations,COGS,False,Montreal,roster,1.0,56,6926.306437532524,554.1045150026019,822.8452047788638,415.57838625195143,0.0,0.0,8718.834543565941
2025-03,emp-0072,Support Engineer,Customer Operations,COGS,False,Montreal,roster,1.0,57,6926.306437532524,554.1045150026019,822.8452047788638,415.57838625195143,0.0,0.0,8718.834543565941
2025-04,emp-0072,Support Engineer,Customer Operations,COGS,False,Montreal,roster,1.0,58,6926.306437532524,554.1045150026019,822.8452047788638,415.57838625195143,0.0,0.0,8718.834543565941
2025-05,emp-0072,Support Engineer,Customer Operations,COGS,False,Montreal,roster,1.0,59,6926.306437532524,554.1045150026019,822.8452047788638,415.57838625195143,0.0,0.0,8718.834543565941
2025-06,emp-0072,Support Engineer,Customer Operations,COGS,False,Montreal,roster,1.0,60,6926.306437532524,554.1045150026019,822.8452047788638,415.57838625195143,0.0,0.0,8718.834543565941
2025-07,emp-0072,Support Engineer,Customer Operations,COGS,False,Montreal,roster,1.0,61,6926.306437532524,554.1045150026019,822.8452047788638,415.57838625195143,0.0,0.0,8718.834543565941
2025-08,emp-0072,Support Engineer,Customer Operations,COGS,False,Montreal,roster,1.0,62,6926.306437532524,554.1045150026019,822.8452047788638,415.57838625195143,0.0,0.0,8718.834543565941
2025-09,emp-0072,Support Engineer,Customer Operations,COGS,False,Montreal,roster,1.0,63,6926.306437532524,554.1045150026019,822.8452047788638,415.57838625195143,0.0,0.0,8718.834543565941
2025-10,emp-0072,Support Engineer,Customer Operations,COGS,False,Montreal,roster,1.0,64,6926.306437532524,554.1045150026019,822.8452047788638,415.57838625195143,0.0,0.0,8718.834543565941
2025-11,emp-0072,Support Engineer,Customer Operations,COGS,False,Montreal,roster,1.0,65,6926.306437532524,554.1045150026019,822.8452047788638,415.57838625195143,0.0,0.0,8718.834543565941
2025-12,emp-0072,Support Engineer,Customer Operations,COGS,False,Montreal,roster,1.0,66,6926.306437532524,554.1045150026019,822.8452047788638,415.57838625195143,0.0,0.0,8718.834543565941
2026-01,emp-0072,Support Engineer,Customer Operations,COGS,False,Montreal,roster,1.0,67,7168.727162846161,573.4981730276929,851.644786946124,430.12362977076964,0.0,0.0,9023.993752590748
2026-02,emp-0072,Support Engineer,Customer Operations,COGS,False,Montreal,roster,1.0,68,7168.727162846161,573.4981730276929,851.644786946124,430.12362977076964,0.0,0.0,9023.993752590748
2026-03,emp-0072,Support Engineer,Customer Operations,COGS,False,Montreal,roster,1.0,69,7168.727162846161,573.4981730276929,851.644786946124,430.12362977076964,0.0,0.0,9023.993752590748
2026-04,emp-0072,Support Engineer,Customer Operations,COGS,False,Montreal,roster,1.0,70,7168.727162846161,573.4981730276929,851.644786946124,430.12362977076964,0.0,0.0,9023.993752590748
2026-05,emp-0072,Support Engineer,Customer Operations,COGS,False,Montreal,roster,1.0,71,7168.727162846161,573.4981730276929,851.644786946124,430.12362977076964,0.0,0.0,9023.993752590748
2026-06,emp-0072,Support Engineer,Customer Operations,COGS,False,Montreal,roster,1.0,72,7168.727162846161,573.4981730276929,851.644786946124,430.12362977076964,0.0,0.0,9023.993752590748
2026-07,emp-0072,Support Engineer,Customer Operations,COGS,False,Montreal,roster,1.0,73,7168.727162846161,573.4981730276929,851.644786946124,430.12362977076964,0.0,0.0,9023.993752590748
2026-08,emp-0072,Support Engineer,Customer Operations,COGS,False,Montreal,roster,1.0,74,7168.727162846161,573.4981730276929,851.644786946124,430.12362977076964,0.0,0.0,9023.993752590748
2024-09,emp-0073,Account Executive,S&M,S&M,True,Austin,roster,1.0,51,11003.868936450459,0.0,935.3288595982891,1540.5416511030644,0.0,0.0,13479.739447151813
2024-10,emp-0073,Account Executive,S&M,S&M,True,Austin,roster,1.0,52,11003.868936450459,0.0,935.3288595982891,1540.5416511030644,0.0,0.0,13479.739447151813
2024-11,emp-0073,Account Executive,S&M,S&M,True,Austin,roster,1.0,53,11003.868936450459,0.0,935.3288595982891,1540.5416511030644,0.0,0.0,13479.739447151813
2024-12,emp-0073,Account Executive,S&M,S&M,True,Austin,roster,1.0,54,11003.868936450459,0.0,935.3288595982891,1540.5416511030644,0.0,0.0,13479.739447151813
2025-01,emp-0073,Account Executive,S&M,S&M,True,Austin,roster,1.0,55,11389.004349226221,0.0,968.0653696842288,1594.4606088916712,0.0,0.0,13951.530327802122
2025-02,emp-0073,Account Executive,S&M,S&M,True,Austin,roster,1.0,56,11389.004349226221,0.0,968.0653696842288,1594.4606088916712,0.0,0.0,13951.530327802122
2025-03,emp-0073,Account Executive,S&M,S&M,True,Austin,roster,1.0,57,11389.004349226221,0.0,968.0653696842288,1594.4606088916712,0.0,0.0,13951.530327802122
2025-04,emp-0073,Account Executive,S&M,S&M,True,Austin,roster,1.0,58,11389.004349226221,0.0,968.0653696842288,1594.4606088916712,0.0,0.0,13951.530327802122
2025-05,emp-0073,Account Executive,S&M,S&M,True,Austin,roster,1.0,59,11389.004349226221,0.0,968.0653696842288,1594.4606088916712,0.0,0.0,13951.530327802122
2025-06,emp-0073,Account Executive,S&M,S&M,True,Austin,roster,1.0,60,11389.004349226221,0.0,968.0653696842288,1594.4606088916712,0.0,0.0,13951.530327802122
2025-07,emp-0073,Account Executive,S&M,S&M,True,Austin,roster,1.0,61,11389.004349226221,0.0,968.0653696842288,1594.4606088916712,0.0,0.0,13951.530327802122
2025-08,emp-0073,Account Executive,S&M,S&M,True,Austin,roster,1.0,62,11389.004349226221,0.0,968.0653696842288,1594.4606088916712,0.0,0.0,13951.530327802122
2025-09,emp-0073,Account Executive,S&M,S&M,True,Austin,roster,1.0,63,11389.004349226221,0.0,968.0653696842288,1594.4606088916712,0.0,0.0,13951.530327802122
2025-10,emp-0073,Account Executive,S&M,S&M,True,Austin,roster,1.0,64,11389.004349226221,0.0,968.0653696842288,1594.4606088916712,0.0,0.0,13951.530327802122
2025-11,emp-0073,Account Executive,S&M,S&M,True,Austin,roster,1.0,65,11389.004349226221,0.0,968.0653696842288,1594.4606088916712,0.0,0.0,13951.530327802122
2025-12,emp-0073,Account Executive,S&M,S&M,True,Austin,roster,1.0,66,11389.004349226221,0.0,968.0653696842288,1594.4606088916712,0.0,0.0,13951.530327802122
2026-01,emp-0073,Account Executive,S&M,S&M,True,Austin,roster,1.0,67,11787.619501449139,0.0,1001.9476576231768,1650.2667302028797,0.0,0.0,14439.833889275196
2026-02,emp-0073,Account Executive,S&M,S&M,True,Austin,roster,1.0,68,11787.619501449139,0.0,1001.9476576231768,1650.2667302028797,0.0,0.0,14439.833889275196
2026-03,emp-0073,Account Executive,S&M,S&M,True,Austin,roster,1.0,69,11787.619501449139,0.0,1001.9476576231768,1650.2667302028797,0.0,0.0,14439.833889275196
2026-04,emp-0073,Account Executive,S&M,S&M,True,Austin,roster,1.0,70,11787.619501449139,0.0,1001.9476576231768,1650.2667302028797,0.0,0.0,14439.833889275196
2026-05,emp-0073,Account Executive,S&M,S&M,True,Austin,roster,1.0,71,11787.619501449139,0.0,1001.9476576231768,1650.2667302028797,0.0,0.0,14439.833889275196
2026-06,emp-0073,Account Executive,S&M,S&M,True,Austin,roster,1.0,72,11787.619501449139,0.0,1001.9476576231768,1650.2667302028797,0.0,0.0,14439.833889275196
2026-07,emp-0073,Account Executive,S&M,S&M,True,Austin,roster,1.0,73,11787.619501449139,0.0,1001.9476576231768,1650.2667302028797,0.0,0.0,14439.833889275196
2026-08,emp-0073,Account Executive,S&M,S&M,True,Austin,roster,1.0,74,11787.619501449139,0.0,1001.9476576231768,1650.2667302028797,0.0,0.0,14439.833889275196
2024-09,emp-0074,Account Executive,S&M,S&M,True,Austin,roster,1.0,57,11883.242888232111,0.0,1010.0756454997295,1663.6540043524958,0.0,0.0,14556.972538084337
2024-10,emp-0074,Account Executive,S&M,S&M,True,Austin,roster,1.0,58,11883.242888232111,0.0,1010.0756454997295,1663.6540043524958,0.0,0.0,14556.972538084337
2024-11,emp-0074,Account Executive,S&M,S&M,True,Austin,roster,1.0,59,11883.242888232111,0.0,1010.0756454997295,1663.6540043524958,0.0,0.0,14556.972538084337
2024-12,emp-0074,Account Executive,S&M,S&M,True,Austin,roster,1.0,60,11883.242888232111,0.0,1010.0756454997295,1663.6540043524958,0.0,0.0,14556.972538084337
2025-01,emp-0074,Account Executive,S&M,S&M,True,Austin,roster,1.0,61,12299.156389320233,0.0,1045.42829309222,1721.8818945048329,0.0,0.0,15066.466576917286
2025-02,emp-0074,Account Executive,S&M,S&M,True,Austin,roster,1.0,62,12299.156389320233,0.0,1045.42829309222,1721.8818945048329,0.0,0.0,15066.466576917286
2025-03,emp-0074,Account Executive,S&M,S&M,True,Austin,roster,1.0,63,12299.156389320233,0.0,1045.42829309222,1721.8818945048329,0.0,0.0,15066.466576917286
2025-04,emp-0074,Account Executive,S&M,S&M,True,Austin,roster,1.0,64,12299.156389320233,0.0,1045.42829309222,1721.8818945048329,0.0,0.0,15066.466576917286
2025-05,emp-0074,Account Executive,S&M,S&M,True,Austin,roster,1.0,65,12299.156389320233,0.0,1045.42829309222,1721.8818945048329,0.0,0.0,15066.466576917286
2025-06,emp-0074,Account Executive,S&M,S&M,True,Austin,roster,1.0,66,12299.156389320233,0.0,1045.42829309222,1721.8818945048329,0.0,0.0,15066.466576917286
2025-07,emp-0074,Account Executive,S&M,S&M,True,Austin,roster,1.0,67,12299.156389320233,0.0,1045.42829309222,1721.8818945048329,0.0,0.0,15066.466576917286
2025-08,emp-0074,Account Executive,S&M,S&M,True,Austin,roster,1.0,68,12299.156389320233,0.0,1045.42829309222,1721.8818945048329,0.0,0.0,15066.466576917286
2025-09,emp-0074,Account Executive,S&M,S&M,True,Austin,roster,1.0,69,12299.156389320233,0.0,1045.42829309222,1721.8818945048329,0.0,0.0,15066.466576917286
2025-10,emp-0074,Account Executive,S&M,S&M,True,Austin,roster,1.0,70,12299.156389320233,0.0,1045.42829309222,1721.8818945048329,0.0,0.0,15066.466576917286
2025-11,emp-0074,Account Executive,S&M,S&M,True,Austin,roster,1.0,71,12299.156389320233,0.0,1045.42829309222,1721.8818945048329,0.0,0.0,15066.466576917286
2025-12,emp-0074,Account Executive,S&M,S&M,True,Austin,roster,1.0,72,12299.156389320233,0.0,1045.42829309222,1721.8818945048329,0.0,0.0,15066.466576917286
2026-01,emp-0074,Account Executive,S&M,S&M,True,Austin,roster,1.0,73,12729.62686294644,0.0,1082.0182833504475,1782.1477608125017,0.0,0.0,15593.79290710939
2026-02,emp-0074,Account Executive,S&M,S&M,True,Austin,roster,1.0,74,12729.62686294644,0.0,1082.0182833504475,1782.1477608125017,0.0,0.0,15593.79290710939
2026-03,emp-0074,Account Executive,S&M,S&M,True,Austin,roster,1.0,75,12729.62686294644,0.0,1082.0182833504475,1782.1477608125017,0.0,0.0,15593.79290710939
2026-04,emp-0074,Account Executive,S&M,S&M,True,Austin,roster,1.0,76,12729.62686294644,0.0,1082.0182833504475,1782.1477608125017,0.0,0.0,15593.79290710939
2026-05,emp-0074,Account Executive,S&M,S&M,True,Austin,roster,1.0,77,12729.62686294644,0.0,1082.0182833504475,1782.1477608125017,0.0,0.0,15593.79290710939
2026-06,emp-0074,Account Executive,S&M,S&M,True,Austin,roster,1.0,78,12729.62686294644,0.0,1082.0182833504475,1782.1477608125017,0.0,0.0,15593.79290710939
2026-07,emp-0074,Account Executive,S&M,S&M,True,Austin,roster,1.0,79,12729.62686294644,0.0,1082.0182833504475,1782.1477608125017,0.0,0.0,15593.79290710939
2026-08,emp-0074,Account Executive,S&M,S&M,True,Austin,roster,1.0,80,12729.62686294644,0.0,1082.0182833504475,1782.1477608125017,0.0,0.0,15593.79290710939
2024-09,emp-0075,Account Executive,S&M,S&M,True,Austin,roster,1.0,29,10116.77529613667,0.0,859.925900171617,1416.348541459134,0.0,0.0,12393.04973776742
2024-10,emp-0075,Account Executive,S&M,S&M,True,Austin,roster,1.0,30,10116.77529613667,0.0,859.925900171617,1416.348541459134,0.0,0.0,12393.04973776742
2024-11,emp-0075,Account Executive,S&M,S&M,True,Austin,roster,1.0,31,10116.77529613667,0.0,859.925900171617,1416.348541459134,0.0,0.0,12393.04973776742
2024-12,emp-0075,Account Executive,S&M,S&M,True,Austin,roster,1.0,32,10116.77529613667,0.0,859.925900171617,1416.348541459134,0.0,0.0,12393.04973776742
2025-01,emp-0075,Account Executive,S&M,S&M,True,Austin,roster,1.0,33,10470.862431501451,0.0,890.0233066776234,1465.9207404102033,0.0,0.0,12826.806478589278
2025-02,emp-0075,Account Executive,S&M,S&M,True,Austin,roster,1.0,34,10470.862431501451,0.0,890.0233066776234,1465.9207404102033,0.0,0.0,12826.806478589278
2025-03,emp-0075,Account Executive,S&M,S&M,True,Austin,roster,1.0,35,10470.862431501451,0.0,890.0233066776234,1465.9207404102033,0.0,0.0,12826.806478589278
2025-04,emp-0075,Account Executive,S&M,S&M,True,Austin,roster,1.0,36,10470.862431501451,0.0,890.0233066776234,1465.9207404102033,0.0,0.0,12826.806478589278
2025-05,emp-0075,Account Executive,S&M,S&M,True,Austin,roster,1.0,37,10470.862431501451,0.0,890.0233066776234,1465.9207404102033,0.0,0.0,12826.806478589278
2025-06,emp-0075,Account Executive,S&M,S&M,True,Austin,roster,1.0,38,10470.862431501451,0.0,890.0233066776234,1465.9207404102033,0.0,0.0,12826.806478589278
2025-07,emp-0075,Account Executive,S&M,S&M,True,Austin,roster,1.0,39,10470.862431501451,0.0,890.0233066776234,1465.9207404102033,0.0,0.0,12826.806478589278
2025-08,emp-0075,Account Executive,S&M,S&M,True,Austin,roster,1.0,40,10470.862431501451,0.0,890.0233066776234,1465.9207404102033,0.0,0.0,12826.806478589278
2025-09,emp-0075,Account Executive,S&M,S&M,True,Austin,roster,1.0,41,10470.862431501451,0.0,890.0233066776234,1465.9207404102033,0.0,0.0,12826.806478589278
2025-10,emp-0075,Account Executive,S&M,S&M,True,Austin,roster,1.0,42,10470.862431501451,0.0,890.0233066776234,1465.9207404102033,0.0,0.0,12826.806478589278
2025-11,emp-0075,Account Executive,S&M,S&M,True,Austin,roster,1.0,43,10470.862431501451,0.0,890.0233066776234,1465.9207404102033,0.0,0.0,12826.806478589278
2025-12,emp-0075,Account Executive,S&M,S&M,True,Austin,roster,1.0,44,10470.862431501451,0.0,890.0233066776234,1465.9207404102033,0.0,0.0,12826.806478589278
2026-01,emp-0075,Account Executive,S&M,S&M,True,Austin,roster,1.0,45,10837.342616604003,0.0,921.1741224113402,1517.2279663245606,0.0,0.0,13275.744705339905
2026-02,emp-0075,Account Executive,S&M,S&M,True,Austin,roster,1.0,46,10837.342616604003,0.0,921.1741224113402,1517.2279663245606,0.0,0.0,13275.744705339905
2026-03,emp-0075,Account Executive,S&M,S&M,True,Austin,roster,1.0,47,10837.342616604003,0.0,921.1741224113402,1517.2279663245606,0.0,0.0,13275.744705339905
2026-04,emp-0075,Account Executive,S&M,S&M,True,Austin,roster,1.0,48,10837.342616604003,0.0,921.1741224113402,1517.2279663245606,0.0,0.0,13275.744705339905
2026-05,emp-0075,Account Executive,S&M,S&M,True,Austin,roster,1.0,49,10837.342616604003,0.0,921.1741224113402,1517.2279663245606,0.0,0.0,13275.744705339905
2026-06,emp-0075,Account Executive,S&M,S&M,True,Austin,roster,1.0,50,10837.342616604003,0.0,921.1741224113402,1517.2279663245606,0.0,0.0,13275.744705339905
2026-07,emp-0075,Account Executive,S&M,S&M,True,Austin,roster,1.0,51,10837.342616604003,0.0,921.1741224113402,1517.2279663245606,0.0,0.0,13275.744705339905
2026-08,emp-0075,Account Executive,S&M,S&M,True,Austin,roster,1.0,52,10837.342616604003,0.0,921.1741224113402,1517.2279663245606,0.0,0.0,13275.744705339905
2024-09,emp-0076,Account Executive,S&M,S&M,True,Austin,roster,1.0,62,10181.862293396669,0.0,865.4582949387169,1425.4607210755337,0.0,0.0,12472.781309410919
2024-10,emp-0076,Account Executive,S&M,S&M,True,Austin,roster,1.0,63,10181.862293396669,0.0,865.4582949387169,1425.4607210755337,0.0,0.0,12472.781309410919
2024-11,emp-0076,Account Executive,S&M,S&M,True,Austin,roster,1.0,64,10181.862293396669,0.0,865.4582949387169,1425.4607210755337,0.0,0.0,12472.781309410919
2024-12,emp-0076,Account Executive,S&M,S&M,True,Austin,roster,1.0,65,10181.862293396669,0.0,865.4582949387169,1425.4607210755337,0.0,0.0,12472.781309410919
2025-01,emp-0076,Account Executive,S&M,S&M,True,Austin,roster,1.0,66,10538.22747366555,0.0,895.7493352615719,1475.3518463131772,0.0,0.0,12909.328655240299
2025-02,emp-0076,Account Executive,S&M,S&M,True,Austin,roster,1.0,67,10538.22747366555,0.0,895.7493352615719,1475.3518463131772,0.0,0.0,12909.328655240299
2025-03,emp-0076,Account Executive,S&M,S&M,True,Austin,roster,1.0,68,10538.22747366555,0.0,895.7493352615719,1475.3518463131772,0.0,0.0,12909.328655240299
2025-04,emp-0076,Account Executive,S&M,S&M,True,Austin,roster,1.0,69,10538.22747366555,0.0,895.7493352615719,1475.3518463131772,0.0,0.0,12909.328655240299
2025-05,emp-0076,Account Executive,S&M,S&M,True,Austin,roster,1.0,70,10538.22747366555,0.0,895.7493352615719,1475.3518463131772,0.0,0.0,12909.328655240299
2025-06,emp-0076,Account Executive,S&M,S&M,True,Austin,roster,1.0,71,10538.22747366555,0.0,895.7493352615719,1475.3518463131772,0.0,0.0,12909.328655240299
2025-07,emp-0076,Account Executive,S&M,S&M,True,Austin,roster,1.0,72,10538.22747366555,0.0,895.7493352615719,1475.3518463131772,0.0,0.0,12909.328655240299
2025-08,emp-0076,Account Executive,S&M,S&M,True,Austin,roster,1.0,73,10538.22747366555,0.0,895.7493352615719,1475.3518463131772,0.0,0.0,12909.328655240299
2025-09,emp-0076,Account Executive,S&M,S&M,True,Austin,roster,1.0,74,10538.22747366555,0.0,895.7493352615719,1475.3518463131772,0.0,0.0,12909.328655240299
2025-10,emp-0076,Account Executive,S&M,S&M,True,Austin,roster,1.0,75,10538.22747366555,0.0,895.7493352615719,1475.3518463131772,0.0,0.0,12909.328655240299
2025-11,emp-0076,Account Executive,S&M,S&M,True,Austin,roster,1.0,76,10538.22747366555,0.0,895.7493352615719,1475.3518463131772,0.0,0.0,12909.328655240299
2025-12,emp-0076,Account Executive,S&M,S&M,True,Austin,roster,1.0,77,10538.22747366555,0.0,895.7493352615719,1475.3518463131772,0.0,0.0,12909.328655240299
2026-01,emp-0076,Account Executive,S&M,S&M,True,Austin,roster,1.0,78,10907.065435243845,0.0,927.1005619957269,1526.9891609341385,0.0,0.0,13361.155158173711
2026-02,emp-0076,Account Executive,S&M,S&M,True,Austin,roster,1.0,79,10907.065435243845,0.0,927.1005619957269,1526.9891609341385,0.0,0.0,13361.155158173711
2026-03,emp-0076,Account Executive,S&M,S&M,True,Austin,roster,1.0,80,10907.065435243845,0.0,927.1005619957269,1526.9891609341385,0.0,0.0,13361.155158173711
2026-04,emp-0076,Account Executive,S&M,S&M,True,Austin,roster,1.0,81,10907.065435243845,0.0,927.1005619957269,1526.9891609341385,0.0,0.0,13361.155158173711
2026-05,emp-0076,Account Executive,S&M,S&M,True,Austin,roster,1.0,82,10907.065435243845,0.0,927.1005619957269,1526.9891609341385,0.0,0.0,13361.155158173711
2026-06,emp-0076,Account Executive,S&M,S&M,True,Austin,roster,1.0,83,10907.065435243845,0.0,927.1005619957269,1526.9891609341385,0.0,0.0,13361.155158173711
2026-07,emp-0076,Account Executive,S&M,S&M,True,Austin,roster,1.0,84,10907.065435243845,0.0,927.1005619957269,1526.9891609341385,0.0,0.0,13361.155158173711
2026-08,emp-0076,Account Executive,S&M,S&M,True,Austin,roster,1.0,85,10907.065435243845,0.0,927.1005619957269,1526.9891609341385,0.0,0.0,13361.155158173711
2024-09,emp-0077,Account Executive,S&M,S&M,True,Austin,roster,1.0,46,10421.726454260393,0.0,885.8467486121335,1459.0417035964551,0.0,0.0,12766.614906468982
2024-10,emp-0077,Account Executive,S&M,S&M,True,Austin,roster,1.0,47,10421.726454260393,0.0,885.8467486121335,1459.0417035964551,0.0,0.0,12766.614906468982
2024-11,emp-0077,Account Executive,S&M,S&M,True,Austin,roster,1.0,48,10421.726454260393,0.0,885.8467486121335,1459.0417035964551,0.0,0.0,12766.614906468982
2024-12,emp-0077,Account Executive,S&M,S&M,True,Austin,roster,1.0,49,10421.726454260393,0.0,885.8467486121335,1459.0417035964551,0.0,0.0,12766.614906468982
2025-01,emp-0077,Account Executive,S&M,S&M,True,Austin,roster,1.0,50,10786.486880159506,0.0,916.8513848135581,1510.1081632223309,0.0,0.0,13213.446428195393
2025-02,emp-0077,Account Executive,S&M,S&M,True,Austin,roster,1.0,51,10786.486880159506,0.0,916.8513848135581,1510.1081632223309,0.0,0.0,13213.446428195393
2025-03,emp-0077,Account Executive,S&M,S&M,True,Austin,roster,1.0,52,10786.486880159506,0.0,916.8513848135581,1510.1081632223309,0.0,0.0,13213.446428195393
2025-04,emp-0077,Account Executive,S&M,S&M,True,Austin,roster,1.0,53,10786.486880159506,0.0,916.8513848135581,1510.1081632223309,0.0,0.0,13213.446428195393
2025-05,emp-0077,Account Executive,S&M,S&M,True,Austin,roster,1.0,54,10786.486880159506,0.0,916.8513848135581,1510.1081632223309,0.0,0.0,13213.446428195393
2025-06,emp-0077,Account Executive,S&M,S&M,True,Austin,roster,1.0,55,10786.486880159506,0.0,916.8513848135581,1510.1081632223309,0.0,0.0,13213.446428195393
2025-07,emp-0077,Account Executive,S&M,S&M,True,Austin,roster,1.0,56,10786.486880159506,0.0,916.8513848135581,1510.1081632223309,0.0,0.0,13213.446428195393
2025-08,emp-0077,Account Executive,S&M,S&M,True,Austin,roster,1.0,57,10786.486880159506,0.0,916.8513848135581,1510.1081632223309,0.0,0.0,13213.446428195393
2025-09,emp-0077,Account Executive,S&M,S&M,True,Austin,roster,1.0,58,10786.486880159506,0.0,916.8513848135581,1510.1081632223309,0.0,0.0,13213.446428195393
2025-10,emp-0077,Account Executive,S&M,S&M,True,Austin,roster,1.0,59,10786.486880159506,0.0,916.8513848135581,1510.1081632223309,0.0,0.0,13213.446428195393
2025-11,emp-0077,Account Executive,S&M,S&M,True,Austin,roster,1.0,60,10786.486880159506,0.0,916.8513848135581,1510.1081632223309,0.0,0.0,13213.446428195393
2025-12,emp-0077,Account Executive,S&M,S&M,True,Austin,roster,1.0,61,10786.486880159506,0.0,916.8513848135581,1510.1081632223309,0.0,0.0,13213.446428195393
2026-01,emp-0077,Account Executive,S&M,S&M,True,Austin,roster,1.0,62,11164.013920965088,0.0,948.9411832820325,1562.9619489351126,0.0,0.0,13675.917053182235
2026-02,emp-0077,Account Executive,S&M,S&M,True,Austin,roster,1.0,63,11164.013920965088,0.0,948.9411832820325,1562.9619489351126,0.0,0.0,13675.917053182235
2026-03,emp-0077,Account Executive,S&M,S&M,True,Austin,roster,1.0,64,11164.013920965088,0.0,948.9411832820325,1562.9619489351126,0.0,0.0,13675.917053182235
2026-04,emp-0077,Account Executive,S&M,S&M,True,Austin,roster,1.0,65,11164.013920965088,0.0,948.9411832820325,1562.9619489351126,0.0,0.0,13675.917053182235
2026-05,emp-0077,Account Executive,S&M,S&M,True,Austin,roster,1.0,66,11164.013920965088,0.0,948.9411832820325,1562.9619489351126,0.0,0.0,13675.917053182235
2026-06,emp-0077,Account Executive,S&M,S&M,True,Austin,roster,1.0,67,11164.013920965088,0.0,948.9411832820325,1562.9619489351126,0.0,0.0,13675.917053182235
2026-07,emp-0077,Account Executive,S&M,S&M,True,Austin,roster,1.0,68,11164.013920965088,0.0,948.9411832820325,1562.9619489351126,0.0,0.0,13675.917053182235
2026-08,emp-0077,Account Executive,S&M,S&M,True,Austin,roster,1.0,69,11164.013920965088,0.0,948.9411832820325,1562.9619489351126,0.0,0.0,13675.917053182235
2024-09,emp-0078,Account Executive,S&M,S&M,True,Austin,roster,1.0,61,10093.77078965304,0.0,857.9705171205084,1413.1279105514257,0.0,0.0,12364.869217324973
2024-10,emp-0078,Account Executive,S&M,S&M,True,Austin,roster,1.0,62,10093.77078965304,0.0,857.9705171205084,1413.1279105514257,0.0,0.0,12364.869217324973
2024-11,emp-0078,Account Executive,S&M,S&M,True,Austin,roster,1.0,63,10093.77078965304,0.0,857.9705171205084,1413.1279105514257,0.0,0.0,12364.869217324973
2024-12,emp-0078,Account Executive,S&M,S&M,True,Austin,roster,1.0,64,10093.77078965304,0.0,857.9705171205084,1413.1279105514257,0.0,0.0,12364.869217324973
2025-01,emp-0078,Account Executive,S&M,S&M,True,Austin,roster,1.0,65,10447.052767290896,0.0,887.9994852197262,1462.5873874207255,0.0,0.0,12797.639639931349
2025-02,emp-0078,Account Executive,S&M,S&M,True,Austin,roster,1.0,66,10447.052767290896,0.0,887.9994852197262,1462.5873874207255,0.0,0.0,12797.639639931349
2025-03,emp-0078,Account Executive,S&M,S&M,True,Austin,roster,1.0,67,10447.052767290896,0.0,887.9994852197262,1462.5873874207255,0.0,0.0,12797.639639931349
2025-04,emp-0078,Account Executive,S&M,S&M,True,Austin,roster,1.0,68,10447.052767290896,0.0,887.9994852197262,1462.5873874207255,0.0,0.0,12797.639639931349
2025-05,emp-0078,Account Executive,S&M,S&M,True,Austin,roster,1.0,69,10447.052767290896,0.0,887.9994852197262,1462.5873874207255,0.0,0.0,12797.639639931349
2025-06,emp-0078,Account Executive,S&M,S&M,True,Austin,roster,1.0,70,10447.052767290896,0.0,887.9994852197262,1462.5873874207255,0.0,0.0,12797.639639931349
2025-07,emp-0078,Account Executive,S&M,S&M,True,Austin,roster,1.0,71,10447.052767290896,0.0,887.9994852197262,1462.5873874207255,0.0,0.0,12797.639639931349
2025-08,emp-0078,Account Executive,S&M,S&M,True,Austin,roster,1.0,72,10447.052767290896,0.0,887.9994852197262,1462.5873874207255,0.0,0.0,12797.639639931349
2025-09,emp-0078,Account Executive,S&M,S&M,True,Austin,roster,1.0,73,10447.052767290896,0.0,887.9994852197262,1462.5873874207255,0.0,0.0,12797.639639931349
2025-10,emp-0078,Account Executive,S&M,S&M,True,Austin,roster,1.0,74,10447.052767290896,0.0,887.9994852197262,1462.5873874207255,0.0,0.0,12797.639639931349
2025-11,emp-0078,Account Executive,S&M,S&M,True,Austin,roster,1.0,75,10447.052767290896,0.0,887.9994852197262,1462.5873874207255,0.0,0.0,12797.639639931349
2025-12,emp-0078,Account Executive,S&M,S&M,True,Austin,roster,1.0,76,10447.052767290896,0.0,887.9994852197262,1462.5873874207255,0.0,0.0,12797.639639931349
2024-09,emp-0079,Account Executive,S&M,S&M,True,Austin,roster,1.0,23,9774.183810134293,0.0,830.8056238614149,1368.385733418801,0.0,0.0,11973.37516741451
2024-10,emp-0079,Account Executive,S&M,S&M,True,Austin,roster,1.0,24,9774.183810134293,0.0,830.8056238614149,1368.385733418801,0.0,0.0,11973.37516741451
2024-11,emp-0079,Account Executive,S&M,S&M,True,Austin,roster,1.0,25,9774.183810134293,0.0,830.8056238614149,1368.385733418801,0.0,0.0,11973.37516741451
2024-12,emp-0079,Account Executive,S&M,S&M,True,Austin,roster,1.0,26,9774.183810134293,0.0,830.8056238614149,1368.385733418801,0.0,0.0,11973.37516741451
2025-01,emp-0079,Account Executive,S&M,S&M,True,Austin,roster,1.0,27,10116.28024348899,0.0,859.8838206965643,1416.279234088459,0.0,0.0,12392.443298274015
2025-02,emp-0079,Account Executive,S&M,S&M,True,Austin,roster,1.0,28,10116.28024348899,0.0,859.8838206965643,1416.279234088459,0.0,0.0,12392.443298274015
2025-03,emp-0079,Account Executive,S&M,S&M,True,Austin,roster,1.0,29,10116.28024348899,0.0,859.8838206965643,1416.279234088459,0.0,0.0,12392.443298274015
2025-04,emp-0079,Account Executive,S&M,S&M,True,Austin,roster,1.0,30,10116.28024348899,0.0,859.8838206965643,1416.279234088459,0.0,0.0,12392.443298274015
2025-05,emp-0079,Account Executive,S&M,S&M,True,Austin,roster,1.0,31,10116.28024348899,0.0,859.8838206965643,1416.279234088459,0.0,0.0,12392.443298274015
2025-06,emp-0079,Account Executive,S&M,S&M,True,Austin,roster,1.0,32,10116.28024348899,0.0,859.8838206965643,1416.279234088459,0.0,0.0,12392.443298274015
2025-07,emp-0079,Account Executive,S&M,S&M,True,Austin,roster,1.0,33,10116.28024348899,0.0,859.8838206965643,1416.279234088459,0.0,0.0,12392.443298274015
2025-08,emp-0079,Account Executive,S&M,S&M,True,Austin,roster,1.0,34,10116.28024348899,0.0,859.8838206965643,1416.279234088459,0.0,0.0,12392.443298274015
2025-09,emp-0079,Account Executive,S&M,S&M,True,Austin,roster,1.0,35,10116.28024348899,0.0,859.8838206965643,1416.279234088459,0.0,0.0,12392.443298274015
2025-10,emp-0079,Account Executive,S&M,S&M,True,Austin,roster,1.0,36,10116.28024348899,0.0,859.8838206965643,1416.279234088459,0.0,0.0,12392.443298274015
2025-11,emp-0079,Account Executive,S&M,S&M,True,Austin,roster,1.0,37,10116.28024348899,0.0,859.8838206965643,1416.279234088459,0.0,0.0,12392.443298274015
2025-12,emp-0079,Account Executive,S&M,S&M,True,Austin,roster,1.0,38,10116.28024348899,0.0,859.8838206965643,1416.279234088459,0.0,0.0,12392.443298274015
2026-01,emp-0079,Account Executive,S&M,S&M,True,Austin,roster,1.0,39,10470.350052011107,0.0,889.9797544209441,1465.849007281555,0.0,0.0,12826.178813713606
2026-02,emp-0079,Account Executive,S&M,S&M,True,Austin,roster,1.0,40,10470.350052011107,0.0,889.9797544209441,1465.849007281555,0.0,0.0,12826.178813713606
2026-03,emp-0079,Account Executive,S&M,S&M,True,Austin,roster,1.0,41,10470.350052011107,0.0,889.9797544209441,1465.849007281555,0.0,0.0,12826.178813713606
2026-04,emp-0079,Account Executive,S&M,S&M,True,Austin,roster,1.0,42,10470.350052011107,0.0,889.9797544209441,1465.849007281555,0.0,0.0,12826.178813713606
2026-05,emp-0079,Account Executive,S&M,S&M,True,Austin,roster,1.0,43,10470.350052011107,0.0,889.9797544209441,1465.849007281555,0.0,0.0,12826.178813713606
2026-06,emp-0079,Account Executive,S&M,S&M,True,Austin,roster,1.0,44,10470.350052011107,0.0,889.9797544209441,1465.849007281555,0.0,0.0,12826.178813713606
2026-07,emp-0079,Account Executive,S&M,S&M,True,Austin,roster,1.0,45,10470.350052011107,0.0,889.9797544209441,1465.849007281555,0.0,0.0,12826.178813713606
2026-08,emp-0079,Account Executive,S&M,S&M,True,Austin,roster,1.0,46,10470.350052011107,0.0,889.9797544209441,1465.849007281555,0.0,0.0,12826.178813713606
2024-09,emp-0080,Sales Development Rep,S&M,S&M,True,Austin,roster,1.0,4,5306.593263724594,0.0,451.0604274165905,742.9230569214433,0.0,0.0,6500.576748062628
2024-10,emp-0080,Sales Development Rep,S&M,S&M,True,Austin,roster,1.0,5,5306.593263724594,0.0,451.0604274165905,742.9230569214433,0.0,0.0,6500.576748062628
2024-11,emp-0080,Sales Development Rep,S&M,S&M,True,Austin,roster,1.0,6,5306.593263724594,0.0,451.0604274165905,742.9230569214433,0.0,0.0,6500.576748062628
2024-12,emp-0080,Sales Development Rep,S&M,S&M,True,Austin,roster,1.0,7,5306.593263724594,0.0,451.0604274165905,742.9230569214433,0.0,0.0,6500.576748062628
2025-01,emp-0080,Sales Development Rep,S&M,S&M,True,Austin,roster,1.0,8,5492.324027954954,0.0,466.8475423761711,768.9253639136936,0.0,0.0,6728.096934244818
2025-02,emp-0080,Sales Development Rep,S&M,S&M,True,Austin,roster,1.0,9,5492.324027954954,0.0,466.8475423761711,768.9253639136936,0.0,0.0,6728.096934244818
2025-03,emp-0080,Sales Development Rep,S&M,S&M,True,Austin,roster,1.0,10,5492.324027954954,0.0,466.8475423761711,768.9253639136936,0.0,0.0,6728.096934244818
2025-04,emp-0080,Sales Development Rep,S&M,S&M,True,Austin,roster,1.0,11,5492.324027954954,0.0,466.8475423761711,768.9253639136936,0.0,0.0,6728.096934244818
2025-05,emp-0080,Sales Development Rep,S&M,S&M,True,Austin,roster,1.0,12,5492.324027954954,0.0,466.8475423761711,768.9253639136936,0.0,0.0,6728.096934244818
2025-06,emp-0080,Sales Development Rep,S&M,S&M,True,Austin,roster,1.0,13,5492.324027954954,0.0,466.8475423761711,768.9253639136936,0.0,0.0,6728.096934244818
2025-07,emp-0080,Sales Development Rep,S&M,S&M,True,Austin,roster,1.0,14,5492.324027954954,0.0,466.8475423761711,768.9253639136936,0.0,0.0,6728.096934244818
2025-08,emp-0080,Sales Development Rep,S&M,S&M,True,Austin,roster,1.0,15,5492.324027954954,0.0,466.8475423761711,768.9253639136936,0.0,0.0,6728.096934244818
2025-09,emp-0080,Sales Development Rep,S&M,S&M,True,Austin,roster,1.0,16,5492.324027954954,0.0,466.8475423761711,768.9253639136936,0.0,0.0,6728.096934244818
2025-10,emp-0080,Sales Development Rep,S&M,S&M,True,Austin,roster,1.0,17,5492.324027954954,0.0,466.8475423761711,768.9253639136936,0.0,0.0,6728.096934244818
2025-11,emp-0080,Sales Development Rep,S&M,S&M,True,Austin,roster,1.0,18,5492.324027954954,0.0,466.8475423761711,768.9253639136936,0.0,0.0,6728.096934244818
2025-12,emp-0080,Sales Development Rep,S&M,S&M,True,Austin,roster,1.0,19,5492.324027954954,0.0,466.8475423761711,768.9253639136936,0.0,0.0,6728.096934244818
2026-01,emp-0080,Sales Development Rep,S&M,S&M,True,Austin,roster,1.0,20,5684.555368933378,0.0,483.1872063593372,795.837751650673,0.0,0.0,6963.580326943389
2026-02,emp-0080,Sales Development Rep,S&M,S&M,True,Austin,roster,1.0,21,5684.555368933378,0.0,483.1872063593372,795.837751650673,0.0,0.0,6963.580326943389
2026-03,emp-0080,Sales Development Rep,S&M,S&M,True,Austin,roster,1.0,22,5684.555368933378,0.0,483.1872063593372,795.837751650673,0.0,0.0,6963.580326943389
2026-04,emp-0080,Sales Development Rep,S&M,S&M,True,Austin,roster,1.0,23,5684.555368933378,0.0,483.1872063593372,795.837751650673,0.0,0.0,6963.580326943389
2026-05,emp-0080,Sales Development Rep,S&M,S&M,True,Austin,roster,1.0,24,5684.555368933378,0.0,483.1872063593372,795.837751650673,0.0,0.0,6963.580326943389
2026-06,emp-0080,Sales Development Rep,S&M,S&M,True,Austin,roster,1.0,25,5684.555368933378,0.0,483.1872063593372,795.837751650673,0.0,0.0,6963.580326943389
2026-07,emp-0080,Sales Development Rep,S&M,S&M,True,Austin,roster,1.0,26,5684.555368933378,0.0,483.1872063593372,795.837751650673,0.0,0.0,6963.580326943389
2026-08,emp-0080,Sales Development Rep,S&M,S&M,True,Austin,roster,1.0,27,5684.555368933378,0.0,483.1872063593372,795.837751650673,0.0,0.0,6963.580326943389
2024-09,emp-0081,Sales Development Rep,S&M,S&M,True,Austin,roster,1.0,44,6246.365759803214,0.0,530.9410895832732,874.49120637245,0.0,0.0,7651.798055758938
2024-10,emp-0081,Sales Development Rep,S&M,S&M,True,Austin,roster,1.0,45,6246.365759803214,0.0,530.9410895832732,874.49120637245,0.0,0.0,7651.798055758938
2024-11,emp-0081,Sales Development Rep,S&M,S&M,True,Austin,roster,1.0,46,6246.365759803214,0.0,530.9410895832732,874.49120637245,0.0,0.0,7651.798055758938
2024-12,emp-0081,Sales Development Rep,S&M,S&M,True,Austin,roster,1.0,47,6246.365759803214,0.0,530.9410895832732,874.49120637245,0.0,0.0,7651.798055758938
2025-01,emp-0081,Sales Development Rep,S&M,S&M,True,Austin,roster,1.0,48,6464.988561396326,0.0,549.5240277186878,905.0983985954857,0.0,0.0,7919.610987710499
2025-02,emp-0081,Sales Development Rep,S&M,S&M,True,Austin,roster,1.0,49,6464.988561396326,0.0,549.5240277186878,905.0983985954857,0.0,0.0,7919.610987710499
2025-03,emp-0081,Sales Development Rep,S&M,S&M,True,Austin,roster,1.0,50,6464.988561396326,0.0,549.5240277186878,905.0983985954857,0.0,0.0,7919.610987710499
2025-04,emp-0081,Sales Development Rep,S&M,S&M,True,Austin,roster,1.0,51,6464.988561396326,0.0,549.5240277186878,905.0983985954857,0.0,0.0,7919.610987710499
2025-05,emp-0081,Sales Development Rep,S&M,S&M,True,Austin,roster,1.0,52,6464.988561396326,0.0,549.5240277186878,905.0983985954857,0.0,0.0,7919.610987710499
2025-06,emp-0081,Sales Development Rep,S&M,S&M,True,Austin,roster,1.0,53,6464.988561396326,0.0,549.5240277186878,905.0983985954857,0.0,0.0,7919.610987710499
2025-07,emp-0081,Sales Development Rep,S&M,S&M,True,Austin,roster,1.0,54,6464.988561396326,0.0,549.5240277186878,905.0983985954857,0.0,0.0,7919.610987710499
2025-08,emp-0081,Sales Development Rep,S&M,S&M,True,Austin,roster,1.0,55,6464.988561396326,0.0,549.5240277186878,905.0983985954857,0.0,0.0,7919.610987710499
2025-09,emp-0081,Sales Development Rep,S&M,S&M,True,Austin,roster,1.0,56,6464.988561396326,0.0,549.5240277186878,905.0983985954857,0.0,0.0,7919.610987710499
2025-10,emp-0081,Sales Development Rep,S&M,S&M,True,Austin,roster,1.0,57,6464.988561396326,0.0,549.5240277186878,905.0983985954857,0.0,0.0,7919.610987710499
2025-11,emp-0081,Sales Development Rep,S&M,S&M,True,Austin,roster,1.0,58,6464.988561396326,0.0,549.5240277186878,905.0983985954857,0.0,0.0,7919.610987710499
2025-12,emp-0081,Sales Development Rep,S&M,S&M,True,Austin,roster,1.0,59,6464.988561396326,0.0,549.5240277186878,905.0983985954857,0.0,0.0,7919.610987710499
2026-01,emp-0081,Sales Development Rep,S&M,S&M,True,Austin,roster,1.0,60,6691.263161045196,0.0,568.7573686888418,936.7768425463275,0.0,0.0,8196.797372280365
2026-02,emp-0081,Sales Development Rep,S&M,S&M,True,Austin,roster,1.0,61,6691.263161045196,0.0,568.7573686888418,936.7768425463275,0.0,0.0,8196.797372280365
2026-03,emp-0081,Sales Development Rep,S&M,S&M,True,Austin,roster,1.0,62,6691.263161045196,0.0,568.7573686888418,936.7768425463275,0.0,0.0,8196.797372280365
2026-04,emp-0081,Sales Development Rep,S&M,S&M,True,Austin,roster,1.0,63,6691.263161045196,0.0,568.7573686888418,936.7768425463275,0.0,0.0,8196.797372280365
2026-05,emp-0081,Sales Development Rep,S&M,S&M,True,Austin,roster,1.0,64,6691.263161045196,0.0,568.7573686888418,936.7768425463275,0.0,0.0,8196.797372280365
2026-06,emp-0081,Sales Development Rep,S&M,S&M,True,Austin,roster,1.0,65,6691.263161045196,0.0,568.7573686888418,936.7768425463275,0.0,0.0,8196.797372280365
2026-07,emp-0081,Sales Development Rep,S&M,S&M,True,Austin,roster,1.0,66,6691.263161045196,0.0,568.7573686888418,936.7768425463275,0.0,0.0,8196.797372280365
2026-08,emp-0081,Sales Development Rep,S&M,S&M,True,Austin,roster,1.0,67,6691.263161045196,0.0,568.7573686888418,936.7768425463275,0.0,0.0,8196.797372280365
2024-09,emp-0082,Sales Development Rep,S&M,S&M,True,Austin,roster,1.0,35,6451.127843662813,0.0,548.3458667113391,903.1578981127939,0.0,0.0,7902.631608486946
2024-10,emp-0082,Sales Development Rep,S&M,S&M,True,Austin,roster,1.0,36,6451.127843662813,0.0,548.3458667113391,903.1578981127939,0.0,0.0,7902.631608486946
2024-11,emp-0082,Sales Development Rep,S&M,S&M,True,Austin,roster,1.0,37,6451.127843662813,0.0,548.3458667113391,903.1578981127939,0.0,0.0,7902.631608486946
2024-12,emp-0082,Sales Development Rep,S&M,S&M,True,Austin,roster,1.0,38,6451.127843662813,0.0,548.3458667113391,903.1578981127939,0.0,0.0,7902.631608486946
2025-01,emp-0082,Sales Development Rep,S&M,S&M,True,Austin,roster,1.0,39,6676.917318191011,0.0,567.537972046236,934.7684245467416,0.0,0.0,8179.223714783989
2025-02,emp-0082,Sales Development Rep,S&M,S&M,True,Austin,roster,1.0,40,6676.917318191011,0.0,567.537972046236,934.7684245467416,0.0,0.0,8179.223714783989
2025-03,emp-0082,Sales Development Rep,S&M,S&M,True,Austin,roster,1.0,41,6676.917318191011,0.0,567.537972046236,934.7684245467416,0.0,0.0,8179.223714783989
2025-04,emp-0082,Sales Development Rep,S&M,S&M,True,Austin,roster,1.0,42,6676.917318191011,0.0,567.537972046236,934.7684245467416,0.0,0.0,8179.223714783989
2024-09,emp-0083,Sales Development Rep,S&M,S&M,True,Austin,roster,1.0,36,5968.927795534605,0.0,507.35886262044147,835.6498913748447,0.0,0.0,7311.936549529892
2024-10,emp-0083,Sales Development Rep,S&M,S&M,True,Austin,roster,1.0,37,5968.927795534605,0.0,507.35886262044147,835.6498913748447,0.0,0.0,7311.936549529892
2024-11,emp-0083,Sales Development Rep,S&M,S&M,True,Austin,roster,1.0,38,5968.927795534605,0.0,507.35886262044147,835.6498913748447,0.0,0.0,7311.936549529892
2024-12,emp-0083,Sales Development Rep,S&M,S&M,True,Austin,roster,1.0,39,5968.927795534605,0.0,507.35886262044147,835.6498913748447,0.0,0.0,7311.936549529892
2025-01,emp-0083,Sales Development Rep,S&M,S&M,True,Austin,roster,1.0,40,6177.840268378317,0.0,525.116422812157,864.8976375729644,0.0,0.0,7567.854328763438
2025-02,emp-0083,Sales Development Rep,S&M,S&M,True,Austin,roster,1.0,41,6177.840268378317,0.0,525.116422812157,864.8976375729644,0.0,0.0,7567.854328763438
2025-03,emp-0083,Sales Development Rep,S&M,S&M,True,Austin,roster,1.0,42,6177.840268378317,0.0,525.116422812157,864.8976375729644,0.0,0.0,7567.854328763438
2025-04,emp-0083,Sales Development Rep,S&M,S&M,True,Austin,roster,1.0,43,6177.840268378317,0.0,525.116422812157,864.8976375729644,0.0,0.0,7567.854328763438
2025-05,emp-0083,Sales Development Rep,S&M,S&M,True,Austin,roster,1.0,44,6177.840268378317,0.0,525.116422812157,864.8976375729644,0.0,0.0,7567.854328763438
2024-09,emp-0084,Sales Development Rep,S&M,S&M,True,Austin,roster,1.0,38,6112.842546170193,0.0,519.5916164244665,855.7979564638271,0.0,0.0,7488.232119058486
2024-10,emp-0084,Sales Development Rep,S&M,S&M,True,Austin,roster,1.0,39,6112.842546170193,0.0,519.5916164244665,855.7979564638271,0.0,0.0,7488.232119058486
2024-11,emp-0084,Sales Development Rep,S&M,S&M,True,Austin,roster,1.0,40,6112.842546170193,0.0,519.5916164244665,855.7979564638271,0.0,0.0,7488.232119058486
2024-12,emp-0084,Sales Development Rep,S&M,S&M,True,Austin,roster,1.0,41,6112.842546170193,0.0,519.5916164244665,855.7979564638271,0.0,0.0,7488.232119058486
2025-01,emp-0084,Sales Development Rep,S&M,S&M,True,Austin,roster,1.0,42,6326.792035286148,0.0,537.7773229993227,885.7508849400608,0.0,0.0,7750.320243225532
2025-02,emp-0084,Sales Development Rep,S&M,S&M,True,Austin,roster,1.0,43,6326.792035286148,0.0,537.7773229993227,885.7508849400608,0.0,0.0,7750.320243225532
2025-03,emp-0084,Sales Development Rep,S&M,S&M,True,Austin,roster,1.0,44,6326.792035286148,0.0,537.7773229993227,885.7508849400608,0.0,0.0,7750.320243225532
2025-04,emp-0084,Sales Development Rep,S&M,S&M,True,Austin,roster,1.0,45,6326.792035286148,0.0,537.7773229993227,885.7508849400608,0.0,0.0,7750.320243225532
2025-05,emp-0084,Sales Development Rep,S&M,S&M,True,Austin,roster,1.0,46,6326.792035286148,0.0,537.7773229993227,885.7508849400608,0.0,0.0,7750.320243225532
2025-06,emp-0084,Sales Development Rep,S&M,S&M,True,Austin,roster,1.0,47,6326.792035286148,0.0,537.7773229993227,885.7508849400608,0.0,0.0,7750.320243225532
2025-07,emp-0084,Sales Development Rep,S&M,S&M,True,Austin,roster,1.0,48,6326.792035286148,0.0,537.7773229993227,885.7508849400608,0.0,0.0,7750.320243225532
2025-08,emp-0084,Sales Development Rep,S&M,S&M,True,Austin,roster,1.0,49,6326.792035286148,0.0,537.7773229993227,885.7508849400608,0.0,0.0,7750.320243225532
2025-09,emp-0084,Sales Development Rep,S&M,S&M,True,Austin,roster,1.0,50,6326.792035286148,0.0,537.7773229993227,885.7508849400608,0.0,0.0,7750.320243225532
2025-10,emp-0084,Sales Development Rep,S&M,S&M,True,Austin,roster,1.0,51,6326.792035286148,0.0,537.7773229993227,885.7508849400608,0.0,0.0,7750.320243225532
2025-11,emp-0084,Sales Development Rep,S&M,S&M,True,Austin,roster,1.0,52,6326.792035286148,0.0,537.7773229993227,885.7508849400608,0.0,0.0,7750.320243225532
2025-12,emp-0084,Sales Development Rep,S&M,S&M,True,Austin,roster,1.0,53,6326.792035286148,0.0,537.7773229993227,885.7508849400608,0.0,0.0,7750.320243225532
2026-01,emp-0084,Sales Development Rep,S&M,S&M,True,Austin,roster,1.0,54,6548.229756521163,0.0,556.5995293042989,916.7521659129629,0.0,0.0,8021.581451738424
2026-02,emp-0084,Sales Development Rep,S&M,S&M,True,Austin,roster,1.0,55,6548.229756521163,0.0,556.5995293042989,916.7521659129629,0.0,0.0,8021.581451738424
2026-03,emp-0084,Sales Development Rep,S&M,S&M,True,Austin,roster,1.0,56,6548.229756521163,0.0,556.5995293042989,916.7521659129629,0.0,0.0,8021.581451738424
2026-04,emp-0084,Sales Development Rep,S&M,S&M,True,Austin,roster,1.0,57,6548.229756521163,0.0,556.5995293042989,916.7521659129629,0.0,0.0,8021.581451738424
2026-05,emp-0084,Sales Development Rep,S&M,S&M,True,Austin,roster,1.0,58,6548.229756521163,0.0,556.5995293042989,916.7521659129629,0.0,0.0,8021.581451738424
2026-06,emp-0084,Sales Development Rep,S&M,S&M,True,Austin,roster,1.0,59,6548.229756521163,0.0,556.5995293042989,916.7521659129629,0.0,0.0,8021.581451738424
2026-07,emp-0084,Sales Development Rep,S&M,S&M,True,Austin,roster,1.0,60,6548.229756521163,0.0,556.5995293042989,916.7521659129629,0.0,0.0,8021.581451738424
2026-08,emp-0084,Sales Development Rep,S&M,S&M,True,Austin,roster,1.0,61,6548.229756521163,0.0,556.5995293042989,916.7521659129629,0.0,0.0,8021.581451738424
2024-09,emp-0085,Marketing Manager,S&M,S&M,False,Austin,roster,1.0,17,10283.195906252457,822.6556725001965,943.9973841939754,1439.647426875344,0.0,0.0,13489.496389821972
2024-10,emp-0085,Marketing Manager,S&M,S&M,False,Austin,roster,1.0,18,10283.195906252457,822.6556725001965,943.9973841939754,1439.647426875344,0.0,0.0,13489.496389821972
2024-11,emp-0085,Marketing Manager,S&M,S&M,False,Austin,roster,1.0,19,10283.195906252457,822.6556725001965,943.9973841939754,1439.647426875344,0.0,0.0,13489.496389821972
2024-12,emp-0085,Marketing Manager,S&M,S&M,False,Austin,roster,1.0,20,10283.195906252457,822.6556725001965,943.9973841939754,1439.647426875344,0.0,0.0,13489.496389821972
2025-01,emp-0085,Marketing Manager,S&M,S&M,False,Austin,roster,1.0,21,10643.107762971293,851.4486210377034,977.0372926407648,1490.0350868159812,0.0,0.0,13961.628763465742
2025-02,emp-0085,Marketing Manager,S&M,S&M,False,Austin,roster,1.0,22,10643.107762971293,851.4486210377034,977.0372926407648,1490.0350868159812,0.0,0.0,13961.628763465742
2025-03,emp-0085,Marketing Manager,S&M,S&M,False,Austin,roster,1.0,23,10643.107762971293,851.4486210377034,977.0372926407648,1490.0350868159812,0.0,0.0,13961.628763465742
2025-04,emp-0085,Marketing Manager,S&M,S&M,False,Austin,roster,1.0,24,10643.107762971293,851.4486210377034,977.0372926407648,1490.0350868159812,0.0,0.0,13961.628763465742
2025-05,emp-0085,Marketing Manager,S&M,S&M,False,Austin,roster,1.0,25,10643.107762971293,851.4486210377034,977.0372926407648,1490.0350868159812,0.0,0.0,13961.628763465742
2025-06,emp-0085,Marketing Manager,S&M,S&M,False,Austin,roster,1.0,26,10643.107762971293,851.4486210377034,977.0372926407648,1490.0350868159812,0.0,0.0,13961.628763465742
2025-07,emp-0085,Marketing Manager,S&M,S&M,False,Austin,roster,1.0,27,10643.107762971293,851.4486210377034,977.0372926407648,1490.0350868159812,0.0,0.0,13961.628763465742
2025-08,emp-0085,Marketing Manager,S&M,S&M,False,Austin,roster,1.0,28,10643.107762971293,851.4486210377034,977.0372926407648,1490.0350868159812,0.0,0.0,13961.628763465742
2025-09,emp-0085,Marketing Manager,S&M,S&M,False,Austin,roster,1.0,29,10643.107762971293,851.4486210377034,977.0372926407648,1490.0350868159812,0.0,0.0,13961.628763465742
2025-10,emp-0085,Marketing Manager,S&M,S&M,False,Austin,roster,1.0,30,10643.107762971293,851.4486210377034,977.0372926407648,1490.0350868159812,0.0,0.0,13961.628763465742
2025-11,emp-0085,Marketing Manager,S&M,S&M,False,Austin,roster,1.0,31,10643.107762971293,851.4486210377034,977.0372926407648,1490.0350868159812,0.0,0.0,13961.628763465742
2025-12,emp-0085,Marketing Manager,S&M,S&M,False,Austin,roster,1.0,32,10643.107762971293,851.4486210377034,977.0372926407648,1490.0350868159812,0.0,0.0,13961.628763465742
2026-01,emp-0085,Marketing Manager,S&M,S&M,False,Austin,roster,1.0,33,11015.616534675288,881.2493227740231,1011.2335978831915,1542.1863148545403,0.0,0.0,14450.285770187042
2026-02,emp-0085,Marketing Manager,S&M,S&M,False,Austin,roster,1.0,34,11015.616534675288,881.2493227740231,1011.2335978831915,1542.1863148545403,0.0,0.0,14450.285770187042
2026-03,emp-0085,Marketing Manager,S&M,S&M,False,Austin,roster,1.0,35,11015.616534675288,881.2493227740231,1011.2335978831915,1542.1863148545403,0.0,0.0,14450.285770187042
2026-04,emp-0085,Marketing Manager,S&M,S&M,False,Austin,roster,1.0,36,11015.616534675288,881.2493227740231,1011.2335978831915,1542.1863148545403,0.0,0.0,14450.285770187042
2026-05,emp-0085,Marketing Manager,S&M,S&M,False,Austin,roster,1.0,37,11015.616534675288,881.2493227740231,1011.2335978831915,1542.1863148545403,0.0,0.0,14450.285770187042
2026-06,emp-0085,Marketing Manager,S&M,S&M,False,Austin,roster,1.0,38,11015.616534675288,881.2493227740231,1011.2335978831915,1542.1863148545403,0.0,0.0,14450.285770187042
2026-07,emp-0085,Marketing Manager,S&M,S&M,False,Austin,roster,1.0,39,11015.616534675288,881.2493227740231,1011.2335978831915,1542.1863148545403,0.0,0.0,14450.285770187042
2026-08,emp-0085,Marketing Manager,S&M,S&M,False,Austin,roster,1.0,40,11015.616534675288,881.2493227740231,1011.2335978831915,1542.1863148545403,0.0,0.0,14450.285770187042
2024-09,emp-0086,Marketing Manager,S&M,S&M,False,Austin,roster,1.0,15,11135.469489950678,890.8375591960543,1022.2360991774723,1558.965728593095,0.0,0.0,14607.5088769173
2024-10,emp-0086,Marketing Manager,S&M,S&M,False,Austin,roster,1.0,16,11135.469489950678,890.8375591960543,1022.2360991774723,1558.965728593095,0.0,0.0,14607.5088769173
2024-11,emp-0086,Marketing Manager,S&M,S&M,False,Austin,roster,1.0,17,11135.469489950678,890.8375591960543,1022.2360991774723,1558.965728593095,0.0,0.0,14607.5088769173
2024-12,emp-0086,Marketing Manager,S&M,S&M,False,Austin,roster,1.0,18,11135.469489950678,890.8375591960543,1022.2360991774723,1558.965728593095,0.0,0.0,14607.5088769173
2025-01,emp-0086,Marketing Manager,S&M,S&M,False,Austin,roster,1.0,19,11525.210922098951,922.0168737679161,1058.0143626486838,1613.5295290938534,0.0,0.0,15118.771687609405
2025-02,emp-0086,Marketing Manager,S&M,S&M,False,Austin,roster,1.0,20,11525.210922098951,922.0168737679161,1058.0143626486838,1613.5295290938534,0.0,0.0,15118.771687609405
2025-03,emp-0086,Marketing Manager,S&M,S&M,False,Austin,roster,1.0,21,11525.210922098951,922.0168737679161,1058.0143626486838,1613.5295290938534,0.0,0.0,15118.771687609405
2025-04,emp-0086,Marketing Manager,S&M,S&M,False,Austin,roster,1.0,22,11525.210922098951,922.0168737679161,1058.0143626486838,1613.5295290938534,0.0,0.0,15118.771687609405
2025-05,emp-0086,Marketing Manager,S&M,S&M,False,Austin,roster,1.0,23,11525.210922098951,922.0168737679161,1058.0143626486838,1613.5295290938534,0.0,0.0,15118.771687609405
2025-06,emp-0086,Marketing Manager,S&M,S&M,False,Austin,roster,1.0,24,11525.210922098951,922.0168737679161,1058.0143626486838,1613.5295290938534,0.0,0.0,15118.771687609405
2025-07,emp-0086,Marketing Manager,S&M,S&M,False,Austin,roster,1.0,25,11525.210922098951,922.0168737679161,1058.0143626486838,1613.5295290938534,0.0,0.0,15118.771687609405
2025-08,emp-0086,Marketing Manager,S&M,S&M,False,Austin,roster,1.0,26,11525.210922098951,922.0168737679161,1058.0143626486838,1613.5295290938534,0.0,0.0,15118.771687609405
2025-09,emp-0086,Marketing Manager,S&M,S&M,False,Austin,roster,1.0,27,11525.210922098951,922.0168737679161,1058.0143626486838,1613.5295290938534,0.0,0.0,15118.771687609405
2025-10,emp-0086,Marketing Manager,S&M,S&M,False,Austin,roster,1.0,28,11525.210922098951,922.0168737679161,1058.0143626486838,1613.5295290938534,0.0,0.0,15118.771687609405
2025-11,emp-0086,Marketing Manager,S&M,S&M,False,Austin,roster,1.0,29,11525.210922098951,922.0168737679161,1058.0143626486838,1613.5295290938534,0.0,0.0,15118.771687609405
2025-12,emp-0086,Marketing Manager,S&M,S&M,False,Austin,roster,1.0,30,11525.210922098951,922.0168737679161,1058.0143626486838,1613.5295290938534,0.0,0.0,15118.771687609405
2026-01,emp-0086,Marketing Manager,S&M,S&M,False,Austin,roster,1.0,31,11928.593304372413,954.287464349793,1095.0448653413875,1670.003062612138,0.0,0.0,15647.928696675732
2026-02,emp-0086,Marketing Manager,S&M,S&M,False,Austin,roster,1.0,32,11928.593304372413,954.287464349793,1095.0448653413875,1670.003062612138,0.0,0.0,15647.928696675732
2026-03,emp-0086,Marketing Manager,S&M,S&M,False,Austin,roster,1.0,33,11928.593304372413,954.287464349793,1095.0448653413875,1670.003062612138,0.0,0.0,15647.928696675732
2026-04,emp-0086,Marketing Manager,S&M,S&M,False,Austin,roster,1.0,34,11928.593304372413,954.287464349793,1095.0448653413875,1670.003062612138,0.0,0.0,15647.928696675732
2026-05,emp-0086,Marketing Manager,S&M,S&M,False,Austin,roster,1.0,35,11928.593304372413,954.287464349793,1095.0448653413875,1670.003062612138,0.0,0.0,15647.928696675732
2026-06,emp-0086,Marketing Manager,S&M,S&M,False,Austin,roster,1.0,36,11928.593304372413,954.287464349793,1095.0448653413875,1670.003062612138,0.0,0.0,15647.928696675732
2026-07,emp-0086,Marketing Manager,S&M,S&M,False,Austin,roster,1.0,37,11928.593304372413,954.287464349793,1095.0448653413875,1670.003062612138,0.0,0.0,15647.928696675732
2026-08,emp-0086,Marketing Manager,S&M,S&M,False,Austin,roster,1.0,38,11928.593304372413,954.287464349793,1095.0448653413875,1670.003062612138,0.0,0.0,15647.928696675732
2024-09,emp-0087,Marketing Manager,S&M,S&M,False,Austin,roster,1.0,33,11834.572585975291,946.7658068780233,1086.4137633925318,1656.840162036541,0.0,0.0,15524.592318282386
2024-10,emp-0087,Marketing Manager,S&M,S&M,False,Austin,roster,1.0,34,11834.572585975291,946.7658068780233,1086.4137633925318,1656.840162036541,0.0,0.0,15524.592318282386
2024-11,emp-0087,Marketing Manager,S&M,S&M,False,Austin,roster,1.0,35,11834.572585975291,946.7658068780233,1086.4137633925318,1656.840162036541,0.0,0.0,15524.592318282386
2024-12,emp-0087,Marketing Manager,S&M,S&M,False,Austin,roster,1.0,36,11834.572585975291,946.7658068780233,1086.4137633925318,1656.840162036541,0.0,0.0,15524.592318282386
2025-01,emp-0087,Marketing Manager,S&M,S&M,False,Austin,roster,1.0,37,12248.782626484426,979.9026101187541,1124.4382451112704,1714.82956770782,0.0,0.0,16067.95304942227
2025-02,emp-0087,Marketing Manager,S&M,S&M,False,Austin,roster,1.0,38,12248.782626484426,979.9026101187541,1124.4382451112704,1714.82956770782,0.0,0.0,16067.95304942227
2025-03,emp-0087,Marketing Manager,S&M,S&M,False,Austin,roster,1.0,39,12248.782626484426,979.9026101187541,1124.4382451112704,1714.82956770782,0.0,0.0,16067.95304942227
2025-04,emp-0087,Marketing Manager,S&M,S&M,False,Austin,roster,1.0,40,12248.782626484426,979.9026101187541,1124.4382451112704,1714.82956770782,0.0,0.0,16067.95304942227
2025-05,emp-0087,Marketing Manager,S&M,S&M,False,Austin,roster,1.0,41,12248.782626484426,979.9026101187541,1124.4382451112704,1714.82956770782,0.0,0.0,16067.95304942227
2025-06,emp-0087,Marketing Manager,S&M,S&M,False,Austin,roster,1.0,42,12248.782626484426,979.9026101187541,1124.4382451112704,1714.82956770782,0.0,0.0,16067.95304942227
2025-07,emp-0087,Marketing Manager,S&M,S&M,False,Austin,roster,1.0,43,12248.782626484426,979.9026101187541,1124.4382451112704,1714.82956770782,0.0,0.0,16067.95304942227
2025-08,emp-0087,Marketing Manager,S&M,S&M,False,Austin,roster,1.0,44,12248.782626484426,979.9026101187541,1124.4382451112704,1714.82956770782,0.0,0.0,16067.95304942227
2025-09,emp-0087,Marketing Manager,S&M,S&M,False,Austin,roster,1.0,45,12248.782626484426,979.9026101187541,1124.4382451112704,1714.82956770782,0.0,0.0,16067.95304942227
2025-10,emp-0087,Marketing Manager,S&M,S&M,False,Austin,roster,1.0,46,12248.782626484426,979.9026101187541,1124.4382451112704,1714.82956770782,0.0,0.0,16067.95304942227
2025-11,emp-0087,Marketing Manager,S&M,S&M,False,Austin,roster,1.0,47,12248.782626484426,979.9026101187541,1124.4382451112704,1714.82956770782,0.0,0.0,16067.95304942227
2025-12,emp-0087,Marketing Manager,S&M,S&M,False,Austin,roster,1.0,48,12248.782626484426,979.9026101187541,1124.4382451112704,1714.82956770782,0.0,0.0,16067.95304942227
2026-01,emp-0087,Marketing Manager,S&M,S&M,False,Austin,roster,1.0,49,12677.490018411378,1014.1992014729102,1163.7935836901645,1774.848602577593,0.0,0.0,16630.331406152047
2026-02,emp-0087,Marketing Manager,S&M,S&M,False,Austin,roster,1.0,50,12677.490018411378,1014.1992014729102,1163.7935836901645,1774.848602577593,0.0,0.0,16630.331406152047
2026-03,emp-0087,Marketing Manager,S&M,S&M,False,Austin,roster,1.0,51,12677.490018411378,1014.1992014729102,1163.7935836901645,1774.848602577593,0.0,0.0,16630.331406152047
2026-04,emp-0087,Marketing Manager,S&M,S&M,False,Austin,roster,1.0,52,12677.490018411378,1014.1992014729102,1163.7935836901645,1774.848602577593,0.0,0.0,16630.331406152047
2026-05,emp-0087,Marketing Manager,S&M,S&M,False,Austin,roster,1.0,53,12677.490018411378,1014.1992014729102,1163.7935836901645,1774.848602577593,0.0,0.0,16630.331406152047
2026-06,emp-0087,Marketing Manager,S&M,S&M,False,Austin,roster,1.0,54,12677.490018411378,1014.1992014729102,1163.7935836901645,1774.848602577593,0.0,0.0,16630.331406152047
2026-07,emp-0087,Marketing Manager,S&M,S&M,False,Austin,roster,1.0,55,12677.490018411378,1014.1992014729102,1163.7935836901645,1774.848602577593,0.0,0.0,16630.331406152047
2026-08,emp-0087,Marketing Manager,S&M,S&M,False,Austin,roster,1.0,56,12677.490018411378,1014.1992014729102,1163.7935836901645,1774.848602577593,0.0,0.0,16630.331406152047
2024-09,emp-0088,Marketing Manager,S&M,S&M,False,Austin,roster,1.0,18,9659.908128507393,772.7926502805915,886.7795661969787,1352.3871379910352,0.0,0.0,12671.867482975998
2024-10,emp-0088,Marketing Manager,S&M,S&M,False,Austin,roster,1.0,19,9659.908128507393,772.7926502805915,886.7795661969787,1352.3871379910352,0.0,0.0,12671.867482975998
2024-11,emp-0088,Marketing Manager,S&M,S&M,False,Austin,roster,1.0,20,9659.908128507393,772.7926502805915,886.7795661969787,1352.3871379910352,0.0,0.0,12671.867482975998
2024-12,emp-0088,Marketing Manager,S&M,S&M,False,Austin,roster,1.0,21,9659.908128507393,772.7926502805915,886.7795661969787,1352.3871379910352,0.0,0.0,12671.867482975998
2025-01,emp-0088,Marketing Manager,S&M,S&M,False,Austin,roster,1.0,22,9998.004913005152,799.8403930404122,917.8168510138731,1399.7206878207214,0.0,0.0,13115.38284488016
2025-02,emp-0088,Marketing Manager,S&M,S&M,False,Austin,roster,1.0,23,9998.004913005152,799.8403930404122,917.8168510138731,1399.7206878207214,0.0,0.0,13115.38284488016
2025-03,emp-0088,Marketing Manager,S&M,S&M,False,Austin,roster,1.0,24,9998.004913005152,799.8403930404122,917.8168510138731,1399.7206878207214,0.0,0.0,13115.38284488016
2025-04,emp-0088,Marketing Manager,S&M,S&M,False,Austin,roster,1.0,25,9998.004913005152,799.8403930404122,917.8168510138731,1399.7206878207214,0.0,0.0,13115.38284488016
2025-05,emp-0088,Marketing Manager,S&M,S&M,False,Austin,roster,1.0,26,9998.004913005152,799.8403930404122,917.8168510138731,1399.7206878207214,0.0,0.0,13115.38284488016
2025-06,emp-0088,Marketing Manager,S&M,S&M,False,Austin,roster,1.0,27,9998.004913005152,799.8403930404122,917.8168510138731,1399.7206878207214,0.0,0.0,13115.38284488016
2025-07,emp-0088,Marketing Manager,S&M,S&M,False,Austin,roster,1.0,28,9998.004913005152,799.8403930404122,917.8168510138731,1399.7206878207214,0.0,0.0,13115.38284488016
2025-08,emp-0088,Marketing Manager,S&M,S&M,False,Austin,roster,1.0,29,9998.004913005152,799.8403930404122,917.8168510138731,1399.7206878207214,0.0,0.0,13115.38284488016
2025-09,emp-0088,Marketing Manager,S&M,S&M,False,Austin,roster,1.0,30,9998.004913005152,799.8403930404122,917.8168510138731,1399.7206878207214,0.0,0.0,13115.38284488016
2025-10,emp-0088,Marketing Manager,S&M,S&M,False,Austin,roster,1.0,31,9998.004913005152,799.8403930404122,917.8168510138731,1399.7206878207214,0.0,0.0,13115.38284488016
2025-11,emp-0088,Marketing Manager,S&M,S&M,False,Austin,roster,1.0,32,9998.004913005152,799.8403930404122,917.8168510138731,1399.7206878207214,0.0,0.0,13115.38284488016
2025-12,emp-0088,Marketing Manager,S&M,S&M,False,Austin,roster,1.0,33,9998.004913005152,799.8403930404122,917.8168510138731,1399.7206878207214,0.0,0.0,13115.38284488016
2026-01,emp-0088,Marketing Manager,S&M,S&M,False,Austin,roster,1.0,34,10347.93508496033,827.8348067968265,949.9404407993585,1448.7109118944463,0.0,0.0,13574.421244450963
2026-02,emp-0088,Marketing Manager,S&M,S&M,False,Austin,roster,1.0,35,10347.93508496033,827.8348067968265,949.9404407993585,1448.7109118944463,0.0,0.0,13574.421244450963
2024-09,emp-0089,Marketing Manager,S&M,S&M,False,Austin,roster,1.0,1,10106.041257069539,808.4833005655631,927.7345873989838,1414.8457759897356,0.0,0.0,13257.104921023822
2024-10,emp-0089,Marketing Manager,S&M,S&M,False,Austin,roster,1.0,2,10106.041257069539,808.4833005655631,927.7345873989838,1414.8457759897356,0.0,0.0,13257.104921023822
2024-11,emp-0089,Marketing Manager,S&M,S&M,False,Austin,roster,1.0,3,10106.041257069539,808.4833005655631,927.7345873989838,1414.8457759897356,0.0,0.0,13257.104921023822
2024-12,emp-0089,Marketing Manager,S&M,S&M,False,Austin,roster,1.0,4,10106.041257069539,808.4833005655631,927.7345873989838,1414.8457759897356,0.0,0.0,13257.104921023822
2025-01,emp-0089,Marketing Manager,S&M,S&M,False,Austin,roster,1.0,5,10459.752701066971,836.7802160853577,960.205297957948,1464.365378149376,0.0,0.0,13721.103593259651
2025-02,emp-0089,Marketing Manager,S&M,S&M,False,Austin,roster,1.0,6,10459.752701066971,836.7802160853577,960.205297957948,1464.365378149376,0.0,0.0,13721.103593259651
2025-03,emp-0089,Marketing Manager,S&M,S&M,False,Austin,roster,1.0,7,10459.752701066971,836.7802160853577,960.205297957948,1464.365378149376,0.0,0.0,13721.103593259651
2025-04,emp-0089,Marketing Manager,S&M,S&M,False,Austin,roster,1.0,8,10459.752701066971,836.7802160853577,960.205297957948,1464.365378149376,0.0,0.0,13721.103593259651
2025-05,emp-0089,Marketing Manager,S&M,S&M,False,Austin,roster,1.0,9,10459.752701066971,836.7802160853577,960.205297957948,1464.365378149376,0.0,0.0,13721.103593259651
2025-06,emp-0089,Marketing Manager,S&M,S&M,False,Austin,roster,1.0,10,10459.752701066971,836.7802160853577,960.205297957948,1464.365378149376,0.0,0.0,13721.103593259651
2025-07,emp-0089,Marketing Manager,S&M,S&M,False,Austin,roster,1.0,11,10459.752701066971,836.7802160853577,960.205297957948,1464.365378149376,0.0,0.0,13721.103593259651
2025-08,emp-0089,Marketing Manager,S&M,S&M,False,Austin,roster,1.0,12,10459.752701066971,836.7802160853577,960.205297957948,1464.365378149376,0.0,0.0,13721.103593259651
2025-09,emp-0089,Marketing Manager,S&M,S&M,False,Austin,roster,1.0,13,10459.752701066971,836.7802160853577,960.205297957948,1464.365378149376,0.0,0.0,13721.103593259651
2025-10,emp-0089,Marketing Manager,S&M,S&M,False,Austin,roster,1.0,14,10459.752701066971,836.7802160853577,960.205297957948,1464.365378149376,0.0,0.0,13721.103593259651
2025-11,emp-0089,Marketing Manager,S&M,S&M,False,Austin,roster,1.0,15,10459.752701066971,836.7802160853577,960.205297957948,1464.365378149376,0.0,0.0,13721.103593259651
2025-12,emp-0089,Marketing Manager,S&M,S&M,False,Austin,roster,1.0,16,10459.752701066971,836.7802160853577,960.205297957948,1464.365378149376,0.0,0.0,13721.103593259651
2026-01,emp-0089,Marketing Manager,S&M,S&M,False,Austin,roster,1.0,17,10825.844045604315,866.0675236483453,993.8124833864763,1515.6181663846044,0.0,0.0,14201.342219023742
2026-02,emp-0089,Marketing Manager,S&M,S&M,False,Austin,roster,1.0,18,10825.844045604315,866.0675236483453,993.8124833864763,1515.6181663846044,0.0,0.0,14201.342219023742
2026-03,emp-0089,Marketing Manager,S&M,S&M,False,Austin,roster,1.0,19,10825.844045604315,866.0675236483453,993.8124833864763,1515.6181663846044,0.0,0.0,14201.342219023742
2026-04,emp-0089,Marketing Manager,S&M,S&M,False,Austin,roster,1.0,20,10825.844045604315,866.0675236483453,993.8124833864763,1515.6181663846044,0.0,0.0,14201.342219023742
2026-05,emp-0089,Marketing Manager,S&M,S&M,False,Austin,roster,1.0,21,10825.844045604315,866.0675236483453,993.8124833864763,1515.6181663846044,0.0,0.0,14201.342219023742
2026-06,emp-0089,Marketing Manager,S&M,S&M,False,Austin,roster,1.0,22,10825.844045604315,866.0675236483453,993.8124833864763,1515.6181663846044,0.0,0.0,14201.342219023742
2026-07,emp-0089,Marketing Manager,S&M,S&M,False,Austin,roster,1.0,23,10825.844045604315,866.0675236483453,993.8124833864763,1515.6181663846044,0.0,0.0,14201.342219023742
2026-08,emp-0089,Marketing Manager,S&M,S&M,False,Austin,roster,1.0,24,10825.844045604315,866.0675236483453,993.8124833864763,1515.6181663846044,0.0,0.0,14201.342219023742
2024-09,emp-0090,Marketing Manager,S&M,S&M,False,Montreal,roster,1.0,2,8160.709335219827,652.8567468175862,969.4922690241156,489.64256011318963,0.0,0.0,10272.70091117472
2024-10,emp-0090,Marketing Manager,S&M,S&M,False,Montreal,roster,1.0,3,8160.709335219827,652.8567468175862,969.4922690241156,489.64256011318963,0.0,0.0,10272.70091117472
2024-11,emp-0090,Marketing Manager,S&M,S&M,False,Montreal,roster,1.0,4,8160.709335219827,652.8567468175862,969.4922690241156,489.64256011318963,0.0,0.0,10272.70091117472
2024-12,emp-0090,Marketing Manager,S&M,S&M,False,Montreal,roster,1.0,5,8160.709335219827,652.8567468175862,969.4922690241156,489.64256011318963,0.0,0.0,10272.70091117472
2025-01,emp-0090,Marketing Manager,S&M,S&M,False,Montreal,roster,1.0,6,8446.33416195252,675.7067329562016,1003.4244984399594,506.7800497171512,0.0,0.0,10632.245443065833
2025-02,emp-0090,Marketing Manager,S&M,S&M,False,Montreal,roster,1.0,7,8446.33416195252,675.7067329562016,1003.4244984399594,506.7800497171512,0.0,0.0,10632.245443065833
2025-03,emp-0090,Marketing Manager,S&M,S&M,False,Montreal,roster,1.0,8,8446.33416195252,675.7067329562016,1003.4244984399594,506.7800497171512,0.0,0.0,10632.245443065833
2025-04,emp-0090,Marketing Manager,S&M,S&M,False,Montreal,roster,1.0,9,8446.33416195252,675.7067329562016,1003.4244984399594,506.7800497171512,0.0,0.0,10632.245443065833
2025-05,emp-0090,Marketing Manager,S&M,S&M,False,Montreal,roster,1.0,10,8446.33416195252,675.7067329562016,1003.4244984399594,506.7800497171512,0.0,0.0,10632.245443065833
2025-06,emp-0090,Marketing Manager,S&M,S&M,False,Montreal,roster,1.0,11,8446.33416195252,675.7067329562016,1003.4244984399594,506.7800497171512,0.0,0.0,10632.245443065833
2025-07,emp-0090,Marketing Manager,S&M,S&M,False,Montreal,roster,1.0,12,8446.33416195252,675.7067329562016,1003.4244984399594,506.7800497171512,0.0,0.0,10632.245443065833
2025-08,emp-0090,Marketing Manager,S&M,S&M,False,Montreal,roster,1.0,13,8446.33416195252,675.7067329562016,1003.4244984399594,506.7800497171512,0.0,0.0,10632.245443065833
2025-09,emp-0090,Marketing Manager,S&M,S&M,False,Montreal,roster,1.0,14,8446.33416195252,675.7067329562016,1003.4244984399594,506.7800497171512,0.0,0.0,10632.245443065833
2025-10,emp-0090,Marketing Manager,S&M,S&M,False,Montreal,roster,1.0,15,8446.33416195252,675.7067329562016,1003.4244984399594,506.7800497171512,0.0,0.0,10632.245443065833
2025-11,emp-0090,Marketing Manager,S&M,S&M,False,Montreal,roster,1.0,16,8446.33416195252,675.7067329562016,1003.4244984399594,506.7800497171512,0.0,0.0,10632.245443065833
2025-12,emp-0090,Marketing Manager,S&M,S&M,False,Montreal,roster,1.0,17,8446.33416195252,675.7067329562016,1003.4244984399594,506.7800497171512,0.0,0.0,10632.245443065833
2026-01,emp-0090,Marketing Manager,S&M,S&M,False,Montreal,roster,1.0,18,8741.955857620858,699.3564686096687,1038.544355885358,524.5173514572515,0.0,0.0,11004.374033573136
2026-02,emp-0090,Marketing Manager,S&M,S&M,False,Montreal,roster,1.0,19,8741.955857620858,699.3564686096687,1038.544355885358,524.5173514572515,0.0,0.0,11004.374033573136
2026-03,emp-0090,Marketing Manager,S&M,S&M,False,Montreal,roster,1.0,20,8741.955857620858,699.3564686096687,1038.544355885358,524.5173514572515,0.0,0.0,11004.374033573136
2026-04,emp-0090,Marketing Manager,S&M,S&M,False,Montreal,roster,1.0,21,8741.955857620858,699.3564686096687,1038.544355885358,524.5173514572515,0.0,0.0,11004.374033573136
2026-05,emp-0090,Marketing Manager,S&M,S&M,False,Montreal,roster,1.0,22,8741.955857620858,699.3564686096687,1038.544355885358,524.5173514572515,0.0,0.0,11004.374033573136
2026-06,emp-0090,Marketing Manager,S&M,S&M,False,Montreal,roster,1.0,23,8741.955857620858,699.3564686096687,1038.544355885358,524.5173514572515,0.0,0.0,11004.374033573136
2026-07,emp-0090,Marketing Manager,S&M,S&M,False,Montreal,roster,1.0,24,8741.955857620858,699.3564686096687,1038.544355885358,524.5173514572515,0.0,0.0,11004.374033573136
2026-08,emp-0090,Marketing Manager,S&M,S&M,False,Montreal,roster,1.0,25,8741.955857620858,699.3564686096687,1038.544355885358,524.5173514572515,0.0,0.0,11004.374033573136
2024-09,emp-0091,Finance & Operations,G&A,G&A,False,Montreal,roster,1.0,20,7996.467870666845,639.7174296533476,949.9803830352212,479.78807224001065,0.0,0.0,10065.953755595425
2024-10,emp-0091,Finance & Operations,G&A,G&A,False,Montreal,roster,1.0,21,7996.467870666845,639.7174296533476,949.9803830352212,479.78807224001065,0.0,0.0,10065.953755595425
2024-11,emp-0091,Finance & Operations,G&A,G&A,False,Montreal,roster,1.0,22,7996.467870666845,639.7174296533476,949.9803830352212,479.78807224001065,0.0,0.0,10065.953755595425
2024-12,emp-0091,Finance & Operations,G&A,G&A,False,Montreal,roster,1.0,23,7996.467870666845,639.7174296533476,949.9803830352212,479.78807224001065,0.0,0.0,10065.953755595425
2025-01,emp-0091,Finance & Operations,G&A,G&A,False,Montreal,roster,1.0,24,8276.344246140185,662.1075396912148,983.2296964414539,496.5806547684111,0.0,0.0,10418.262137041265
2025-02,emp-0091,Finance & Operations,G&A,G&A,False,Montreal,roster,1.0,25,8276.344246140185,662.1075396912148,983.2296964414539,496.5806547684111,0.0,0.0,10418.262137041265
2025-03,emp-0091,Finance & Operations,G&A,G&A,False,Montreal,roster,1.0,26,8276.344246140185,662.1075396912148,983.2296964414539,496.5806547684111,0.0,0.0,10418.262137041265
2025-04,emp-0091,Finance & Operations,G&A,G&A,False,Montreal,roster,1.0,27,8276.344246140185,662.1075396912148,983.2296964414539,496.5806547684111,0.0,0.0,10418.262137041265
2025-05,emp-0091,Finance & Operations,G&A,G&A,False,Montreal,roster,1.0,28,8276.344246140185,662.1075396912148,983.2296964414539,496.5806547684111,0.0,0.0,10418.262137041265
2025-06,emp-0091,Finance & Operations,G&A,G&A,False,Montreal,roster,1.0,29,8276.344246140185,662.1075396912148,983.2296964414539,496.5806547684111,0.0,0.0,10418.262137041265
2025-07,emp-0091,Finance & Operations,G&A,G&A,False,Montreal,roster,1.0,30,8276.344246140185,662.1075396912148,983.2296964414539,496.5806547684111,0.0,0.0,10418.262137041265
2025-08,emp-0091,Finance & Operations,G&A,G&A,False,Montreal,roster,1.0,31,8276.344246140185,662.1075396912148,983.2296964414539,496.5806547684111,0.0,0.0,10418.262137041265
2025-09,emp-0091,Finance & Operations,G&A,G&A,False,Montreal,roster,1.0,32,8276.344246140185,662.1075396912148,983.2296964414539,496.5806547684111,0.0,0.0,10418.262137041265
2025-10,emp-0091,Finance & Operations,G&A,G&A,False,Montreal,roster,1.0,33,8276.344246140185,662.1075396912148,983.2296964414539,496.5806547684111,0.0,0.0,10418.262137041265
2025-11,emp-0091,Finance & Operations,G&A,G&A,False,Montreal,roster,1.0,34,8276.344246140185,662.1075396912148,983.2296964414539,496.5806547684111,0.0,0.0,10418.262137041265
2025-12,emp-0091,Finance & Operations,G&A,G&A,False,Montreal,roster,1.0,35,8276.344246140185,662.1075396912148,983.2296964414539,496.5806547684111,0.0,0.0,10418.262137041265
2026-01,emp-0091,Finance & Operations,G&A,G&A,False,Montreal,roster,1.0,36,8566.01629475509,685.2813035804073,1017.6427358169047,513.9609776853055,0.0,0.0,10782.901311837706
2026-02,emp-0091,Finance & Operations,G&A,G&A,False,Montreal,roster,1.0,37,8566.01629475509,685.2813035804073,1017.6427358169047,513.9609776853055,0.0,0.0,10782.901311837706
2026-03,emp-0091,Finance & Operations,G&A,G&A,False,Montreal,roster,1.0,38,8566.01629475509,685.2813035804073,1017.6427358169047,513.9609776853055,0.0,0.0,10782.901311837706
2026-04,emp-0091,Finance & Operations,G&A,G&A,False,Montreal,roster,1.0,39,8566.01629475509,685.2813035804073,1017.6427358169047,513.9609776853055,0.0,0.0,10782.901311837706
2026-05,emp-0091,Finance & Operations,G&A,G&A,False,Montreal,roster,1.0,40,8566.01629475509,685.2813035804073,1017.6427358169047,513.9609776853055,0.0,0.0,10782.901311837706
2026-06,emp-0091,Finance & Operations,G&A,G&A,False,Montreal,roster,1.0,41,8566.01629475509,685.2813035804073,1017.6427358169047,513.9609776853055,0.0,0.0,10782.901311837706
2026-07,emp-0091,Finance & Operations,G&A,G&A,False,Montreal,roster,1.0,42,8566.01629475509,685.2813035804073,1017.6427358169047,513.9609776853055,0.0,0.0,10782.901311837706
2026-08,emp-0091,Finance & Operations,G&A,G&A,False,Montreal,roster,1.0,43,8566.01629475509,685.2813035804073,1017.6427358169047,513.9609776853055,0.0,0.0,10782.901311837706
2024-09,emp-0092,Finance & Operations,G&A,G&A,False,Montreal,roster,1.0,12,8174.8606107043925,653.9888488563514,971.1734405516819,490.49163664226353,0.0,0.0,10290.51453675469
2024-10,emp-0092,Finance & Operations,G&A,G&A,False,Montreal,roster,1.0,13,8174.8606107043925,653.9888488563514,971.1734405516819,490.49163664226353,0.0,0.0,10290.51453675469
2024-11,emp-0092,Finance & Operations,G&A,G&A,False,Montreal,roster,1.0,14,8174.8606107043925,653.9888488563514,971.1734405516819,490.49163664226353,0.0,0.0,10290.51453675469
2024-12,emp-0092,Finance & Operations,G&A,G&A,False,Montreal,roster,1.0,15,8174.8606107043925,653.9888488563514,971.1734405516819,490.49163664226353,0.0,0.0,10290.51453675469
2025-01,emp-0092,Finance & Operations,G&A,G&A,False,Montreal,roster,1.0,16,8460.980732079044,676.8784585663235,1005.1645109709905,507.65884392474265,0.0,0.0,10650.6825455411
2025-02,emp-0092,Finance & Operations,G&A,G&A,False,Montreal,roster,1.0,17,8460.980732079044,676.8784585663235,1005.1645109709905,507.65884392474265,0.0,0.0,10650.6825455411
2025-03,emp-0092,Finance & Operations,G&A,G&A,False,Montreal,roster,1.0,18,8460.980732079044,676.8784585663235,1005.1645109709905,507.65884392474265,0.0,0.0,10650.6825455411
2025-04,emp-0092,Finance & Operations,G&A,G&A,False,Montreal,roster,1.0,19,8460.980732079044,676.8784585663235,1005.1645109709905,507.65884392474265,0.0,0.0,10650.6825455411
2024-09,emp-0093,Finance & Operations,G&A,G&A,False,Montreal,roster,1.0,14,7646.864784165919,611.7491827332735,908.4475363589112,458.81188704995515,0.0,0.0,9625.87339030806
2024-10,emp-0093,Finance & Operations,G&A,G&A,False,Montreal,roster,1.0,15,7646.864784165919,611.7491827332735,908.4475363589112,458.81188704995515,0.0,0.0,9625.87339030806
2024-11,emp-0093,Finance & Operations,G&A,G&A,False,Montreal,roster,1.0,16,7646.864784165919,611.7491827332735,908.4475363589112,458.81188704995515,0.0,0.0,9625.87339030806
2024-12,emp-0093,Finance & Operations,G&A,G&A,False,Montreal,roster,1.0,17,7646.864784165919,611.7491827332735,908.4475363589112,458.81188704995515,0.0,0.0,9625.87339030806
2025-01,emp-0093,Finance & Operations,G&A,G&A,False,Montreal,roster,1.0,18,7914.505051611726,633.1604041289381,940.243200131473,474.87030309670354,0.0,0.0,9962.77895896884
2025-02,emp-0093,Finance & Operations,G&A,G&A,False,Montreal,roster,1.0,19,7914.505051611726,633.1604041289381,940.243200131473,474.87030309670354,0.0,0.0,9962.77895896884
2025-03,emp-0093,Finance & Operations,G&A,G&A,False,Montreal,roster,1.0,20,7914.505051611726,633.1604041289381,940.243200131473,474.87030309670354,0.0,0.0,9962.77895896884
2025-04,emp-0093,Finance & Operations,G&A,G&A,False,Montreal,roster,1.0,21,7914.505051611726,633.1604041289381,940.243200131473,474.87030309670354,0.0,0.0,9962.77895896884
2025-05,emp-0093,Finance & Operations,G&A,G&A,False,Montreal,roster,1.0,22,7914.505051611726,633.1604041289381,940.243200131473,474.87030309670354,0.0,0.0,9962.77895896884
2025-06,emp-0093,Finance & Operations,G&A,G&A,False,Montreal,roster,1.0,23,7914.505051611726,633.1604041289381,940.243200131473,474.87030309670354,0.0,0.0,9962.77895896884
2025-07,emp-0093,Finance & Operations,G&A,G&A,False,Montreal,roster,1.0,24,7914.505051611726,633.1604041289381,940.243200131473,474.87030309670354,0.0,0.0,9962.77895896884
2025-08,emp-0093,Finance & Operations,G&A,G&A,False,Montreal,roster,1.0,25,7914.505051611726,633.1604041289381,940.243200131473,474.87030309670354,0.0,0.0,9962.77895896884
2025-09,emp-0093,Finance & Operations,G&A,G&A,False,Montreal,roster,1.0,26,7914.505051611726,633.1604041289381,940.243200131473,474.87030309670354,0.0,0.0,9962.77895896884
2025-10,emp-0093,Finance & Operations,G&A,G&A,False,Montreal,roster,1.0,27,7914.505051611726,633.1604041289381,940.243200131473,474.87030309670354,0.0,0.0,9962.77895896884
2025-11,emp-0093,Finance & Operations,G&A,G&A,False,Montreal,roster,1.0,28,7914.505051611726,633.1604041289381,940.243200131473,474.87030309670354,0.0,0.0,9962.77895896884
2025-12,emp-0093,Finance & Operations,G&A,G&A,False,Montreal,roster,1.0,29,7914.505051611726,633.1604041289381,940.243200131473,474.87030309670354,0.0,0.0,9962.77895896884
2026-01,emp-0093,Finance & Operations,G&A,G&A,False,Montreal,roster,1.0,30,8191.512728418136,655.3210182734509,973.1517121360746,491.49076370508817,0.0,0.0,10311.476222532749
2026-02,emp-0093,Finance & Operations,G&A,G&A,False,Montreal,roster,1.0,31,8191.512728418136,655.3210182734509,973.1517121360746,491.49076370508817,0.0,0.0,10311.476222532749
2026-03,emp-0093,Finance & Operations,G&A,G&A,False,Montreal,roster,1.0,32,8191.512728418136,655.3210182734509,973.1517121360746,491.49076370508817,0.0,0.0,10311.476222532749
2026-04,emp-0093,Finance & Operations,G&A,G&A,False,Montreal,roster,1.0,33,8191.512728418136,655.3210182734509,973.1517121360746,491.49076370508817,0.0,0.0,10311.476222532749
2026-05,emp-0093,Finance & Operations,G&A,G&A,False,Montreal,roster,1.0,34,8191.512728418136,655.3210182734509,973.1517121360746,491.49076370508817,0.0,0.0,10311.476222532749
2026-06,emp-0093,Finance & Operations,G&A,G&A,False,Montreal,roster,1.0,35,8191.512728418136,655.3210182734509,973.1517121360746,491.49076370508817,0.0,0.0,10311.476222532749
2026-07,emp-0093,Finance & Operations,G&A,G&A,False,Montreal,roster,1.0,36,8191.512728418136,655.3210182734509,973.1517121360746,491.49076370508817,0.0,0.0,10311.476222532749
2026-08,emp-0093,Finance & Operations,G&A,G&A,False,Montreal,roster,1.0,37,8191.512728418136,655.3210182734509,973.1517121360746,491.49076370508817,0.0,0.0,10311.476222532749
2024-09,emp-0094,Finance & Operations,G&A,G&A,False,Montreal,roster,1.0,64,9732.213948884377,778.5771159107502,1156.1870171274638,583.9328369330626,0.0,0.0,12250.910918855654
2024-10,emp-0094,Finance & Operations,G&A,G&A,False,Montreal,roster,1.0,65,9732.213948884377,778.5771159107502,1156.1870171274638,583.9328369330626,0.0,0.0,12250.910918855654
2024-11,emp-0094,Finance & Operations,G&A,G&A,False,Montreal,roster,1.0,66,9732.213948884377,778.5771159107502,1156.1870171274638,583.9328369330626,0.0,0.0,12250.910918855654
2024-12,emp-0094,Finance & Operations,G&A,G&A,False,Montreal,roster,1.0,67,9732.213948884377,778.5771159107502,1156.1870171274638,583.9328369330626,0.0,0.0,12250.910918855654
2025-01,emp-0094,Finance & Operations,G&A,G&A,False,Montreal,roster,1.0,68,10072.841437095327,805.8273149676262,1196.6535627269247,604.3704862257196,0.0,0.0,12679.692801015597
2025-02,emp-0094,Finance & Operations,G&A,G&A,False,Montreal,roster,1.0,69,10072.841437095327,805.8273149676262,1196.6535627269247,604.3704862257196,0.0,0.0,12679.692801015597
2025-03,emp-0094,Finance & Operations,G&A,G&A,False,Montreal,roster,1.0,70,10072.841437095327,805.8273149676262,1196.6535627269247,604.3704862257196,0.0,0.0,12679.692801015597
2025-04,emp-0094,Finance & Operations,G&A,G&A,False,Montreal,roster,1.0,71,10072.841437095327,805.8273149676262,1196.6535627269247,604.3704862257196,0.0,0.0,12679.692801015597
2025-05,emp-0094,Finance & Operations,G&A,G&A,False,Montreal,roster,1.0,72,10072.841437095327,805.8273149676262,1196.6535627269247,604.3704862257196,0.0,0.0,12679.692801015597
2025-06,emp-0094,Finance & Operations,G&A,G&A,False,Montreal,roster,1.0,73,10072.841437095327,805.8273149676262,1196.6535627269247,604.3704862257196,0.0,0.0,12679.692801015597
2025-07,emp-0094,Finance & Operations,G&A,G&A,False,Montreal,roster,1.0,74,10072.841437095327,805.8273149676262,1196.6535627269247,604.3704862257196,0.0,0.0,12679.692801015597
2025-08,emp-0094,Finance & Operations,G&A,G&A,False,Montreal,roster,1.0,75,10072.841437095327,805.8273149676262,1196.6535627269247,604.3704862257196,0.0,0.0,12679.692801015597
2025-09,emp-0094,Finance & Operations,G&A,G&A,False,Montreal,roster,1.0,76,10072.841437095327,805.8273149676262,1196.6535627269247,604.3704862257196,0.0,0.0,12679.692801015597
2025-10,emp-0094,Finance & Operations,G&A,G&A,False,Montreal,roster,1.0,77,10072.841437095327,805.8273149676262,1196.6535627269247,604.3704862257196,0.0,0.0,12679.692801015597
2025-11,emp-0094,Finance & Operations,G&A,G&A,False,Montreal,roster,1.0,78,10072.841437095327,805.8273149676262,1196.6535627269247,604.3704862257196,0.0,0.0,12679.692801015597
2025-12,emp-0094,Finance & Operations,G&A,G&A,False,Montreal,roster,1.0,79,10072.841437095327,805.8273149676262,1196.6535627269247,604.3704862257196,0.0,0.0,12679.692801015597
2026-01,emp-0094,Finance & Operations,G&A,G&A,False,Montreal,roster,1.0,80,10425.390887393663,834.0312709914931,1238.536437422367,625.5234532436198,0.0,0.0,13123.482049051141
2026-02,emp-0094,Finance & Operations,G&A,G&A,False,Montreal,roster,1.0,81,10425.390887393663,834.0312709914931,1238.536437422367,625.5234532436198,0.0,0.0,13123.482049051141
2026-03,emp-0094,Finance & Operations,G&A,G&A,False,Montreal,roster,1.0,82,10425.390887393663,834.0312709914931,1238.536437422367,625.5234532436198,0.0,0.0,13123.482049051141
2026-04,emp-0094,Finance & Operations,G&A,G&A,False,Montreal,roster,1.0,83,10425.390887393663,834.0312709914931,1238.536437422367,625.5234532436198,0.0,0.0,13123.482049051141
2026-05,emp-0094,Finance & Operations,G&A,G&A,False,Montreal,roster,1.0,84,10425.390887393663,834.0312709914931,1238.536437422367,625.5234532436198,0.0,0.0,13123.482049051141
2026-06,emp-0094,Finance & Operations,G&A,G&A,False,Montreal,roster,1.0,85,10425.390887393663,834.0312709914931,1238.536437422367,625.5234532436198,0.0,0.0,13123.482049051141
2026-07,emp-0094,Finance & Operations,G&A,G&A,False,Montreal,roster,1.0,86,10425.390887393663,834.0312709914931,1238.536437422367,625.5234532436198,0.0,0.0,13123.482049051141
2026-08,emp-0094,Finance & Operations,G&A,G&A,False,Montreal,roster,1.0,87,10425.390887393663,834.0312709914931,1238.536437422367,625.5234532436198,0.0,0.0,13123.482049051141
2024-09,emp-0095,Finance & Operations,G&A,G&A,False,Montreal,roster,1.0,16,7486.689431266371,598.9351545013096,889.4187044344449,449.2013658759822,0.0,0.0,9424.244656078108
2024-10,emp-0095,Finance & Operations,G&A,G&A,False,Montreal,roster,1.0,17,7486.689431266371,598.9351545013096,889.4187044344449,449.2013658759822,0.0,0.0,9424.244656078108
2024-11,emp-0095,Finance & Operations,G&A,G&A,False,Montreal,roster,1.0,18,7486.689431266371,598.9351545013096,889.4187044344449,449.2013658759822,0.0,0.0,9424.244656078108
2024-12,emp-0095,Finance & Operations,G&A,G&A,False,Montreal,roster,1.0,19,7486.689431266371,598.9351545013096,889.4187044344449,449.2013658759822,0.0,0.0,9424.244656078108
2025-01,emp-0095,Finance & Operations,G&A,G&A,False,Montreal,roster,1.0,20,7748.723561360693,619.8978849088554,920.5483590896503,464.92341368164153,0.0,0.0,9754.09321904084
2025-02,emp-0095,Finance & Operations,G&A,G&A,False,Montreal,roster,1.0,21,7748.723561360693,619.8978849088554,920.5483590896503,464.92341368164153,0.0,0.0,9754.09321904084
2025-03,emp-0095,Finance & Operations,G&A,G&A,False,Montreal,roster,1.0,22,7748.723561360693,619.8978849088554,920.5483590896503,464.92341368164153,0.0,0.0,9754.09321904084
2025-04,emp-0095,Finance & Operations,G&A,G&A,False,Montreal,roster,1.0,23,7748.723561360693,619.8978849088554,920.5483590896503,464.92341368164153,0.0,0.0,9754.09321904084
2025-05,emp-0095,Finance & Operations,G&A,G&A,False,Montreal,roster,1.0,24,7748.723561360693,619.8978849088554,920.5483590896503,464.92341368164153,0.0,0.0,9754.09321904084
2025-06,emp-0095,Finance & Operations,G&A,G&A,False,Montreal,roster,1.0,25,7748.723561360693,619.8978849088554,920.5483590896503,464.92341368164153,0.0,0.0,9754.09321904084
2025-07,emp-0095,Finance & Operations,G&A,G&A,False,Montreal,roster,1.0,26,7748.723561360693,619.8978849088554,920.5483590896503,464.92341368164153,0.0,0.0,9754.09321904084
2025-08,emp-0095,Finance & Operations,G&A,G&A,False,Montreal,roster,1.0,27,7748.723561360693,619.8978849088554,920.5483590896503,464.92341368164153,0.0,0.0,9754.09321904084
2025-09,emp-0095,Finance & Operations,G&A,G&A,False,Montreal,roster,1.0,28,7748.723561360693,619.8978849088554,920.5483590896503,464.92341368164153,0.0,0.0,9754.09321904084
2025-10,emp-0095,Finance & Operations,G&A,G&A,False,Montreal,roster,1.0,29,7748.723561360693,619.8978849088554,920.5483590896503,464.92341368164153,0.0,0.0,9754.09321904084
2025-11,emp-0095,Finance & Operations,G&A,G&A,False,Montreal,roster,1.0,30,7748.723561360693,619.8978849088554,920.5483590896503,464.92341368164153,0.0,0.0,9754.09321904084
2025-12,emp-0095,Finance & Operations,G&A,G&A,False,Montreal,roster,1.0,31,7748.723561360693,619.8978849088554,920.5483590896503,464.92341368164153,0.0,0.0,9754.09321904084
2026-01,emp-0095,Finance & Operations,G&A,G&A,False,Montreal,roster,1.0,32,8019.928886008317,641.5943108806654,952.767551657788,481.195733160499,0.0,0.0,10095.486481707268
2026-02,emp-0095,Finance & Operations,G&A,G&A,False,Montreal,roster,1.0,33,8019.928886008317,641.5943108806654,952.767551657788,481.195733160499,0.0,0.0,10095.486481707268
2026-03,emp-0095,Finance & Operations,G&A,G&A,False,Montreal,roster,1.0,34,8019.928886008317,641.5943108806654,952.767551657788,481.195733160499,0.0,0.0,10095.486481707268
2026-04,emp-0095,Finance & Operations,G&A,G&A,False,Montreal,roster,1.0,35,8019.928886008317,641.5943108806654,952.767551657788,481.195733160499,0.0,0.0,10095.486481707268
2026-05,emp-0095,Finance & Operations,G&A,G&A,False,Montreal,roster,1.0,36,8019.928886008317,641.5943108806654,952.767551657788,481.195733160499,0.0,0.0,10095.486481707268
2026-06,emp-0095,Finance & Operations,G&A,G&A,False,Montreal,roster,1.0,37,8019.928886008317,641.5943108806654,952.767551657788,481.195733160499,0.0,0.0,10095.486481707268
2026-07,emp-0095,Finance & Operations,G&A,G&A,False,Montreal,roster,1.0,38,8019.928886008317,641.5943108806654,952.767551657788,481.195733160499,0.0,0.0,10095.486481707268
2026-08,emp-0095,Finance & Operations,G&A,G&A,False,Montreal,roster,1.0,39,8019.928886008317,641.5943108806654,952.767551657788,481.195733160499,0.0,0.0,10095.486481707268
2024-09,emp-0096,People & Talent,G&A,G&A,False,Montreal,roster,1.0,41,8268.94021588929,661.5152172711432,982.3500976476478,496.13641295335736,0.0,0.0,10408.94194376144
2024-10,emp-0096,People & Talent,G&A,G&A,False,Montreal,roster,1.0,42,8268.94021588929,661.5152172711432,982.3500976476478,496.13641295335736,0.0,0.0,10408.94194376144
2024-11,emp-0096,People & Talent,G&A,G&A,False,Montreal,roster,1.0,43,8268.94021588929,661.5152172711432,982.3500976476478,496.13641295335736,0.0,0.0,10408.94194376144
2024-12,emp-0096,People & Talent,G&A,G&A,False,Montreal,roster,1.0,44,8268.94021588929,661.5152172711432,982.3500976476478,496.13641295335736,0.0,0.0,10408.94194376144
2025-01,emp-0096,People & Talent,G&A,G&A,False,Montreal,roster,1.0,45,8558.353123445415,684.6682498756333,1016.7323510653152,513.5011874067249,0.0,0.0,10773.254911793087
2025-02,emp-0096,People & Talent,G&A,G&A,False,Montreal,roster,1.0,46,8558.353123445415,684.6682498756333,1016.7323510653152,513.5011874067249,0.0,0.0,10773.254911793087
2025-03,emp-0096,People & Talent,G&A,G&A,False,Montreal,roster,1.0,47,8558.353123445415,684.6682498756333,1016.7323510653152,513.5011874067249,0.0,0.0,10773.254911793087
2025-04,emp-0096,People & Talent,G&A,G&A,False,Montreal,roster,1.0,48,8558.353123445415,684.6682498756333,1016.7323510653152,513.5011874067249,0.0,0.0,10773.254911793087
2025-05,emp-0096,People & Talent,G&A,G&A,False,Montreal,roster,1.0,49,8558.353123445415,684.6682498756333,1016.7323510653152,513.5011874067249,0.0,0.0,10773.254911793087
2025-06,emp-0096,People & Talent,G&A,G&A,False,Montreal,roster,1.0,50,8558.353123445415,684.6682498756333,1016.7323510653152,513.5011874067249,0.0,0.0,10773.254911793087
2025-07,emp-0096,People & Talent,G&A,G&A,False,Montreal,roster,1.0,51,8558.353123445415,684.6682498756333,1016.7323510653152,513.5011874067249,0.0,0.0,10773.254911793087
2025-08,emp-0096,People & Talent,G&A,G&A,False,Montreal,roster,1.0,52,8558.353123445415,684.6682498756333,1016.7323510653152,513.5011874067249,0.0,0.0,10773.254911793087
2025-09,emp-0096,People & Talent,G&A,G&A,False,Montreal,roster,1.0,53,8558.353123445415,684.6682498756333,1016.7323510653152,513.5011874067249,0.0,0.0,10773.254911793087
2025-10,emp-0096,People & Talent,G&A,G&A,False,Montreal,roster,1.0,54,8558.353123445415,684.6682498756333,1016.7323510653152,513.5011874067249,0.0,0.0,10773.254911793087
2025-11,emp-0096,People & Talent,G&A,G&A,False,Montreal,roster,1.0,55,8558.353123445415,684.6682498756333,1016.7323510653152,513.5011874067249,0.0,0.0,10773.254911793087
2025-12,emp-0096,People & Talent,G&A,G&A,False,Montreal,roster,1.0,56,8558.353123445415,684.6682498756333,1016.7323510653152,513.5011874067249,0.0,0.0,10773.254911793087
2026-01,emp-0096,People & Talent,G&A,G&A,False,Montreal,roster,1.0,57,8857.895482766002,708.6316386212801,1052.317983352601,531.47372896596,0.0,0.0,11150.318833705844
2026-02,emp-0096,People & Talent,G&A,G&A,False,Montreal,roster,1.0,58,8857.895482766002,708.6316386212801,1052.317983352601,531.47372896596,0.0,0.0,11150.318833705844
2026-03,emp-0096,People & Talent,G&A,G&A,False,Montreal,roster,1.0,59,8857.895482766002,708.6316386212801,1052.317983352601,531.47372896596,0.0,0.0,11150.318833705844
2026-04,emp-0096,People & Talent,G&A,G&A,False,Montreal,roster,1.0,60,8857.895482766002,708.6316386212801,1052.317983352601,531.47372896596,0.0,0.0,11150.318833705844
2026-05,emp-0096,People & Talent,G&A,G&A,False,Montreal,roster,1.0,61,8857.895482766002,708.6316386212801,1052.317983352601,531.47372896596,0.0,0.0,11150.318833705844
2026-06,emp-0096,People & Talent,G&A,G&A,False,Montreal,roster,1.0,62,8857.895482766002,708.6316386212801,1052.317983352601,531.47372896596,0.0,0.0,11150.318833705844
2026-07,emp-0096,People & Talent,G&A,G&A,False,Montreal,roster,1.0,63,8857.895482766002,708.6316386212801,1052.317983352601,531.47372896596,0.0,0.0,11150.318833705844
2026-08,emp-0096,People & Talent,G&A,G&A,False,Montreal,roster,1.0,64,8857.895482766002,708.6316386212801,1052.317983352601,531.47372896596,0.0,0.0,11150.318833705844
2024-09,emp-0097,People & Talent,G&A,G&A,False,Montreal,roster,1.0,31,8070.2944414124895,645.6235553129992,958.7509796398039,484.2176664847494,0.0,0.0,10158.886642850044
2024-10,emp-0097,People & Talent,G&A,G&A,False,Montreal,roster,1.0,32,8070.2944414124895,645.6235553129992,958.7509796398039,484.2176664847494,0.0,0.0,10158.886642850044
2024-11,emp-0097,People & Talent,G&A,G&A,False,Montreal,roster,1.0,33,8070.2944414124895,645.6235553129992,958.7509796398039,484.2176664847494,0.0,0.0,10158.886642850044
2024-12,emp-0097,People & Talent,G&A,G&A,False,Montreal,roster,1.0,34,8070.2944414124895,645.6235553129992,958.7509796398039,484.2176664847494,0.0,0.0,10158.886642850044
2025-01,emp-0097,People & Talent,G&A,G&A,False,Montreal,roster,1.0,35,8352.754746861925,668.220379748954,992.3072639271968,501.1652848117155,0.0,0.0,10514.447675349791
2025-02,emp-0097,People & Talent,G&A,G&A,False,Montreal,roster,1.0,36,8352.754746861925,668.220379748954,992.3072639271968,501.1652848117155,0.0,0.0,10514.447675349791
2025-03,emp-0097,People & Talent,G&A,G&A,False,Montreal,roster,1.0,37,8352.754746861925,668.220379748954,992.3072639271968,501.1652848117155,0.0,0.0,10514.447675349791
2025-04,emp-0097,People & Talent,G&A,G&A,False,Montreal,roster,1.0,38,8352.754746861925,668.220379748954,992.3072639271968,501.1652848117155,0.0,0.0,10514.447675349791
2025-05,emp-0097,People & Talent,G&A,G&A,False,Montreal,roster,1.0,39,8352.754746861925,668.220379748954,992.3072639271968,501.1652848117155,0.0,0.0,10514.447675349791
2025-06,emp-0097,People & Talent,G&A,G&A,False,Montreal,roster,1.0,40,8352.754746861925,668.220379748954,992.3072639271968,501.1652848117155,0.0,0.0,10514.447675349791
2025-07,emp-0097,People & Talent,G&A,G&A,False,Montreal,roster,1.0,41,8352.754746861925,668.220379748954,992.3072639271968,501.1652848117155,0.0,0.0,10514.447675349791
2025-08,emp-0097,People & Talent,G&A,G&A,False,Montreal,roster,1.0,42,8352.754746861925,668.220379748954,992.3072639271968,501.1652848117155,0.0,0.0,10514.447675349791
2025-09,emp-0097,People & Talent,G&A,G&A,False,Montreal,roster,1.0,43,8352.754746861925,668.220379748954,992.3072639271968,501.1652848117155,0.0,0.0,10514.447675349791
2025-10,emp-0097,People & Talent,G&A,G&A,False,Montreal,roster,1.0,44,8352.754746861925,668.220379748954,992.3072639271968,501.1652848117155,0.0,0.0,10514.447675349791
2025-11,emp-0097,People & Talent,G&A,G&A,False,Montreal,roster,1.0,45,8352.754746861925,668.220379748954,992.3072639271968,501.1652848117155,0.0,0.0,10514.447675349791
2025-12,emp-0097,People & Talent,G&A,G&A,False,Montreal,roster,1.0,46,8352.754746861925,668.220379748954,992.3072639271968,501.1652848117155,0.0,0.0,10514.447675349791
2026-01,emp-0097,People & Talent,G&A,G&A,False,Montreal,roster,1.0,47,8645.101163002093,691.6080930401674,1027.0380181646487,518.7060697801255,0.0,0.0,10882.453343987036
2026-02,emp-0097,People & Talent,G&A,G&A,False,Montreal,roster,1.0,48,8645.101163002093,691.6080930401674,1027.0380181646487,518.7060697801255,0.0,0.0,10882.453343987036
2026-03,emp-0097,People & Talent,G&A,G&A,False,Montreal,roster,1.0,49,8645.101163002093,691.6080930401674,1027.0380181646487,518.7060697801255,0.0,0.0,10882.453343987036
2026-04,emp-0097,People & Talent,G&A,G&A,False,Montreal,roster,1.0,50,8645.101163002093,691.6080930401674,1027.0380181646487,518.7060697801255,0.0,0.0,10882.453343987036
2026-05,emp-0097,People & Talent,G&A,G&A,False,Montreal,roster,1.0,51,8645.101163002093,691.6080930401674,1027.0380181646487,518.7060697801255,0.0,0.0,10882.453343987036
2024-09,emp-0098,People & Talent,G&A,G&A,False,Montreal,roster,1.0,63,8841.244389406327,707.2995511525062,1050.3398334614717,530.4746633643796,0.0,0.0,11129.358437384684
2024-10,emp-0098,People & Talent,G&A,G&A,False,Montreal,roster,1.0,64,8841.244389406327,707.2995511525062,1050.3398334614717,530.4746633643796,0.0,0.0,11129.358437384684
2024-11,emp-0098,People & Talent,G&A,G&A,False,Montreal,roster,1.0,65,8841.244389406327,707.2995511525062,1050.3398334614717,530.4746633643796,0.0,0.0,11129.358437384684
2024-12,emp-0098,People & Talent,G&A,G&A,False,Montreal,roster,1.0,66,8841.244389406327,707.2995511525062,1050.3398334614717,530.4746633643796,0.0,0.0,11129.358437384684
2025-01,emp-0098,People & Talent,G&A,G&A,False,Montreal,roster,1.0,67,9150.68794303555,732.055035442844,1087.1017276326231,549.0412765821329,0.0,0.0,11518.88598269315
2025-02,emp-0098,People & Talent,G&A,G&A,False,Montreal,roster,1.0,68,9150.68794303555,732.055035442844,1087.1017276326231,549.0412765821329,0.0,0.0,11518.88598269315
2025-03,emp-0098,People & Talent,G&A,G&A,False,Montreal,roster,1.0,69,9150.68794303555,732.055035442844,1087.1017276326231,549.0412765821329,0.0,0.0,11518.88598269315
2025-04,emp-0098,People & Talent,G&A,G&A,False,Montreal,roster,1.0,70,9150.68794303555,732.055035442844,1087.1017276326231,549.0412765821329,0.0,0.0,11518.88598269315
2025-05,emp-0098,People & Talent,G&A,G&A,False,Montreal,roster,1.0,71,9150.68794303555,732.055035442844,1087.1017276326231,549.0412765821329,0.0,0.0,11518.88598269315
2025-06,emp-0098,People & Talent,G&A,G&A,False,Montreal,roster,1.0,72,9150.68794303555,732.055035442844,1087.1017276326231,549.0412765821329,0.0,0.0,11518.88598269315
2025-07,emp-0098,People & Talent,G&A,G&A,False,Montreal,roster,1.0,73,9150.68794303555,732.055035442844,1087.1017276326231,549.0412765821329,0.0,0.0,11518.88598269315
2025-08,emp-0098,People & Talent,G&A,G&A,False,Montreal,roster,1.0,74,9150.68794303555,732.055035442844,1087.1017276326231,549.0412765821329,0.0,0.0,11518.88598269315
2025-09,emp-0098,People & Talent,G&A,G&A,False,Montreal,roster,1.0,75,9150.68794303555,732.055035442844,1087.1017276326231,549.0412765821329,0.0,0.0,11518.88598269315
2025-10,emp-0098,People & Talent,G&A,G&A,False,Montreal,roster,1.0,76,9150.68794303555,732.055035442844,1087.1017276326231,549.0412765821329,0.0,0.0,11518.88598269315
2025-11,emp-0098,People & Talent,G&A,G&A,False,Montreal,roster,1.0,77,9150.68794303555,732.055035442844,1087.1017276326231,549.0412765821329,0.0,0.0,11518.88598269315
2025-12,emp-0098,People & Talent,G&A,G&A,False,Montreal,roster,1.0,78,9150.68794303555,732.055035442844,1087.1017276326231,549.0412765821329,0.0,0.0,11518.88598269315
2026-01,emp-0098,People & Talent,G&A,G&A,False,Montreal,roster,1.0,79,9470.96202104179,757.6769616833433,1125.1502880997646,568.2577212625074,0.0,0.0,11922.046992087406
2026-02,emp-0098,People & Talent,G&A,G&A,False,Montreal,roster,1.0,80,9470.96202104179,757.6769616833433,1125.1502880997646,568.2577212625074,0.0,0.0,11922.046992087406
2026-03,emp-0098,People & Talent,G&A,G&A,False,Montreal,roster,1.0,81,9470.96202104179,757.6769616833433,1125.1502880997646,568.2577212625074,0.0,0.0,11922.046992087406
2026-04,emp-0098,People & Talent,G&A,G&A,False,Montreal,roster,1.0,82,9470.96202104179,757.6769616833433,1125.1502880997646,568.2577212625074,0.0,0.0,11922.046992087406
2026-05,emp-0098,People & Talent,G&A,G&A,False,Montreal,roster,1.0,83,9470.96202104179,757.6769616833433,1125.1502880997646,568.2577212625074,0.0,0.0,11922.046992087406
2026-06,emp-0098,People & Talent,G&A,G&A,False,Montreal,roster,1.0,84,9470.96202104179,757.6769616833433,1125.1502880997646,568.2577212625074,0.0,0.0,11922.046992087406
2026-07,emp-0098,People & Talent,G&A,G&A,False,Montreal,roster,1.0,85,9470.96202104179,757.6769616833433,1125.1502880997646,568.2577212625074,0.0,0.0,11922.046992087406
2026-08,emp-0098,People & Talent,G&A,G&A,False,Montreal,roster,1.0,86,9470.96202104179,757.6769616833433,1125.1502880997646,568.2577212625074,0.0,0.0,11922.046992087406
2024-09,emp-0099,Executive,G&A,G&A,False,Montreal,roster,1.0,56,22723.176410495566,1817.8541128396453,2699.5133575668733,1363.390584629734,0.0,0.0,28603.93446553182
2024-10,emp-0099,Executive,G&A,G&A,False,Montreal,roster,1.0,57,22723.176410495566,1817.8541128396453,2699.5133575668733,1363.390584629734,0.0,0.0,28603.93446553182
2024-11,emp-0099,Executive,G&A,G&A,False,Montreal,roster,1.0,58,22723.176410495566,1817.8541128396453,2699.5133575668733,1363.390584629734,0.0,0.0,28603.93446553182
2024-12,emp-0099,Executive,G&A,G&A,False,Montreal,roster,1.0,59,22723.176410495566,1817.8541128396453,2699.5133575668733,1363.390584629734,0.0,0.0,28603.93446553182
2025-01,emp-0099,Executive,G&A,G&A,False,Montreal,roster,1.0,60,23518.487584862905,1881.4790067890324,2793.996325081713,1411.1092550917742,0.0,0.0,29605.072171825424
2025-02,emp-0099,Executive,G&A,G&A,False,Montreal,roster,1.0,61,23518.487584862905,1881.4790067890324,2793.996325081713,1411.1092550917742,0.0,0.0,29605.072171825424
2025-03,emp-0099,Executive,G&A,G&A,False,Montreal,roster,1.0,62,23518.487584862905,1881.4790067890324,2793.996325081713,1411.1092550917742,0.0,0.0,29605.072171825424
2025-04,emp-0099,Executive,G&A,G&A,False,Montreal,roster,1.0,63,23518.487584862905,1881.4790067890324,2793.996325081713,1411.1092550917742,0.0,0.0,29605.072171825424
2025-05,emp-0099,Executive,G&A,G&A,False,Montreal,roster,1.0,64,23518.487584862905,1881.4790067890324,2793.996325081713,1411.1092550917742,0.0,0.0,29605.072171825424
2025-06,emp-0099,Executive,G&A,G&A,False,Montreal,roster,1.0,65,23518.487584862905,1881.4790067890324,2793.996325081713,1411.1092550917742,0.0,0.0,29605.072171825424
2025-07,emp-0099,Executive,G&A,G&A,False,Montreal,roster,1.0,66,23518.487584862905,1881.4790067890324,2793.996325081713,1411.1092550917742,0.0,0.0,29605.072171825424
2025-08,emp-0099,Executive,G&A,G&A,False,Montreal,roster,1.0,67,23518.487584862905,1881.4790067890324,2793.996325081713,1411.1092550917742,0.0,0.0,29605.072171825424
2025-09,emp-0099,Executive,G&A,G&A,False,Montreal,roster,1.0,68,23518.487584862905,1881.4790067890324,2793.996325081713,1411.1092550917742,0.0,0.0,29605.072171825424
2025-10,emp-0099,Executive,G&A,G&A,False,Montreal,roster,1.0,69,23518.487584862905,1881.4790067890324,2793.996325081713,1411.1092550917742,0.0,0.0,29605.072171825424
2025-11,emp-0099,Executive,G&A,G&A,False,Montreal,roster,1.0,70,23518.487584862905,1881.4790067890324,2793.996325081713,1411.1092550917742,0.0,0.0,29605.072171825424
2025-12,emp-0099,Executive,G&A,G&A,False,Montreal,roster,1.0,71,23518.487584862905,1881.4790067890324,2793.996325081713,1411.1092550917742,0.0,0.0,29605.072171825424
2026-01,emp-0099,Executive,G&A,G&A,False,Montreal,roster,1.0,72,24341.634650333104,1947.3307720266484,2891.7861964595727,1460.498079019986,0.0,0.0,30641.24969783931
2026-02,emp-0099,Executive,G&A,G&A,False,Montreal,roster,1.0,73,24341.634650333104,1947.3307720266484,2891.7861964595727,1460.498079019986,0.0,0.0,30641.24969783931
2026-03,emp-0099,Executive,G&A,G&A,False,Montreal,roster,1.0,74,24341.634650333104,1947.3307720266484,2891.7861964595727,1460.498079019986,0.0,0.0,30641.24969783931
2026-04,emp-0099,Executive,G&A,G&A,False,Montreal,roster,1.0,75,24341.634650333104,1947.3307720266484,2891.7861964595727,1460.498079019986,0.0,0.0,30641.24969783931
2026-05,emp-0099,Executive,G&A,G&A,False,Montreal,roster,1.0,76,24341.634650333104,1947.3307720266484,2891.7861964595727,1460.498079019986,0.0,0.0,30641.24969783931
2026-06,emp-0099,Executive,G&A,G&A,False,Montreal,roster,1.0,77,24341.634650333104,1947.3307720266484,2891.7861964595727,1460.498079019986,0.0,0.0,30641.24969783931
2026-07,emp-0099,Executive,G&A,G&A,False,Montreal,roster,1.0,78,24341.634650333104,1947.3307720266484,2891.7861964595727,1460.498079019986,0.0,0.0,30641.24969783931
2026-08,emp-0099,Executive,G&A,G&A,False,Montreal,roster,1.0,79,24341.634650333104,1947.3307720266484,2891.7861964595727,1460.498079019986,0.0,0.0,30641.24969783931
2024-09,emp-0100,Executive,G&A,G&A,False,Montreal,roster,1.0,7,18855.35775047052,1508.4286200376416,2240.0165007558976,1131.3214650282312,0.0,0.0,23735.12433629229
2024-10,emp-0100,Executive,G&A,G&A,False,Montreal,roster,1.0,8,18855.35775047052,1508.4286200376416,2240.0165007558976,1131.3214650282312,0.0,0.0,23735.12433629229
2024-11,emp-0100,Executive,G&A,G&A,False,Montreal,roster,1.0,9,18855.35775047052,1508.4286200376416,2240.0165007558976,1131.3214650282312,0.0,0.0,23735.12433629229
2024-12,emp-0100,Executive,G&A,G&A,False,Montreal,roster,1.0,10,18855.35775047052,1508.4286200376416,2240.0165007558976,1131.3214650282312,0.0,0.0,23735.12433629229
2025-01,emp-0100,Executive,G&A,G&A,False,Montreal,roster,1.0,11,19515.295271736988,1561.223621738959,2318.417078282354,1170.9177163042193,0.0,0.0,24565.853688062518
2025-02,emp-0100,Executive,G&A,G&A,False,Montreal,roster,1.0,12,19515.295271736988,1561.223621738959,2318.417078282354,1170.9177163042193,0.0,0.0,24565.853688062518
2025-03,emp-0100,Executive,G&A,G&A,False,Montreal,roster,1.0,13,19515.295271736988,1561.223621738959,2318.417078282354,1170.9177163042193,0.0,0.0,24565.853688062518
2025-04,emp-0100,Executive,G&A,G&A,False,Montreal,roster,1.0,14,19515.295271736988,1561.223621738959,2318.417078282354,1170.9177163042193,0.0,0.0,24565.853688062518
2025-05,emp-0100,Executive,G&A,G&A,False,Montreal,roster,1.0,15,19515.295271736988,1561.223621738959,2318.417078282354,1170.9177163042193,0.0,0.0,24565.853688062518
2025-06,emp-0100,Executive,G&A,G&A,False,Montreal,roster,1.0,16,19515.295271736988,1561.223621738959,2318.417078282354,1170.9177163042193,0.0,0.0,24565.853688062518
2025-07,emp-0100,Executive,G&A,G&A,False,Montreal,roster,1.0,17,19515.295271736988,1561.223621738959,2318.417078282354,1170.9177163042193,0.0,0.0,24565.853688062518
2025-08,emp-0100,Executive,G&A,G&A,False,Montreal,roster,1.0,18,19515.295271736988,1561.223621738959,2318.417078282354,1170.9177163042193,0.0,0.0,24565.853688062518
2025-09,emp-0100,Executive,G&A,G&A,False,Montreal,roster,1.0,19,19515.295271736988,1561.223621738959,2318.417078282354,1170.9177163042193,0.0,0.0,24565.853688062518
2025-10,emp-0100,Executive,G&A,G&A,False,Montreal,roster,1.0,20,19515.295271736988,1561.223621738959,2318.417078282354,1170.9177163042193,0.0,0.0,24565.853688062518
2025-11,emp-0100,Executive,G&A,G&A,False,Montreal,roster,1.0,21,19515.295271736988,1561.223621738959,2318.417078282354,1170.9177163042193,0.0,0.0,24565.853688062518
2025-12,emp-0100,Executive,G&A,G&A,False,Montreal,roster,1.0,22,19515.295271736988,1561.223621738959,2318.417078282354,1170.9177163042193,0.0,0.0,24565.853688062518
2026-01,emp-0100,Executive,G&A,G&A,False,Montreal,roster,1.0,23,20198.330606247782,1615.8664484998226,2399.5616760222365,1211.899836374867,0.0,0.0,25425.65856714471
2026-02,emp-0100,Executive,G&A,G&A,False,Montreal,roster,1.0,24,20198.330606247782,1615.8664484998226,2399.5616760222365,1211.899836374867,0.0,0.0,25425.65856714471
2026-03,emp-0100,Executive,G&A,G&A,False,Montreal,roster,1.0,25,20198.330606247782,1615.8664484998226,2399.5616760222365,1211.899836374867,0.0,0.0,25425.65856714471
2026-04,emp-0100,Executive,G&A,G&A,False,Montreal,roster,1.0,26,20198.330606247782,1615.8664484998226,2399.5616760222365,1211.899836374867,0.0,0.0,25425.65856714471
2026-05,emp-0100,Executive,G&A,G&A,False,Montreal,roster,1.0,27,20198.330606247782,1615.8664484998226,2399.5616760222365,1211.899836374867,0.0,0.0,25425.65856714471
2026-06,emp-0100,Executive,G&A,G&A,False,Montreal,roster,1.0,28,20198.330606247782,1615.8664484998226,2399.5616760222365,1211.899836374867,0.0,0.0,25425.65856714471
2026-07,emp-0100,Executive,G&A,G&A,False,Montreal,roster,1.0,29,20198.330606247782,1615.8664484998226,2399.5616760222365,1211.899836374867,0.0,0.0,25425.65856714471
2026-08,emp-0100,Executive,G&A,G&A,False,Montreal,roster,1.0,30,20198.330606247782,1615.8664484998226,2399.5616760222365,1211.899836374867,0.0,0.0,25425.65856714471
2024-09,emp-0101,Executive,G&A,G&A,False,Montreal,roster,1.0,38,21047.86882783361,1683.8295062266886,2500.4868167466325,1262.8721296700164,0.0,0.0,26495.057280476947
2024-10,emp-0101,Executive,G&A,G&A,False,Montreal,roster,1.0,39,21047.86882783361,1683.8295062266886,2500.4868167466325,1262.8721296700164,0.0,0.0,26495.057280476947
2024-11,emp-0101,Executive,G&A,G&A,False,Montreal,roster,1.0,40,21047.86882783361,1683.8295062266886,2500.4868167466325,1262.8721296700164,0.0,0.0,26495.057280476947
2024-12,emp-0101,Executive,G&A,G&A,False,Montreal,roster,1.0,41,21047.86882783361,1683.8295062266886,2500.4868167466325,1262.8721296700164,0.0,0.0,26495.057280476947
2025-01,emp-0101,Executive,G&A,G&A,False,Montreal,roster,1.0,42,21784.544236807782,1742.7635389446225,2588.0038553327645,1307.072654208467,0.0,0.0,27422.384285293636
2025-02,emp-0101,Executive,G&A,G&A,False,Montreal,roster,1.0,43,21784.544236807782,1742.7635389446225,2588.0038553327645,1307.072654208467,0.0,0.0,27422.384285293636
2025-03,emp-0101,Executive,G&A,G&A,False,Montreal,roster,1.0,44,21784.544236807782,1742.7635389446225,2588.0038553327645,1307.072654208467,0.0,0.0,27422.384285293636
2025-04,emp-0101,Executive,G&A,G&A,False,Montreal,roster,1.0,45,21784.544236807782,1742.7635389446225,2588.0038553327645,1307.072654208467,0.0,0.0,27422.384285293636
2025-05,emp-0101,Executive,G&A,G&A,False,Montreal,roster,1.0,46,21784.544236807782,1742.7635389446225,2588.0038553327645,1307.072654208467,0.0,0.0,27422.384285293636
2025-06,emp-0101,Executive,G&A,G&A,False,Montreal,roster,1.0,47,21784.544236807782,1742.7635389446225,2588.0038553327645,1307.072654208467,0.0,0.0,27422.384285293636
2025-07,emp-0101,Executive,G&A,G&A,False,Montreal,roster,1.0,48,21784.544236807782,1742.7635389446225,2588.0038553327645,1307.072654208467,0.0,0.0,27422.384285293636
2025-08,emp-0101,Executive,G&A,G&A,False,Montreal,roster,1.0,49,21784.544236807782,1742.7635389446225,2588.0038553327645,1307.072654208467,0.0,0.0,27422.384285293636
2025-09,emp-0101,Executive,G&A,G&A,False,Montreal,roster,1.0,50,21784.544236807782,1742.7635389446225,2588.0038553327645,1307.072654208467,0.0,0.0,27422.384285293636
2025-10,emp-0101,Executive,G&A,G&A,False,Montreal,roster,1.0,51,21784.544236807782,1742.7635389446225,2588.0038553327645,1307.072654208467,0.0,0.0,27422.384285293636
2025-11,emp-0101,Executive,G&A,G&A,False,Montreal,roster,1.0,52,21784.544236807782,1742.7635389446225,2588.0038553327645,1307.072654208467,0.0,0.0,27422.384285293636
2025-12,emp-0101,Executive,G&A,G&A,False,Montreal,roster,1.0,53,21784.544236807782,1742.7635389446225,2588.0038553327645,1307.072654208467,0.0,0.0,27422.384285293636
2026-01,emp-0101,Executive,G&A,G&A,False,Montreal,roster,1.0,54,22547.003285096052,1803.7602628076843,2678.583990269411,1352.820197105763,0.0,0.0,28382.167735278912
2026-02,emp-0101,Executive,G&A,G&A,False,Montreal,roster,1.0,55,22547.003285096052,1803.7602628076843,2678.583990269411,1352.820197105763,0.0,0.0,28382.167735278912
2026-03,emp-0101,Executive,G&A,G&A,False,Montreal,roster,1.0,56,22547.003285096052,1803.7602628076843,2678.583990269411,1352.820197105763,0.0,0.0,28382.167735278912
2026-04,emp-0101,Executive,G&A,G&A,False,Montreal,roster,1.0,57,22547.003285096052,1803.7602628076843,2678.583990269411,1352.820197105763,0.0,0.0,28382.167735278912
2026-05,emp-0101,Executive,G&A,G&A,False,Montreal,roster,1.0,58,22547.003285096052,1803.7602628076843,2678.583990269411,1352.820197105763,0.0,0.0,28382.167735278912
2026-06,emp-0101,Executive,G&A,G&A,False,Montreal,roster,1.0,59,22547.003285096052,1803.7602628076843,2678.583990269411,1352.820197105763,0.0,0.0,28382.167735278912
2026-07,emp-0101,Executive,G&A,G&A,False,Montreal,roster,1.0,60,22547.003285096052,1803.7602628076843,2678.583990269411,1352.820197105763,0.0,0.0,28382.167735278912
2026-08,emp-0101,Executive,G&A,G&A,False,Montreal,roster,1.0,61,22547.003285096052,1803.7602628076843,2678.583990269411,1352.820197105763,0.0,0.0,28382.167735278912
2024-09,emp-0102,Executive,G&A,G&A,False,Montreal,roster,1.0,12,19481.326137940847,1558.5060910352677,2314.3815451873725,1168.8795682764508,0.0,0.0,24523.093342439937
2024-10,emp-0102,Executive,G&A,G&A,False,Montreal,roster,1.0,13,19481.326137940847,1558.5060910352677,2314.3815451873725,1168.8795682764508,0.0,0.0,24523.093342439937
2024-11,emp-0102,Executive,G&A,G&A,False,Montreal,roster,1.0,14,19481.326137940847,1558.5060910352677,2314.3815451873725,1168.8795682764508,0.0,0.0,24523.093342439937
2024-12,emp-0102,Executive,G&A,G&A,False,Montreal,roster,1.0,15,19481.326137940847,1558.5060910352677,2314.3815451873725,1168.8795682764508,0.0,0.0,24523.093342439937
2025-01,emp-0102,Executive,G&A,G&A,False,Montreal,roster,1.0,16,20163.172552768774,1613.0538042215019,2395.3848992689304,1209.7903531661264,0.0,0.0,25381.40160942533
2025-02,emp-0102,Executive,G&A,G&A,False,Montreal,roster,1.0,17,20163.172552768774,1613.0538042215019,2395.3848992689304,1209.7903531661264,0.0,0.0,25381.40160942533
2025-03,emp-0102,Executive,G&A,G&A,False,Montreal,roster,1.0,18,20163.172552768774,1613.0538042215019,2395.3848992689304,1209.7903531661264,0.0,0.0,25381.40160942533
2025-04,emp-0102,Executive,G&A,G&A,False,Montreal,roster,1.0,19,20163.172552768774,1613.0538042215019,2395.3848992689304,1209.7903531661264,0.0,0.0,25381.40160942533
2025-05,emp-0102,Executive,G&A,G&A,False,Montreal,roster,1.0,20,20163.172552768774,1613.0538042215019,2395.3848992689304,1209.7903531661264,0.0,0.0,25381.40160942533
2025-06,emp-0102,Executive,G&A,G&A,False,Montreal,roster,1.0,21,20163.172552768774,1613.0538042215019,2395.3848992689304,1209.7903531661264,0.0,0.0,25381.40160942533
2025-07,emp-0102,Executive,G&A,G&A,False,Montreal,roster,1.0,22,20163.172552768774,1613.0538042215019,2395.3848992689304,1209.7903531661264,0.0,0.0,25381.40160942533
2025-08,emp-0102,Executive,G&A,G&A,False,Montreal,roster,1.0,23,20163.172552768774,1613.0538042215019,2395.3848992689304,1209.7903531661264,0.0,0.0,25381.40160942533
2025-09,emp-0102,Executive,G&A,G&A,False,Montreal,roster,1.0,24,20163.172552768774,1613.0538042215019,2395.3848992689304,1209.7903531661264,0.0,0.0,25381.40160942533
2025-10,emp-0102,Executive,G&A,G&A,False,Montreal,roster,1.0,25,20163.172552768774,1613.0538042215019,2395.3848992689304,1209.7903531661264,0.0,0.0,25381.40160942533
2025-11,emp-0102,Executive,G&A,G&A,False,Montreal,roster,1.0,26,20163.172552768774,1613.0538042215019,2395.3848992689304,1209.7903531661264,0.0,0.0,25381.40160942533
2025-12,emp-0102,Executive,G&A,G&A,False,Montreal,roster,1.0,27,20163.172552768774,1613.0538042215019,2395.3848992689304,1209.7903531661264,0.0,0.0,25381.40160942533
2026-01,emp-0102,Executive,G&A,G&A,False,Montreal,roster,1.0,28,20868.88359211568,1669.5106873692544,2479.2233707433425,1252.1330155269407,0.0,0.0,26269.750665755215
2026-02,emp-0102,Executive,G&A,G&A,False,Montreal,roster,1.0,29,20868.88359211568,1669.5106873692544,2479.2233707433425,1252.1330155269407,0.0,0.0,26269.750665755215
2026-03,emp-0102,Executive,G&A,G&A,False,Montreal,roster,1.0,30,20868.88359211568,1669.5106873692544,2479.2233707433425,1252.1330155269407,0.0,0.0,26269.750665755215
2026-04,emp-0102,Executive,G&A,G&A,False,Montreal,roster,1.0,31,20868.88359211568,1669.5106873692544,2479.2233707433425,1252.1330155269407,0.0,0.0,26269.750665755215
2026-05,emp-0102,Executive,G&A,G&A,False,Montreal,roster,1.0,32,20868.88359211568,1669.5106873692544,2479.2233707433425,1252.1330155269407,0.0,0.0,26269.750665755215
2026-06,emp-0102,Executive,G&A,G&A,False,Montreal,roster,1.0,33,20868.88359211568,1669.5106873692544,2479.2233707433425,1252.1330155269407,0.0,0.0,26269.750665755215
2026-07,emp-0102,Executive,G&A,G&A,False,Montreal,roster,1.0,34,20868.88359211568,1669.5106873692544,2479.2233707433425,1252.1330155269407,0.0,0.0,26269.750665755215
2026-08,emp-0102,Executive,G&A,G&A,False,Montreal,roster,1.0,35,20868.88359211568,1669.5106873692544,2479.2233707433425,1252.1330155269407,0.0,0.0,26269.750665755215
2024-09,emp-0103,Executive,G&A,G&A,False,Austin,roster,1.0,53,26380.00309244695,2110.400247395756,2421.68428388663,3693.2004329425736,0.0,0.0,34605.28805667191
2024-10,emp-0103,Executive,G&A,G&A,False,Austin,roster,1.0,54,26380.00309244695,2110.400247395756,2421.68428388663,3693.2004329425736,0.0,0.0,34605.28805667191
2024-11,emp-0103,Executive,G&A,G&A,False,Austin,roster,1.0,55,26380.00309244695,2110.400247395756,2421.68428388663,3693.2004329425736,0.0,0.0,34605.28805667191
2024-12,emp-0103,Executive,G&A,G&A,False,Austin,roster,1.0,56,26380.00309244695,2110.400247395756,2421.68428388663,3693.2004329425736,0.0,0.0,34605.28805667191
2025-01,emp-0103,Executive,G&A,G&A,False,Austin,roster,1.0,57,27303.303200682592,2184.2642560546074,2506.443233822662,3822.462448095563,0.0,0.0,35816.47313865543
2025-02,emp-0103,Executive,G&A,G&A,False,Austin,roster,1.0,58,27303.303200682592,2184.2642560546074,2506.443233822662,3822.462448095563,0.0,0.0,35816.47313865543
2025-03,emp-0103,Executive,G&A,G&A,False,Austin,roster,1.0,59,27303.303200682592,2184.2642560546074,2506.443233822662,3822.462448095563,0.0,0.0,35816.47313865543
2025-04,emp-0103,Executive,G&A,G&A,False,Austin,roster,1.0,60,27303.303200682592,2184.2642560546074,2506.443233822662,3822.462448095563,0.0,0.0,35816.47313865543
2025-05,emp-0103,Executive,G&A,G&A,False,Austin,roster,1.0,61,27303.303200682592,2184.2642560546074,2506.443233822662,3822.462448095563,0.0,0.0,35816.47313865543
2025-06,emp-0103,Executive,G&A,G&A,False,Austin,roster,1.0,62,27303.303200682592,2184.2642560546074,2506.443233822662,3822.462448095563,0.0,0.0,35816.47313865543
2025-07,emp-0103,Executive,G&A,G&A,False,Austin,roster,1.0,63,27303.303200682592,2184.2642560546074,2506.443233822662,3822.462448095563,0.0,0.0,35816.47313865543
2025-08,emp-0103,Executive,G&A,G&A,False,Austin,roster,1.0,64,27303.303200682592,2184.2642560546074,2506.443233822662,3822.462448095563,0.0,0.0,35816.47313865543
2025-09,emp-0103,Executive,G&A,G&A,False,Austin,roster,1.0,65,27303.303200682592,2184.2642560546074,2506.443233822662,3822.462448095563,0.0,0.0,35816.47313865543
2025-10,emp-0103,Executive,G&A,G&A,False,Austin,roster,1.0,66,27303.303200682592,2184.2642560546074,2506.443233822662,3822.462448095563,0.0,0.0,35816.47313865543
2025-11,emp-0103,Executive,G&A,G&A,False,Austin,roster,1.0,67,27303.303200682592,2184.2642560546074,2506.443233822662,3822.462448095563,0.0,0.0,35816.47313865543
2025-12,emp-0103,Executive,G&A,G&A,False,Austin,roster,1.0,68,27303.303200682592,2184.2642560546074,2506.443233822662,3822.462448095563,0.0,0.0,35816.47313865543
2026-01,emp-0103,Executive,G&A,G&A,False,Austin,roster,1.0,69,28258.91881270648,2260.7135050165184,2594.1687470064553,3956.248633778908,0.0,0.0,37070.04969850837
2026-02,emp-0103,Executive,G&A,G&A,False,Austin,roster,1.0,70,28258.91881270648,2260.7135050165184,2594.1687470064553,3956.248633778908,0.0,0.0,37070.04969850837
2026-03,emp-0103,Executive,G&A,G&A,False,Austin,roster,1.0,71,28258.91881270648,2260.7135050165184,2594.1687470064553,3956.248633778908,0.0,0.0,37070.04969850837
2026-04,emp-0103,Executive,G&A,G&A,False,Austin,roster,1.0,72,28258.91881270648,2260.7135050165184,2594.1687470064553,3956.248633778908,0.0,0.0,37070.04969850837
2026-05,emp-0103,Executive,G&A,G&A,False,Austin,roster,1.0,73,28258.91881270648,2260.7135050165184,2594.1687470064553,3956.248633778908,0.0,0.0,37070.04969850837
2026-06,emp-0103,Executive,G&A,G&A,False,Austin,roster,1.0,74,28258.91881270648,2260.7135050165184,2594.1687470064553,3956.248633778908,0.0,0.0,37070.04969850837
2026-07,emp-0103,Executive,G&A,G&A,False,Austin,roster,1.0,75,28258.91881270648,2260.7135050165184,2594.1687470064553,3956.248633778908,0.0,0.0,37070.04969850837
2026-08,emp-0103,Executive,G&A,G&A,False,Austin,roster,1.0,76,28258.91881270648,2260.7135050165184,2594.1687470064553,3956.248633778908,0.0,0.0,37070.04969850837
2024-10,emp-0104,Software Engineer,R&D,R&D,False,Montreal,roster,1.0,0,7759.04205571432,620.7233644571456,921.7741962188611,465.54252334285917,13966.275700285776,3500.0,9767.082139733186
2024-11,emp-0104,Software Engineer,R&D,R&D,False,Montreal,roster,1.0,1,7759.04205571432,620.7233644571456,921.7741962188611,465.54252334285917,0.0,0.0,9767.082139733186
2024-12,emp-0104,Software Engineer,R&D,R&D,False,Montreal,roster,1.0,2,7759.04205571432,620.7233644571456,921.7741962188611,465.54252334285917,0.0,0.0,9767.082139733186
2025-01,emp-0104,Software Engineer,R&D,R&D,False,Montreal,roster,1.0,3,8030.608527664321,642.4486822131456,954.0362930865214,481.83651165985924,0.0,0.0,10108.930014623847
2025-02,emp-0104,Software Engineer,R&D,R&D,False,Montreal,roster,1.0,4,8030.608527664321,642.4486822131456,954.0362930865214,481.83651165985924,0.0,0.0,10108.930014623847
2025-03,emp-0104,Software Engineer,R&D,R&D,False,Montreal,roster,1.0,5,8030.608527664321,642.4486822131456,954.0362930865214,481.83651165985924,0.0,0.0,10108.930014623847
2025-04,emp-0104,Software Engineer,R&D,R&D,False,Montreal,roster,1.0,6,8030.608527664321,642.4486822131456,954.0362930865214,481.83651165985924,0.0,0.0,10108.930014623847
2025-05,emp-0104,Software Engineer,R&D,R&D,False,Montreal,roster,1.0,7,8030.608527664321,642.4486822131456,954.0362930865214,481.83651165985924,0.0,0.0,10108.930014623847
2025-06,emp-0104,Software Engineer,R&D,R&D,False,Montreal,roster,1.0,8,8030.608527664321,642.4486822131456,954.0362930865214,481.83651165985924,0.0,0.0,10108.930014623847
2025-07,emp-0104,Software Engineer,R&D,R&D,False,Montreal,roster,1.0,9,8030.608527664321,642.4486822131456,954.0362930865214,481.83651165985924,0.0,0.0,10108.930014623847
2025-08,emp-0104,Software Engineer,R&D,R&D,False,Montreal,roster,1.0,10,8030.608527664321,642.4486822131456,954.0362930865214,481.83651165985924,0.0,0.0,10108.930014623847
2025-09,emp-0104,Software Engineer,R&D,R&D,False,Montreal,roster,1.0,11,8030.608527664321,642.4486822131456,954.0362930865214,481.83651165985924,0.0,0.0,10108.930014623847
2025-10,emp-0104,Software Engineer,R&D,R&D,False,Montreal,roster,1.0,12,8030.608527664321,642.4486822131456,954.0362930865214,481.83651165985924,0.0,0.0,10108.930014623847
2025-11,emp-0104,Software Engineer,R&D,R&D,False,Montreal,roster,1.0,13,8030.608527664321,642.4486822131456,954.0362930865214,481.83651165985924,0.0,0.0,10108.930014623847
2025-12,emp-0104,Software Engineer,R&D,R&D,False,Montreal,roster,1.0,14,8030.608527664321,642.4486822131456,954.0362930865214,481.83651165985924,0.0,0.0,10108.930014623847
2026-01,emp-0104,Software Engineer,R&D,R&D,False,Montreal,roster,1.0,15,8311.679826132571,664.9343860906057,987.4275633445495,498.70078956795425,0.0,0.0,10462.74256513568
2026-02,emp-0104,Software Engineer,R&D,R&D,False,Montreal,roster,1.0,16,8311.679826132571,664.9343860906057,987.4275633445495,498.70078956795425,0.0,0.0,10462.74256513568
2026-03,emp-0104,Software Engineer,R&D,R&D,False,Montreal,roster,1.0,17,8311.679826132571,664.9343860906057,987.4275633445495,498.70078956795425,0.0,0.0,10462.74256513568
2026-04,emp-0104,Software Engineer,R&D,R&D,False,Montreal,roster,1.0,18,8311.679826132571,664.9343860906057,987.4275633445495,498.70078956795425,0.0,0.0,10462.74256513568
2026-05,emp-0104,Software Engineer,R&D,R&D,False,Montreal,roster,1.0,19,8311.679826132571,664.9343860906057,987.4275633445495,498.70078956795425,0.0,0.0,10462.74256513568
2026-06,emp-0104,Software Engineer,R&D,R&D,False,Montreal,roster,1.0,20,8311.679826132571,664.9343860906057,987.4275633445495,498.70078956795425,0.0,0.0,10462.74256513568
2026-07,emp-0104,Software Engineer,R&D,R&D,False,Montreal,roster,1.0,21,8311.679826132571,664.9343860906057,987.4275633445495,498.70078956795425,0.0,0.0,10462.74256513568
2026-08,emp-0104,Software Engineer,R&D,R&D,False,Montreal,roster,1.0,22,8311.679826132571,664.9343860906057,987.4275633445495,498.70078956795425,0.0,0.0,10462.74256513568
2024-11,emp-0105,Account Executive,S&M,S&M,True,Austin,roster,1.0,0,9514.965968253628,0.0,808.7721073015584,1332.095235555508,17126.938742856528,3500.0,11655.833311110693
2024-12,emp-0105,Account Executive,S&M,S&M,True,Austin,roster,1.0,1,9514.965968253628,0.0,808.7721073015584,1332.095235555508,0.0,0.0,11655.833311110693
2025-01,emp-0105,Account Executive,S&M,S&M,True,Austin,roster,1.0,2,9847.989777142504,0.0,837.0791310571129,1378.7185687999506,0.0,0.0,12063.787476999567
2025-02,emp-0105,Account Executive,S&M,S&M,True,Austin,roster,1.0,3,9847.989777142504,0.0,837.0791310571129,1378.7185687999506,0.0,0.0,12063.787476999567
2025-03,emp-0105,Account Executive,S&M,S&M,True,Austin,roster,1.0,4,9847.989777142504,0.0,837.0791310571129,1378.7185687999506,0.0,0.0,12063.787476999567
2025-04,emp-0105,Account Executive,S&M,S&M,True,Austin,roster,1.0,5,9847.989777142504,0.0,837.0791310571129,1378.7185687999506,0.0,0.0,12063.787476999567
2025-05,emp-0105,Account Executive,S&M,S&M,True,Austin,roster,1.0,6,9847.989777142504,0.0,837.0791310571129,1378.7185687999506,0.0,0.0,12063.787476999567
2025-06,emp-0105,Account Executive,S&M,S&M,True,Austin,roster,1.0,7,9847.989777142504,0.0,837.0791310571129,1378.7185687999506,0.0,0.0,12063.787476999567
2025-07,emp-0105,Account Executive,S&M,S&M,True,Austin,roster,1.0,8,9847.989777142504,0.0,837.0791310571129,1378.7185687999506,0.0,0.0,12063.787476999567
2025-08,emp-0105,Account Executive,S&M,S&M,True,Austin,roster,1.0,9,9847.989777142504,0.0,837.0791310571129,1378.7185687999506,0.0,0.0,12063.787476999567
2025-09,emp-0105,Account Executive,S&M,S&M,True,Austin,roster,1.0,10,9847.989777142504,0.0,837.0791310571129,1378.7185687999506,0.0,0.0,12063.787476999567
2025-10,emp-0105,Account Executive,S&M,S&M,True,Austin,roster,1.0,11,9847.989777142504,0.0,837.0791310571129,1378.7185687999506,0.0,0.0,12063.787476999567
2025-11,emp-0105,Account Executive,S&M,S&M,True,Austin,roster,1.0,12,9847.989777142504,0.0,837.0791310571129,1378.7185687999506,0.0,0.0,12063.787476999567
2025-12,emp-0105,Account Executive,S&M,S&M,True,Austin,roster,1.0,13,9847.989777142504,0.0,837.0791310571129,1378.7185687999506,0.0,0.0,12063.787476999567
2026-01,emp-0105,Account Executive,S&M,S&M,True,Austin,roster,1.0,14,10192.66941934249,0.0,866.3769006441117,1426.9737187079488,0.0,0.0,12486.02003869455
2026-02,emp-0105,Account Executive,S&M,S&M,True,Austin,roster,1.0,15,10192.66941934249,0.0,866.3769006441117,1426.9737187079488,0.0,0.0,12486.02003869455
2026-03,emp-0105,Account Executive,S&M,S&M,True,Austin,roster,1.0,16,10192.66941934249,0.0,866.3769006441117,1426.9737187079488,0.0,0.0,12486.02003869455
2026-04,emp-0105,Account Executive,S&M,S&M,True,Austin,roster,1.0,17,10192.66941934249,0.0,866.3769006441117,1426.9737187079488,0.0,0.0,12486.02003869455
2026-05,emp-0105,Account Executive,S&M,S&M,True,Austin,roster,1.0,18,10192.66941934249,0.0,866.3769006441117,1426.9737187079488,0.0,0.0,12486.02003869455
2026-06,emp-0105,Account Executive,S&M,S&M,True,Austin,roster,1.0,19,10192.66941934249,0.0,866.3769006441117,1426.9737187079488,0.0,0.0,12486.02003869455
2026-07,emp-0105,Account Executive,S&M,S&M,True,Austin,roster,1.0,20,10192.66941934249,0.0,866.3769006441117,1426.9737187079488,0.0,0.0,12486.02003869455
2026-08,emp-0105,Account Executive,S&M,S&M,True,Austin,roster,1.0,21,10192.66941934249,0.0,866.3769006441117,1426.9737187079488,0.0,0.0,12486.02003869455
2024-11,emp-0106,Software Engineer,R&D,R&D,False,Paris,roster,1.0,0,6862.120914788247,548.9696731830599,3112.658046947949,343.10604573941237,12351.817646618845,3500.0,10866.85468065867
2024-12,emp-0106,Software Engineer,R&D,R&D,False,Paris,roster,1.0,1,6862.120914788247,548.9696731830599,3112.658046947949,343.10604573941237,0.0,0.0,10866.85468065867
2025-01,emp-0106,Software Engineer,R&D,R&D,False,Paris,roster,1.0,2,7102.295146805835,568.1836117444668,3221.6010785911267,355.1147573402918,0.0,0.0,11247.19459448172
2025-02,emp-0106,Software Engineer,R&D,R&D,False,Paris,roster,1.0,3,7102.295146805835,568.1836117444668,3221.6010785911267,355.1147573402918,0.0,0.0,11247.19459448172
2025-03,emp-0106,Software Engineer,R&D,R&D,False,Paris,roster,1.0,4,7102.295146805835,568.1836117444668,3221.6010785911267,355.1147573402918,0.0,0.0,11247.19459448172
2025-04,emp-0106,Software Engineer,R&D,R&D,False,Paris,roster,1.0,5,7102.295146805835,568.1836117444668,3221.6010785911267,355.1147573402918,0.0,0.0,11247.19459448172
2025-05,emp-0106,Software Engineer,R&D,R&D,False,Paris,roster,1.0,6,7102.295146805835,568.1836117444668,3221.6010785911267,355.1147573402918,0.0,0.0,11247.19459448172
2025-06,emp-0106,Software Engineer,R&D,R&D,False,Paris,roster,1.0,7,7102.295146805835,568.1836117444668,3221.6010785911267,355.1147573402918,0.0,0.0,11247.19459448172
2025-07,emp-0106,Software Engineer,R&D,R&D,False,Paris,roster,1.0,8,7102.295146805835,568.1836117444668,3221.6010785911267,355.1147573402918,0.0,0.0,11247.19459448172
2025-08,emp-0106,Software Engineer,R&D,R&D,False,Paris,roster,1.0,9,7102.295146805835,568.1836117444668,3221.6010785911267,355.1147573402918,0.0,0.0,11247.19459448172
2025-09,emp-0106,Software Engineer,R&D,R&D,False,Paris,roster,1.0,10,7102.295146805835,568.1836117444668,3221.6010785911267,355.1147573402918,0.0,0.0,11247.19459448172
2025-10,emp-0106,Software Engineer,R&D,R&D,False,Paris,roster,1.0,11,7102.295146805835,568.1836117444668,3221.6010785911267,355.1147573402918,0.0,0.0,11247.19459448172
2025-11,emp-0106,Software Engineer,R&D,R&D,False,Paris,roster,1.0,12,7102.295146805835,568.1836117444668,3221.6010785911267,355.1147573402918,0.0,0.0,11247.19459448172
2025-12,emp-0106,Software Engineer,R&D,R&D,False,Paris,roster,1.0,13,7102.295146805835,568.1836117444668,3221.6010785911267,355.1147573402918,0.0,0.0,11247.19459448172
2026-01,emp-0106,Software Engineer,R&D,R&D,False,Paris,roster,1.0,14,7350.875476944039,588.0700381555232,3334.3571163418164,367.543773847202,0.0,0.0,11640.846405288583
2026-02,emp-0106,Software Engineer,R&D,R&D,False,Paris,roster,1.0,15,7350.875476944039,588.0700381555232,3334.3571163418164,367.543773847202,0.0,0.0,11640.846405288583
2026-03,emp-0106,Software Engineer,R&D,R&D,False,Paris,roster,1.0,16,7350.875476944039,588.0700381555232,3334.3571163418164,367.543773847202,0.0,0.0,11640.846405288583
2026-04,emp-0106,Software Engineer,R&D,R&D,False,Paris,roster,1.0,17,7350.875476944039,588.0700381555232,3334.3571163418164,367.543773847202,0.0,0.0,11640.846405288583
2026-05,emp-0106,Software Engineer,R&D,R&D,False,Paris,roster,1.0,18,7350.875476944039,588.0700381555232,3334.3571163418164,367.543773847202,0.0,0.0,11640.846405288583
2026-06,emp-0106,Software Engineer,R&D,R&D,False,Paris,roster,1.0,19,7350.875476944039,588.0700381555232,3334.3571163418164,367.543773847202,0.0,0.0,11640.846405288583
2026-07,emp-0106,Software Engineer,R&D,R&D,False,Paris,roster,1.0,20,7350.875476944039,588.0700381555232,3334.3571163418164,367.543773847202,0.0,0.0,11640.846405288583
2026-08,emp-0106,Software Engineer,R&D,R&D,False,Paris,roster,1.0,21,7350.875476944039,588.0700381555232,3334.3571163418164,367.543773847202,0.0,0.0,11640.846405288583
2025-01,emp-0107,Software Engineer,R&D,R&D,False,Montreal,roster,1.0,0,8157.548994709367,652.6039195767494,969.1168205714728,489.45293968256203,14683.588190476861,3500.0,10268.722674540151
2025-02,emp-0107,Software Engineer,R&D,R&D,False,Montreal,roster,1.0,1,8157.548994709367,652.6039195767494,969.1168205714728,489.45293968256203,0.0,0.0,10268.722674540151
2025-03,emp-0107,Software Engineer,R&D,R&D,False,Montreal,roster,1.0,2,8157.548994709367,652.6039195767494,969.1168205714728,489.45293968256203,0.0,0.0,10268.722674540151
2025-04,emp-0107,Software Engineer,R&D,R&D,False,Montreal,roster,1.0,3,8157.548994709367,652.6039195767494,969.1168205714728,489.45293968256203,0.0,0.0,10268.722674540151
2025-05,emp-0107,Software Engineer,R&D,R&D,False,Montreal,roster,1.0,4,8157.548994709367,652.6039195767494,969.1168205714728,489.45293968256203,0.0,0.0,10268.722674540151
2025-06,emp-0107,Software Engineer,R&D,R&D,False,Montreal,roster,1.0,5,8157.548994709367,652.6039195767494,969.1168205714728,489.45293968256203,0.0,0.0,10268.722674540151
2025-07,emp-0107,Software Engineer,R&D,R&D,False,Montreal,roster,1.0,6,8157.548994709367,652.6039195767494,969.1168205714728,489.45293968256203,0.0,0.0,10268.722674540151
2025-08,emp-0107,Software Engineer,R&D,R&D,False,Montreal,roster,1.0,7,8157.548994709367,652.6039195767494,969.1168205714728,489.45293968256203,0.0,0.0,10268.722674540151
2025-09,emp-0107,Software Engineer,R&D,R&D,False,Montreal,roster,1.0,8,8157.548994709367,652.6039195767494,969.1168205714728,489.45293968256203,0.0,0.0,10268.722674540151
2025-10,emp-0107,Software Engineer,R&D,R&D,False,Montreal,roster,1.0,9,8157.548994709367,652.6039195767494,969.1168205714728,489.45293968256203,0.0,0.0,10268.722674540151
2025-11,emp-0107,Software Engineer,R&D,R&D,False,Montreal,roster,1.0,10,8157.548994709367,652.6039195767494,969.1168205714728,489.45293968256203,0.0,0.0,10268.722674540151
2025-12,emp-0107,Software Engineer,R&D,R&D,False,Montreal,roster,1.0,11,8157.548994709367,652.6039195767494,969.1168205714728,489.45293968256203,0.0,0.0,10268.722674540151
2026-01,emp-0107,Software Engineer,R&D,R&D,False,Montreal,roster,1.0,12,8443.063209524194,675.4450567619356,1003.0359092914742,506.5837925714516,0.0,0.0,10628.127968149056
2026-02,emp-0107,Software Engineer,R&D,R&D,False,Montreal,roster,1.0,13,8443.063209524194,675.4450567619356,1003.0359092914742,506.5837925714516,0.0,0.0,10628.127968149056
2026-03,emp-0107,Software Engineer,R&D,R&D,False,Montreal,roster,1.0,14,8443.063209524194,675.4450567619356,1003.0359092914742,506.5837925714516,0.0,0.0,10628.127968149056
2026-04,emp-0107,Software Engineer,R&D,R&D,False,Montreal,roster,1.0,15,8443.063209524194,675.4450567619356,1003.0359092914742,506.5837925714516,0.0,0.0,10628.127968149056
2026-05,emp-0107,Software Engineer,R&D,R&D,False,Montreal,roster,1.0,16,8443.063209524194,675.4450567619356,1003.0359092914742,506.5837925714516,0.0,0.0,10628.127968149056
2026-06,emp-0107,Software Engineer,R&D,R&D,False,Montreal,roster,1.0,17,8443.063209524194,675.4450567619356,1003.0359092914742,506.5837925714516,0.0,0.0,10628.127968149056
2026-07,emp-0107,Software Engineer,R&D,R&D,False,Montreal,roster,1.0,18,8443.063209524194,675.4450567619356,1003.0359092914742,506.5837925714516,0.0,0.0,10628.127968149056
2026-08,emp-0107,Software Engineer,R&D,R&D,False,Montreal,roster,1.0,19,8443.063209524194,675.4450567619356,1003.0359092914742,506.5837925714516,0.0,0.0,10628.127968149056
2025-01,emp-0108,Software Engineer,R&D,R&D,False,Montreal,roster,1.0,0,8016.7604977824085,641.3408398225927,952.3911471365501,481.0056298669445,14430.168896008336,3500.0,10091.498114608496
2025-02,emp-0108,Software Engineer,R&D,R&D,False,Montreal,roster,1.0,1,8016.7604977824085,641.3408398225927,952.3911471365501,481.0056298669445,0.0,0.0,10091.498114608496
2025-03,emp-0108,Software Engineer,R&D,R&D,False,Montreal,roster,1.0,2,8016.7604977824085,641.3408398225927,952.3911471365501,481.0056298669445,0.0,0.0,10091.498114608496
2025-04,emp-0108,Software Engineer,R&D,R&D,False,Montreal,roster,1.0,3,8016.7604977824085,641.3408398225927,952.3911471365501,481.0056298669445,0.0,0.0,10091.498114608496
2025-05,emp-0108,Software Engineer,R&D,R&D,False,Montreal,roster,1.0,4,8016.7604977824085,641.3408398225927,952.3911471365501,481.0056298669445,0.0,0.0,10091.498114608496
2025-06,emp-0108,Software Engineer,R&D,R&D,False,Montreal,roster,1.0,5,8016.7604977824085,641.3408398225927,952.3911471365501,481.0056298669445,0.0,0.0,10091.498114608496
2025-07,emp-0108,Software Engineer,R&D,R&D,False,Montreal,roster,1.0,6,8016.7604977824085,641.3408398225927,952.3911471365501,481.0056298669445,0.0,0.0,10091.498114608496
2025-08,emp-0108,Software Engineer,R&D,R&D,False,Montreal,roster,1.0,7,8016.7604977824085,641.3408398225927,952.3911471365501,481.0056298669445,0.0,0.0,10091.498114608496
2025-09,emp-0108,Software Engineer,R&D,R&D,False,Montreal,roster,1.0,8,8016.7604977824085,641.3408398225927,952.3911471365501,481.0056298669445,0.0,0.0,10091.498114608496
2025-10,emp-0108,Software Engineer,R&D,R&D,False,Montreal,roster,1.0,9,8016.7604977824085,641.3408398225927,952.3911471365501,481.0056298669445,0.0,0.0,10091.498114608496
2025-11,emp-0108,Software Engineer,R&D,R&D,False,Montreal,roster,1.0,10,8016.7604977824085,641.3408398225927,952.3911471365501,481.0056298669445,0.0,0.0,10091.498114608496
2025-12,emp-0108,Software Engineer,R&D,R&D,False,Montreal,roster,1.0,11,8016.7604977824085,641.3408398225927,952.3911471365501,481.0056298669445,0.0,0.0,10091.498114608496
2026-01,emp-0108,Software Engineer,R&D,R&D,False,Montreal,roster,1.0,12,8297.347115204791,663.7877692163834,985.7248372863293,497.84082691228747,0.0,0.0,10444.700548619792
2026-02,emp-0108,Software Engineer,R&D,R&D,False,Montreal,roster,1.0,13,8297.347115204791,663.7877692163834,985.7248372863293,497.84082691228747,0.0,0.0,10444.700548619792
2026-03,emp-0108,Software Engineer,R&D,R&D,False,Montreal,roster,1.0,14,8297.347115204791,663.7877692163834,985.7248372863293,497.84082691228747,0.0,0.0,10444.700548619792
2026-04,emp-0108,Software Engineer,R&D,R&D,False,Montreal,roster,1.0,15,8297.347115204791,663.7877692163834,985.7248372863293,497.84082691228747,0.0,0.0,10444.700548619792
2026-05,emp-0108,Software Engineer,R&D,R&D,False,Montreal,roster,1.0,16,8297.347115204791,663.7877692163834,985.7248372863293,497.84082691228747,0.0,0.0,10444.700548619792
2026-06,emp-0108,Software Engineer,R&D,R&D,False,Montreal,roster,1.0,17,8297.347115204791,663.7877692163834,985.7248372863293,497.84082691228747,0.0,0.0,10444.700548619792
2026-07,emp-0108,Software Engineer,R&D,R&D,False,Montreal,roster,1.0,18,8297.347115204791,663.7877692163834,985.7248372863293,497.84082691228747,0.0,0.0,10444.700548619792
2026-08,emp-0108,Software Engineer,R&D,R&D,False,Montreal,roster,1.0,19,8297.347115204791,663.7877692163834,985.7248372863293,497.84082691228747,0.0,0.0,10444.700548619792
2025-01,emp-0109,Customer Success Manager,Customer Operations,COGS,False,Austin,roster,1.0,0,7579.033905682006,606.3227124545605,695.7553125416082,1061.064746795481,13642.26103022761,3500.0,9942.176677473655
2025-02,emp-0109,Customer Success Manager,Customer Operations,COGS,False,Austin,roster,1.0,1,7579.033905682006,606.3227124545605,695.7553125416082,1061.064746795481,0.0,0.0,9942.176677473655
2025-03,emp-0109,Customer Success Manager,Customer Operations,COGS,False,Austin,roster,1.0,2,7579.033905682006,606.3227124545605,695.7553125416082,1061.064746795481,0.0,0.0,9942.176677473655
2025-04,emp-0109,Customer Success Manager,Customer Operations,COGS,False,Austin,roster,1.0,3,7579.033905682006,606.3227124545605,695.7553125416082,1061.064746795481,0.0,0.0,9942.176677473655
2025-05,emp-0109,Customer Success Manager,Customer Operations,COGS,False,Austin,roster,1.0,4,7579.033905682006,606.3227124545605,695.7553125416082,1061.064746795481,0.0,0.0,9942.176677473655
2025-06,emp-0109,Customer Success Manager,Customer Operations,COGS,False,Austin,roster,1.0,5,7579.033905682006,606.3227124545605,695.7553125416082,1061.064746795481,0.0,0.0,9942.176677473655
2025-07,emp-0109,Customer Success Manager,Customer Operations,COGS,False,Austin,roster,1.0,6,7579.033905682006,606.3227124545605,695.7553125416082,1061.064746795481,0.0,0.0,9942.176677473655
2025-08,emp-0109,Customer Success Manager,Customer Operations,COGS,False,Austin,roster,1.0,7,7579.033905682006,606.3227124545605,695.7553125416082,1061.064746795481,0.0,0.0,9942.176677473655
2025-09,emp-0109,Customer Success Manager,Customer Operations,COGS,False,Austin,roster,1.0,8,7579.033905682006,606.3227124545605,695.7553125416082,1061.064746795481,0.0,0.0,9942.176677473655
2025-10,emp-0109,Customer Success Manager,Customer Operations,COGS,False,Austin,roster,1.0,9,7579.033905682006,606.3227124545605,695.7553125416082,1061.064746795481,0.0,0.0,9942.176677473655
2025-11,emp-0109,Customer Success Manager,Customer Operations,COGS,False,Austin,roster,1.0,10,7579.033905682006,606.3227124545605,695.7553125416082,1061.064746795481,0.0,0.0,9942.176677473655
2025-12,emp-0109,Customer Success Manager,Customer Operations,COGS,False,Austin,roster,1.0,11,7579.033905682006,606.3227124545605,695.7553125416082,1061.064746795481,0.0,0.0,9942.176677473655
2026-01,emp-0109,Customer Success Manager,Customer Operations,COGS,False,Austin,roster,1.0,12,7844.300092380876,627.54400739047,720.1067484805644,1098.2020129333227,0.0,0.0,10290.152861185234
2026-02,emp-0109,Customer Success Manager,Customer Operations,COGS,False,Austin,roster,1.0,13,7844.300092380876,627.54400739047,720.1067484805644,1098.2020129333227,0.0,0.0,10290.152861185234
2026-03,emp-0109,Customer Success Manager,Customer Operations,COGS,False,Austin,roster,1.0,14,7844.300092380876,627.54400739047,720.1067484805644,1098.2020129333227,0.0,0.0,10290.152861185234
2026-04,emp-0109,Customer Success Manager,Customer Operations,COGS,False,Austin,roster,1.0,15,7844.300092380876,627.54400739047,720.1067484805644,1098.2020129333227,0.0,0.0,10290.152861185234
2026-05,emp-0109,Customer Success Manager,Customer Operations,COGS,False,Austin,roster,1.0,16,7844.300092380876,627.54400739047,720.1067484805644,1098.2020129333227,0.0,0.0,10290.152861185234
2026-06,emp-0109,Customer Success Manager,Customer Operations,COGS,False,Austin,roster,1.0,17,7844.300092380876,627.54400739047,720.1067484805644,1098.2020129333227,0.0,0.0,10290.152861185234
2026-07,emp-0109,Customer Success Manager,Customer Operations,COGS,False,Austin,roster,1.0,18,7844.300092380876,627.54400739047,720.1067484805644,1098.2020129333227,0.0,0.0,10290.152861185234
2026-08,emp-0109,Customer Success Manager,Customer Operations,COGS,False,Austin,roster,1.0,19,7844.300092380876,627.54400739047,720.1067484805644,1098.2020129333227,0.0,0.0,10290.152861185234
2025-01,emp-0110,Sales Development Rep,S&M,S&M,True,Austin,roster,1.0,0,5562.493558291524,0.0,472.8119524547796,778.7490981608134,10012.488404924743,3500.0,6814.054608907117
2025-02,emp-0110,Sales Development Rep,S&M,S&M,True,Austin,roster,1.0,1,5562.493558291524,0.0,472.8119524547796,778.7490981608134,0.0,0.0,6814.054608907117
2025-03,emp-0110,Sales Development Rep,S&M,S&M,True,Austin,roster,1.0,2,5562.493558291524,0.0,472.8119524547796,778.7490981608134,0.0,0.0,6814.054608907117
2025-04,emp-0110,Sales Development Rep,S&M,S&M,True,Austin,roster,1.0,3,5562.493558291524,0.0,472.8119524547796,778.7490981608134,0.0,0.0,6814.054608907117
2025-05,emp-0110,Sales Development Rep,S&M,S&M,True,Austin,roster,1.0,4,5562.493558291524,0.0,472.8119524547796,778.7490981608134,0.0,0.0,6814.054608907117
2025-06,emp-0110,Sales Development Rep,S&M,S&M,True,Austin,roster,1.0,5,5562.493558291524,0.0,472.8119524547796,778.7490981608134,0.0,0.0,6814.054608907117
2025-07,emp-0110,Sales Development Rep,S&M,S&M,True,Austin,roster,1.0,6,5562.493558291524,0.0,472.8119524547796,778.7490981608134,0.0,0.0,6814.054608907117
2025-02,emp-0111,Senior Software Engineer,R&D,R&D,False,Paris,roster,1.0,0,8613.572907870714,689.0858326296571,3907.116671010155,430.6786453935357,15504.431234167285,3500.0,13640.454056904062
2025-03,emp-0111,Senior Software Engineer,R&D,R&D,False,Paris,roster,1.0,1,8613.572907870714,689.0858326296571,3907.116671010155,430.6786453935357,0.0,0.0,13640.454056904062
2025-04,emp-0111,Senior Software Engineer,R&D,R&D,False,Paris,roster,1.0,2,8613.572907870714,689.0858326296571,3907.116671010155,430.6786453935357,0.0,0.0,13640.454056904062
2025-05,emp-0111,Senior Software Engineer,R&D,R&D,False,Paris,roster,1.0,3,8613.572907870714,689.0858326296571,3907.116671010155,430.6786453935357,0.0,0.0,13640.454056904062
2025-06,emp-0111,Senior Software Engineer,R&D,R&D,False,Paris,roster,1.0,4,8613.572907870714,689.0858326296571,3907.116671010155,430.6786453935357,0.0,0.0,13640.454056904062
2025-07,emp-0111,Senior Software Engineer,R&D,R&D,False,Paris,roster,1.0,5,8613.572907870714,689.0858326296571,3907.116671010155,430.6786453935357,0.0,0.0,13640.454056904062
2025-08,emp-0111,Senior Software Engineer,R&D,R&D,False,Paris,roster,1.0,6,8613.572907870714,689.0858326296571,3907.116671010155,430.6786453935357,0.0,0.0,13640.454056904062
2025-09,emp-0111,Senior Software Engineer,R&D,R&D,False,Paris,roster,1.0,7,8613.572907870714,689.0858326296571,3907.116671010155,430.6786453935357,0.0,0.0,13640.454056904062
2025-10,emp-0111,Senior Software Engineer,R&D,R&D,False,Paris,roster,1.0,8,8613.572907870714,689.0858326296571,3907.116671010155,430.6786453935357,0.0,0.0,13640.454056904062
2025-11,emp-0111,Senior Software Engineer,R&D,R&D,False,Paris,roster,1.0,9,8613.572907870714,689.0858326296571,3907.116671010155,430.6786453935357,0.0,0.0,13640.454056904062
2025-12,emp-0111,Senior Software Engineer,R&D,R&D,False,Paris,roster,1.0,10,8613.572907870714,689.0858326296571,3907.116671010155,430.6786453935357,0.0,0.0,13640.454056904062
2026-01,emp-0111,Senior Software Engineer,R&D,R&D,False,Paris,roster,1.0,11,8915.047959646188,713.203836771695,4043.8657544955113,445.75239798230945,0.0,0.0,14117.869948895705
2026-02,emp-0111,Senior Software Engineer,R&D,R&D,False,Paris,roster,1.0,12,8915.047959646188,713.203836771695,4043.8657544955113,445.75239798230945,0.0,0.0,14117.869948895705
2026-03,emp-0111,Senior Software Engineer,R&D,R&D,False,Paris,roster,1.0,13,8915.047959646188,713.203836771695,4043.8657544955113,445.75239798230945,0.0,0.0,14117.869948895705
2026-04,emp-0111,Senior Software Engineer,R&D,R&D,False,Paris,roster,1.0,14,8915.047959646188,713.203836771695,4043.8657544955113,445.75239798230945,0.0,0.0,14117.869948895705
2026-05,emp-0111,Senior Software Engineer,R&D,R&D,False,Paris,roster,1.0,15,8915.047959646188,713.203836771695,4043.8657544955113,445.75239798230945,0.0,0.0,14117.869948895705
2026-06,emp-0111,Senior Software Engineer,R&D,R&D,False,Paris,roster,1.0,16,8915.047959646188,713.203836771695,4043.8657544955113,445.75239798230945,0.0,0.0,14117.869948895705
2026-07,emp-0111,Senior Software Engineer,R&D,R&D,False,Paris,roster,1.0,17,8915.047959646188,713.203836771695,4043.8657544955113,445.75239798230945,0.0,0.0,14117.869948895705
2026-08,emp-0111,Senior Software Engineer,R&D,R&D,False,Paris,roster,1.0,18,8915.047959646188,713.203836771695,4043.8657544955113,445.75239798230945,0.0,0.0,14117.869948895705
2025-02,emp-0112,Account Executive,S&M,S&M,True,Austin,roster,1.0,0,9513.385461867432,0.0,808.6377642587317,1331.8739646614406,17124.093831361377,3500.0,11653.897190787606
2025-03,emp-0112,Account Executive,S&M,S&M,True,Austin,roster,1.0,1,9513.385461867432,0.0,808.6377642587317,1331.8739646614406,0.0,0.0,11653.897190787606
2025-04,emp-0112,Account Executive,S&M,S&M,True,Austin,roster,1.0,2,9513.385461867432,0.0,808.6377642587317,1331.8739646614406,0.0,0.0,11653.897190787606
2025-05,emp-0112,Account Executive,S&M,S&M,True,Austin,roster,1.0,3,9513.385461867432,0.0,808.6377642587317,1331.8739646614406,0.0,0.0,11653.897190787606
2025-06,emp-0112,Account Executive,S&M,S&M,True,Austin,roster,1.0,4,9513.385461867432,0.0,808.6377642587317,1331.8739646614406,0.0,0.0,11653.897190787606
2025-07,emp-0112,Account Executive,S&M,S&M,True,Austin,roster,1.0,5,9513.385461867432,0.0,808.6377642587317,1331.8739646614406,0.0,0.0,11653.897190787606
2025-08,emp-0112,Account Executive,S&M,S&M,True,Austin,roster,1.0,6,9513.385461867432,0.0,808.6377642587317,1331.8739646614406,0.0,0.0,11653.897190787606
2025-09,emp-0112,Account Executive,S&M,S&M,True,Austin,roster,1.0,7,9513.385461867432,0.0,808.6377642587317,1331.8739646614406,0.0,0.0,11653.897190787606
2025-10,emp-0112,Account Executive,S&M,S&M,True,Austin,roster,1.0,8,9513.385461867432,0.0,808.6377642587317,1331.8739646614406,0.0,0.0,11653.897190787606
2025-11,emp-0112,Account Executive,S&M,S&M,True,Austin,roster,1.0,9,9513.385461867432,0.0,808.6377642587317,1331.8739646614406,0.0,0.0,11653.897190787606
2025-12,emp-0112,Account Executive,S&M,S&M,True,Austin,roster,1.0,10,9513.385461867432,0.0,808.6377642587317,1331.8739646614406,0.0,0.0,11653.897190787606
2026-01,emp-0112,Account Executive,S&M,S&M,True,Austin,roster,1.0,11,9846.35395303279,0.0,836.9400860077873,1378.489553424591,0.0,0.0,12061.78359246517
2026-02,emp-0112,Account Executive,S&M,S&M,True,Austin,roster,1.0,12,9846.35395303279,0.0,836.9400860077873,1378.489553424591,0.0,0.0,12061.78359246517
2026-03,emp-0112,Account Executive,S&M,S&M,True,Austin,roster,1.0,13,9846.35395303279,0.0,836.9400860077873,1378.489553424591,0.0,0.0,12061.78359246517
2026-04,emp-0112,Account Executive,S&M,S&M,True,Austin,roster,1.0,14,9846.35395303279,0.0,836.9400860077873,1378.489553424591,0.0,0.0,12061.78359246517
2026-05,emp-0112,Account Executive,S&M,S&M,True,Austin,roster,1.0,15,9846.35395303279,0.0,836.9400860077873,1378.489553424591,0.0,0.0,12061.78359246517
2026-06,emp-0112,Account Executive,S&M,S&M,True,Austin,roster,1.0,16,9846.35395303279,0.0,836.9400860077873,1378.489553424591,0.0,0.0,12061.78359246517
2026-07,emp-0112,Account Executive,S&M,S&M,True,Austin,roster,1.0,17,9846.35395303279,0.0,836.9400860077873,1378.489553424591,0.0,0.0,12061.78359246517
2026-08,emp-0112,Account Executive,S&M,S&M,True,Austin,roster,1.0,18,9846.35395303279,0.0,836.9400860077873,1378.489553424591,0.0,0.0,12061.78359246517
2025-03,emp-0113,Software Engineer,R&D,R&D,False,Paris,roster,1.0,0,6472.7897877636315,517.8231830210905,2936.057447729583,323.6394893881816,11651.021617974537,3500.0,10250.309907902487
2025-04,emp-0113,Software Engineer,R&D,R&D,False,Paris,roster,1.0,1,6472.7897877636315,517.8231830210905,2936.057447729583,323.6394893881816,0.0,0.0,10250.309907902487
2025-05,emp-0113,Software Engineer,R&D,R&D,False,Paris,roster,1.0,2,6472.7897877636315,517.8231830210905,2936.057447729583,323.6394893881816,0.0,0.0,10250.309907902487
2025-06,emp-0113,Software Engineer,R&D,R&D,False,Paris,roster,1.0,3,6472.7897877636315,517.8231830210905,2936.057447729583,323.6394893881816,0.0,0.0,10250.309907902487
2025-07,emp-0113,Software Engineer,R&D,R&D,False,Paris,roster,1.0,4,6472.7897877636315,517.8231830210905,2936.057447729583,323.6394893881816,0.0,0.0,10250.309907902487
2025-08,emp-0113,Software Engineer,R&D,R&D,False,Paris,roster,1.0,5,6472.7897877636315,517.8231830210905,2936.057447729583,323.6394893881816,0.0,0.0,10250.309907902487
2025-09,emp-0113,Software Engineer,R&D,R&D,False,Paris,roster,1.0,6,6472.7897877636315,517.8231830210905,2936.057447729583,323.6394893881816,0.0,0.0,10250.309907902487
2025-10,emp-0113,Software Engineer,R&D,R&D,False,Paris,roster,1.0,7,6472.7897877636315,517.8231830210905,2936.057447729583,323.6394893881816,0.0,0.0,10250.309907902487
2025-11,emp-0113,Software Engineer,R&D,R&D,False,Paris,roster,1.0,8,6472.7897877636315,517.8231830210905,2936.057447729583,323.6394893881816,0.0,0.0,10250.309907902487
2025-12,emp-0113,Software Engineer,R&D,R&D,False,Paris,roster,1.0,9,6472.7897877636315,517.8231830210905,2936.057447729583,323.6394893881816,0.0,0.0,10250.309907902487
2026-01,emp-0113,Software Engineer,R&D,R&D,False,Paris,roster,1.0,10,6699.3374303353585,535.9469944268287,3038.8194584001185,334.9668715167679,0.0,0.0,10609.070754679073
2026-02,emp-0113,Software Engineer,R&D,R&D,False,Paris,roster,1.0,11,6699.3374303353585,535.9469944268287,3038.8194584001185,334.9668715167679,0.0,0.0,10609.070754679073
2026-03,emp-0113,Software Engineer,R&D,R&D,False,Paris,roster,1.0,12,6699.3374303353585,535.9469944268287,3038.8194584001185,334.9668715167679,0.0,0.0,10609.070754679073
2026-04,emp-0113,Software Engineer,R&D,R&D,False,Paris,roster,1.0,13,6699.3374303353585,535.9469944268287,3038.8194584001185,334.9668715167679,0.0,0.0,10609.070754679073
2026-05,emp-0113,Software Engineer,R&D,R&D,False,Paris,roster,1.0,14,6699.3374303353585,535.9469944268287,3038.8194584001185,334.9668715167679,0.0,0.0,10609.070754679073
2026-06,emp-0113,Software Engineer,R&D,R&D,False,Paris,roster,1.0,15,6699.3374303353585,535.9469944268287,3038.8194584001185,334.9668715167679,0.0,0.0,10609.070754679073
2026-07,emp-0113,Software Engineer,R&D,R&D,False,Paris,roster,1.0,16,6699.3374303353585,535.9469944268287,3038.8194584001185,334.9668715167679,0.0,0.0,10609.070754679073
2026-08,emp-0113,Software Engineer,R&D,R&D,False,Paris,roster,1.0,17,6699.3374303353585,535.9469944268287,3038.8194584001185,334.9668715167679,0.0,0.0,10609.070754679073
2025-03,emp-0114,Software Engineer,R&D,R&D,False,Paris,roster,1.0,0,6978.023874131347,558.2419099305077,3165.231629305979,348.90119370656737,12560.442973436424,3500.0,11050.398607074401
2025-04,emp-0114,Software Engineer,R&D,R&D,False,Paris,roster,1.0,1,6978.023874131347,558.2419099305077,3165.231629305979,348.90119370656737,0.0,0.0,11050.398607074401
2025-05,emp-0114,Software Engineer,R&D,R&D,False,Paris,roster,1.0,2,6978.023874131347,558.2419099305077,3165.231629305979,348.90119370656737,0.0,0.0,11050.398607074401
2025-06,emp-0114,Software Engineer,R&D,R&D,False,Paris,roster,1.0,3,6978.023874131347,558.2419099305077,3165.231629305979,348.90119370656737,0.0,0.0,11050.398607074401
2025-07,emp-0114,Software Engineer,R&D,R&D,False,Paris,roster,1.0,4,6978.023874131347,558.2419099305077,3165.231629305979,348.90119370656737,0.0,0.0,11050.398607074401
2025-08,emp-0114,Software Engineer,R&D,R&D,False,Paris,roster,1.0,5,6978.023874131347,558.2419099305077,3165.231629305979,348.90119370656737,0.0,0.0,11050.398607074401
2025-09,emp-0114,Software Engineer,R&D,R&D,False,Paris,roster,1.0,6,6978.023874131347,558.2419099305077,3165.231629305979,348.90119370656737,0.0,0.0,11050.398607074401
2025-10,emp-0114,Software Engineer,R&D,R&D,False,Paris,roster,1.0,7,6978.023874131347,558.2419099305077,3165.231629305979,348.90119370656737,0.0,0.0,11050.398607074401
2025-11,emp-0114,Software Engineer,R&D,R&D,False,Paris,roster,1.0,8,6978.023874131347,558.2419099305077,3165.231629305979,348.90119370656737,0.0,0.0,11050.398607074401
2025-12,emp-0114,Software Engineer,R&D,R&D,False,Paris,roster,1.0,9,6978.023874131347,558.2419099305077,3165.231629305979,348.90119370656737,0.0,0.0,11050.398607074401
2026-01,emp-0114,Software Engineer,R&D,R&D,False,Paris,roster,1.0,10,7222.254709725944,577.7803767780755,3276.014736331688,361.1127354862972,0.0,0.0,11437.162558322003
2026-02,emp-0114,Software Engineer,R&D,R&D,False,Paris,roster,1.0,11,7222.254709725944,577.7803767780755,3276.014736331688,361.1127354862972,0.0,0.0,11437.162558322003
2026-03,emp-0114,Software Engineer,R&D,R&D,False,Paris,roster,1.0,12,7222.254709725944,577.7803767780755,3276.014736331688,361.1127354862972,0.0,0.0,11437.162558322003
2026-04,emp-0114,Software Engineer,R&D,R&D,False,Paris,roster,1.0,13,7222.254709725944,577.7803767780755,3276.014736331688,361.1127354862972,0.0,0.0,11437.162558322003
2026-05,emp-0114,Software Engineer,R&D,R&D,False,Paris,roster,1.0,14,7222.254709725944,577.7803767780755,3276.014736331688,361.1127354862972,0.0,0.0,11437.162558322003
2026-06,emp-0114,Software Engineer,R&D,R&D,False,Paris,roster,1.0,15,7222.254709725944,577.7803767780755,3276.014736331688,361.1127354862972,0.0,0.0,11437.162558322003
2026-07,emp-0114,Software Engineer,R&D,R&D,False,Paris,roster,1.0,16,7222.254709725944,577.7803767780755,3276.014736331688,361.1127354862972,0.0,0.0,11437.162558322003
2026-08,emp-0114,Software Engineer,R&D,R&D,False,Paris,roster,1.0,17,7222.254709725944,577.7803767780755,3276.014736331688,361.1127354862972,0.0,0.0,11437.162558322003
2025-03,emp-0115,Product Manager,R&D,R&D,False,Montreal,roster,1.0,0,10226.142964054423,818.0914371243539,1214.8657841296656,613.5685778432653,18407.05733529796,3500.0,12872.668763151709
2025-04,emp-0115,Product Manager,R&D,R&D,False,Montreal,roster,1.0,1,10226.142964054423,818.0914371243539,1214.8657841296656,613.5685778432653,0.0,0.0,12872.668763151709
2025-05,emp-0115,Product Manager,R&D,R&D,False,Montreal,roster,1.0,2,10226.142964054423,818.0914371243539,1214.8657841296656,613.5685778432653,0.0,0.0,12872.668763151709
2025-06,emp-0115,Product Manager,R&D,R&D,False,Montreal,roster,1.0,3,10226.142964054423,818.0914371243539,1214.8657841296656,613.5685778432653,0.0,0.0,12872.668763151709
2025-07,emp-0115,Product Manager,R&D,R&D,False,Montreal,roster,1.0,4,10226.142964054423,818.0914371243539,1214.8657841296656,613.5685778432653,0.0,0.0,12872.668763151709
2025-08,emp-0115,Product Manager,R&D,R&D,False,Montreal,roster,1.0,5,10226.142964054423,818.0914371243539,1214.8657841296656,613.5685778432653,0.0,0.0,12872.668763151709
2025-09,emp-0115,Product Manager,R&D,R&D,False,Montreal,roster,1.0,6,10226.142964054423,818.0914371243539,1214.8657841296656,613.5685778432653,0.0,0.0,12872.668763151709
2025-10,emp-0115,Product Manager,R&D,R&D,False,Montreal,roster,1.0,7,10226.142964054423,818.0914371243539,1214.8657841296656,613.5685778432653,0.0,0.0,12872.668763151709
2025-11,emp-0115,Product Manager,R&D,R&D,False,Montreal,roster,1.0,8,10226.142964054423,818.0914371243539,1214.8657841296656,613.5685778432653,0.0,0.0,12872.668763151709
2025-12,emp-0115,Product Manager,R&D,R&D,False,Montreal,roster,1.0,9,10226.142964054423,818.0914371243539,1214.8657841296656,613.5685778432653,0.0,0.0,12872.668763151709
2026-01,emp-0115,Product Manager,R&D,R&D,False,Montreal,roster,1.0,10,10584.057967796327,846.7246374237062,1257.3860865742035,635.0434780677796,0.0,0.0,13323.212169862014
2026-02,emp-0115,Product Manager,R&D,R&D,False,Montreal,roster,1.0,11,10584.057967796327,846.7246374237062,1257.3860865742035,635.0434780677796,0.0,0.0,13323.212169862014
2026-03,emp-0115,Product Manager,R&D,R&D,False,Montreal,roster,1.0,12,10584.057967796327,846.7246374237062,1257.3860865742035,635.0434780677796,0.0,0.0,13323.212169862014
2026-04,emp-0115,Product Manager,R&D,R&D,False,Montreal,roster,1.0,13,10584.057967796327,846.7246374237062,1257.3860865742035,635.0434780677796,0.0,0.0,13323.212169862014
2026-05,emp-0115,Product Manager,R&D,R&D,False,Montreal,roster,1.0,14,10584.057967796327,846.7246374237062,1257.3860865742035,635.0434780677796,0.0,0.0,13323.212169862014
2026-06,emp-0115,Product Manager,R&D,R&D,False,Montreal,roster,1.0,15,10584.057967796327,846.7246374237062,1257.3860865742035,635.0434780677796,0.0,0.0,13323.212169862014
2026-07,emp-0115,Product Manager,R&D,R&D,False,Montreal,roster,1.0,16,10584.057967796327,846.7246374237062,1257.3860865742035,635.0434780677796,0.0,0.0,13323.212169862014
2026-08,emp-0115,Product Manager,R&D,R&D,False,Montreal,roster,1.0,17,10584.057967796327,846.7246374237062,1257.3860865742035,635.0434780677796,0.0,0.0,13323.212169862014
2025-04,emp-0116,Account Executive,S&M,S&M,True,Austin,roster,1.0,0,9223.690602736333,0.0,784.0137012325883,1291.3166843830868,16602.6430849254,3500.0,11299.020988352007
2025-05,emp-0116,Account Executive,S&M,S&M,True,Austin,roster,1.0,1,9223.690602736333,0.0,784.0137012325883,1291.3166843830868,0.0,0.0,11299.020988352007
2025-06,emp-0116,Account Executive,S&M,S&M,True,Austin,roster,1.0,2,9223.690602736333,0.0,784.0137012325883,1291.3166843830868,0.0,0.0,11299.020988352007
2025-07,emp-0116,Account Executive,S&M,S&M,True,Austin,roster,1.0,3,9223.690602736333,0.0,784.0137012325883,1291.3166843830868,0.0,0.0,11299.020988352007
2025-08,emp-0116,Account Executive,S&M,S&M,True,Austin,roster,1.0,4,9223.690602736333,0.0,784.0137012325883,1291.3166843830868,0.0,0.0,11299.020988352007
2025-09,emp-0116,Account Executive,S&M,S&M,True,Austin,roster,1.0,5,9223.690602736333,0.0,784.0137012325883,1291.3166843830868,0.0,0.0,11299.020988352007
2025-10,emp-0116,Account Executive,S&M,S&M,True,Austin,roster,1.0,6,9223.690602736333,0.0,784.0137012325883,1291.3166843830868,0.0,0.0,11299.020988352007
2025-11,emp-0116,Account Executive,S&M,S&M,True,Austin,roster,1.0,7,9223.690602736333,0.0,784.0137012325883,1291.3166843830868,0.0,0.0,11299.020988352007
2025-12,emp-0116,Account Executive,S&M,S&M,True,Austin,roster,1.0,8,9223.690602736333,0.0,784.0137012325883,1291.3166843830868,0.0,0.0,11299.020988352007
2026-01,emp-0116,Account Executive,S&M,S&M,True,Austin,roster,1.0,9,9546.519773832104,0.0,811.4541807757289,1336.5127683364947,0.0,0.0,11694.486722944328
2026-02,emp-0116,Account Executive,S&M,S&M,True,Austin,roster,1.0,10,9546.519773832104,0.0,811.4541807757289,1336.5127683364947,0.0,0.0,11694.486722944328
2026-03,emp-0116,Account Executive,S&M,S&M,True,Austin,roster,1.0,11,9546.519773832104,0.0,811.4541807757289,1336.5127683364947,0.0,0.0,11694.486722944328
2026-04,emp-0116,Account Executive,S&M,S&M,True,Austin,roster,1.0,12,9546.519773832104,0.0,811.4541807757289,1336.5127683364947,0.0,0.0,11694.486722944328
2026-05,emp-0116,Account Executive,S&M,S&M,True,Austin,roster,1.0,13,9546.519773832104,0.0,811.4541807757289,1336.5127683364947,0.0,0.0,11694.486722944328
2026-06,emp-0116,Account Executive,S&M,S&M,True,Austin,roster,1.0,14,9546.519773832104,0.0,811.4541807757289,1336.5127683364947,0.0,0.0,11694.486722944328
2026-07,emp-0116,Account Executive,S&M,S&M,True,Austin,roster,1.0,15,9546.519773832104,0.0,811.4541807757289,1336.5127683364947,0.0,0.0,11694.486722944328
2026-08,emp-0116,Account Executive,S&M,S&M,True,Austin,roster,1.0,16,9546.519773832104,0.0,811.4541807757289,1336.5127683364947,0.0,0.0,11694.486722944328
2025-04,emp-0117,Support Engineer,Customer Operations,COGS,False,Montreal,roster,1.0,0,5306.503249511054,424.5202599608843,630.4125860419132,318.39019497066323,9551.705849119897,3500.0,6679.826290484515
2025-05,emp-0117,Support Engineer,Customer Operations,COGS,False,Montreal,roster,1.0,1,5306.503249511054,424.5202599608843,630.4125860419132,318.39019497066323,0.0,0.0,6679.826290484515
2025-06,emp-0117,Support Engineer,Customer Operations,COGS,False,Montreal,roster,1.0,2,5306.503249511054,424.5202599608843,630.4125860419132,318.39019497066323,0.0,0.0,6679.826290484515
2025-07,emp-0117,Support Engineer,Customer Operations,COGS,False,Montreal,roster,1.0,3,5306.503249511054,424.5202599608843,630.4125860419132,318.39019497066323,0.0,0.0,6679.826290484515
2025-08,emp-0117,Support Engineer,Customer Operations,COGS,False,Montreal,roster,1.0,4,5306.503249511054,424.5202599608843,630.4125860419132,318.39019497066323,0.0,0.0,6679.826290484515
2025-09,emp-0117,Support Engineer,Customer Operations,COGS,False,Montreal,roster,1.0,5,5306.503249511054,424.5202599608843,630.4125860419132,318.39019497066323,0.0,0.0,6679.826290484515
2025-10,emp-0117,Support Engineer,Customer Operations,COGS,False,Montreal,roster,1.0,6,5306.503249511054,424.5202599608843,630.4125860419132,318.39019497066323,0.0,0.0,6679.826290484515
2025-11,emp-0117,Support Engineer,Customer Operations,COGS,False,Montreal,roster,1.0,7,5306.503249511054,424.5202599608843,630.4125860419132,318.39019497066323,0.0,0.0,6679.826290484515
2025-12,emp-0117,Support Engineer,Customer Operations,COGS,False,Montreal,roster,1.0,8,5306.503249511054,424.5202599608843,630.4125860419132,318.39019497066323,0.0,0.0,6679.826290484515
2026-01,emp-0117,Support Engineer,Customer Operations,COGS,False,Montreal,roster,1.0,9,5492.230863243941,439.3784690595153,652.4770265533803,329.53385179463646,0.0,0.0,6913.620210651474
2026-02,emp-0117,Support Engineer,Customer Operations,COGS,False,Montreal,roster,1.0,10,5492.230863243941,439.3784690595153,652.4770265533803,329.53385179463646,0.0,0.0,6913.620210651474
2026-03,emp-0117,Support Engineer,Customer Operations,COGS,False,Montreal,roster,1.0,11,5492.230863243941,439.3784690595153,652.4770265533803,329.53385179463646,0.0,0.0,6913.620210651474
2026-04,emp-0117,Support Engineer,Customer Operations,COGS,False,Montreal,roster,1.0,12,5492.230863243941,439.3784690595153,652.4770265533803,329.53385179463646,0.0,0.0,6913.620210651474
2026-05,emp-0117,Support Engineer,Customer Operations,COGS,False,Montreal,roster,1.0,13,5492.230863243941,439.3784690595153,652.4770265533803,329.53385179463646,0.0,0.0,6913.620210651474
2026-06,emp-0117,Support Engineer,Customer Operations,COGS,False,Montreal,roster,1.0,14,5492.230863243941,439.3784690595153,652.4770265533803,329.53385179463646,0.0,0.0,6913.620210651474
2026-07,emp-0117,Support Engineer,Customer Operations,COGS,False,Montreal,roster,1.0,15,5492.230863243941,439.3784690595153,652.4770265533803,329.53385179463646,0.0,0.0,6913.620210651474
2026-08,emp-0117,Support Engineer,Customer Operations,COGS,False,Montreal,roster,1.0,16,5492.230863243941,439.3784690595153,652.4770265533803,329.53385179463646,0.0,0.0,6913.620210651474
2025-05,emp-0118,Software Engineer,R&D,R&D,False,Montreal,roster,1.0,0,8204.381197447578,656.3504957958062,974.6804862567723,492.26287184685464,14767.88615540564,3500.0,10327.67505134701
2025-06,emp-0118,Software Engineer,R&D,R&D,False,Montreal,roster,1.0,1,8204.381197447578,656.3504957958062,974.6804862567723,492.26287184685464,0.0,0.0,10327.67505134701
2025-07,emp-0118,Software Engineer,R&D,R&D,False,Montreal,roster,1.0,2,8204.381197447578,656.3504957958062,974.6804862567723,492.26287184685464,0.0,0.0,10327.67505134701
2025-08,emp-0118,Software Engineer,R&D,R&D,False,Montreal,roster,1.0,3,8204.381197447578,656.3504957958062,974.6804862567723,492.26287184685464,0.0,0.0,10327.67505134701
2025-09,emp-0118,Software Engineer,R&D,R&D,False,Montreal,roster,1.0,4,8204.381197447578,656.3504957958062,974.6804862567723,492.26287184685464,0.0,0.0,10327.67505134701
2025-10,emp-0118,Software Engineer,R&D,R&D,False,Montreal,roster,1.0,5,8204.381197447578,656.3504957958062,974.6804862567723,492.26287184685464,0.0,0.0,10327.67505134701
2025-11,emp-0118,Software Engineer,R&D,R&D,False,Montreal,roster,1.0,6,8204.381197447578,656.3504957958062,974.6804862567723,492.26287184685464,0.0,0.0,10327.67505134701
2025-12,emp-0118,Software Engineer,R&D,R&D,False,Montreal,roster,1.0,7,8204.381197447578,656.3504957958062,974.6804862567723,492.26287184685464,0.0,0.0,10327.67505134701
2026-01,emp-0118,Software Engineer,R&D,R&D,False,Montreal,roster,1.0,8,8491.534539358243,679.3227631486594,1008.7943032757591,509.49207236149454,0.0,0.0,10689.143678144155
2026-02,emp-0118,Software Engineer,R&D,R&D,False,Montreal,roster,1.0,9,8491.534539358243,679.3227631486594,1008.7943032757591,509.49207236149454,0.0,0.0,10689.143678144155
2026-03,emp-0118,Software Engineer,R&D,R&D,False,Montreal,roster,1.0,10,8491.534539358243,679.3227631486594,1008.7943032757591,509.49207236149454,0.0,0.0,10689.143678144155
2025-05,emp-0119,Software Engineer,R&D,R&D,False,Montreal,roster,1.0,0,7765.566570145605,621.2453256116484,922.5493085332979,465.93399420873624,13978.019826262087,3500.0,9775.295198499287
2025-06,emp-0119,Software Engineer,R&D,R&D,False,Montreal,roster,1.0,1,7765.566570145605,621.2453256116484,922.5493085332979,465.93399420873624,0.0,0.0,9775.295198499287
2025-07,emp-0119,Software Engineer,R&D,R&D,False,Montreal,roster,1.0,2,7765.566570145605,621.2453256116484,922.5493085332979,465.93399420873624,0.0,0.0,9775.295198499287
2025-08,emp-0119,Software Engineer,R&D,R&D,False,Montreal,roster,1.0,3,7765.566570145605,621.2453256116484,922.5493085332979,465.93399420873624,0.0,0.0,9775.295198499287
2025-09,emp-0119,Software Engineer,R&D,R&D,False,Montreal,roster,1.0,4,7765.566570145605,621.2453256116484,922.5493085332979,465.93399420873624,0.0,0.0,9775.295198499287
2025-10,emp-0119,Software Engineer,R&D,R&D,False,Montreal,roster,1.0,5,7765.566570145605,621.2453256116484,922.5493085332979,465.93399420873624,0.0,0.0,9775.295198499287
2025-11,emp-0119,Software Engineer,R&D,R&D,False,Montreal,roster,1.0,6,7765.566570145605,621.2453256116484,922.5493085332979,465.93399420873624,0.0,0.0,9775.295198499287
2025-12,emp-0119,Software Engineer,R&D,R&D,False,Montreal,roster,1.0,7,7765.566570145605,621.2453256116484,922.5493085332979,465.93399420873624,0.0,0.0,9775.295198499287
2026-01,emp-0119,Software Engineer,R&D,R&D,False,Montreal,roster,1.0,8,8037.3614001007,642.988912008056,954.8385343319632,482.24168400604196,0.0,0.0,10117.43053044676
2026-02,emp-0119,Software Engineer,R&D,R&D,False,Montreal,roster,1.0,9,8037.3614001007,642.988912008056,954.8385343319632,482.24168400604196,0.0,0.0,10117.43053044676
2026-03,emp-0119,Software Engineer,R&D,R&D,False,Montreal,roster,1.0,10,8037.3614001007,642.988912008056,954.8385343319632,482.24168400604196,0.0,0.0,10117.43053044676
2026-04,emp-0119,Software Engineer,R&D,R&D,False,Montreal,roster,1.0,11,8037.3614001007,642.988912008056,954.8385343319632,482.24168400604196,0.0,0.0,10117.43053044676
2026-05,emp-0119,Software Engineer,R&D,R&D,False,Montreal,roster,1.0,12,8037.3614001007,642.988912008056,954.8385343319632,482.24168400604196,0.0,0.0,10117.43053044676
2026-06,emp-0119,Software Engineer,R&D,R&D,False,Montreal,roster,1.0,13,8037.3614001007,642.988912008056,954.8385343319632,482.24168400604196,0.0,0.0,10117.43053044676
2026-07,emp-0119,Software Engineer,R&D,R&D,False,Montreal,roster,1.0,14,8037.3614001007,642.988912008056,954.8385343319632,482.24168400604196,0.0,0.0,10117.43053044676
2026-08,emp-0119,Software Engineer,R&D,R&D,False,Montreal,roster,1.0,15,8037.3614001007,642.988912008056,954.8385343319632,482.24168400604196,0.0,0.0,10117.43053044676
2025-05,emp-0120,Data Engineer,R&D,R&D,False,Paris,roster,1.0,0,8073.601575284437,645.8881260227549,3662.1856745490204,403.6800787642219,14532.482835511986,3500.0,12785.355454620434
2025-06,emp-0120,Data Engineer,R&D,R&D,False,Paris,roster,1.0,1,8073.601575284437,645.8881260227549,3662.1856745490204,403.6800787642219,0.0,0.0,12785.355454620434
2025-07,emp-0120,Data Engineer,R&D,R&D,False,Paris,roster,1.0,2,8073.601575284437,645.8881260227549,3662.1856745490204,403.6800787642219,0.0,0.0,12785.355454620434
2025-08,emp-0120,Data Engineer,R&D,R&D,False,Paris,roster,1.0,3,8073.601575284437,645.8881260227549,3662.1856745490204,403.6800787642219,0.0,0.0,12785.355454620434
2025-09,emp-0120,Data Engineer,R&D,R&D,False,Paris,roster,1.0,4,8073.601575284437,645.8881260227549,3662.1856745490204,403.6800787642219,0.0,0.0,12785.355454620434
2025-10,emp-0120,Data Engineer,R&D,R&D,False,Paris,roster,1.0,5,8073.601575284437,645.8881260227549,3662.1856745490204,403.6800787642219,0.0,0.0,12785.355454620434
2025-11,emp-0120,Data Engineer,R&D,R&D,False,Paris,roster,1.0,6,8073.601575284437,645.8881260227549,3662.1856745490204,403.6800787642219,0.0,0.0,12785.355454620434
2025-12,emp-0120,Data Engineer,R&D,R&D,False,Paris,roster,1.0,7,8073.601575284437,645.8881260227549,3662.1856745490204,403.6800787642219,0.0,0.0,12785.355454620434
2026-01,emp-0120,Data Engineer,R&D,R&D,False,Paris,roster,1.0,8,8356.177630419392,668.4942104335513,3790.362173158236,417.80888152096963,0.0,0.0,13232.84289553215
2026-02,emp-0120,Data Engineer,R&D,R&D,False,Paris,roster,1.0,9,8356.177630419392,668.4942104335513,3790.362173158236,417.80888152096963,0.0,0.0,13232.84289553215
2026-03,emp-0120,Data Engineer,R&D,R&D,False,Paris,roster,1.0,10,8356.177630419392,668.4942104335513,3790.362173158236,417.80888152096963,0.0,0.0,13232.84289553215
2026-04,emp-0120,Data Engineer,R&D,R&D,False,Paris,roster,1.0,11,8356.177630419392,668.4942104335513,3790.362173158236,417.80888152096963,0.0,0.0,13232.84289553215
2026-05,emp-0120,Data Engineer,R&D,R&D,False,Paris,roster,1.0,12,8356.177630419392,668.4942104335513,3790.362173158236,417.80888152096963,0.0,0.0,13232.84289553215
2026-06,emp-0120,Data Engineer,R&D,R&D,False,Paris,roster,1.0,13,8356.177630419392,668.4942104335513,3790.362173158236,417.80888152096963,0.0,0.0,13232.84289553215
2026-07,emp-0120,Data Engineer,R&D,R&D,False,Paris,roster,1.0,14,8356.177630419392,668.4942104335513,3790.362173158236,417.80888152096963,0.0,0.0,13232.84289553215
2026-08,emp-0120,Data Engineer,R&D,R&D,False,Paris,roster,1.0,15,8356.177630419392,668.4942104335513,3790.362173158236,417.80888152096963,0.0,0.0,13232.84289553215
2025-06,emp-0121,Customer Success Manager,Customer Operations,COGS,False,Austin,roster,1.0,0,7434.410362553073,594.7528290042459,682.4788712823722,1040.8174507574304,13381.938652595532,3500.0,9752.459513597121
2025-07,emp-0121,Customer Success Manager,Customer Operations,COGS,False,Austin,roster,1.0,1,7434.410362553073,594.7528290042459,682.4788712823722,1040.8174507574304,0.0,0.0,9752.459513597121
2025-08,emp-0121,Customer Success Manager,Customer Operations,COGS,False,Austin,roster,1.0,2,7434.410362553073,594.7528290042459,682.4788712823722,1040.8174507574304,0.0,0.0,9752.459513597121
2025-09,emp-0121,Customer Success Manager,Customer Operations,COGS,False,Austin,roster,1.0,3,7434.410362553073,594.7528290042459,682.4788712823722,1040.8174507574304,0.0,0.0,9752.459513597121
2025-10,emp-0121,Customer Success Manager,Customer Operations,COGS,False,Austin,roster,1.0,4,7434.410362553073,594.7528290042459,682.4788712823722,1040.8174507574304,0.0,0.0,9752.459513597121
2025-11,emp-0121,Customer Success Manager,Customer Operations,COGS,False,Austin,roster,1.0,5,7434.410362553073,594.7528290042459,682.4788712823722,1040.8174507574304,0.0,0.0,9752.459513597121
2025-12,emp-0121,Customer Success Manager,Customer Operations,COGS,False,Austin,roster,1.0,6,7434.410362553073,594.7528290042459,682.4788712823722,1040.8174507574304,0.0,0.0,9752.459513597121
2026-01,emp-0121,Customer Success Manager,Customer Operations,COGS,False,Austin,roster,1.0,7,7694.614725242431,615.5691780193945,706.3656317772551,1077.2460615339403,0.0,0.0,10093.79559657302
2026-02,emp-0121,Customer Success Manager,Customer Operations,COGS,False,Austin,roster,1.0,8,7694.614725242431,615.5691780193945,706.3656317772551,1077.2460615339403,0.0,0.0,10093.79559657302
2026-03,emp-0121,Customer Success Manager,Customer Operations,COGS,False,Austin,roster,1.0,9,7694.614725242431,615.5691780193945,706.3656317772551,1077.2460615339403,0.0,0.0,10093.79559657302
2026-04,emp-0121,Customer Success Manager,Customer Operations,COGS,False,Austin,roster,1.0,10,7694.614725242431,615.5691780193945,706.3656317772551,1077.2460615339403,0.0,0.0,10093.79559657302
2026-05,emp-0121,Customer Success Manager,Customer Operations,COGS,False,Austin,roster,1.0,11,7694.614725242431,615.5691780193945,706.3656317772551,1077.2460615339403,0.0,0.0,10093.79559657302
2026-06,emp-0121,Customer Success Manager,Customer Operations,COGS,False,Austin,roster,1.0,12,7694.614725242431,615.5691780193945,706.3656317772551,1077.2460615339403,0.0,0.0,10093.79559657302
2026-07,emp-0121,Customer Success Manager,Customer Operations,COGS,False,Austin,roster,1.0,13,7694.614725242431,615.5691780193945,706.3656317772551,1077.2460615339403,0.0,0.0,10093.79559657302
2026-08,emp-0121,Customer Success Manager,Customer Operations,COGS,False,Austin,roster,1.0,14,7694.614725242431,615.5691780193945,706.3656317772551,1077.2460615339403,0.0,0.0,10093.79559657302
2025-06,emp-0122,Marketing Manager,S&M,S&M,False,Austin,roster,1.0,0,10135.344405842485,810.8275524673988,930.4246164563402,1418.948216817948,18243.619930516474,3500.0,13295.544791584172
2025-07,emp-0122,Marketing Manager,S&M,S&M,False,Austin,roster,1.0,1,10135.344405842485,810.8275524673988,930.4246164563402,1418.948216817948,0.0,0.0,13295.544791584172
2025-08,emp-0122,Marketing Manager,S&M,S&M,False,Austin,roster,1.0,2,10135.344405842485,810.8275524673988,930.4246164563402,1418.948216817948,0.0,0.0,13295.544791584172
2025-09,emp-0122,Marketing Manager,S&M,S&M,False,Austin,roster,1.0,3,10135.344405842485,810.8275524673988,930.4246164563402,1418.948216817948,0.0,0.0,13295.544791584172
2025-10,emp-0122,Marketing Manager,S&M,S&M,False,Austin,roster,1.0,4,10135.344405842485,810.8275524673988,930.4246164563402,1418.948216817948,0.0,0.0,13295.544791584172
2025-11,emp-0122,Marketing Manager,S&M,S&M,False,Austin,roster,1.0,5,10135.344405842485,810.8275524673988,930.4246164563402,1418.948216817948,0.0,0.0,13295.544791584172
2025-12,emp-0122,Marketing Manager,S&M,S&M,False,Austin,roster,1.0,6,10135.344405842485,810.8275524673988,930.4246164563402,1418.948216817948,0.0,0.0,13295.544791584172
2026-01,emp-0122,Marketing Manager,S&M,S&M,False,Austin,roster,1.0,7,10490.081460046971,839.2065168037577,962.9894780323119,1468.6114044065762,0.0,0.0,13760.888859289616
2026-02,emp-0122,Marketing Manager,S&M,S&M,False,Austin,roster,1.0,8,10490.081460046971,839.2065168037577,962.9894780323119,1468.6114044065762,0.0,0.0,13760.888859289616
2025-07,emp-0123,Account Executive,S&M,S&M,True,Austin,roster,1.0,0,9177.590044847655,0.0,780.0951538120507,1284.8626062786718,16519.66208072578,3500.0,11242.547804938378
2025-08,emp-0123,Account Executive,S&M,S&M,True,Austin,roster,1.0,1,9177.590044847655,0.0,780.0951538120507,1284.8626062786718,0.0,0.0,11242.547804938378
2025-09,emp-0123,Account Executive,S&M,S&M,True,Austin,roster,1.0,2,9177.590044847655,0.0,780.0951538120507,1284.8626062786718,0.0,0.0,11242.547804938378
2025-10,emp-0123,Account Executive,S&M,S&M,True,Austin,roster,1.0,3,9177.590044847655,0.0,780.0951538120507,1284.8626062786718,0.0,0.0,11242.547804938378
2025-11,emp-0123,Account Executive,S&M,S&M,True,Austin,roster,1.0,4,9177.590044847655,0.0,780.0951538120507,1284.8626062786718,0.0,0.0,11242.547804938378
2025-12,emp-0123,Account Executive,S&M,S&M,True,Austin,roster,1.0,5,9177.590044847655,0.0,780.0951538120507,1284.8626062786718,0.0,0.0,11242.547804938378
2026-01,emp-0123,Account Executive,S&M,S&M,True,Austin,roster,1.0,6,9498.805696417323,0.0,807.3984841954725,1329.8327974984254,0.0,0.0,11636.036978111222
2026-02,emp-0123,Account Executive,S&M,S&M,True,Austin,roster,1.0,7,9498.805696417323,0.0,807.3984841954725,1329.8327974984254,0.0,0.0,11636.036978111222
2026-03,emp-0123,Account Executive,S&M,S&M,True,Austin,roster,1.0,8,9498.805696417323,0.0,807.3984841954725,1329.8327974984254,0.0,0.0,11636.036978111222
2026-04,emp-0123,Account Executive,S&M,S&M,True,Austin,roster,1.0,9,9498.805696417323,0.0,807.3984841954725,1329.8327974984254,0.0,0.0,11636.036978111222
2026-05,emp-0123,Account Executive,S&M,S&M,True,Austin,roster,1.0,10,9498.805696417323,0.0,807.3984841954725,1329.8327974984254,0.0,0.0,11636.036978111222
2026-06,emp-0123,Account Executive,S&M,S&M,True,Austin,roster,1.0,11,9498.805696417323,0.0,807.3984841954725,1329.8327974984254,0.0,0.0,11636.036978111222
2026-07,emp-0123,Account Executive,S&M,S&M,True,Austin,roster,1.0,12,9498.805696417323,0.0,807.3984841954725,1329.8327974984254,0.0,0.0,11636.036978111222
2026-08,emp-0123,Account Executive,S&M,S&M,True,Austin,roster,1.0,13,9498.805696417323,0.0,807.3984841954725,1329.8327974984254,0.0,0.0,11636.036978111222
2025-07,emp-0124,Account Executive,S&M,S&M,True,Austin,roster,1.0,0,8985.649685206306,0.0,763.7802232425361,1257.990955928883,16174.169433371351,3500.0,11007.420864377726
2025-08,emp-0124,Account Executive,S&M,S&M,True,Austin,roster,1.0,1,8985.649685206306,0.0,763.7802232425361,1257.990955928883,0.0,0.0,11007.420864377726
2025-09,emp-0124,Account Executive,S&M,S&M,True,Austin,roster,1.0,2,8985.649685206306,0.0,763.7802232425361,1257.990955928883,0.0,0.0,11007.420864377726
2025-10,emp-0124,Account Executive,S&M,S&M,True,Austin,roster,1.0,3,8985.649685206306,0.0,763.7802232425361,1257.990955928883,0.0,0.0,11007.420864377726
2025-11,emp-0124,Account Executive,S&M,S&M,True,Austin,roster,1.0,4,8985.649685206306,0.0,763.7802232425361,1257.990955928883,0.0,0.0,11007.420864377726
2025-12,emp-0124,Account Executive,S&M,S&M,True,Austin,roster,1.0,5,8985.649685206306,0.0,763.7802232425361,1257.990955928883,0.0,0.0,11007.420864377726
2026-01,emp-0124,Account Executive,S&M,S&M,True,Austin,roster,1.0,6,9300.147424188526,0.0,790.5125310560247,1302.020639386394,0.0,0.0,11392.680594630945
2026-02,emp-0124,Account Executive,S&M,S&M,True,Austin,roster,1.0,7,9300.147424188526,0.0,790.5125310560247,1302.020639386394,0.0,0.0,11392.680594630945
2026-03,emp-0124,Account Executive,S&M,S&M,True,Austin,roster,1.0,8,9300.147424188526,0.0,790.5125310560247,1302.020639386394,0.0,0.0,11392.680594630945
2026-04,emp-0124,Account Executive,S&M,S&M,True,Austin,roster,1.0,9,9300.147424188526,0.0,790.5125310560247,1302.020639386394,0.0,0.0,11392.680594630945
2026-05,emp-0124,Account Executive,S&M,S&M,True,Austin,roster,1.0,10,9300.147424188526,0.0,790.5125310560247,1302.020639386394,0.0,0.0,11392.680594630945
2026-06,emp-0124,Account Executive,S&M,S&M,True,Austin,roster,1.0,11,9300.147424188526,0.0,790.5125310560247,1302.020639386394,0.0,0.0,11392.680594630945
2026-07,emp-0124,Account Executive,S&M,S&M,True,Austin,roster,1.0,12,9300.147424188526,0.0,790.5125310560247,1302.020639386394,0.0,0.0,11392.680594630945
2026-08,emp-0124,Account Executive,S&M,S&M,True,Austin,roster,1.0,13,9300.147424188526,0.0,790.5125310560247,1302.020639386394,0.0,0.0,11392.680594630945
2025-07,emp-0125,Sales Development Rep,S&M,S&M,True,Austin,roster,1.0,0,5300.952479259126,0.0,450.5809607370258,742.1333470962778,9541.714462666429,3500.0,6493.66678709243
2025-08,emp-0125,Sales Development Rep,S&M,S&M,True,Austin,roster,1.0,1,5300.952479259126,0.0,450.5809607370258,742.1333470962778,0.0,0.0,6493.66678709243
2025-09,emp-0125,Sales Development Rep,S&M,S&M,True,Austin,roster,1.0,2,5300.952479259126,0.0,450.5809607370258,742.1333470962778,0.0,0.0,6493.66678709243
2025-10,emp-0125,Sales Development Rep,S&M,S&M,True,Austin,roster,1.0,3,5300.952479259126,0.0,450.5809607370258,742.1333470962778,0.0,0.0,6493.66678709243
2025-11,emp-0125,Sales Development Rep,S&M,S&M,True,Austin,roster,1.0,4,5300.952479259126,0.0,450.5809607370258,742.1333470962778,0.0,0.0,6493.66678709243
2025-12,emp-0125,Sales Development Rep,S&M,S&M,True,Austin,roster,1.0,5,5300.952479259126,0.0,450.5809607370258,742.1333470962778,0.0,0.0,6493.66678709243
2026-01,emp-0125,Sales Development Rep,S&M,S&M,True,Austin,roster,1.0,6,5486.485816033196,0.0,466.3512943628217,768.1080142446475,0.0,0.0,6720.945124640665
2026-02,emp-0125,Sales Development Rep,S&M,S&M,True,Austin,roster,1.0,7,5486.485816033196,0.0,466.3512943628217,768.1080142446475,0.0,0.0,6720.945124640665
2026-03,emp-0125,Sales Development Rep,S&M,S&M,True,Austin,roster,1.0,8,5486.485816033196,0.0,466.3512943628217,768.1080142446475,0.0,0.0,6720.945124640665
2026-04,emp-0125,Sales Development Rep,S&M,S&M,True,Austin,roster,1.0,9,5486.485816033196,0.0,466.3512943628217,768.1080142446475,0.0,0.0,6720.945124640665
2026-05,emp-0125,Sales Development Rep,S&M,S&M,True,Austin,roster,1.0,10,5486.485816033196,0.0,466.3512943628217,768.1080142446475,0.0,0.0,6720.945124640665
2026-06,emp-0125,Sales Development Rep,S&M,S&M,True,Austin,roster,1.0,11,5486.485816033196,0.0,466.3512943628217,768.1080142446475,0.0,0.0,6720.945124640665
2026-07,emp-0125,Sales Development Rep,S&M,S&M,True,Austin,roster,1.0,12,5486.485816033196,0.0,466.3512943628217,768.1080142446475,0.0,0.0,6720.945124640665
2026-08,emp-0125,Sales Development Rep,S&M,S&M,True,Austin,roster,1.0,13,5486.485816033196,0.0,466.3512943628217,768.1080142446475,0.0,0.0,6720.945124640665
2025-08,emp-0126,Senior Software Engineer,R&D,R&D,False,Montreal,roster,1.0,0,10749.003575194818,859.9202860155855,1276.9816247331444,644.9402145116891,19348.206435350672,3500.0,13530.845700455237
2025-09,emp-0126,Senior Software Engineer,R&D,R&D,False,Montreal,roster,1.0,1,10749.003575194818,859.9202860155855,1276.9816247331444,644.9402145116891,0.0,0.0,13530.845700455237
2025-10,emp-0126,Senior Software Engineer,R&D,R&D,False,Montreal,roster,1.0,2,10749.003575194818,859.9202860155855,1276.9816247331444,644.9402145116891,0.0,0.0,13530.845700455237
2025-11,emp-0126,Senior Software Engineer,R&D,R&D,False,Montreal,roster,1.0,3,10749.003575194818,859.9202860155855,1276.9816247331444,644.9402145116891,0.0,0.0,13530.845700455237
2025-12,emp-0126,Senior Software Engineer,R&D,R&D,False,Montreal,roster,1.0,4,10749.003575194818,859.9202860155855,1276.9816247331444,644.9402145116891,0.0,0.0,13530.845700455237
2026-01,emp-0126,Senior Software Engineer,R&D,R&D,False,Montreal,roster,1.0,5,11125.218700326635,890.0174960261309,1321.6759815988041,667.5131220195981,0.0,0.0,14004.425299971168
2026-02,emp-0126,Senior Software Engineer,R&D,R&D,False,Montreal,roster,1.0,6,11125.218700326635,890.0174960261309,1321.6759815988041,667.5131220195981,0.0,0.0,14004.425299971168
2026-03,emp-0126,Senior Software Engineer,R&D,R&D,False,Montreal,roster,1.0,7,11125.218700326635,890.0174960261309,1321.6759815988041,667.5131220195981,0.0,0.0,14004.425299971168
2026-04,emp-0126,Senior Software Engineer,R&D,R&D,False,Montreal,roster,1.0,8,11125.218700326635,890.0174960261309,1321.6759815988041,667.5131220195981,0.0,0.0,14004.425299971168
2026-05,emp-0126,Senior Software Engineer,R&D,R&D,False,Montreal,roster,1.0,9,11125.218700326635,890.0174960261309,1321.6759815988041,667.5131220195981,0.0,0.0,14004.425299971168
2026-06,emp-0126,Senior Software Engineer,R&D,R&D,False,Montreal,roster,1.0,10,11125.218700326635,890.0174960261309,1321.6759815988041,667.5131220195981,0.0,0.0,14004.425299971168
2026-07,emp-0126,Senior Software Engineer,R&D,R&D,False,Montreal,roster,1.0,11,11125.218700326635,890.0174960261309,1321.6759815988041,667.5131220195981,0.0,0.0,14004.425299971168
2026-08,emp-0126,Senior Software Engineer,R&D,R&D,False,Montreal,roster,1.0,12,11125.218700326635,890.0174960261309,1321.6759815988041,667.5131220195981,0.0,0.0,14004.425299971168
2025-09,emp-0127,Software Engineer,R&D,R&D,False,Paris,roster,1.0,0,6608.164829631871,528.6531863705496,2997.4635667210164,330.40824148159356,11894.696693337368,3500.0,10464.68982420503
2025-10,emp-0127,Software Engineer,R&D,R&D,False,Paris,roster,1.0,1,6608.164829631871,528.6531863705496,2997.4635667210164,330.40824148159356,0.0,0.0,10464.68982420503
2025-11,emp-0127,Software Engineer,R&D,R&D,False,Paris,roster,1.0,2,6608.164829631871,528.6531863705496,2997.4635667210164,330.40824148159356,0.0,0.0,10464.68982420503
2025-12,emp-0127,Software Engineer,R&D,R&D,False,Paris,roster,1.0,3,6608.164829631871,528.6531863705496,2997.4635667210164,330.40824148159356,0.0,0.0,10464.68982420503
2026-01,emp-0127,Software Engineer,R&D,R&D,False,Paris,roster,1.0,4,6839.4505986689865,547.1560478935189,3102.374791556252,341.9725299334493,0.0,0.0,10830.953968052207
2026-02,emp-0127,Software Engineer,R&D,R&D,False,Paris,roster,1.0,5,6839.4505986689865,547.1560478935189,3102.374791556252,341.9725299334493,0.0,0.0,10830.953968052207
2026-03,emp-0127,Software Engineer,R&D,R&D,False,Paris,roster,1.0,6,6839.4505986689865,547.1560478935189,3102.374791556252,341.9725299334493,0.0,0.0,10830.953968052207
2026-04,emp-0127,Software Engineer,R&D,R&D,False,Paris,roster,1.0,7,6839.4505986689865,547.1560478935189,3102.374791556252,341.9725299334493,0.0,0.0,10830.953968052207
2026-05,emp-0127,Software Engineer,R&D,R&D,False,Paris,roster,1.0,8,6839.4505986689865,547.1560478935189,3102.374791556252,341.9725299334493,0.0,0.0,10830.953968052207
2026-06,emp-0127,Software Engineer,R&D,R&D,False,Paris,roster,1.0,9,6839.4505986689865,547.1560478935189,3102.374791556252,341.9725299334493,0.0,0.0,10830.953968052207
2026-07,emp-0127,Software Engineer,R&D,R&D,False,Paris,roster,1.0,10,6839.4505986689865,547.1560478935189,3102.374791556252,341.9725299334493,0.0,0.0,10830.953968052207
2026-08,emp-0127,Software Engineer,R&D,R&D,False,Paris,roster,1.0,11,6839.4505986689865,547.1560478935189,3102.374791556252,341.9725299334493,0.0,0.0,10830.953968052207
2025-09,emp-0128,Software Engineer,R&D,R&D,False,Paris,roster,1.0,0,6726.095681552259,538.0876545241807,3050.9570011521046,336.30478407761296,12106.972226794065,3500.0,10651.445121306157
2025-10,emp-0128,Software Engineer,R&D,R&D,False,Paris,roster,1.0,1,6726.095681552259,538.0876545241807,3050.9570011521046,336.30478407761296,0.0,0.0,10651.445121306157
2025-11,emp-0128,Software Engineer,R&D,R&D,False,Paris,roster,1.0,2,6726.095681552259,538.0876545241807,3050.9570011521046,336.30478407761296,0.0,0.0,10651.445121306157
2025-12,emp-0128,Software Engineer,R&D,R&D,False,Paris,roster,1.0,3,6726.095681552259,538.0876545241807,3050.9570011521046,336.30478407761296,0.0,0.0,10651.445121306157
2026-01,emp-0128,Software Engineer,R&D,R&D,False,Paris,roster,1.0,4,6961.509030406588,556.9207224325271,3157.7404961924285,348.0754515203294,0.0,0.0,11024.245700551874
2026-02,emp-0128,Software Engineer,R&D,R&D,False,Paris,roster,1.0,5,6961.509030406588,556.9207224325271,3157.7404961924285,348.0754515203294,0.0,0.0,11024.245700551874
2026-03,emp-0128,Software Engineer,R&D,R&D,False,Paris,roster,1.0,6,6961.509030406588,556.9207224325271,3157.7404961924285,348.0754515203294,0.0,0.0,11024.245700551874
2026-04,emp-0128,Software Engineer,R&D,R&D,False,Paris,roster,1.0,7,6961.509030406588,556.9207224325271,3157.7404961924285,348.0754515203294,0.0,0.0,11024.245700551874
2025-09,emp-0129,Product Designer,R&D,R&D,False,Montreal,roster,1.0,0,8713.751896835272,697.1001517468218,1035.1937253440303,522.8251138101164,15684.753414303488,3500.0,10968.87088773624
2025-10,emp-0129,Product Designer,R&D,R&D,False,Montreal,roster,1.0,1,8713.751896835272,697.1001517468218,1035.1937253440303,522.8251138101164,0.0,0.0,10968.87088773624
2025-11,emp-0129,Product Designer,R&D,R&D,False,Montreal,roster,1.0,2,8713.751896835272,697.1001517468218,1035.1937253440303,522.8251138101164,0.0,0.0,10968.87088773624
2025-12,emp-0129,Product Designer,R&D,R&D,False,Montreal,roster,1.0,3,8713.751896835272,697.1001517468218,1035.1937253440303,522.8251138101164,0.0,0.0,10968.87088773624
2026-01,emp-0129,Product Designer,R&D,R&D,False,Montreal,roster,1.0,4,9018.733213224505,721.4986570579604,1071.425505731071,541.1239927934703,0.0,0.0,11352.781368807005
2026-02,emp-0129,Product Designer,R&D,R&D,False,Montreal,roster,1.0,5,9018.733213224505,721.4986570579604,1071.425505731071,541.1239927934703,0.0,0.0,11352.781368807005
2026-03,emp-0129,Product Designer,R&D,R&D,False,Montreal,roster,1.0,6,9018.733213224505,721.4986570579604,1071.425505731071,541.1239927934703,0.0,0.0,11352.781368807005
2026-04,emp-0129,Product Designer,R&D,R&D,False,Montreal,roster,1.0,7,9018.733213224505,721.4986570579604,1071.425505731071,541.1239927934703,0.0,0.0,11352.781368807005
2026-05,emp-0129,Product Designer,R&D,R&D,False,Montreal,roster,1.0,8,9018.733213224505,721.4986570579604,1071.425505731071,541.1239927934703,0.0,0.0,11352.781368807005
2026-06,emp-0129,Product Designer,R&D,R&D,False,Montreal,roster,1.0,9,9018.733213224505,721.4986570579604,1071.425505731071,541.1239927934703,0.0,0.0,11352.781368807005
2026-07,emp-0129,Product Designer,R&D,R&D,False,Montreal,roster,1.0,10,9018.733213224505,721.4986570579604,1071.425505731071,541.1239927934703,0.0,0.0,11352.781368807005
2026-08,emp-0129,Product Designer,R&D,R&D,False,Montreal,roster,1.0,11,9018.733213224505,721.4986570579604,1071.425505731071,541.1239927934703,0.0,0.0,11352.781368807005
2025-10,emp-0130,Account Executive,S&M,S&M,True,Austin,roster,1.0,0,9559.696298185241,0.0,812.5741853457456,1338.357481745934,17207.453336733433,3500.0,11710.62796527692
2025-11,emp-0130,Account Executive,S&M,S&M,True,Austin,roster,1.0,1,9559.696298185241,0.0,812.5741853457456,1338.357481745934,0.0,0.0,11710.62796527692
2025-12,emp-0130,Account Executive,S&M,S&M,True,Austin,roster,1.0,2,9559.696298185241,0.0,812.5741853457456,1338.357481745934,0.0,0.0,11710.62796527692
2026-01,emp-0130,Account Executive,S&M,S&M,True,Austin,roster,1.0,3,9894.285668621724,0.0,841.0142818328466,1385.1999936070415,0.0,0.0,12120.499944061612
2026-02,emp-0130,Account Executive,S&M,S&M,True,Austin,roster,1.0,4,9894.285668621724,0.0,841.0142818328466,1385.1999936070415,0.0,0.0,12120.499944061612
2026-03,emp-0130,Account Executive,S&M,S&M,True,Austin,roster,1.0,5,9894.285668621724,0.0,841.0142818328466,1385.1999936070415,0.0,0.0,12120.499944061612
2026-04,emp-0130,Account Executive,S&M,S&M,True,Austin,roster,1.0,6,9894.285668621724,0.0,841.0142818328466,1385.1999936070415,0.0,0.0,12120.499944061612
2026-05,emp-0130,Account Executive,S&M,S&M,True,Austin,roster,1.0,7,9894.285668621724,0.0,841.0142818328466,1385.1999936070415,0.0,0.0,12120.499944061612
2026-06,emp-0130,Account Executive,S&M,S&M,True,Austin,roster,1.0,8,9894.285668621724,0.0,841.0142818328466,1385.1999936070415,0.0,0.0,12120.499944061612
2026-07,emp-0130,Account Executive,S&M,S&M,True,Austin,roster,1.0,9,9894.285668621724,0.0,841.0142818328466,1385.1999936070415,0.0,0.0,12120.499944061612
2026-08,emp-0130,Account Executive,S&M,S&M,True,Austin,roster,1.0,10,9894.285668621724,0.0,841.0142818328466,1385.1999936070415,0.0,0.0,12120.499944061612
2025-10,emp-0131,Customer Success Manager,Customer Operations,COGS,False,Montreal,roster,1.0,0,6319.10323954756,505.5282591638048,750.7094648582503,379.1461943728536,11374.38583118561,3500.0,7954.48715794247
2025-11,emp-0131,Customer Success Manager,Customer Operations,COGS,False,Montreal,roster,1.0,1,6319.10323954756,505.5282591638048,750.7094648582503,379.1461943728536,0.0,0.0,7954.48715794247
2025-12,emp-0131,Customer Success Manager,Customer Operations,COGS,False,Montreal,roster,1.0,2,6319.10323954756,505.5282591638048,750.7094648582503,379.1461943728536,0.0,0.0,7954.48715794247
2026-01,emp-0131,Customer Success Manager,Customer Operations,COGS,False,Montreal,roster,1.0,3,6540.271852931724,523.2217482345379,776.9842961282889,392.41631117590345,0.0,0.0,8232.894208470454
2026-02,emp-0131,Customer Success Manager,Customer Operations,COGS,False,Montreal,roster,1.0,4,6540.271852931724,523.2217482345379,776.9842961282889,392.41631117590345,0.0,0.0,8232.894208470454
2026-03,emp-0131,Customer Success Manager,Customer Operations,COGS,False,Montreal,roster,1.0,5,6540.271852931724,523.2217482345379,776.9842961282889,392.41631117590345,0.0,0.0,8232.894208470454
2026-04,emp-0131,Customer Success Manager,Customer Operations,COGS,False,Montreal,roster,1.0,6,6540.271852931724,523.2217482345379,776.9842961282889,392.41631117590345,0.0,0.0,8232.894208470454
2026-05,emp-0131,Customer Success Manager,Customer Operations,COGS,False,Montreal,roster,1.0,7,6540.271852931724,523.2217482345379,776.9842961282889,392.41631117590345,0.0,0.0,8232.894208470454
2026-06,emp-0131,Customer Success Manager,Customer Operations,COGS,False,Montreal,roster,1.0,8,6540.271852931724,523.2217482345379,776.9842961282889,392.41631117590345,0.0,0.0,8232.894208470454
2026-07,emp-0131,Customer Success Manager,Customer Operations,COGS,False,Montreal,roster,1.0,9,6540.271852931724,523.2217482345379,776.9842961282889,392.41631117590345,0.0,0.0,8232.894208470454
2026-08,emp-0131,Customer Success Manager,Customer Operations,COGS,False,Montreal,roster,1.0,10,6540.271852931724,523.2217482345379,776.9842961282889,392.41631117590345,0.0,0.0,8232.894208470454
2025-10,emp-0132,Finance & Operations,G&A,G&A,False,Montreal,roster,1.0,0,7618.436740075888,609.4749392060711,905.0702847210155,457.1062044045533,13713.186132136598,3500.0,9590.088168407528
2025-11,emp-0132,Finance & Operations,G&A,G&A,False,Montreal,roster,1.0,1,7618.436740075888,609.4749392060711,905.0702847210155,457.1062044045533,0.0,0.0,9590.088168407528
2025-12,emp-0132,Finance & Operations,G&A,G&A,False,Montreal,roster,1.0,2,7618.436740075888,609.4749392060711,905.0702847210155,457.1062044045533,0.0,0.0,9590.088168407528
2026-01,emp-0132,Finance & Operations,G&A,G&A,False,Montreal,roster,1.0,3,7885.082025978543,630.8065620782835,936.7477446862509,473.1049215587126,0.0,0.0,9925.741254301789
2026-02,emp-0132,Finance & Operations,G&A,G&A,False,Montreal,roster,1.0,4,7885.082025978543,630.8065620782835,936.7477446862509,473.1049215587126,0.0,0.0,9925.741254301789
2026-03,emp-0132,Finance & Operations,G&A,G&A,False,Montreal,roster,1.0,5,7885.082025978543,630.8065620782835,936.7477446862509,473.1049215587126,0.0,0.0,9925.741254301789
2026-04,emp-0132,Finance & Operations,G&A,G&A,False,Montreal,roster,1.0,6,7885.082025978543,630.8065620782835,936.7477446862509,473.1049215587126,0.0,0.0,9925.741254301789
2026-05,emp-0132,Finance & Operations,G&A,G&A,False,Montreal,roster,1.0,7,7885.082025978543,630.8065620782835,936.7477446862509,473.1049215587126,0.0,0.0,9925.741254301789
2026-06,emp-0132,Finance & Operations,G&A,G&A,False,Montreal,roster,1.0,8,7885.082025978543,630.8065620782835,936.7477446862509,473.1049215587126,0.0,0.0,9925.741254301789
2026-07,emp-0132,Finance & Operations,G&A,G&A,False,Montreal,roster,1.0,9,7885.082025978543,630.8065620782835,936.7477446862509,473.1049215587126,0.0,0.0,9925.741254301789
2026-08,emp-0132,Finance & Operations,G&A,G&A,False,Montreal,roster,1.0,10,7885.082025978543,630.8065620782835,936.7477446862509,473.1049215587126,0.0,0.0,9925.741254301789
2025-11,emp-0133,Software Engineer,R&D,R&D,False,Montreal,roster,1.0,0,7737.703118122107,619.0162494497686,919.2391304329063,464.2621870873264,13927.865612619793,3500.0,9740.220685092108
2025-12,emp-0133,Software Engineer,R&D,R&D,False,Montreal,roster,1.0,1,7737.703118122107,619.0162494497686,919.2391304329063,464.2621870873264,0.0,0.0,9740.220685092108
2026-01,emp-0133,Software Engineer,R&D,R&D,False,Montreal,roster,1.0,2,8008.522727256382,640.6818181805105,951.4124999980583,480.51136363538285,0.0,0.0,10081.128409070334
2026-02,emp-0133,Software Engineer,R&D,R&D,False,Montreal,roster,1.0,3,8008.522727256382,640.6818181805105,951.4124999980583,480.51136363538285,0.0,0.0,10081.128409070334
2026-03,emp-0133,Software Engineer,R&D,R&D,False,Montreal,roster,1.0,4,8008.522727256382,640.6818181805105,951.4124999980583,480.51136363538285,0.0,0.0,10081.128409070334
2026-04,emp-0133,Software Engineer,R&D,R&D,False,Montreal,roster,1.0,5,8008.522727256382,640.6818181805105,951.4124999980583,480.51136363538285,0.0,0.0,10081.128409070334
2026-05,emp-0133,Software Engineer,R&D,R&D,False,Montreal,roster,1.0,6,8008.522727256382,640.6818181805105,951.4124999980583,480.51136363538285,0.0,0.0,10081.128409070334
2026-06,emp-0133,Software Engineer,R&D,R&D,False,Montreal,roster,1.0,7,8008.522727256382,640.6818181805105,951.4124999980583,480.51136363538285,0.0,0.0,10081.128409070334
2026-07,emp-0133,Software Engineer,R&D,R&D,False,Montreal,roster,1.0,8,8008.522727256382,640.6818181805105,951.4124999980583,480.51136363538285,0.0,0.0,10081.128409070334
2026-08,emp-0133,Software Engineer,R&D,R&D,False,Montreal,roster,1.0,9,8008.522727256382,640.6818181805105,951.4124999980583,480.51136363538285,0.0,0.0,10081.128409070334
2025-11,emp-0134,Site Reliability Engineer,Customer Operations,COGS,False,Montreal,roster,1.0,0,10131.552871780192,810.5242297424154,1203.6284811674868,607.8931723068115,18236.795169204343,3500.0,12753.598754996905
2025-12,emp-0134,Site Reliability Engineer,Customer Operations,COGS,False,Montreal,roster,1.0,1,10131.552871780192,810.5242297424154,1203.6284811674868,607.8931723068115,0.0,0.0,12753.598754996905
2026-01,emp-0134,Site Reliability Engineer,Customer Operations,COGS,False,Montreal,roster,1.0,2,10486.157222292497,838.8925777833998,1245.7554780083485,629.1694333375498,0.0,0.0,13199.974711421793
2026-02,emp-0134,Site Reliability Engineer,Customer Operations,COGS,False,Montreal,roster,1.0,3,10486.157222292497,838.8925777833998,1245.7554780083485,629.1694333375498,0.0,0.0,13199.974711421793
2026-03,emp-0134,Site Reliability Engineer,Customer Operations,COGS,False,Montreal,roster,1.0,4,10486.157222292497,838.8925777833998,1245.7554780083485,629.1694333375498,0.0,0.0,13199.974711421793
2026-04,emp-0134,Site Reliability Engineer,Customer Operations,COGS,False,Montreal,roster,1.0,5,10486.157222292497,838.8925777833998,1245.7554780083485,629.1694333375498,0.0,0.0,13199.974711421793
2026-05,emp-0134,Site Reliability Engineer,Customer Operations,COGS,False,Montreal,roster,1.0,6,10486.157222292497,838.8925777833998,1245.7554780083485,629.1694333375498,0.0,0.0,13199.974711421793
2026-06,emp-0134,Site Reliability Engineer,Customer Operations,COGS,False,Montreal,roster,1.0,7,10486.157222292497,838.8925777833998,1245.7554780083485,629.1694333375498,0.0,0.0,13199.974711421793
2026-07,emp-0134,Site Reliability Engineer,Customer Operations,COGS,False,Montreal,roster,1.0,8,10486.157222292497,838.8925777833998,1245.7554780083485,629.1694333375498,0.0,0.0,13199.974711421793
2026-08,emp-0134,Site Reliability Engineer,Customer Operations,COGS,False,Montreal,roster,1.0,9,10486.157222292497,838.8925777833998,1245.7554780083485,629.1694333375498,0.0,0.0,13199.974711421793
2025-12,emp-0135,People & Talent,G&A,G&A,False,Montreal,roster,1.0,0,7079.598730228711,566.3678984182969,841.0563291511709,424.77592381372267,12743.27771441168,3500.0,8911.798881611901
2026-01,emp-0135,People & Talent,G&A,G&A,False,Montreal,roster,1.0,1,7327.384685786717,586.1907748629374,870.493300671462,439.64308114720296,0.0,0.0,9223.71184246832
2026-02,emp-0135,People & Talent,G&A,G&A,False,Montreal,roster,1.0,2,7327.384685786717,586.1907748629374,870.493300671462,439.64308114720296,0.0,0.0,9223.71184246832
2026-03,emp-0135,People & Talent,G&A,G&A,False,Montreal,roster,1.0,3,7327.384685786717,586.1907748629374,870.493300671462,439.64308114720296,0.0,0.0,9223.71184246832
2026-04,emp-0135,People & Talent,G&A,G&A,False,Montreal,roster,1.0,4,7327.384685786717,586.1907748629374,870.493300671462,439.64308114720296,0.0,0.0,9223.71184246832
2026-05,emp-0135,People & Talent,G&A,G&A,False,Montreal,roster,1.0,5,7327.384685786717,586.1907748629374,870.493300671462,439.64308114720296,0.0,0.0,9223.71184246832
2026-06,emp-0135,People & Talent,G&A,G&A,False,Montreal,roster,1.0,6,7327.384685786717,586.1907748629374,870.493300671462,439.64308114720296,0.0,0.0,9223.71184246832
2026-07,emp-0135,People & Talent,G&A,G&A,False,Montreal,roster,1.0,7,7327.384685786717,586.1907748629374,870.493300671462,439.64308114720296,0.0,0.0,9223.71184246832
2026-08,emp-0135,People & Talent,G&A,G&A,False,Montreal,roster,1.0,8,7327.384685786717,586.1907748629374,870.493300671462,439.64308114720296,0.0,0.0,9223.71184246832
2026-03,emp-0136,Software Engineer,R&D,R&D,False,Montreal,roster,1.0,0,8065.998803354737,645.279904268379,958.2406578385428,483.9599282012842,14518.797846038526,3500.0,10153.479293662944
2026-04,emp-0136,Software Engineer,R&D,R&D,False,Montreal,roster,1.0,1,8065.998803354737,645.279904268379,958.2406578385428,483.9599282012842,0.0,0.0,10153.479293662944
2026-05,emp-0136,Software Engineer,R&D,R&D,False,Montreal,roster,1.0,2,8065.998803354737,645.279904268379,958.2406578385428,483.9599282012842,0.0,0.0,10153.479293662944
2026-06,emp-0136,Software Engineer,R&D,R&D,False,Montreal,roster,1.0,3,8065.998803354737,645.279904268379,958.2406578385428,483.9599282012842,0.0,0.0,10153.479293662944
2026-07,emp-0136,Software Engineer,R&D,R&D,False,Montreal,roster,1.0,4,8065.998803354737,645.279904268379,958.2406578385428,483.9599282012842,0.0,0.0,10153.479293662944
2026-08,emp-0136,Software Engineer,R&D,R&D,False,Montreal,roster,1.0,5,8065.998803354737,645.279904268379,958.2406578385428,483.9599282012842,0.0,0.0,10153.479293662944
2026-03,emp-0137,Software Engineer,R&D,R&D,False,Montreal,roster,1.0,0,7911.39821478122,632.9118571824977,939.874107916009,474.6838928868732,14240.516786606197,3500.0,9958.868072766601
2026-04,emp-0137,Software Engineer,R&D,R&D,False,Montreal,roster,1.0,1,7911.39821478122,632.9118571824977,939.874107916009,474.6838928868732,0.0,0.0,9958.868072766601
2026-05,emp-0137,Software Engineer,R&D,R&D,False,Montreal,roster,1.0,2,7911.39821478122,632.9118571824977,939.874107916009,474.6838928868732,0.0,0.0,9958.868072766601
2026-06,emp-0137,Software Engineer,R&D,R&D,False,Montreal,roster,1.0,3,7911.39821478122,632.9118571824977,939.874107916009,474.6838928868732,0.0,0.0,9958.868072766601
2026-07,emp-0137,Software Engineer,R&D,R&D,False,Montreal,roster,1.0,4,7911.39821478122,632.9118571824977,939.874107916009,474.6838928868732,0.0,0.0,9958.868072766601
2026-08,emp-0137,Software Engineer,R&D,R&D,False,Montreal,roster,1.0,5,7911.39821478122,632.9118571824977,939.874107916009,474.6838928868732,0.0,0.0,9958.868072766601
2026-05,emp-0138,Software Engineer,R&D,R&D,False,Montreal,roster,1.0,0,7824.905075009029,625.9924060007223,929.5987229110726,469.4943045005417,14084.829135016253,3500.0,9849.990508421366
2026-06,emp-0138,Software Engineer,R&D,R&D,False,Montreal,roster,1.0,1,7824.905075009029,625.9924060007223,929.5987229110726,469.4943045005417,0.0,0.0,9849.990508421366
2026-07,emp-0138,Software Engineer,R&D,R&D,False,Montreal,roster,1.0,2,7824.905075009029,625.9924060007223,929.5987229110726,469.4943045005417,0.0,0.0,9849.990508421366
2026-08,emp-0138,Software Engineer,R&D,R&D,False,Montreal,roster,1.0,3,7824.905075009029,625.9924060007223,929.5987229110726,469.4943045005417,0.0,0.0,9849.990508421366
2026-04,emp-0139,Senior Software Engineer,R&D,R&D,False,Montreal,roster,1.0,0,10318.0272501376,825.4421800110081,1225.781637316347,619.081635008256,18572.44905024768,3500.0,12988.332702473213
2026-05,emp-0139,Senior Software Engineer,R&D,R&D,False,Montreal,roster,1.0,1,10318.0272501376,825.4421800110081,1225.781637316347,619.081635008256,0.0,0.0,12988.332702473213
2026-06,emp-0139,Senior Software Engineer,R&D,R&D,False,Montreal,roster,1.0,2,10318.0272501376,825.4421800110081,1225.781637316347,619.081635008256,0.0,0.0,12988.332702473213
2026-07,emp-0139,Senior Software Engineer,R&D,R&D,False,Montreal,roster,1.0,3,10318.0272501376,825.4421800110081,1225.781637316347,619.081635008256,0.0,0.0,12988.332702473213
2026-08,emp-0139,Senior Software Engineer,R&D,R&D,False,Montreal,roster,1.0,4,10318.0272501376,825.4421800110081,1225.781637316347,619.081635008256,0.0,0.0,12988.332702473213
2026-07,emp-0140,Senior Software Engineer,R&D,R&D,False,Montreal,roster,1.0,0,10884.469809418586,870.7575847534869,1293.075013358928,653.0681885651152,19592.045656953454,3500.0,13701.370596096116
2026-08,emp-0140,Senior Software Engineer,R&D,R&D,False,Montreal,roster,1.0,1,10884.469809418586,870.7575847534869,1293.075013358928,653.0681885651152,0.0,0.0,13701.370596096116
2026-04,emp-0141,Software Engineer,R&D,R&D,False,Paris,roster,1.0,0,6738.396015016169,539.0716812012936,3056.5364324113343,336.91980075080846,12129.112827029105,3500.0,10670.923929379605
2026-05,emp-0141,Software Engineer,R&D,R&D,False,Paris,roster,1.0,1,6738.396015016169,539.0716812012936,3056.5364324113343,336.91980075080846,0.0,0.0,10670.923929379605
2026-06,emp-0141,Software Engineer,R&D,R&D,False,Paris,roster,1.0,2,6738.396015016169,539.0716812012936,3056.5364324113343,336.91980075080846,0.0,0.0,10670.923929379605
2026-07,emp-0141,Software Engineer,R&D,R&D,False,Paris,roster,1.0,3,6738.396015016169,539.0716812012936,3056.5364324113343,336.91980075080846,0.0,0.0,10670.923929379605
2026-08,emp-0141,Software Engineer,R&D,R&D,False,Paris,roster,1.0,4,6738.396015016169,539.0716812012936,3056.5364324113343,336.91980075080846,0.0,0.0,10670.923929379605
2026-04,emp-0142,Software Engineer,R&D,R&D,False,Paris,roster,1.0,0,6489.728194923693,519.1782555938954,2943.740709217387,324.4864097461847,11681.510750862648,3500.0,10277.13356948116
2026-05,emp-0142,Software Engineer,R&D,R&D,False,Paris,roster,1.0,1,6489.728194923693,519.1782555938954,2943.740709217387,324.4864097461847,0.0,0.0,10277.13356948116
2026-06,emp-0142,Software Engineer,R&D,R&D,False,Paris,roster,1.0,2,6489.728194923693,519.1782555938954,2943.740709217387,324.4864097461847,0.0,0.0,10277.13356948116
2026-07,emp-0142,Software Engineer,R&D,R&D,False,Paris,roster,1.0,3,6489.728194923693,519.1782555938954,2943.740709217387,324.4864097461847,0.0,0.0,10277.13356948116
2026-08,emp-0142,Software Engineer,R&D,R&D,False,Paris,roster,1.0,4,6489.728194923693,519.1782555938954,2943.740709217387,324.4864097461847,0.0,0.0,10277.13356948116
2026-07,emp-0143,Software Engineer,R&D,R&D,False,Paris,roster,1.0,0,6883.628754141332,550.6903003313066,3122.414002878508,344.1814377070666,12390.531757454397,3500.0,10900.914495058212
2026-08,emp-0143,Software Engineer,R&D,R&D,False,Paris,roster,1.0,1,6883.628754141332,550.6903003313066,3122.414002878508,344.1814377070666,0.0,0.0,10900.914495058212
2026-05,emp-0144,Data Engineer,R&D,R&D,False,Paris,roster,1.0,0,8249.77131411387,659.9817051291096,3742.0962680820517,412.48856570569353,14849.588365404965,3500.0,13064.337853030725
2026-06,emp-0144,Data Engineer,R&D,R&D,False,Paris,roster,1.0,1,8249.77131411387,659.9817051291096,3742.0962680820517,412.48856570569353,0.0,0.0,13064.337853030725
2026-07,emp-0144,Data Engineer,R&D,R&D,False,Paris,roster,1.0,2,8249.77131411387,659.9817051291096,3742.0962680820517,412.48856570569353,0.0,0.0,13064.337853030725
2026-08,emp-0144,Data Engineer,R&D,R&D,False,Paris,roster,1.0,3,8249.77131411387,659.9817051291096,3742.0962680820517,412.48856570569353,0.0,0.0,13064.337853030725
2026-01,emp-0145,Account Executive,S&M,S&M,True,Austin,roster,1.0,0,9559.703328820742,0.0,812.5747829497632,1338.358466034904,17207.465991877336,3500.0,11710.63657780541
2026-02,emp-0145,Account Executive,S&M,S&M,True,Austin,roster,1.0,1,9559.703328820742,0.0,812.5747829497632,1338.358466034904,0.0,0.0,11710.63657780541
2026-03,emp-0145,Account Executive,S&M,S&M,True,Austin,roster,1.0,2,9559.703328820742,0.0,812.5747829497632,1338.358466034904,0.0,0.0,11710.63657780541
2026-04,emp-0145,Account Executive,S&M,S&M,True,Austin,roster,1.0,3,9559.703328820742,0.0,812.5747829497632,1338.358466034904,0.0,0.0,11710.63657780541
2026-05,emp-0145,Account Executive,S&M,S&M,True,Austin,roster,1.0,4,9559.703328820742,0.0,812.5747829497632,1338.358466034904,0.0,0.0,11710.63657780541
2026-06,emp-0145,Account Executive,S&M,S&M,True,Austin,roster,1.0,5,9559.703328820742,0.0,812.5747829497632,1338.358466034904,0.0,0.0,11710.63657780541
2026-07,emp-0145,Account Executive,S&M,S&M,True,Austin,roster,1.0,6,9559.703328820742,0.0,812.5747829497632,1338.358466034904,0.0,0.0,11710.63657780541
2026-08,emp-0145,Account Executive,S&M,S&M,True,Austin,roster,1.0,7,9559.703328820742,0.0,812.5747829497632,1338.358466034904,0.0,0.0,11710.63657780541
2026-01,emp-0146,Account Executive,S&M,S&M,True,Austin,roster,1.0,0,9404.18506151556,0.0,799.3557302288226,1316.5859086121786,16927.533110728007,3500.0,11520.12670035656
2026-02,emp-0146,Account Executive,S&M,S&M,True,Austin,roster,1.0,1,9404.18506151556,0.0,799.3557302288226,1316.5859086121786,0.0,0.0,11520.12670035656
2026-03,emp-0146,Account Executive,S&M,S&M,True,Austin,roster,1.0,2,9404.18506151556,0.0,799.3557302288226,1316.5859086121786,0.0,0.0,11520.12670035656
2026-04,emp-0146,Account Executive,S&M,S&M,True,Austin,roster,1.0,3,9404.18506151556,0.0,799.3557302288226,1316.5859086121786,0.0,0.0,11520.12670035656
2026-05,emp-0146,Account Executive,S&M,S&M,True,Austin,roster,1.0,4,9404.18506151556,0.0,799.3557302288226,1316.5859086121786,0.0,0.0,11520.12670035656
2026-06,emp-0146,Account Executive,S&M,S&M,True,Austin,roster,1.0,5,9404.18506151556,0.0,799.3557302288226,1316.5859086121786,0.0,0.0,11520.12670035656
2026-07,emp-0146,Account Executive,S&M,S&M,True,Austin,roster,1.0,6,9404.18506151556,0.0,799.3557302288226,1316.5859086121786,0.0,0.0,11520.12670035656
2026-08,emp-0146,Account Executive,S&M,S&M,True,Austin,roster,1.0,7,9404.18506151556,0.0,799.3557302288226,1316.5859086121786,0.0,0.0,11520.12670035656
2026-02,emp-0147,Sales Development Rep,S&M,S&M,True,Austin,roster,1.0,0,5279.539878095643,0.0,448.7608896381297,739.1355829333901,9503.171780572158,3500.0,6467.4363506671625
2026-03,emp-0147,Sales Development Rep,S&M,S&M,True,Austin,roster,1.0,1,5279.539878095643,0.0,448.7608896381297,739.1355829333901,0.0,0.0,6467.4363506671625
2026-04,emp-0147,Sales Development Rep,S&M,S&M,True,Austin,roster,1.0,2,5279.539878095643,0.0,448.7608896381297,739.1355829333901,0.0,0.0,6467.4363506671625
2026-05,emp-0147,Sales Development Rep,S&M,S&M,True,Austin,roster,1.0,3,5279.539878095643,0.0,448.7608896381297,739.1355829333901,0.0,0.0,6467.4363506671625
2026-06,emp-0147,Sales Development Rep,S&M,S&M,True,Austin,roster,1.0,4,5279.539878095643,0.0,448.7608896381297,739.1355829333901,0.0,0.0,6467.4363506671625
2026-07,emp-0147,Sales Development Rep,S&M,S&M,True,Austin,roster,1.0,5,5279.539878095643,0.0,448.7608896381297,739.1355829333901,0.0,0.0,6467.4363506671625
2026-08,emp-0147,Sales Development Rep,S&M,S&M,True,Austin,roster,1.0,6,5279.539878095643,0.0,448.7608896381297,739.1355829333901,0.0,0.0,6467.4363506671625
2026-03,emp-0148,Customer Success Manager,Customer Operations,COGS,False,Austin,roster,1.0,0,7494.095642417625,599.52765139341,687.957979973938,1049.1733899384676,13489.372156351723,3500.0,9830.75466372344
2026-04,emp-0148,Customer Success Manager,Customer Operations,COGS,False,Austin,roster,1.0,1,7494.095642417625,599.52765139341,687.957979973938,1049.1733899384676,0.0,0.0,9830.75466372344
2026-05,emp-0148,Customer Success Manager,Customer Operations,COGS,False,Austin,roster,1.0,2,7494.095642417625,599.52765139341,687.957979973938,1049.1733899384676,0.0,0.0,9830.75466372344
2026-06,emp-0148,Customer Success Manager,Customer Operations,COGS,False,Austin,roster,1.0,3,7494.095642417625,599.52765139341,687.957979973938,1049.1733899384676,0.0,0.0,9830.75466372344
2026-07,emp-0148,Customer Success Manager,Customer Operations,COGS,False,Austin,roster,1.0,4,7494.095642417625,599.52765139341,687.957979973938,1049.1733899384676,0.0,0.0,9830.75466372344
2026-08,emp-0148,Customer Success Manager,Customer Operations,COGS,False,Austin,roster,1.0,5,7494.095642417625,599.52765139341,687.957979973938,1049.1733899384676,0.0,0.0,9830.75466372344
2026-03,emp-0149,Customer Success Manager,Customer Operations,COGS,False,Austin,roster,1.0,0,7378.143046675465,590.2514437340371,677.3135316848077,1032.940026534565,13280.657484015836,3500.0,9678.648048628875
2026-04,emp-0149,Customer Success Manager,Customer Operations,COGS,False,Austin,roster,1.0,1,7378.143046675465,590.2514437340371,677.3135316848077,1032.940026534565,0.0,0.0,9678.648048628875
2026-05,emp-0149,Customer Success Manager,Customer Operations,COGS,False,Austin,roster,1.0,2,7378.143046675465,590.2514437340371,677.3135316848077,1032.940026534565,0.0,0.0,9678.648048628875
2026-06,emp-0149,Customer Success Manager,Customer Operations,COGS,False,Austin,roster,1.0,3,7378.143046675465,590.2514437340371,677.3135316848077,1032.940026534565,0.0,0.0,9678.648048628875
2026-07,emp-0149,Customer Success Manager,Customer Operations,COGS,False,Austin,roster,1.0,4,7378.143046675465,590.2514437340371,677.3135316848077,1032.940026534565,0.0,0.0,9678.648048628875
2026-08,emp-0149,Customer Success Manager,Customer Operations,COGS,False,Austin,roster,1.0,5,7378.143046675465,590.2514437340371,677.3135316848077,1032.940026534565,0.0,0.0,9678.648048628875
2026-03,emp-0150,Finance & Operations,G&A,G&A,False,Montreal,roster,1.0,0,7708.927581373439,616.7142065098751,915.8205966671646,462.53565488240633,13876.069646472191,3500.0,9703.998039432885
2026-04,emp-0150,Finance & Operations,G&A,G&A,False,Montreal,roster,1.0,1,7708.927581373439,616.7142065098751,915.8205966671646,462.53565488240633,0.0,0.0,9703.998039432885
2026-05,emp-0150,Finance & Operations,G&A,G&A,False,Montreal,roster,1.0,2,7708.927581373439,616.7142065098751,915.8205966671646,462.53565488240633,0.0,0.0,9703.998039432885
2026-06,emp-0150,Finance & Operations,G&A,G&A,False,Montreal,roster,1.0,3,7708.927581373439,616.7142065098751,915.8205966671646,462.53565488240633,0.0,0.0,9703.998039432885
2026-07,emp-0150,Finance & Operations,G&A,G&A,False,Montreal,roster,1.0,4,7708.927581373439,616.7142065098751,915.8205966671646,462.53565488240633,0.0,0.0,9703.998039432885
2026-08,emp-0150,Finance & Operations,G&A,G&A,False,Montreal,roster,1.0,5,7708.927581373439,616.7142065098751,915.8205966671646,462.53565488240633,0.0,0.0,9703.998039432885
2025-04,emp-0151,Product Manager,R&D,R&D,False,Montreal,roster,1.0,0,10334.9909686874,826.799277494992,1227.7969270800631,620.099458121244,18602.983743637316,3500.0,13009.686631383698
2025-05,emp-0151,Product Manager,R&D,R&D,False,Montreal,roster,1.0,1,10334.9909686874,826.799277494992,1227.7969270800631,620.099458121244,0.0,0.0,13009.686631383698
2025-06,emp-0151,Product Manager,R&D,R&D,False,Montreal,roster,1.0,2,10334.9909686874,826.799277494992,1227.7969270800631,620.099458121244,0.0,0.0,13009.686631383698
2025-07,emp-0151,Product Manager,R&D,R&D,False,Montreal,roster,1.0,3,10334.9909686874,826.799277494992,1227.7969270800631,620.099458121244,0.0,0.0,13009.686631383698
2025-08,emp-0151,Product Manager,R&D,R&D,False,Montreal,roster,1.0,4,10334.9909686874,826.799277494992,1227.7969270800631,620.099458121244,0.0,0.0,13009.686631383698
2025-09,emp-0151,Product Manager,R&D,R&D,False,Montreal,roster,1.0,5,10334.9909686874,826.799277494992,1227.7969270800631,620.099458121244,0.0,0.0,13009.686631383698
2025-10,emp-0151,Product Manager,R&D,R&D,False,Montreal,roster,1.0,6,10334.9909686874,826.799277494992,1227.7969270800631,620.099458121244,0.0,0.0,13009.686631383698
2025-11,emp-0151,Product Manager,R&D,R&D,False,Montreal,roster,1.0,7,10334.9909686874,826.799277494992,1227.7969270800631,620.099458121244,0.0,0.0,13009.686631383698
2025-12,emp-0151,Product Manager,R&D,R&D,False,Montreal,roster,1.0,8,10334.9909686874,826.799277494992,1227.7969270800631,620.099458121244,0.0,0.0,13009.686631383698
2026-01,emp-0151,Product Manager,R&D,R&D,False,Montreal,roster,1.0,9,10696.715652591458,855.7372522073166,1270.7698195278651,641.8029391554875,0.0,0.0,13465.025663482127
2026-02,emp-0151,Product Manager,R&D,R&D,False,Montreal,roster,1.0,10,10696.715652591458,855.7372522073166,1270.7698195278651,641.8029391554875,0.0,0.0,13465.025663482127
2026-03,emp-0151,Product Manager,R&D,R&D,False,Montreal,roster,1.0,11,10696.715652591458,855.7372522073166,1270.7698195278651,641.8029391554875,0.0,0.0,13465.025663482127
2026-04,emp-0151,Product Manager,R&D,R&D,False,Montreal,roster,1.0,12,10696.715652591458,855.7372522073166,1270.7698195278651,641.8029391554875,0.0,0.0,13465.025663482127
2026-05,emp-0151,Product Manager,R&D,R&D,False,Montreal,roster,1.0,13,10696.715652591458,855.7372522073166,1270.7698195278651,641.8029391554875,0.0,0.0,13465.025663482127
2026-06,emp-0151,Product Manager,R&D,R&D,False,Montreal,roster,1.0,14,10696.715652591458,855.7372522073166,1270.7698195278651,641.8029391554875,0.0,0.0,13465.025663482127
2026-07,emp-0151,Product Manager,R&D,R&D,False,Montreal,roster,1.0,15,10696.715652591458,855.7372522073166,1270.7698195278651,641.8029391554875,0.0,0.0,13465.025663482127
2026-08,emp-0151,Product Manager,R&D,R&D,False,Montreal,roster,1.0,16,10696.715652591458,855.7372522073166,1270.7698195278651,641.8029391554875,0.0,0.0,13465.025663482127
2025-07,emp-0152,Senior Software Engineer,R&D,R&D,False,Montreal,roster,1.0,0,10491.069474019396,839.2855579215517,1246.3390535135043,629.4641684411637,18883.925053234914,3500.0,13206.158253895615
2025-08,emp-0152,Senior Software Engineer,R&D,R&D,False,Montreal,roster,1.0,1,10491.069474019396,839.2855579215517,1246.3390535135043,629.4641684411637,0.0,0.0,13206.158253895615
2025-09,emp-0152,Senior Software Engineer,R&D,R&D,False,Montreal,roster,1.0,2,10491.069474019396,839.2855579215517,1246.3390535135043,629.4641684411637,0.0,0.0,13206.158253895615
2025-10,emp-0152,Senior Software Engineer,R&D,R&D,False,Montreal,roster,1.0,3,10491.069474019396,839.2855579215517,1246.3390535135043,629.4641684411637,0.0,0.0,13206.158253895615
2025-11,emp-0152,Senior Software Engineer,R&D,R&D,False,Montreal,roster,1.0,4,10491.069474019396,839.2855579215517,1246.3390535135043,629.4641684411637,0.0,0.0,13206.158253895615
2025-12,emp-0152,Senior Software Engineer,R&D,R&D,False,Montreal,roster,1.0,5,10491.069474019396,839.2855579215517,1246.3390535135043,629.4641684411637,0.0,0.0,13206.158253895615
2026-01,emp-0152,Senior Software Engineer,R&D,R&D,False,Montreal,roster,1.0,6,10858.256905610075,868.660552448806,1289.9609203864768,651.4954143366044,0.0,0.0,13668.373792781962
2026-02,emp-0152,Senior Software Engineer,R&D,R&D,False,Montreal,roster,1.0,7,10858.256905610075,868.660552448806,1289.9609203864768,651.4954143366044,0.0,0.0,13668.373792781962
2026-03,emp-0152,Senior Software Engineer,R&D,R&D,False,Montreal,roster,1.0,8,10858.256905610075,868.660552448806,1289.9609203864768,651.4954143366044,0.0,0.0,13668.373792781962
2026-04,emp-0152,Senior Software Engineer,R&D,R&D,False,Montreal,roster,1.0,9,10858.256905610075,868.660552448806,1289.9609203864768,651.4954143366044,0.0,0.0,13668.373792781962
2026-05,emp-0152,Senior Software Engineer,R&D,R&D,False,Montreal,roster,1.0,10,10858.256905610075,868.660552448806,1289.9609203864768,651.4954143366044,0.0,0.0,13668.373792781962
2026-06,emp-0152,Senior Software Engineer,R&D,R&D,False,Montreal,roster,1.0,11,10858.256905610075,868.660552448806,1289.9609203864768,651.4954143366044,0.0,0.0,13668.373792781962
2026-07,emp-0152,Senior Software Engineer,R&D,R&D,False,Montreal,roster,1.0,12,10858.256905610075,868.660552448806,1289.9609203864768,651.4954143366044,0.0,0.0,13668.373792781962
2026-08,emp-0152,Senior Software Engineer,R&D,R&D,False,Montreal,roster,1.0,13,10858.256905610075,868.660552448806,1289.9609203864768,651.4954143366044,0.0,0.0,13668.373792781962
2025-07,emp-0153,Sales Development Rep,S&M,S&M,True,Austin,roster,1.0,0,5292.574552273828,0.0,449.8688369432754,740.960437318336,9526.63419409289,3500.0,6483.403826535439
2025-08,emp-0153,Sales Development Rep,S&M,S&M,True,Austin,roster,1.0,1,5292.574552273828,0.0,449.8688369432754,740.960437318336,0.0,0.0,6483.403826535439
2025-09,emp-0153,Sales Development Rep,S&M,S&M,True,Austin,roster,1.0,2,5292.574552273828,0.0,449.8688369432754,740.960437318336,0.0,0.0,6483.403826535439
2025-10,emp-0153,Sales Development Rep,S&M,S&M,True,Austin,roster,1.0,3,5292.574552273828,0.0,449.8688369432754,740.960437318336,0.0,0.0,6483.403826535439
2025-11,emp-0153,Sales Development Rep,S&M,S&M,True,Austin,roster,1.0,4,5292.574552273828,0.0,449.8688369432754,740.960437318336,0.0,0.0,6483.403826535439
2025-12,emp-0153,Sales Development Rep,S&M,S&M,True,Austin,roster,1.0,5,5292.574552273828,0.0,449.8688369432754,740.960437318336,0.0,0.0,6483.403826535439
2026-01,emp-0153,Sales Development Rep,S&M,S&M,True,Austin,roster,1.0,6,5477.814661603411,0.0,465.61424623628994,766.8940526244776,0.0,0.0,6710.322960464178
2026-02,emp-0153,Sales Development Rep,S&M,S&M,True,Austin,roster,1.0,7,5477.814661603411,0.0,465.61424623628994,766.8940526244776,0.0,0.0,6710.322960464178
2026-03,emp-0153,Sales Development Rep,S&M,S&M,True,Austin,roster,1.0,8,5477.814661603411,0.0,465.61424623628994,766.8940526244776,0.0,0.0,6710.322960464178
2026-04,emp-0153,Sales Development Rep,S&M,S&M,True,Austin,roster,1.0,9,5477.814661603411,0.0,465.61424623628994,766.8940526244776,0.0,0.0,6710.322960464178
2026-05,emp-0153,Sales Development Rep,S&M,S&M,True,Austin,roster,1.0,10,5477.814661603411,0.0,465.61424623628994,766.8940526244776,0.0,0.0,6710.322960464178
2026-06,emp-0153,Sales Development Rep,S&M,S&M,True,Austin,roster,1.0,11,5477.814661603411,0.0,465.61424623628994,766.8940526244776,0.0,0.0,6710.322960464178
2026-07,emp-0153,Sales Development Rep,S&M,S&M,True,Austin,roster,1.0,12,5477.814661603411,0.0,465.61424623628994,766.8940526244776,0.0,0.0,6710.322960464178
2026-08,emp-0153,Sales Development Rep,S&M,S&M,True,Austin,roster,1.0,13,5477.814661603411,0.0,465.61424623628994,766.8940526244776,0.0,0.0,6710.322960464178
2025-08,emp-0154,Support Engineer,Customer Operations,COGS,False,Montreal,roster,1.0,0,5637.807450285734,451.02459602285876,669.7715250939452,338.26844701714407,10148.053410514322,3500.0,7096.872018419683
2025-09,emp-0154,Support Engineer,Customer Operations,COGS,False,Montreal,roster,1.0,1,5637.807450285734,451.02459602285876,669.7715250939452,338.26844701714407,0.0,0.0,7096.872018419683
2025-10,emp-0154,Support Engineer,Customer Operations,COGS,False,Montreal,roster,1.0,2,5637.807450285734,451.02459602285876,669.7715250939452,338.26844701714407,0.0,0.0,7096.872018419683
2025-11,emp-0154,Support Engineer,Customer Operations,COGS,False,Montreal,roster,1.0,3,5637.807450285734,451.02459602285876,669.7715250939452,338.26844701714407,0.0,0.0,7096.872018419683
2025-12,emp-0154,Support Engineer,Customer Operations,COGS,False,Montreal,roster,1.0,4,5637.807450285734,451.02459602285876,669.7715250939452,338.26844701714407,0.0,0.0,7096.872018419683
2026-01,emp-0154,Support Engineer,Customer Operations,COGS,False,Montreal,roster,1.0,5,5835.130711045735,466.8104568836588,693.2135284722333,350.1078426627441,0.0,0.0,7345.262539064371
2026-02,emp-0154,Support Engineer,Customer Operations,COGS,False,Montreal,roster,1.0,6,5835.130711045735,466.8104568836588,693.2135284722333,350.1078426627441,0.0,0.0,7345.262539064371
2026-03,emp-0154,Support Engineer,Customer Operations,COGS,False,Montreal,roster,1.0,7,5835.130711045735,466.8104568836588,693.2135284722333,350.1078426627441,0.0,0.0,7345.262539064371
2026-04,emp-0154,Support Engineer,Customer Operations,COGS,False,Montreal,roster,1.0,8,5835.130711045735,466.8104568836588,693.2135284722333,350.1078426627441,0.0,0.0,7345.262539064371
2026-05,emp-0154,Support Engineer,Customer Operations,COGS,False,Montreal,roster,1.0,9,5835.130711045735,466.8104568836588,693.2135284722333,350.1078426627441,0.0,0.0,7345.262539064371
2026-06,emp-0154,Support Engineer,Customer Operations,COGS,False,Montreal,roster,1.0,10,5835.130711045735,466.8104568836588,693.2135284722333,350.1078426627441,0.0,0.0,7345.262539064371
2026-07,emp-0154,Support Engineer,Customer Operations,COGS,False,Montreal,roster,1.0,11,5835.130711045735,466.8104568836588,693.2135284722333,350.1078426627441,0.0,0.0,7345.262539064371
2026-08,emp-0154,Support Engineer,Customer Operations,COGS,False,Montreal,roster,1.0,12,5835.130711045735,466.8104568836588,693.2135284722333,350.1078426627441,0.0,0.0,7345.262539064371
2025-09,emp-0155,Sales Development Rep,S&M,S&M,True,Austin,roster,1.0,0,5582.174940625001,0.0,474.4848699531251,781.5044916875003,10047.914893125,3500.0,6838.164302265626
2025-10,emp-0155,Sales Development Rep,S&M,S&M,True,Austin,roster,1.0,1,5582.174940625001,0.0,474.4848699531251,781.5044916875003,0.0,0.0,6838.164302265626
2025-11,emp-0155,Sales Development Rep,S&M,S&M,True,Austin,roster,1.0,2,5582.174940625001,0.0,474.4848699531251,781.5044916875003,0.0,0.0,6838.164302265626
2025-12,emp-0155,Sales Development Rep,S&M,S&M,True,Austin,roster,1.0,3,5582.174940625001,0.0,474.4848699531251,781.5044916875003,0.0,0.0,6838.164302265626
2026-01,emp-0155,Sales Development Rep,S&M,S&M,True,Austin,roster,1.0,4,5777.551063546875,0.0,491.09184040148443,808.8571488965626,0.0,0.0,7077.500052844923
2026-02,emp-0155,Sales Development Rep,S&M,S&M,True,Austin,roster,1.0,5,5777.551063546875,0.0,491.09184040148443,808.8571488965626,0.0,0.0,7077.500052844923
2026-03,emp-0155,Sales Development Rep,S&M,S&M,True,Austin,roster,1.0,6,5777.551063546875,0.0,491.09184040148443,808.8571488965626,0.0,0.0,7077.500052844923
2026-04,emp-0155,Sales Development Rep,S&M,S&M,True,Austin,roster,1.0,7,5777.551063546875,0.0,491.09184040148443,808.8571488965626,0.0,0.0,7077.500052844923
2026-05,emp-0155,Sales Development Rep,S&M,S&M,True,Austin,roster,1.0,8,5777.551063546875,0.0,491.09184040148443,808.8571488965626,0.0,0.0,7077.500052844923
2026-06,emp-0155,Sales Development Rep,S&M,S&M,True,Austin,roster,1.0,9,5777.551063546875,0.0,491.09184040148443,808.8571488965626,0.0,0.0,7077.500052844923
2026-07,emp-0155,Sales Development Rep,S&M,S&M,True,Austin,roster,1.0,10,5777.551063546875,0.0,491.09184040148443,808.8571488965626,0.0,0.0,7077.500052844923
2026-08,emp-0155,Sales Development Rep,S&M,S&M,True,Austin,roster,1.0,11,5777.551063546875,0.0,491.09184040148443,808.8571488965626,0.0,0.0,7077.500052844923
2025-10,emp-0156,Sales Development Rep,S&M,S&M,True,Austin,roster,1.0,0,5495.7720707669405,0.0,467.14062601519,769.4080899073717,9892.389727380492,3500.0,6732.320786689502
2025-11,emp-0156,Sales Development Rep,S&M,S&M,True,Austin,roster,1.0,1,5495.7720707669405,0.0,467.14062601519,769.4080899073717,0.0,0.0,6732.320786689502
2025-12,emp-0156,Sales Development Rep,S&M,S&M,True,Austin,roster,1.0,2,5495.7720707669405,0.0,467.14062601519,769.4080899073717,0.0,0.0,6732.320786689502
2026-01,emp-0156,Sales Development Rep,S&M,S&M,True,Austin,roster,1.0,3,5688.124093243783,0.0,483.4905479257216,796.3373730541297,0.0,0.0,6967.952014223634
2026-02,emp-0156,Sales Development Rep,S&M,S&M,True,Austin,roster,1.0,4,5688.124093243783,0.0,483.4905479257216,796.3373730541297,0.0,0.0,6967.952014223634
2026-03,emp-0156,Sales Development Rep,S&M,S&M,True,Austin,roster,1.0,5,5688.124093243783,0.0,483.4905479257216,796.3373730541297,0.0,0.0,6967.952014223634
2026-04,emp-0156,Sales Development Rep,S&M,S&M,True,Austin,roster,1.0,6,5688.124093243783,0.0,483.4905479257216,796.3373730541297,0.0,0.0,6967.952014223634
2026-05,emp-0156,Sales Development Rep,S&M,S&M,True,Austin,roster,1.0,7,5688.124093243783,0.0,483.4905479257216,796.3373730541297,0.0,0.0,6967.952014223634
2026-06,emp-0156,Sales Development Rep,S&M,S&M,True,Austin,roster,1.0,8,5688.124093243783,0.0,483.4905479257216,796.3373730541297,0.0,0.0,6967.952014223634
2026-07,emp-0156,Sales Development Rep,S&M,S&M,True,Austin,roster,1.0,9,5688.124093243783,0.0,483.4905479257216,796.3373730541297,0.0,0.0,6967.952014223634
2026-08,emp-0156,Sales Development Rep,S&M,S&M,True,Austin,roster,1.0,10,5688.124093243783,0.0,483.4905479257216,796.3373730541297,0.0,0.0,6967.952014223634
2026-05,emp-0157,Product Manager,R&D,R&D,False,Paris,roster,1.0,0,8281.498757265952,662.5199005812761,3756.487836295835,414.07493786329763,14906.697763078713,3500.0,13114.58143200636
2026-06,emp-0157,Product Manager,R&D,R&D,False,Paris,roster,1.0,1,8281.498757265952,662.5199005812761,3756.487836295835,414.07493786329763,0.0,0.0,13114.58143200636
2026-07,emp-0157,Product Manager,R&D,R&D,False,Paris,roster,1.0,2,8281.498757265952,662.5199005812761,3756.487836295835,414.07493786329763,0.0,0.0,13114.58143200636
2026-08,emp-0157,Product Manager,R&D,R&D,False,Paris,roster,1.0,3,8281.498757265952,662.5199005812761,3756.487836295835,414.07493786329763,0.0,0.0,13114.58143200636
2026-06,emp-0158,Customer Success Manager,Customer Operations,COGS,False,Austin,roster,1.0,0,7513.5792097750755,601.086336782006,689.7465714573519,1051.9010893685106,13524.442577595137,3500.0,9856.313207382944
2026-07,emp-0158,Customer Success Manager,Customer Operations,COGS,False,Austin,roster,1.0,1,7513.5792097750755,601.086336782006,689.7465714573519,1051.9010893685106,0.0,0.0,9856.313207382944
2026-08,emp-0158,Customer Success Manager,Customer Operations,COGS,False,Austin,roster,1.0,2,7513.5792097750755,601.086336782006,689.7465714573519,1051.9010893685106,0.0,0.0,9856.313207382944
2026-05,emp-0159,Marketing Manager,S&M,S&M,False,Austin,roster,1.0,0,10127.504257505314,810.2003406004251,929.7048908389878,1417.8505960507441,18229.507663509565,3500.0,13285.26008499547
2026-06,emp-0159,Marketing Manager,S&M,S&M,False,Austin,roster,1.0,1,10127.504257505314,810.2003406004251,929.7048908389878,1417.8505960507441,0.0,0.0,13285.26008499547
2026-07,emp-0159,Marketing Manager,S&M,S&M,False,Austin,roster,1.0,2,10127.504257505314,810.2003406004251,929.7048908389878,1417.8505960507441,0.0,0.0,13285.26008499547
2026-08,emp-0159,Marketing Manager,S&M,S&M,False,Austin,roster,1.0,3,10127.504257505314,810.2003406004251,929.7048908389878,1417.8505960507441,0.0,0.0,13285.26008499547
2026-06,emp-0160,Software Engineer,R&D,R&D,False,Montreal,roster,1.0,0,8021.21784134901,641.6974273079209,952.9206795522624,481.2730704809406,14438.192114428217,3500.0,10097.109018690133
2026-07,emp-0160,Software Engineer,R&D,R&D,False,Montreal,roster,1.0,1,8021.21784134901,641.6974273079209,952.9206795522624,481.2730704809406,0.0,0.0,10097.109018690133
2026-08,emp-0160,Software Engineer,R&D,R&D,False,Montreal,roster,1.0,2,8021.21784134901,641.6974273079209,952.9206795522624,481.2730704809406,0.0,0.0,10097.109018690133
2026-07,emp-0161,Software Engineer,R&D,R&D,False,Paris,roster,1.0,0,6619.7875861107705,529.5830068888616,3002.7356490598454,330.98937930553853,11915.617654999385,3500.0,10483.095621365015
2026-08,emp-0161,Software Engineer,R&D,R&D,False,Paris,roster,1.0,1,6619.7875861107705,529.5830068888616,3002.7356490598454,330.98937930553853,0.0,0.0,10483.095621365015
2026-08,emp-0162,Software Engineer,R&D,R&D,False,Montreal,roster,1.0,0,7986.113354694212,638.889068375537,948.7502665376724,479.1668012816527,14375.004038449582,3500.0,10052.919490889075
2026-08,emp-0164,People & Talent,G&A,G&A,False,Montreal,roster,1.0,0,7033.0875119766415,562.6470009581313,835.530796422825,421.9852507185985,12659.557521557954,3500.0,8853.250560076196
