month,position_id,role,function,cost_bucket,sales_role,location,origin,fte,tenure_months,salary,bonus,employer_tax,benefits,recruiting,capex,people_cost
2026-01,emp-0000,Software Engineer,R&D,R&D,False,Montreal,roster,1.0,51,8926.880072968595,714.1504058374876,1060.513352668669,535.6128043781157,0.0,0.0,11237.156635852867
2026-02,emp-0000,Software Engineer,R&D,R&D,False,Montreal,roster,1.0,52,8926.880072968595,714.1504058374876,1060.513352668669,535.6128043781157,0.0,0.0,11237.156635852867
2026-03,emp-0000,Software Engineer,R&D,R&D,False,Montreal,roster,1.0,53,8926.880072968595,714.1504058374876,1060.513352668669,535.6128043781157,0.0,0.0,11237.156635852867
2026-04,emp-0000,Software Engineer,R&D,R&D,False,Montreal,roster,1.0,54,8926.880072968595,714.1504058374876,1060.513352668669,535.6128043781157,0.0,0.0,11237.156635852867
2026-05,emp-0000,Software Engineer,R&D,R&D,False,Montreal,roster,1.0,55,8926.880072968595,714.1504058374876,1060.513352668669,535.6128043781157,0.0,0.0,11237.156635852867
2026-06,emp-0000,Software Engineer,R&D,R&D,False,Montreal,roster,1.0,56,8926.880072968595,714.1504058374876,1060.513352668669,535.6128043781157,0.0,0.0,11237.156635852867
2026-07,emp-0000,Software Engineer,R&D,R&D,False,Montreal,roster,1.0,57,8926.880072968595,714.1504058374876,1060.513352668669,535.6128043781157,0.0,0.0,11237.156635852867
2026-08,emp-0000,Software Engineer,R&D,R&D,False,Montreal,roster,1.0,58,8926.880072968595,714.1504058374876,1060.513352668669,535.6128043781157,0.0,0.0,11237.156635852867
2026-09,emp-0000,Software Engineer,R&D,R&D,False,Montreal,roster,1.0,59,8926.880072968595,714.1504058374876,1060.513352668669,535.6128043781157,0.0,0.0,11237.156635852867
2026-10,emp-0000,Software Engineer,R&D,R&D,False,Montreal,roster,1.0,60,8926.880072968595,714.1504058374876,1060.513352668669,535.6128043781157,0.0,0.0,11237.156635852867
2026-11,emp-0000,Software Engineer,R&D,R&D,False,Montreal,roster,1.0,61,8926.880072968595,714.1504058374876,1060.513352668669,535.6128043781157,0.0,0.0,11237.156635852867
2026-12,emp-0000,Software Engineer,R&D,R&D,False,Montreal,roster,1.0,62,8926.880072968595,714.1504058374876,1060.513352668669,535.6128043781157,0.0,0.0,11237.156635852867
2026-01,emp-0001,Software Engineer,R&D,R&D,False,Montreal,roster,1.0,40,9012.47628188621,720.9981025508968,1070.6821822880818,540.7485769131725,0.0,0.0,11344.90514363836
2026-02,emp-0001,Software Engineer,R&D,R&D,False,Montreal,roster,1.0,41,9012.47628188621,720.9981025508968,1070.6821822880818,540.7485769131725,0.0,0.0,11344.90514363836
2026-03,emp-0001,Software Engineer,R&D,R&D,False,Montreal,roster,1.0,42,9012.47628188621,720.9981025508968,1070.6821822880818,540.7485769131725,0.0,0.0,11344.90514363836
2026-04,emp-0001,Software Engineer,R&D,R&D,False,Montreal,roster,1.0,43,9012.47628188621,720.9981025508968,1070.6821822880818,540.7485769131725,0.0,0.0,11344.90514363836
2026-05,emp-0001,Software Engineer,R&D,R&D,False,Montreal,roster,1.0,44,9012.47628188621,720.9981025508968,1070.6821822880818,540.7485769131725,0.0,0.0,11344.90514363836
2026-06,emp-0001,Software Engineer,R&D,R&D,False,Montreal,roster,1.0,45,9012.47628188621,720.9981025508968,1070.6821822880818,540.7485769131725,0.0,0.0,11344.90514363836
2026-07,emp-0001,Software Engineer,R&D,R&D,False,Montreal,roster,1.0,46,9012.47628188621,720.9981025508968,1070.6821822880818,540.7485769131725,0.0,0.0,11344.90514363836
2026-08,emp-0001,Software Engineer,R&D,R&D,False,Montreal,roster,1.0,47,9012.47628188621,720.9981025508968,1070.6821822880818,540.7485769131725,0.0,0.0,11344.90514363836
2026-09,emp-0001,Software Engineer,R&D,R&D,False,Montreal,roster,1.0,48,9012.47628188621,720.9981025508968,1070.6821822880818,540.7485769131725,0.0,0.0,11344.90514363836
2026-10,emp-0001,Software Engineer,R&D,R&D,False,Montreal,roster,1.0,49,9012.47628188621,720.9981025508968,1070.6821822880818,540.7485769131725,0.0,0.0,11344.90514363836
2026-11,emp-0001,Software Engineer,R&D,R&D,False,Montreal,roster,1.0,50,9012.47628188621,720.9981025508968,1070.6821822880818,540.7485769131725,0.0,0.0,11344.90514363836
2026-12,emp-0001,Software Engineer,R&D,R&D,False,Montreal,roster,1.0,51,9012.47628188621,720.9981025508968,1070.6821822880818,540.7485769131725,0.0,0.0,11344.90514363836
2026-01,emp-0003,Software Engineer,R&D,R&D,False,Montreal,roster,1.0,42,9715.388695814172,777.2310956651338,1154.1881770627238,582.9233217488503,0.0,0.0,12229.731290290882
2026-02,emp-0003,Software Engineer,R&D,R&D,False,Montreal,roster,1.0,43,9715.388695814172,777.2310956651338,1154.1881770627238,582.9233217488503,0.0,0.0,12229.731290290882
2026-03,emp-0003,Software Engineer,R&D,R&D,False,Montreal,roster,1.0,44,9715.388695814172,777.2310956651338,1154.1881770627238,582.9233217488503,0.0,0.0,12229.731290290882
2026-04,emp-0003,Software Engineer,R&D,R&D,False,Montreal,roster,1.0,45,9715.388695814172,777.2310956651338,1154.1881770627238,582.9233217488503,0.0,0.0,12229.731290290882
2026-05,emp-0003,Software Engineer,R&D,R&D,False,Montreal,roster,1.0,46,9715.388695814172,777.2310956651338,1154.1881770627238,582.9233217488503,0.0,0.0,12229.731290290882
2026-06,emp-0003,Software Engineer,R&D,R&D,False,Montreal,roster,1.0,47,9715.388695814172,777.2310956651338,1154.1881770627238,582.9233217488503,0.0,0.0,12229.731290290882
2026-07,emp-0003,Software Engineer,R&D,R&D,False,Montreal,roster,1.0,48,9715.388695814172,777.2310956651338,1154.1881770627238,582.9233217488503,0.0,0.0,12229.731290290882
2026-08,emp-0003,Software Engineer,R&D,R&D,False,Montreal,roster,1.0,49,9715.388695814172,777.2310956651338,1154.1881770627238,582.9233217488503,0.0,0.0,12229.731290290882
2026-09,emp-0003,Software Engineer,R&D,R&D,False,Montreal,roster,1.0,50,9715.388695814172,777.2310956651338,1154.1881770627238,582.9233217488503,0.0,0.0,12229.731290290882
2026-10,emp-0003,Software Engineer,R&D,R&D,False,Montreal,roster,1.0,51,9715.388695814172,777.2310956651338,1154.1881770627238,582.9233217488503,0.0,0.0,12229.731290290882
2026-11,emp-0003,Software Engineer,R&D,R&D,False,Montreal,roster,1.0,52,9715.388695814172,777.2310956651338,1154.1881770627238,582.9233217488503,0.0,0.0,12229.731290290882
2026-12,emp-0003,Software Engineer,R&D,R&D,False,Montreal,roster,1.0,53,9715.388695814172,777.2310956651338,1154.1881770627238,582.9233217488503,0.0,0.0,12229.731290290882
2026-01,emp-0004,Software Engineer,R&D,R&D,False,Montreal,roster,1.0,60,9685.964419037267,774.8771535229814,1150.6925729816273,581.157865142236,0.0,0.0,12192.69201068411
2026-02,emp-0004,Software Engineer,R&D,R&D,False,Montreal,roster,1.0,61,9685.964419037267,774.8771535229814,1150.6925729816273,581.157865142236,0.0,0.0,12192.69201068411
2026-03,emp-0004,Software Engineer,R&D,R&D,False,Montreal,roster,1.0,62,9685.964419037267,774.8771535229814,1150.6925729816273,581.157865142236,0.0,0.0,12192.69201068411
2026-04,emp-0004,Software Engineer,R&D,R&D,False,Montreal,roster,1.0,63,9685.964419037267,774.8771535229814,1150.6925729816273,581.157865142236,0.0,0.0,12192.69201068411
2026-05,emp-0004,Software Engineer,R&D,R&D,False,Montreal,roster,1.0,64,9685.964419037267,774.8771535229814,1150.6925729816273,581.157865142236,0.0,0.0,12192.69201068411
2026-06,emp-0004,Software Engineer,R&D,R&D,False,Montreal,roster,1.0,65,9685.964419037267,774.8771535229814,1150.6925729816273,581.157865142236,0.0,0.0,12192.69201068411
2026-07,emp-0004,Software Engineer,R&D,R&D,False,Montreal,roster,1.0,66,9685.964419037267,774.8771535229814,1150.6925729816273,581.157865142236,0.0,0.0,12192.69201068411
2026-08,emp-0004,Software Engineer,R&D,R&D,False,Montreal,roster,1.0,67,9685.964419037267,774.8771535229814,1150.6925729816273,581.157865142236,0.0,0.0,12192.69201068411
2026-09,emp-0004,Software Engineer,R&D,R&D,False,Montreal,roster,1.0,68,9685.964419037267,774.8771535229814,1150.6925729816273,581.157865142236,0.0,0.0,12192.69201068411
2026-10,emp-0004,Software Engineer,R&D,R&D,False,Montreal,roster,1.0,69,9685.964419037267,774.8771535229814,1150.6925729816273,581.157865142236,0.0,0.0,12192.69201068411
2026-11,emp-0004,Software Engineer,R&D,R&D,False,Montreal,roster,1.0,70,9685.964419037267,774.8771535229814,1150.6925729816273,581.157865142236,0.0,0.0,12192.69201068411
2026-12,emp-0004,Software Engineer,R&D,R&D,False,Montreal,roster,1.0,71,9685.964419037267,774.8771535229814,1150.6925729816273,581.157865142236,0.0,0.0,12192.69201068411
2026-01,emp-0005,Software Engineer,R&D,R&D,False,Montreal,roster,1.0,38,8690.115552704176,695.209244216334,1032.385727661256,521.4069331622505,0.0,0.0,10939.117457744016
2026-02,emp-0005,Software Engineer,R&D,R&D,False,Montreal,roster,1.0,39,8690.115552704176,695.209244216334,1032.385727661256,521.4069331622505,0.0,0.0,10939.117457744016
2026-03,emp-0005,Software Engineer,R&D,R&D,False,Montreal,roster,1.0,40,8690.115552704176,695.209244216334,1032.385727661256,521.4069331622505,0.0,0.0,10939.117457744016
2026-04,emp-0005,Software Engineer,R&D,R&D,False,Montreal,roster,1.0,41,8690.115552704176,695.209244216334,1032.385727661256,521.4069331622505,0.0,0.0,10939.117457744016
2026-05,emp-0005,Software Engineer,R&D,R&D,False,Montreal,roster,1.0,42,8690.115552704176,695.209244216334,1032.385727661256,521.4069331622505,0.0,0.0,10939.117457744016
2026-06,emp-0005,Software Engineer,R&D,R&D,False,Montreal,roster,1.0,43,8690.115552704176,695.209244216334,1032.385727661256,521.4069331622505,0.0,0.0,10939.117457744016
2026-07,emp-0005,Software Engineer,R&D,R&D,False,Montreal,roster,1.0,44,8690.115552704176,695.209244216334,1032.385727661256,521.4069331622505,0.0,0.0,10939.117457744016
2026-08,emp-0005,Software Engineer,R&D,R&D,False,Montreal,roster,1.0,45,8690.115552704176,695.209244216334,1032.385727661256,521.4069331622505,0.0,0.0,10939.117457744016
2026-09,emp-0005,Software Engineer,R&D,R&D,False,Montreal,roster,1.0,46,8690.115552704176,695.209244216334,1032.385727661256,521.4069331622505,0.0,0.0,10939.117457744016
2026-10,emp-0005,Software Engineer,R&D,R&D,False,Montreal,roster,1.0,47,8690.115552704176,695.209244216334,1032.385727661256,521.4069331622505,0.0,0.0,10939.117457744016
2026-11,emp-0005,Software Engineer,R&D,R&D,False,Montreal,roster,1.0,48,8690.115552704176,695.209244216334,1032.385727661256,521.4069331622505,0.0,0.0,10939.117457744016
2026-12,emp-0005,Software Engineer,R&D,R&D,False,Montreal,roster,1.0,49,8690.115552704176,695.209244216334,1032.385727661256,521.4069331622505,0.0,0.0,10939.117457744016
2026-01,emp-0006,Software Engineer,R&D,R&D,False,Montreal,roster,1.0,23,8036.707822414311,642.9366257931449,954.76088930282,482.2024693448586,0.0,0.0,10116.607806855132
2026-02,emp-0006,Software Engineer,R&D,R&D,False,Montreal,roster,1.0,24,8036.707822414311,642.9366257931449,954.76088930282,482.2024693448586,0.0,0.0,10116.607806855132
2026-03,emp-0006,Software Engineer,R&D,R&D,False,Montreal,roster,1.0,25,8036.707822414311,642.9366257931449,954.76088930282,482.2024693448586,0.0,0.0,10116.607806855132
2026-04,emp-0006,Software Engineer,R&D,R&D,False,Montreal,roster,1.0,26,8036.707822414311,642.9366257931449,954.76088930282,482.2024693448586,0.0,0.0,10116.607806855132
2026-05,emp-0006,Software Engineer,R&D,R&D,False,Montreal,roster,1.0,27,8036.707822414311,642.9366257931449,954.76088930282,482.2024693448586,0.0,0.0,10116.607806855132
2026-06,emp-0006,Software Engineer,R&D,R&D,False,Montreal,roster,1.0,28,8036.707822414311,642.9366257931449,954.76088930282,482.2024693448586,0.0,0.0,10116.607806855132
2026-07,emp-0006,Software Engineer,R&D,R&D,False,Montreal,roster,1.0,29,8036.707822414311,642.9366257931449,954.76088930282,482.2024693448586,0.0,0.0,10116.607806855132
2026-08,emp-0006,Software Engineer,R&D,R&D,False,Montreal,roster,1.0,30,8036.707822414311,642.9366257931449,954.76088930282,482.2024693448586,0.0,0.0,10116.607806855132
2026-09,emp-0006,Software Engineer,R&D,R&D,False,Montreal,roster,1.0,31,8036.707822414311,642.9366257931449,954.76088930282,482.2024693448586,0.0,0.0,10116.607806855132
2026-10,emp-0006,Software Engineer,R&D,R&D,False,Montreal,roster,1.0,32,8036.707822414311,642.9366257931449,954.76088930282,482.2024693448586,0.0,0.0,10116.607806855132
2026-11,emp-0006,Software Engineer,R&D,R&D,False,Montreal,roster,1.0,33,8036.707822414311,642.9366257931449,954.76088930282,482.2024693448586,0.0,0.0,10116.607806855132
2026-12,emp-0006,Software Engineer,R&D,R&D,False,Montreal,roster,1.0,34,8036.707822414311,642.9366257931449,954.76088930282,482.2024693448586,0.0,0.0,10116.607806855132
2026-01,emp-0007,Software Engineer,R&D,R&D,False,Montreal,roster,1.0,75,10776.039771157955,862.0831816926365,1280.193524813565,646.5623862694773,0.0,0.0,13564.878863933634
2026-02,emp-0007,Software Engineer,R&D,R&D,False,Montreal,roster,1.0,76,10776.039771157955,862.0831816926365,1280.193524813565,646.5623862694773,0.0,0.0,13564.878863933634
2026-03,emp-0007,Software Engineer,R&D,R&D,False,Montreal,roster,1.0,77,10776.039771157955,862.0831816926365,1280.193524813565,646.5623862694773,0.0,0.0,13564.878863933634
2026-04,emp-0007,Software Engineer,R&D,R&D,False,Montreal,roster,1.0,78,10776.039771157955,862.0831816926365,1280.193524813565,646.5623862694773,0.0,0.0,13564.878863933634
2026-05,emp-0007,Software Engineer,R&D,R&D,False,Montreal,roster,1.0,79,10776.039771157955,862.0831816926365,1280.193524813565,646.5623862694773,0.0,0.0,13564.878863933634
2026-06,emp-0007,Software Engineer,R&D,R&D,False,Montreal,roster,1.0,80,10776.039771157955,862.0831816926365,1280.193524813565,646.5623862694773,0.0,0.0,13564.878863933634
2026-07,emp-0007,Software Engineer,R&D,R&D,False,Montreal,roster,1.0,81,10776.039771157955,862.0831816926365,1280.193524813565,646.5623862694773,0.0,0.0,13564.878863933634
2026-08,emp-0007,Software Engineer,R&D,R&D,False,Montreal,roster,1.0,82,10776.039771157955,862.0831816926365,1280.193524813565,646.5623862694773,0.0,0.0,13564.878863933634
2026-09,emp-0007,Software Engineer,R&D,R&D,False,Montreal,roster,1.0,83,10776.039771157955,862.0831816926365,1280.193524813565,646.5623862694773,0.0,0.0,13564.878863933634
2026-10,emp-0007,Software Engineer,R&D,R&D,False,Montreal,roster,1.0,84,10776.039771157955,862.0831816926365,1280.193524813565,646.5623862694773,0.0,0.0,13564.878863933634
2026-11,emp-0007,Software Engineer,R&D,R&D,False,Montreal,roster,1.0,85,10776.039771157955,862.0831816926365,1280.193524813565,646.5623862694773,0.0,0.0,13564.878863933634
2026-12,emp-0007,Software Engineer,R&D,R&D,False,Montreal,roster,1.0,86,10776.039771157955,862.0831816926365,1280.193524813565,646.5623862694773,0.0,0.0,13564.878863933634
2026-01,emp-0008,Software Engineer,R&D,R&D,False,Montreal,roster,1.0,61,8998.321843582316,719.8657474865853,1069.0006350175793,539.8993106149389,0.0,0.0,11327.08753670142
2026-02,emp-0008,Software Engineer,R&D,R&D,False,Montreal,roster,1.0,62,8998.321843582316,719.8657474865853,1069.0006350175793,539.8993106149389,0.0,0.0,11327.08753670142
2026-03,emp-0008,Software Engineer,R&D,R&D,False,Montreal,roster,1.0,63,8998.321843582316,719.8657474865853,1069.0006350175793,539.8993106149389,0.0,0.0,11327.08753670142
2026-04,emp-0008,Software Engineer,R&D,R&D,False,Montreal,roster,1.0,64,8998.321843582316,719.8657474865853,1069.0006350175793,539.8993106149389,0.0,0.0,11327.08753670142
2026-05,emp-0008,Software Engineer,R&D,R&D,False,Montreal,roster,1.0,65,8998.321843582316,719.8657474865853,1069.0006350175793,539.8993106149389,0.0,0.0,11327.08753670142
2026-06,emp-0008,Software Engineer,R&D,R&D,False,Montreal,roster,1.0,66,8998.321843582316,719.8657474865853,1069.0006350175793,539.8993106149389,0.0,0.0,11327.08753670142
2026-07,emp-0008,Software Engineer,R&D,R&D,False,Montreal,roster,1.0,67,8998.321843582316,719.8657474865853,1069.0006350175793,539.8993106149389,0.0,0.0,11327.08753670142
2026-08,emp-0008,Software Engineer,R&D,R&D,False,Montreal,roster,1.0,68,8998.321843582316,719.8657474865853,1069.0006350175793,539.8993106149389,0.0,0.0,11327.08753670142
2026-09,emp-0008,Software Engineer,R&D,R&D,False,Montreal,roster,1.0,69,8998.321843582316,719.8657474865853,1069.0006350175793,539.8993106149389,0.0,0.0,11327.08753670142
2026-10,emp-0008,Software Engineer,R&D,R&D,False,Montreal,roster,1.0,70,8998.321843582316,719.8657474865853,1069.0006350175793,539.8993106149389,0.0,0.0,11327.08753670142
2026-11,emp-0008,Software Engineer,R&D,R&D,False,Montreal,roster,1.0,71,8998.321843582316,719.8657474865853,1069.0006350175793,539.8993106149389,0.0,0.0,11327.08753670142
2026-12,emp-0008,Software Engineer,R&D,R&D,False,Montreal,roster,1.0,72,8998.321843582316,719.8657474865853,1069.0006350175793,539.8993106149389,0.0,0.0,11327.08753670142
2026-01,emp-0009,Software Engineer,R&D,R&D,False,Montreal,roster,1.0,54,9605.151585683678,768.4121268546942,1141.092008379221,576.3090951410206,0.0,0.0,12090.964816058615
2026-02,emp-0009,Software Engineer,R&D,R&D,False,Montreal,roster,1.0,55,9605.151585683678,768.4121268546942,1141.092008379221,576.3090951410206,0.0,0.0,12090.964816058615
2026-03,emp-0009,Software Engineer,R&D,R&D,False,Montreal,roster,1.0,56,9605.151585683678,768.4121268546942,1141.092008379221,576.3090951410206,0.0,0.0,12090.964816058615
2026-04,emp-0009,Software Engineer,R&D,R&D,False,Montreal,roster,1.0,57,9605.151585683678,768.4121268546942,1141.092008379221,576.3090951410206,0.0,0.0,12090.964816058615
2026-05,emp-0009,Software Engineer,R&D,R&D,False,Montreal,roster,1.0,58,9605.151585683678,768.4121268546942,1141.092008379221,576.3090951410206,0.0,0.0,12090.964816058615
2026-06,emp-0009,Software Engineer,R&D,R&D,False,Montreal,roster,1.0,59,9605.151585683678,768.4121268546942,1141.092008379221,576.3090951410206,0.0,0.0,12090.964816058615
2026-07,emp-0009,Software Engineer,R&D,R&D,False,Montreal,roster,1.0,60,9605.151585683678,768.4121268546942,1141.092008379221,576.3090951410206,0.0,0.0,12090.964816058615
2026-08,emp-0009,Software Engineer,R&D,R&D,False,Montreal,roster,1.0,61,9605.151585683678,768.4121268546942,1141.092008379221,576.3090951410206,0.0,0.0,12090.964816058615
2026-09,emp-0009,Software Engineer,R&D,R&D,False,Montreal,roster,1.0,62,9605.151585683678,768.4121268546942,1141.092008379221,576.3090951410206,0.0,0.0,12090.964816058615
2026-10,emp-0009,Software Engineer,R&D,R&D,False,Montreal,roster,1.0,63,9605.151585683678,768.4121268546942,1141.092008379221,576.3090951410206,0.0,0.0,12090.964816058615
2026-11,emp-0009,Software Engineer,R&D,R&D,False,Montreal,roster,1.0,64,9605.151585683678,768.4121268546942,1141.092008379221,576.3090951410206,0.0,0.0,12090.964816058615
2026-12,emp-0009,Software Engineer,R&D,R&D,False,Montreal,roster,1.0,65,9605.151585683678,768.4121268546942,1141.092008379221,576.3090951410206,0.0,0.0,12090.964816058615
2026-01,emp-0010,Software Engineer,R&D,R&D,False,Montreal,roster,1.0,67,10166.413744633963,813.313099570717,1207.7699528625149,609.9848246780377,0.0,0.0,12797.481621745233
2026-02,emp-0010,Software Engineer,R&D,R&D,False,Montreal,roster,1.0,68,10166.413744633963,813.313099570717,1207.7699528625149,609.9848246780377,0.0,0.0,12797.481621745233
2026-03,emp-0010,Software Engineer,R&D,R&D,False,Montreal,roster,1.0,69,10166.413744633963,813.313099570717,1207.7699528625149,609.9848246780377,0.0,0.0,12797.481621745233
2026-04,emp-0010,Software Engineer,R&D,R&D,False,Montreal,roster,1.0,70,10166.413744633963,813.313099570717,1207.7699528625149,609.9848246780377,0.0,0.0,12797.481621745233
2026-05,emp-0010,Software Engineer,R&D,R&D,False,Montreal,roster,1.0,71,10166.413744633963,813.313099570717,1207.7699528625149,609.9848246780377,0.0,0.0,12797.481621745233
2026-06,emp-0010,Software Engineer,R&D,R&D,False,Montreal,roster,1.0,72,10166.413744633963,813.313099570717,1207.7699528625149,609.9848246780377,0.0,0.0,12797.481621745233
2026-07,emp-0010,Software Engineer,R&D,R&D,False,Montreal,roster,1.0,73,10166.413744633963,813.313099570717,1207.7699528625149,609.9848246780377,0.0,0.0,12797.481621745233
2026-08,emp-0010,Software Engineer,R&D,R&D,False,Montreal,roster,1.0,74,10166.413744633963,813.313099570717,1207.7699528625149,609.9848246780377,0.0,0.0,12797.481621745233
2026-09,emp-0010,Software Engineer,R&D,R&D,False,Montreal,roster,1.0,75,10166.413744633963,813.313099570717,1207.7699528625149,609.9848246780377,0.0,0.0,12797.481621745233
2026-10,emp-0010,Software Engineer,R&D,R&D,False,Montreal,roster,1.0,76,10166.413744633963,813.313099570717,1207.7699528625149,609.9848246780377,0.0,0.0,12797.481621745233
2026-11,emp-0010,Software Engineer,R&D,R&D,False,Montreal,roster,1.0,77,10166.413744633963,813.313099570717,1207.7699528625149,609.9848246780377,0.0,0.0,12797.481621745233
2026-12,emp-0010,Software Engineer,R&D,R&D,False,Montreal,roster,1.0,78,10166.413744633963,813.313099570717,1207.7699528625149,609.9848246780377,0.0,0.0,12797.481621745233
2026-01,emp-0011,Software Engineer,R&D,R&D,False,Montreal,roster,1.0,21,7868.639501614063,629.4911601291251,934.7943727917506,472.11837009684376,0.0,0.0,9905.04340463178
2026-02,emp-0011,Software Engineer,R&D,R&D,False,Montreal,roster,1.0,22,7868.639501614063,629.4911601291251,934.7943727917506,472.11837009684376,0.0,0.0,9905.04340463178
2026-03,emp-0011,Software Engineer,R&D,R&D,False,Montreal,roster,1.0,23,7868.639501614063,629.4911601291251,934.7943727917506,472.11837009684376,0.0,0.0,9905.04340463178
2026-04,emp-0011,Software Engineer,R&D,R&D,False,Montreal,roster,1.0,24,7868.639501614063,629.4911601291251,934.7943727917506,472.11837009684376,0.0,0.0,9905.04340463178
2026-05,emp-0011,Software Engineer,R&D,R&D,False,Montreal,roster,1.0,25,7868.639501614063,629.4911601291251,934.7943727917506,472.11837009684376,0.0,0.0,9905.04340463178
2026-06,emp-0011,Software Engineer,R&D,R&D,False,Montreal,roster,1.0,26,7868.639501614063,629.4911601291251,934.7943727917506,472.11837009684376,0.0,0.0,9905.04340463178
2026-07,emp-0011,Software Engineer,R&D,R&D,False,Montreal,roster,1.0,27,7868.639501614063,629.4911601291251,934.7943727917506,472.11837009684376,0.0,0.0,9905.04340463178
2026-08,emp-0011,Software Engineer,R&D,R&D,False,Montreal,roster,1.0,28,7868.639501614063,629.4911601291251,934.7943727917506,472.11837009684376,0.0,0.0,9905.04340463178
2026-09,emp-0011,Software Engineer,R&D,R&D,False,Montreal,roster,1.0,29,7868.639501614063,629.4911601291251,934.7943727917506,472.11837009684376,0.0,0.0,9905.04340463178
2026-10,emp-0011,Software Engineer,R&D,R&D,False,Montreal,roster,1.0,30,7868.639501614063,629.4911601291251,934.7943727917506,472.11837009684376,0.0,0.0,9905.04340463178
2026-11,emp-0011,Software Engineer,R&D,R&D,False,Montreal,roster,1.0,31,7868.639501614063,629.4911601291251,934.7943727917506,472.11837009684376,0.0,0.0,9905.04340463178
2026-12,emp-0011,Software Engineer,R&D,R&D,False,Montreal,roster,1.0,32,7868.639501614063,629.4911601291251,934.7943727917506,472.11837009684376,0.0,0.0,9905.04340463178
2026-01,emp-0012,Software Engineer,R&D,R&D,False,Montreal,roster,1.0,19,8048.196665655135,643.8557332524108,956.1257638798301,482.8917999393081,0.0,0.0,10131.069962726686
2026-02,emp-0012,Software Engineer,R&D,R&D,False,Montreal,roster,1.0,20,8048.196665655135,643.8557332524108,956.1257638798301,482.8917999393081,0.0,0.0,10131.069962726686
2026-03,emp-0012,Software Engineer,R&D,R&D,False,Montreal,roster,1.0,21,8048.196665655135,643.8557332524108,956.1257638798301,482.8917999393081,0.0,0.0,10131.069962726686
2026-04,emp-0012,Software Engineer,R&D,R&D,False,Montreal,roster,1.0,22,8048.196665655135,643.8557332524108,956.1257638798301,482.8917999393081,0.0,0.0,10131.069962726686
2026-05,emp-0012,Software Engineer,R&D,R&D,False,Montreal,roster,1.0,23,8048.196665655135,643.8557332524108,956.1257638798301,482.8917999393081,0.0,0.0,10131.069962726686
2026-06,emp-0012,Software Engineer,R&D,R&D,False,Montreal,roster,1.0,24,8048.196665655135,643.8557332524108,956.1257638798301,482.8917999393081,0.0,0.0,10131.069962726686
2026-07,emp-0012,Software Engineer,R&D,R&D,False,Montreal,roster,1.0,25,8048.196665655135,643.8557332524108,956.1257638798301,482.8917999393081,0.0,0.0,10131.069962726686
2026-08,emp-0012,Software Engineer,R&D,R&D,False,Montreal,roster,1.0,26,8048.196665655135,643.8557332524108,956.1257638798301,482.8917999393081,0.0,0.0,10131.069962726686
2026-09,emp-0012,Software Engineer,R&D,R&D,False,Montreal,roster,1.0,27,8048.196665655135,643.8557332524108,956.1257638798301,482.8917999393081,0.0,0.0,10131.069962726686
2026-10,emp-0012,Software Engineer,R&D,R&D,False,Montreal,roster,1.0,28,8048.196665655135,643.8557332524108,956.1257638798301,482.8917999393081,0.0,0.0,10131.069962726686
2026-11,emp-0012,Software Engineer,R&D,R&D,False,Montreal,roster,1.0,29,8048.196665655135,643.8557332524108,956.1257638798301,482.8917999393081,0.0,0.0,10131.069962726686
2026-12,emp-0012,Software Engineer,R&D,R&D,False,Montreal,roster,1.0,30,8048.196665655135,643.8557332524108,956.1257638798301,482.8917999393081,0.0,0.0,10131.069962726686
2026-01,emp-0013,Software Engineer,R&D,R&D,False,Montreal,roster,1.0,66,9088.844039949543,727.1075231959635,1079.7546719460058,545.3306423969725,0.0,0.0,11441.036877488485
2026-02,emp-0013,Software Engineer,R&D,R&D,False,Montreal,roster,1.0,67,9088.844039949543,727.1075231959635,1079.7546719460058,545.3306423969725,0.0,0.0,11441.036877488485
2026-03,emp-0013,Software Engineer,R&D,R&D,False,Montreal,roster,1.0,68,9088.844039949543,727.1075231959635,1079.7546719460058,545.3306423969725,0.0,0.0,11441.036877488485
2026-04,emp-0013,Software Engineer,R&D,R&D,False,Montreal,roster,1.0,69,9088.844039949543,727.1075231959635,1079.7546719460058,545.3306423969725,0.0,0.0,11441.036877488485
2026-05,emp-0013,Software Engineer,R&D,R&D,False,Montreal,roster,1.0,70,9088.844039949543,727.1075231959635,1079.7546719460058,545.3306423969725,0.0,0.0,11441.036877488485
2026-06,emp-0013,Software Engineer,R&D,R&D,False,Montreal,roster,1.0,71,9088.844039949543,727.1075231959635,1079.7546719460058,545.3306423969725,0.0,0.0,11441.036877488485
2026-07,emp-0013,Software Engineer,R&D,R&D,False,Montreal,roster,1.0,72,9088.844039949543,727.1075231959635,1079.7546719460058,545.3306423969725,0.0,0.0,11441.036877488485
2026-08,emp-0013,Software Engineer,R&D,R&D,False,Montreal,roster,1.0,73,9088.844039949543,727.1075231959635,1079.7546719460058,545.3306423969725,0.0,0.0,11441.036877488485
2026-09,emp-0013,Software Engineer,R&D,R&D,False,Montreal,roster,1.0,74,9088.844039949543,727.1075231959635,1079.7546719460058,545.3306423969725,0.0,0.0,11441.036877488485
2026-10,emp-0013,Software Engineer,R&D,R&D,False,Montreal,roster,1.0,75,9088.844039949543,727.1075231959635,1079.7546719460058,545.3306423969725,0.0,0.0,11441.036877488485
2026-11,emp-0013,Software Engineer,R&D,R&D,False,Montreal,roster,1.0,76,9088.844039949543,727.1075231959635,1079.7546719460058,545.3306423969725,0.0,0.0,11441.036877488485
2026-12,emp-0013,Software Engineer,R&D,R&D,False,Montreal,roster,1.0,77,9088.844039949543,727.1075231959635,1079.7546719460058,545.3306423969725,0.0,0.0,11441.036877488485
2026-01,emp-0014,Software Engineer,R&D,R&D,False,Montreal,roster,1.0,49,10095.07505900906,807.6060047207247,1199.2949170102763,605.7045035405436,0.0,0.0,12707.680484280605
2026-02,emp-0014,Software Engineer,R&D,R&D,False,Montreal,roster,1.0,50,10095.07505900906,807.6060047207247,1199.2949170102763,605.7045035405436,0.0,0.0,12707.680484280605
2026-03,emp-0014,Software Engineer,R&D,R&D,False,Montreal,roster,1.0,51,10095.07505900906,807.6060047207247,1199.2949170102763,605.7045035405436,0.0,0.0,12707.680484280605
2026-04,emp-0014,Software Engineer,R&D,R&D,False,Montreal,roster,1.0,52,10095.07505900906,807.6060047207247,1199.2949170102763,605.7045035405436,0.0,0.0,12707.680484280605
2026-05,emp-0014,Software Engineer,R&D,R&D,False,Montreal,roster,1.0,53,10095.07505900906,807.6060047207247,1199.2949170102763,605.7045035405436,0.0,0.0,12707.680484280605
2026-06,emp-0014,Software Engineer,R&D,R&D,False,Montreal,roster,1.0,54,10095.07505900906,807.6060047207247,1199.2949170102763,605.7045035405436,0.0,0.0,12707.680484280605
2026-07,emp-0014,Software Engineer,R&D,R&D,False,Montreal,roster,1.0,55,10095.07505900906,807.6060047207247,1199.2949170102763,605.7045035405436,0.0,0.0,12707.680484280605
2026-08,emp-0014,Software Engineer,R&D,R&D,False,Montreal,roster,1.0,56,10095.07505900906,807.6060047207247,1199.2949170102763,605.7045035405436,0.0,0.0,12707.680484280605
2026-09,emp-0014,Software Engineer,R&D,R&D,False,Montreal,roster,1.0,57,10095.07505900906,807.6060047207247,1199.2949170102763,605.7045035405436,0.0,0.0,12707.680484280605
2026-10,emp-0014,Software Engineer,R&D,R&D,False,Montreal,roster,1.0,58,10095.07505900906,807.6060047207247,1199.2949170102763,605.7045035405436,0.0,0.0,12707.680484280605
2026-11,emp-0014,Software Engineer,R&D,R&D,False,Montreal,roster,1.0,59,10095.07505900906,807.6060047207247,1199.2949170102763,605.7045035405436,0.0,0.0,12707.680484280605
2026-12,emp-0014,Software Engineer,R&D,R&D,False,Montreal,roster,1.0,60,10095.07505900906,807.6060047207247,1199.2949170102763,605.7045035405436,0.0,0.0,12707.680484280605
2026-01,emp-0015,Senior Software Engineer,R&D,R&D,False,Montreal,roster,1.0,49,12421.07812364048,993.6862498912384,1475.624081088489,745.2646874184288,0.0,0.0,15635.653142038635
2026-02,emp-0015,Senior Software Engineer,R&D,R&D,False,Montreal,roster,1.0,50,12421.07812364048,993.6862498912384,1475.624081088489,745.2646874184288,0.0,0.0,15635.653142038635
2026-03,emp-0015,Senior Software Engineer,R&D,R&D,False,Montreal,roster,1.0,51,12421.07812364048,993.6862498912384,1475.624081088489,745.2646874184288,0.0,0.0,15635.653142038635
2026-04,emp-0015,Senior Software Engineer,R&D,R&D,False,Montreal,roster,1.0,52,12421.07812364048,993.6862498912384,1475.624081088489,745.2646874184288,0.0,0.0,15635.653142038635
2026-05,emp-0015,Senior Software Engineer,R&D,R&D,False,Montreal,roster,1.0,53,12421.07812364048,993.6862498912384,1475.624081088489,745.2646874184288,0.0,0.0,15635.653142038635
2026-06,emp-0015,Senior Software Engineer,R&D,R&D,False,Montreal,roster,1.0,54,12421.07812364048,993.6862498912384,1475.624081088489,745.2646874184288,0.0,0.0,15635.653142038635
2026-07,emp-0015,Senior Software Engineer,R&D,R&D,False,Montreal,roster,1.0,55,12421.07812364048,993.6862498912384,1475.624081088489,745.2646874184288,0.0,0.0,15635.653142038635
2026-08,emp-0015,Senior Software Engineer,R&D,R&D,False,Montreal,roster,1.0,56,12421.07812364048,993.6862498912384,1475.624081088489,745.2646874184288,0.0,0.0,15635.653142038635
2026-09,emp-0015,Senior Software Engineer,R&D,R&D,False,Montreal,roster,1.0,57,12421.07812364048,993.6862498912384,1475.624081088489,745.2646874184288,0.0,0.0,15635.653142038635
2026-10,emp-0015,Senior Software Engineer,R&D,R&D,False,Montreal,roster,1.0,58,12421.07812364048,993.6862498912384,1475.624081088489,745.2646874184288,0.0,0.0,15635.653142038635
2026-11,emp-0015,Senior Software Engineer,R&D,R&D,False,Montreal,roster,1.0,59,12421.07812364048,993.6862498912384,1475.624081088489,745.2646874184288,0.0,0.0,15635.653142038635
2026-12,emp-0015,Senior Software Engineer,R&D,R&D,False,Montreal,roster,1.0,60,12421.07812364048,993.6862498912384,1475.624081088489,745.2646874184288,0.0,0.0,15635.653142038635
2026-01,emp-0017,Senior Software Engineer,R&D,R&D,False,Montreal,roster,1.0,42,11413.740884880186,913.099270790415,1355.952417123766,684.8244530928112,0.0,0.0,14367.617025887179
2026-02,emp-0017,Senior Software Engineer,R&D,R&D,False,Montreal,roster,1.0,43,11413.740884880186,913.099270790415,1355.952417123766,684.8244530928112,0.0,0.0,14367.617025887179
2026-03,emp-0017,Senior Software Engineer,R&D,R&D,False,Montreal,roster,1.0,44,11413.740884880186,913.099270790415,1355.952417123766,684.8244530928112,0.0,0.0,14367.617025887179
2026-04,emp-0017,Senior Software Engineer,R&D,R&D,False,Montreal,roster,1.0,45,11413.740884880186,913.099270790415,1355.952417123766,684.8244530928112,0.0,0.0,14367.617025887179
2026-05,emp-0017,Senior Software Engineer,R&D,R&D,False,Montreal,roster,1.0,46,11413.740884880186,913.099270790415,1355.952417123766,684.8244530928112,0.0,0.0,14367.617025887179
2026-06,emp-0017,Senior Software Engineer,R&D,R&D,False,Montreal,roster,1.0,47,11413.740884880186,913.099270790415,1355.952417123766,684.8244530928112,0.0,0.0,14367.617025887179
2026-07,emp-0017,Senior Software Engineer,R&D,R&D,False,Montreal,roster,1.0,48,11413.740884880186,913.099270790415,1355.952417123766,684.8244530928112,0.0,0.0,14367.617025887179
2026-08,emp-0017,Senior Software Engineer,R&D,R&D,False,Montreal,roster,1.0,49,11413.740884880186,913.099270790415,1355.952417123766,684.8244530928112,0.0,0.0,14367.617025887179
2026-09,emp-0017,Senior Software Engineer,R&D,R&D,False,Montreal,roster,1.0,50,11413.740884880186,913.099270790415,1355.952417123766,684.8244530928112,0.0,0.0,14367.617025887179
2026-10,emp-0017,Senior Software Engineer,R&D,R&D,False,Montreal,roster,1.0,51,11413.740884880186,913.099270790415,1355.952417123766,684.8244530928112,0.0,0.0,14367.617025887179
2026-11,emp-0017,Senior Software Engineer,R&D,R&D,False,Montreal,roster,1.0,52,11413.740884880186,913.099270790415,1355.952417123766,684.8244530928112,0.0,0.0,14367.617025887179
2026-12,emp-0017,Senior Software Engineer,R&D,R&D,False,Montreal,roster,1.0,53,11413.740884880186,913.099270790415,1355.952417123766,684.8244530928112,0.0,0.0,14367.617025887179
2026-01,emp-0018,Senior Software Engineer,R&D,R&D,False,Montreal,roster,1.0,70,12202.2786772212,976.182294177696,1449.6307068538786,732.136720633272,0.0,0.0,15360.228398886047
2026-02,emp-0018,Senior Software Engineer,R&D,R&D,False,Montreal,roster,1.0,71,12202.2786772212,976.182294177696,1449.6307068538786,732.136720633272,0.0,0.0,15360.228398886047
2026-03,emp-0018,Senior Software Engineer,R&D,R&D,False,Montreal,roster,1.0,72,12202.2786772212,976.182294177696,1449.6307068538786,732.136720633272,0.0,0.0,15360.228398886047
2026-04,emp-0018,Senior Software Engineer,R&D,R&D,False,Montreal,roster,1.0,73,12202.2786772212,976.182294177696,1449.6307068538786,732.136720633272,0.0,0.0,15360.228398886047
2026-05,emp-0018,Senior Software Engineer,R&D,R&D,False,Montreal,roster,1.0,74,12202.2786772212,976.182294177696,1449.6307068538786,732.136720633272,0.0,0.0,15360.228398886047
2026-06,emp-0018,Senior Software Engineer,R&D,R&D,False,Montreal,roster,1.0,75,12202.2786772212,976.182294177696,1449.6307068538786,732.136720633272,0.0,0.0,15360.228398886047
2026-07,emp-0018,Senior Software Engineer,R&D,R&D,False,Montreal,roster,1.0,76,12202.2786772212,976.182294177696,1449.6307068538786,732.136720633272,0.0,0.0,15360.228398886047
2026-08,emp-0018,Senior Software Engineer,R&D,R&D,False,Montreal,roster,1.0,77,12202.2786772212,976.182294177696,1449.6307068538786,732.136720633272,0.0,0.0,15360.228398886047
2026-09,emp-0018,Senior Software Engineer,R&D,R&D,False,Montreal,roster,1.0,78,12202.2786772212,976.182294177696,1449.6307068538786,732.136720633272,0.0,0.0,15360.228398886047
2026-10,emp-0018,Senior Software Engineer,R&D,R&D,False,Montreal,roster,1.0,79,12202.2786772212,976.182294177696,1449.6307068538786,732.136720633272,0.0,0.0,15360.228398886047
2026-11,emp-0018,Senior Software Engineer,R&D,R&D,False,Montreal,roster,1.0,80,12202.2786772212,976.182294177696,1449.6307068538786,732.136720633272,0.0,0.0,15360.228398886047
2026-12,emp-0018,Senior Software Engineer,R&D,R&D,False,Montreal,roster,1.0,81,12202.2786772212,976.182294177696,1449.6307068538786,732.136720633272,0.0,0.0,15360.228398886047
2026-01,emp-0019,Senior Software Engineer,R&D,R&D,False,Montreal,roster,1.0,71,13571.421849077315,1085.713747926185,1612.284915670385,814.2853109446388,0.0,0.0,17083.705823618526
2026-02,emp-0019,Senior Software Engineer,R&D,R&D,False,Montreal,roster,1.0,72,13571.421849077315,1085.713747926185,1612.284915670385,814.2853109446388,0.0,0.0,17083.705823618526
2026-03,emp-0019,Senior Software Engineer,R&D,R&D,False,Montreal,roster,1.0,73,13571.421849077315,1085.713747926185,1612.284915670385,814.2853109446388,0.0,0.0,17083.705823618526
2026-04,emp-0019,Senior Software Engineer,R&D,R&D,False,Montreal,roster,1.0,74,13571.421849077315,1085.713747926185,1612.284915670385,814.2853109446388,0.0,0.0,17083.705823618526
2026-05,emp-0019,Senior Software Engineer,R&D,R&D,False,Montreal,roster,1.0,75,13571.421849077315,1085.713747926185,1612.284915670385,814.2853109446388,0.0,0.0,17083.705823618526
2026-06,emp-0019,Senior Software Engineer,R&D,R&D,False,Montreal,roster,1.0,76,13571.421849077315,1085.713747926185,1612.284915670385,814.2853109446388,0.0,0.0,17083.705823618526
2026-07,emp-0019,Senior Software Engineer,R&D,R&D,False,Montreal,roster,1.0,77,13571.421849077315,1085.713747926185,1612.284915670385,814.2853109446388,0.0,0.0,17083.705823618526
2026-08,emp-0019,Senior Software Engineer,R&D,R&D,False,Montreal,roster,1.0,78,13571.421849077315,1085.713747926185,1612.284915670385,814.2853109446388,0.0,0.0,17083.705823618526
2026-09,emp-0019,Senior Software Engineer,R&D,R&D,False,Montreal,roster,1.0,79,13571.421849077315,1085.713747926185,1612.284915670385,814.2853109446388,0.0,0.0,17083.705823618526
2026-10,emp-0019,Senior Software Engineer,R&D,R&D,False,Montreal,roster,1.0,80,13571.421849077315,1085.713747926185,1612.284915670385,814.2853109446388,0.0,0.0,17083.705823618526
2026-11,emp-0019,Senior Software Engineer,R&D,R&D,False,Montreal,roster,1.0,81,13571.421849077315,1085.713747926185,1612.284915670385,814.2853109446388,0.0,0.0,17083.705823618526
2026-12,emp-0019,Senior Software Engineer,R&D,R&D,False,Montreal,roster,1.0,82,13571.421849077315,1085.713747926185,1612.284915670385,814.2853109446388,0.0,0.0,17083.705823618526
2026-01,emp-0021,Senior Software Engineer,R&D,R&D,False,Montreal,roster,1.0,20,10941.917648153363,875.3534118522691,1299.8998166006195,656.5150588892018,0.0,0.0,13773.685935495452
2026-02,emp-0021,Senior Software Engineer,R&D,R&D,False,Montreal,roster,1.0,21,10941.917648153363,875.3534118522691,1299.8998166006195,656.5150588892018,0.0,0.0,13773.685935495452
2026-03,emp-0021,Senior Software Engineer,R&D,R&D,False,Montreal,roster,1.0,22,10941.917648153363,875.3534118522691,1299.8998166006195,656.5150588892018,0.0,0.0,13773.685935495452
2026-04,emp-0021,Senior Software Engineer,R&D,R&D,False,Montreal,roster,1.0,23,10941.917648153363,875.3534118522691,1299.8998166006195,656.5150588892018,0.0,0.0,13773.685935495452
2026-05,emp-0021,Senior Software Engineer,R&D,R&D,False,Montreal,roster,1.0,24,10941.917648153363,875.3534118522691,1299.8998166006195,656.5150588892018,0.0,0.0,13773.685935495452
2026-06,emp-0021,Senior Software Engineer,R&D,R&D,False,Montreal,roster,1.0,25,10941.917648153363,875.3534118522691,1299.8998166006195,656.5150588892018,0.0,0.0,13773.685935495452
2026-07,emp-0021,Senior Software Engineer,R&D,R&D,False,Montreal,roster,1.0,26,10941.917648153363,875.3534118522691,1299.8998166006195,656.5150588892018,0.0,0.0,13773.685935495452
2026-08,emp-0021,Senior Software Engineer,R&D,R&D,False,Montreal,roster,1.0,27,10941.917648153363,875.3534118522691,1299.8998166006195,656.5150588892018,0.0,0.0,13773.685935495452
2026-09,emp-0021,Senior Software Engineer,R&D,R&D,False,Montreal,roster,1.0,28,10941.917648153363,875.3534118522691,1299.8998166006195,656.5150588892018,0.0,0.0,13773.685935495452
2026-10,emp-0021,Senior Software Engineer,R&D,R&D,False,Montreal,roster,1.0,29,10941.917648153363,875.3534118522691,1299.8998166006195,656.5150588892018,0.0,0.0,13773.685935495452
2026-11,emp-0021,Senior Software Engineer,R&D,R&D,False,Montreal,roster,1.0,30,10941.917648153363,875.3534118522691,1299.8998166006195,656.5150588892018,0.0,0.0,13773.685935495452
2026-12,emp-0021,Senior Software Engineer,R&D,R&D,False,Montreal,roster,1.0,31,10941.917648153363,875.3534118522691,1299.8998166006195,656.5150588892018,0.0,0.0,13773.685935495452
2026-01,emp-0022,Senior Software Engineer,R&D,R&D,False,Montreal,roster,1.0,72,13222.88097420566,1057.8304779364528,1570.8782597356326,793.3728584523395,0.0,0.0,16644.962570330084
2026-02,emp-0022,Senior Software Engineer,R&D,R&D,False,Montreal,roster,1.0,73,13222.88097420566,1057.8304779364528,1570.8782597356326,793.3728584523395,0.0,0.0,16644.962570330084
2026-03,emp-0022,Senior Software Engineer,R&D,R&D,False,Montreal,roster,1.0,74,13222.88097420566,1057.8304779364528,1570.8782597356326,793.3728584523395,0.0,0.0,16644.962570330084
2026-04,emp-0022,Senior Software Engineer,R&D,R&D,False,Montreal,roster,1.0,75,13222.88097420566,1057.8304779364528,1570.8782597356326,793.3728584523395,0.0,0.0,16644.962570330084
2026-05,emp-0022,Senior Software Engineer,R&D,R&D,False,Montreal,roster,1.0,76,13222.88097420566,1057.8304779364528,1570.8782597356326,793.3728584523395,0.0,0.0,16644.962570330084
2026-06,emp-0022,Senior Software Engineer,R&D,R&D,False,Montreal,roster,1.0,77,13222.88097420566,1057.8304779364528,1570.8782597356326,793.3728584523395,0.0,0.0,16644.962570330084
2026-07,emp-0022,Senior Software Engineer,R&D,R&D,False,Montreal,roster,1.0,78,13222.88097420566,1057.8304779364528,1570.8782597356326,793.3728584523395,0.0,0.0,16644.962570330084
2026-08,emp-0022,Senior Software Engineer,R&D,R&D,False,Montreal,roster,1.0,79,13222.88097420566,1057.8304779364528,1570.8782597356326,793.3728584523395,0.0,0.0,16644.962570330084
2026-09,emp-0022,Senior Software Engineer,R&D,R&D,False,Montreal,roster,1.0,80,13222.88097420566,1057.8304779364528,1570.8782597356326,793.3728584523395,0.0,0.0,16644.962570330084
2026-10,emp-0022,Senior Software Engineer,R&D,R&D,False,Montreal,roster,1.0,81,13222.88097420566,1057.8304779364528,1570.8782597356326,793.3728584523395,0.0,0.0,16644.962570330084
2026-11,emp-0022,Senior Software Engineer,R&D,R&D,False,Montreal,roster,1.0,82,13222.88097420566,1057.8304779364528,1570.8782597356326,793.3728584523395,0.0,0.0,16644.962570330084
2026-12,emp-0022,Senior Software Engineer,R&D,R&D,False,Montreal,roster,1.0,83,13222.88097420566,1057.8304779364528,1570.8782597356326,793.3728584523395,0.0,0.0,16644.962570330084
2026-01,emp-0023,Senior Software Engineer,R&D,R&D,False,Montreal,roster,1.0,43,12846.718167706962,1027.737453416557,1526.190118323587,770.8030900624177,0.0,0.0,16171.448829509525
2026-02,emp-0023,Senior Software Engineer,R&D,R&D,False,Montreal,roster,1.0,44,12846.718167706962,1027.737453416557,1526.190118323587,770.8030900624177,0.0,0.0,16171.448829509525
2026-03,emp-0023,Senior Software Engineer,R&D,R&D,False,Montreal,roster,1.0,45,12846.718167706962,1027.737453416557,1526.190118323587,770.8030900624177,0.0,0.0,16171.448829509525
2026-04,emp-0023,Senior Software Engineer,R&D,R&D,False,Montreal,roster,1.0,46,12846.718167706962,1027.737453416557,1526.190118323587,770.8030900624177,0.0,0.0,16171.448829509525
2026-05,emp-0023,Senior Software Engineer,R&D,R&D,False,Montreal,roster,1.0,47,12846.718167706962,1027.737453416557,1526.190118323587,770.8030900624177,0.0,0.0,16171.448829509525
2026-06,emp-0023,Senior Software Engineer,R&D,R&D,False,Montreal,roster,1.0,48,12846.718167706962,1027.737453416557,1526.190118323587,770.8030900624177,0.0,0.0,16171.448829509525
2026-07,emp-0023,Senior Software Engineer,R&D,R&D,False,Montreal,roster,1.0,49,12846.718167706962,1027.737453416557,1526.190118323587,770.8030900624177,0.0,0.0,16171.448829509525
2026-08,emp-0023,Senior Software Engineer,R&D,R&D,False,Montreal,roster,1.0,50,12846.718167706962,1027.737453416557,1526.190118323587,770.8030900624177,0.0,0.0,16171.448829509525
2026-09,emp-0023,Senior Software Engineer,R&D,R&D,False,Montreal,roster,1.0,51,12846.718167706962,1027.737453416557,1526.190118323587,770.8030900624177,0.0,0.0,16171.448829509525
2026-10,emp-0023,Senior Software Engineer,R&D,R&D,False,Montreal,roster,1.0,52,12846.718167706962,1027.737453416557,1526.190118323587,770.8030900624177,0.0,0.0,16171.448829509525
2026-11,emp-0023,Senior Software Engineer,R&D,R&D,False,Montreal,roster,1.0,53,12846.718167706962,1027.737453416557,1526.190118323587,770.8030900624177,0.0,0.0,16171.448829509525
2026-12,emp-0023,Senior Software Engineer,R&D,R&D,False,Montreal,roster,1.0,54,12846.718167706962,1027.737453416557,1526.190118323587,770.8030900624177,0.0,0.0,16171.448829509525
2026-01,emp-0024,Senior Software Engineer,R&D,R&D,False,Montreal,roster,1.0,59,11554.005171925492,924.3204137540394,1372.6158144247484,693.2403103155294,0.0,0.0,14544.181710419809
2026-02,emp-0024,Senior Software Engineer,R&D,R&D,False,Montreal,roster,1.0,60,11554.005171925492,924.3204137540394,1372.6158144247484,693.2403103155294,0.0,0.0,14544.181710419809
2026-03,emp-0024,Senior Software Engineer,R&D,R&D,False,Montreal,roster,1.0,61,11554.005171925492,924.3204137540394,1372.6158144247484,693.2403103155294,0.0,0.0,14544.181710419809
2026-04,emp-0024,Senior Software Engineer,R&D,R&D,False,Montreal,roster,1.0,62,11554.005171925492,924.3204137540394,1372.6158144247484,693.2403103155294,0.0,0.0,14544.181710419809
2026-05,emp-0024,Senior Software Engineer,R&D,R&D,False,Montreal,roster,1.0,63,11554.005171925492,924.3204137540394,1372.6158144247484,693.2403103155294,0.0,0.0,14544.181710419809
2026-06,emp-0024,Senior Software Engineer,R&D,R&D,False,Montreal,roster,1.0,64,11554.005171925492,924.3204137540394,1372.6158144247484,693.2403103155294,0.0,0.0,14544.181710419809
2026-07,emp-0024,Senior Software Engineer,R&D,R&D,False,Montreal,roster,1.0,65,11554.005171925492,924.3204137540394,1372.6158144247484,693.2403103155294,0.0,0.0,14544.181710419809
2026-08,emp-0024,Senior Software Engineer,R&D,R&D,False,Montreal,roster,1.0,66,11554.005171925492,924.3204137540394,1372.6158144247484,693.2403103155294,0.0,0.0,14544.181710419809
2026-09,emp-0024,Senior Software Engineer,R&D,R&D,False,Montreal,roster,1.0,67,11554.005171925492,924.3204137540394,1372.6158144247484,693.2403103155294,0.0,0.0,14544.181710419809
2026-10,emp-0024,Senior Software Engineer,R&D,R&D,False,Montreal,roster,1.0,68,11554.005171925492,924.3204137540394,1372.6158144247484,693.2403103155294,0.0,0.0,14544.181710419809
2026-11,emp-0024,Senior Software Engineer,R&D,R&D,False,Montreal,roster,1.0,69,11554.005171925492,924.3204137540394,1372.6158144247484,693.2403103155294,0.0,0.0,14544.181710419809
2026-12,emp-0024,Senior Software Engineer,R&D,R&D,False,Montreal,roster,1.0,70,11554.005171925492,924.3204137540394,1372.6158144247484,693.2403103155294,0.0,0.0,14544.181710419809
2026-01,emp-0025,Engineering Manager,R&D,R&D,False,Montreal,roster,1.0,21,14561.023567776283,1164.8818854221026,1729.8495998518224,873.661414066577,0.0,0.0,18329.416467116785
2026-02,emp-0025,Engineering Manager,R&D,R&D,False,Montreal,roster,1.0,22,14561.023567776283,1164.8818854221026,1729.8495998518224,873.661414066577,0.0,0.0,18329.416467116785
2026-03,emp-0025,Engineering Manager,R&D,R&D,False,Montreal,roster,1.0,23,14561.023567776283,1164.8818854221026,1729.8495998518224,873.661414066577,0.0,0.0,18329.416467116785
2026-04,emp-0025,Engineering Manager,R&D,R&D,False,Montreal,roster,1.0,24,14561.023567776283,1164.8818854221026,1729.8495998518224,873.661414066577,0.0,0.0,18329.416467116785
2026-05,emp-0025,Engineering Manager,R&D,R&D,False,Montreal,roster,1.0,25,14561.023567776283,1164.8818854221026,1729.8495998518224,873.661414066577,0.0,0.0,18329.416467116785
2026-06,emp-0025,Engineering Manager,R&D,R&D,False,Montreal,roster,1.0,26,14561.023567776283,1164.8818854221026,1729.8495998518224,873.661414066577,0.0,0.0,18329.416467116785
2026-07,emp-0025,Engineering Manager,R&D,R&D,False,Montreal,roster,1.0,27,14561.023567776283,1164.8818854221026,1729.8495998518224,873.661414066577,0.0,0.0,18329.416467116785
2026-08,emp-0025,Engineering Manager,R&D,R&D,False,Montreal,roster,1.0,28,14561.023567776283,1164.8818854221026,1729.8495998518224,873.661414066577,0.0,0.0,18329.416467116785
2026-09,emp-0025,Engineering Manager,R&D,R&D,False,Montreal,roster,1.0,29,14561.023567776283,1164.8818854221026,1729.8495998518224,873.661414066577,0.0,0.0,18329.416467116785
2026-10,emp-0025,Engineering Manager,R&D,R&D,False,Montreal,roster,1.0,30,14561.023567776283,1164.8818854221026,1729.8495998518224,873.661414066577,0.0,0.0,18329.416467116785
2026-11,emp-0025,Engineering Manager,R&D,R&D,False,Montreal,roster,1.0,31,14561.023567776283,1164.8818854221026,1729.8495998518224,873.661414066577,0.0,0.0,18329.416467116785
2026-12,emp-0025,Engineering Manager,R&D,R&D,False,Montreal,roster,1.0,32,14561.023567776283,1164.8818854221026,1729.8495998518224,873.661414066577,0.0,0.0,18329.416467116785
2026-01,emp-0026,Engineering Manager,R&D,R&D,False,Montreal,roster,1.0,64,16456.835088639335,1316.5468070911468,1955.072008530353,987.41010531836,0.0,0.0,20715.864009579196
2026-02,emp-0026,Engineering Manager,R&D,R&D,False,Montreal,roster,1.0,65,16456.835088639335,1316.5468070911468,1955.072008530353,987.41010531836,0.0,0.0,20715.864009579196
2026-03,emp-0026,Engineering Manager,R&D,R&D,False,Montreal,roster,1.0,66,16456.835088639335,1316.5468070911468,1955.072008530353,987.41010531836,0.0,0.0,20715.864009579196
2026-04,emp-0026,Engineering Manager,R&D,R&D,False,Montreal,roster,1.0,67,16456.835088639335,1316.5468070911468,1955.072008530353,987.41010531836,0.0,0.0,20715.864009579196
2026-05,emp-0026,Engineering Manager,R&D,R&D,False,Montreal,roster,1.0,68,16456.835088639335,1316.5468070911468,1955.072008530353,987.41010531836,0.0,0.0,20715.864009579196
2026-06,emp-0026,Engineering Manager,R&D,R&D,False,Montreal,roster,1.0,69,16456.835088639335,1316.5468070911468,1955.072008530353,987.41010531836,0.0,0.0,20715.864009579196
2026-07,emp-0026,Engineering Manager,R&D,R&D,False,Montreal,roster,1.0,70,16456.835088639335,1316.5468070911468,1955.072008530353,987.41010531836,0.0,0.0,20715.864009579196
2026-08,emp-0026,Engineering Manager,R&D,R&D,False,Montreal,roster,1.0,71,16456.835088639335,1316.5468070911468,1955.072008530353,987.41010531836,0.0,0.0,20715.864009579196
2026-09,emp-0026,Engineering Manager,R&D,R&D,False,Montreal,roster,1.0,72,16456.835088639335,1316.5468070911468,1955.072008530353,987.41010531836,0.0,0.0,20715.864009579196
2026-10,emp-0026,Engineering Manager,R&D,R&D,False,Montreal,roster,1.0,73,16456.835088639335,1316.5468070911468,1955.072008530353,987.41010531836,0.0,0.0,20715.864009579196
2026-11,emp-0026,Engineering Manager,R&D,R&D,False,Montreal,roster,1.0,74,16456.835088639335,1316.5468070911468,1955.072008530353,987.41010531836,0.0,0.0,20715.864009579196
2026-12,emp-0026,Engineering Manager,R&D,R&D,False,Montreal,roster,1.0,75,16456.835088639335,1316.5468070911468,1955.072008530353,987.41010531836,0.0,0.0,20715.864009579196
2026-01,emp-0028,Product Manager,R&D,R&D,False,Montreal,roster,1.0,83,12665.214495257876,1013.2171596206301,1504.6274820366357,759.9128697154725,0.0,0.0,15942.972006630614
2026-02,emp-0028,Product Manager,R&D,R&D,False,Montreal,roster,1.0,84,12665.214495257876,1013.2171596206301,1504.6274820366357,759.9128697154725,0.0,0.0,15942.972006630614
2026-03,emp-0028,Product Manager,R&D,R&D,False,Montreal,roster,1.0,85,12665.214495257876,1013.2171596206301,1504.6274820366357,759.9128697154725,0.0,0.0,15942.972006630614
2026-04,emp-0028,Product Manager,R&D,R&D,False,Montreal,roster,1.0,86,12665.214495257876,1013.2171596206301,1504.6274820366357,759.9128697154725,0.0,0.0,15942.972006630614
2026-05,emp-0028,Product Manager,R&D,R&D,False,Montreal,roster,1.0,87,12665.214495257876,1013.2171596206301,1504.6274820366357,759.9128697154725,0.0,0.0,15942.972006630614
2026-06,emp-0028,Product Manager,R&D,R&D,False,Montreal,roster,1.0,88,12665.214495257876,1013.2171596206301,1504.6274820366357,759.9128697154725,0.0,0.0,15942.972006630614
2026-07,emp-0028,Product Manager,R&D,R&D,False,Montreal,roster,1.0,89,12665.214495257876,1013.2171596206301,1504.6274820366357,759.9128697154725,0.0,0.0,15942.972006630614
2026-08,emp-0028,Product Manager,R&D,R&D,False,Montreal,roster,1.0,90,12665.214495257876,1013.2171596206301,1504.6274820366357,759.9128697154725,0.0,0.0,15942.972006630614
2026-09,emp-0028,Product Manager,R&D,R&D,False,Montreal,roster,1.0,91,12665.214495257876,1013.2171596206301,1504.6274820366357,759.9128697154725,0.0,0.0,15942.972006630614
2026-10,emp-0028,Product Manager,R&D,R&D,False,Montreal,roster,1.0,92,12665.214495257876,1013.2171596206301,1504.6274820366357,759.9128697154725,0.0,0.0,15942.972006630614
2026-11,emp-0028,Product Manager,R&D,R&D,False,Montreal,roster,1.0,93,12665.214495257876,1013.2171596206301,1504.6274820366357,759.9128697154725,0.0,0.0,15942.972006630614
2026-12,emp-0028,Product Manager,R&D,R&D,False,Montreal,roster,1.0,94,12665.214495257876,1013.2171596206301,1504.6274820366357,759.9128697154725,0.0,0.0,15942.972006630614
2026-01,emp-0029,Product Manager,R&D,R&D,False,Montreal,roster,1.0,51,12235.34160904579,978.8273287236633,1453.5585831546398,734.1204965427474,0.0,0.0,15401.84801746684
2026-02,emp-0029,Product Manager,R&D,R&D,False,Montreal,roster,1.0,52,12235.34160904579,978.8273287236633,1453.5585831546398,734.1204965427474,0.0,0.0,15401.84801746684
2026-03,emp-0029,Product Manager,R&D,R&D,False,Montreal,roster,1.0,53,12235.34160904579,978.8273287236633,1453.5585831546398,734.1204965427474,0.0,0.0,15401.84801746684
2026-04,emp-0029,Product Manager,R&D,R&D,False,Montreal,roster,1.0,54,12235.34160904579,978.8273287236633,1453.5585831546398,734.1204965427474,0.0,0.0,15401.84801746684
2026-05,emp-0029,Product Manager,R&D,R&D,False,Montreal,roster,1.0,55,12235.34160904579,978.8273287236633,1453.5585831546398,734.1204965427474,0.0,0.0,15401.84801746684
2026-06,emp-0029,Product Manager,R&D,R&D,False,Montreal,roster,1.0,56,12235.34160904579,978.8273287236633,1453.5585831546398,734.1204965427474,0.0,0.0,15401.84801746684
2026-07,emp-0029,Product Manager,R&D,R&D,False,Montreal,roster,1.0,57,12235.34160904579,978.8273287236633,1453.5585831546398,734.1204965427474,0.0,0.0,15401.84801746684
2026-08,emp-0029,Product Manager,R&D,R&D,False,Montreal,roster,1.0,58,12235.34160904579,978.8273287236633,1453.5585831546398,734.1204965427474,0.0,0.0,15401.84801746684
2026-09,emp-0029,Product Manager,R&D,R&D,False,Montreal,roster,1.0,59,12235.34160904579,978.8273287236633,1453.5585831546398,734.1204965427474,0.0,0.0,15401.84801746684
2026-10,emp-0029,Product Manager,R&D,R&D,False,Montreal,roster,1.0,60,12235.34160904579,978.8273287236633,1453.5585831546398,734.1204965427474,0.0,0.0,15401.84801746684
2026-11,emp-0029,Product Manager,R&D,R&D,False,Montreal,roster,1.0,61,12235.34160904579,978.8273287236633,1453.5585831546398,734.1204965427474,0.0,0.0,15401.84801746684
2026-12,emp-0029,Product Manager,R&D,R&D,False,Montreal,roster,1.0,62,12235.34160904579,978.8273287236633,1453.5585831546398,734.1204965427474,0.0,0.0,15401.84801746684
2026-01,emp-0031,Product Designer,R&D,R&D,False,Montreal,roster,1.0,83,10197.49189002867,815.7993512022937,1211.462036535406,611.8495134017202,0.0,0.0,12836.602791168089
2026-02,emp-0031,Product Designer,R&D,R&D,False,Montreal,roster,1.0,84,10197.49189002867,815.7993512022937,1211.462036535406,611.8495134017202,0.0,0.0,12836.602791168089
2026-03,emp-0031,Product Designer,R&D,R&D,False,Montreal,roster,1.0,85,10197.49189002867,815.7993512022937,1211.462036535406,611.8495134017202,0.0,0.0,12836.602791168089
2026-04,emp-0031,Product Designer,R&D,R&D,False,Montreal,roster,1.0,86,10197.49189002867,815.7993512022937,1211.462036535406,611.8495134017202,0.0,0.0,12836.602791168089
2026-05,emp-0031,Product Designer,R&D,R&D,False,Montreal,roster,1.0,87,10197.49189002867,815.7993512022937,1211.462036535406,611.8495134017202,0.0,0.0,12836.602791168089
2026-06,emp-0031,Product Designer,R&D,R&D,False,Montreal,roster,1.0,88,10197.49189002867,815.7993512022937,1211.462036535406,611.8495134017202,0.0,0.0,12836.602791168089
2026-07,emp-0031,Product Designer,R&D,R&D,False,Montreal,roster,1.0,89,10197.49189002867,815.7993512022937,1211.462036535406,611.8495134017202,0.0,0.0,12836.602791168089
2026-08,emp-0031,Product Designer,R&D,R&D,False,Montreal,roster,1.0,90,10197.49189002867,815.7993512022937,1211.462036535406,611.8495134017202,0.0,0.0,12836.602791168089
2026-09,emp-0031,Product Designer,R&D,R&D,False,Montreal,roster,1.0,91,10197.49189002867,815.7993512022937,1211.462036535406,611.8495134017202,0.0,0.0,12836.602791168089
2026-10,emp-0031,Product Designer,R&D,R&D,False,Montreal,roster,1.0,92,10197.49189002867,815.7993512022937,1211.462036535406,611.8495134017202,0.0,0.0,12836.602791168089
2026-11,emp-0031,Product Designer,R&D,R&D,False,Montreal,roster,1.0,93,10197.49189002867,815.7993512022937,1211.462036535406,611.8495134017202,0.0,0.0,12836.602791168089
2026-12,emp-0031,Product Designer,R&D,R&D,False,Montreal,roster,1.0,94,10197.49189002867,815.7993512022937,1211.462036535406,611.8495134017202,0.0,0.0,12836.602791168089
2026-01,emp-0032,Product Designer,R&D,R&D,False,Montreal,roster,1.0,41,8800.798588759835,704.0638871007868,1045.5348723446684,528.0479153255901,0.0,0.0,11078.44526353088
2026-02,emp-0032,Product Designer,R&D,R&D,False,Montreal,roster,1.0,42,8800.798588759835,704.0638871007868,1045.5348723446684,528.0479153255901,0.0,0.0,11078.44526353088
2026-03,emp-0032,Product Designer,R&D,R&D,False,Montreal,roster,1.0,43,8800.798588759835,704.0638871007868,1045.5348723446684,528.0479153255901,0.0,0.0,11078.44526353088
2026-04,emp-0032,Product Designer,R&D,R&D,False,Montreal,roster,1.0,44,8800.798588759835,704.0638871007868,1045.5348723446684,528.0479153255901,0.0,0.0,11078.44526353088
2026-05,emp-0032,Product Designer,R&D,R&D,False,Montreal,roster,1.0,45,8800.798588759835,704.0638871007868,1045.5348723446684,528.0479153255901,0.0,0.0,11078.44526353088
2026-06,emp-0032,Product Designer,R&D,R&D,False,Montreal,roster,1.0,46,8800.798588759835,704.0638871007868,1045.5348723446684,528.0479153255901,0.0,0.0,11078.44526353088
2026-07,emp-0032,Product Designer,R&D,R&D,False,Montreal,roster,1.0,47,8800.798588759835,704.0638871007868,1045.5348723446684,528.0479153255901,0.0,0.0,11078.44526353088
2026-08,emp-0032,Product Designer,R&D,R&D,False,Montreal,roster,1.0,48,8800.798588759835,704.0638871007868,1045.5348723446684,528.0479153255901,0.0,0.0,11078.44526353088
2026-09,emp-0032,Product Designer,R&D,R&D,False,Montreal,roster,1.0,49,8800.798588759835,704.0638871007868,1045.5348723446684,528.0479153255901,0.0,0.0,11078.44526353088
2026-10,emp-0032,Product Designer,R&D,R&D,False,Montreal,roster,1.0,50,8800.798588759835,704.0638871007868,1045.5348723446684,528.0479153255901,0.0,0.0,11078.44526353088
2026-11,emp-0032,Product Designer,R&D,R&D,False,Montreal,roster,1.0,51,8800.798588759835,704.0638871007868,1045.5348723446684,528.0479153255901,0.0,0.0,11078.44526353088
2026-12,emp-0032,Product Designer,R&D,R&D,False,Montreal,roster,1.0,52,8800.798588759835,704.0638871007868,1045.5348723446684,528.0479153255901,0.0,0.0,11078.44526353088
2026-01,emp-0033,Data Engineer,R&D,R&D,False,Montreal,roster,1.0,51,12480.232438057996,998.4185950446397,1482.65161364129,748.8139462834797,0.0,0.0,15710.116593027404
2026-02,emp-0033,Data Engineer,R&D,R&D,False,Montreal,roster,1.0,52,12480.232438057996,998.4185950446397,1482.65161364129,748.8139462834797,0.0,0.0,15710.116593027404
2026-03,emp-0033,Data Engineer,R&D,R&D,False,Montreal,roster,1.0,53,12480.232438057996,998.4185950446397,1482.65161364129,748.8139462834797,0.0,0.0,15710.116593027404
2026-04,emp-0033,Data Engineer,R&D,R&D,False,Montreal,roster,1.0,54,12480.232438057996,998.4185950446397,1482.65161364129,748.8139462834797,0.0,0.0,15710.116593027404
2026-05,emp-0033,Data Engineer,R&D,R&D,False,Montreal,roster,1.0,55,12480.232438057996,998.4185950446397,1482.65161364129,748.8139462834797,0.0,0.0,15710.116593027404
2026-06,emp-0033,Data Engineer,R&D,R&D,False,Montreal,roster,1.0,56,12480.232438057996,998.4185950446397,1482.65161364129,748.8139462834797,0.0,0.0,15710.116593027404
2026-07,emp-0033,Data Engineer,R&D,R&D,False,Montreal,roster,1.0,57,12480.232438057996,998.4185950446397,1482.65161364129,748.8139462834797,0.0,0.0,15710.116593027404
2026-08,emp-0033,Data Engineer,R&D,R&D,False,Montreal,roster,1.0,58,12480.232438057996,998.4185950446397,1482.65161364129,748.8139462834797,0.0,0.0,15710.116593027404
2026-09,emp-0033,Data Engineer,R&D,R&D,False,Montreal,roster,1.0,59,12480.232438057996,998.4185950446397,1482.65161364129,748.8139462834797,0.0,0.0,15710.116593027404
2026-10,emp-0033,Data Engineer,R&D,R&D,False,Montreal,roster,1.0,60,12480.232438057996,998.4185950446397,1482.65161364129,748.8139462834797,0.0,0.0,15710.116593027404
2026-11,emp-0033,Data Engineer,R&D,R&D,False,Montreal,roster,1.0,61,12480.232438057996,998.4185950446397,1482.65161364129,748.8139462834797,0.0,0.0,15710.116593027404
2026-12,emp-0033,Data Engineer,R&D,R&D,False,Montreal,roster,1.0,62,12480.232438057996,998.4185950446397,1482.65161364129,748.8139462834797,0.0,0.0,15710.116593027404
2026-01,emp-0034,Data Engineer,R&D,R&D,False,Montreal,roster,1.0,55,12248.917471650762,979.913397732061,1455.1713956321107,734.9350482990457,0.0,0.0,15418.93731331398
2026-02,emp-0034,Data Engineer,R&D,R&D,False,Montreal,roster,1.0,56,12248.917471650762,979.913397732061,1455.1713956321107,734.9350482990457,0.0,0.0,15418.93731331398
2026-03,emp-0034,Data Engineer,R&D,R&D,False,Montreal,roster,1.0,57,12248.917471650762,979.913397732061,1455.1713956321107,734.9350482990457,0.0,0.0,15418.93731331398
2026-04,emp-0034,Data Engineer,R&D,R&D,False,Montreal,roster,1.0,58,12248.917471650762,979.913397732061,1455.1713956321107,734.9350482990457,0.0,0.0,15418.93731331398
2026-05,emp-0034,Data Engineer,R&D,R&D,False,Montreal,roster,1.0,59,12248.917471650762,979.913397732061,1455.1713956321107,734.9350482990457,0.0,0.0,15418.93731331398
2026-06,emp-0034,Data Engineer,R&D,R&D,False,Montreal,roster,1.0,60,12248.917471650762,979.913397732061,1455.1713956321107,734.9350482990457,0.0,0.0,15418.93731331398
2026-07,emp-0034,Data Engineer,R&D,R&D,False,Montreal,roster,1.0,61,12248.917471650762,979.913397732061,1455.1713956321107,734.9350482990457,0.0,0.0,15418.93731331398
2026-08,emp-0034,Data Engineer,R&D,R&D,False,Montreal,roster,1.0,62,12248.917471650762,979.913397732061,1455.1713956321107,734.9350482990457,0.0,0.0,15418.93731331398
2026-09,emp-0034,Data Engineer,R&D,R&D,False,Montreal,roster,1.0,63,12248.917471650762,979.913397732061,1455.1713956321107,734.9350482990457,0.0,0.0,15418.93731331398
2026-10,emp-0034,Data Engineer,R&D,R&D,False,Montreal,roster,1.0,64,12248.917471650762,979.913397732061,1455.1713956321107,734.9350482990457,0.0,0.0,15418.93731331398
2026-11,emp-0034,Data Engineer,R&D,R&D,False,Montreal,roster,1.0,65,12248.917471650762,979.913397732061,1455.1713956321107,734.9350482990457,0.0,0.0,15418.93731331398
2026-12,emp-0034,Data Engineer,R&D,R&D,False,Montreal,roster,1.0,66,12248.917471650762,979.913397732061,1455.1713956321107,734.9350482990457,0.0,0.0,15418.93731331398
2026-01,emp-0035,Software Engineer,R&D,R&D,False,Paris,roster,1.0,57,8115.132287963027,649.2105830370422,3681.0240058200293,405.7566143981514,0.0,0.0,12851.12349121825
2026-02,emp-0035,Software Engineer,R&D,R&D,False,Paris,roster,1.0,58,8115.132287963027,649.2105830370422,3681.0240058200293,405.7566143981514,0.0,0.0,12851.12349121825
2026-03,emp-0035,Software Engineer,R&D,R&D,False,Paris,roster,1.0,59,8115.132287963027,649.2105830370422,3681.0240058200293,405.7566143981514,0.0,0.0,12851.12349121825
2026-04,emp-0035,Software Engineer,R&D,R&D,False,Paris,roster,1.0,60,8115.132287963027,649.2105830370422,3681.0240058200293,405.7566143981514,0.0,0.0,12851.12349121825
2026-05,emp-0035,Software Engineer,R&D,R&D,False,Paris,roster,1.0,61,8115.132287963027,649.2105830370422,3681.0240058200293,405.7566143981514,0.0,0.0,12851.12349121825
2026-06,emp-0035,Software Engineer,R&D,R&D,False,Paris,roster,1.0,62,8115.132287963027,649.2105830370422,3681.0240058200293,405.7566143981514,0.0,0.0,12851.12349121825
2026-07,emp-0035,Software Engineer,R&D,R&D,False,Paris,roster,1.0,63,8115.132287963027,649.2105830370422,3681.0240058200293,405.7566143981514,0.0,0.0,12851.12349121825
2026-08,emp-0035,Software Engineer,R&D,R&D,False,Paris,roster,1.0,64,8115.132287963027,649.2105830370422,3681.0240058200293,405.7566143981514,0.0,0.0,12851.12349121825
2026-09,emp-0035,Software Engineer,R&D,R&D,False,Paris,roster,1.0,65,8115.132287963027,649.2105830370422,3681.0240058200293,405.7566143981514,0.0,0.0,12851.12349121825
2026-10,emp-0035,Software Engineer,R&D,R&D,False,Paris,roster,1.0,66,8115.132287963027,649.2105830370422,3681.0240058200293,405.7566143981514,0.0,0.0,12851.12349121825
2026-11,emp-0035,Software Engineer,R&D,R&D,False,Paris,roster,1.0,67,8115.132287963027,649.2105830370422,3681.0240058200293,405.7566143981514,0.0,0.0,12851.12349121825
2026-12,emp-0035,Software Engineer,R&D,R&D,False,Paris,roster,1.0,68,8115.132287963027,649.2105830370422,3681.0240058200293,405.7566143981514,0.0,0.0,12851.12349121825
2026-01,emp-0036,Software Engineer,R&D,R&D,False,Paris,roster,1.0,68,8921.385692820922,713.7108554256738,4046.74055026357,446.0692846410461,0.0,0.0,14127.906383151212
2026-02,emp-0036,Software Engineer,R&D,R&D,False,Paris,roster,1.0,69,8921.385692820922,713.7108554256738,4046.74055026357,446.0692846410461,0.0,0.0,14127.906383151212
2026-03,emp-0036,Software Engineer,R&D,R&D,False,Paris,roster,1.0,70,8921.385692820922,713.7108554256738,4046.74055026357,446.0692846410461,0.0,0.0,14127.906383151212
2026-04,emp-0036,Software Engineer,R&D,R&D,False,Paris,roster,1.0,71,8921.385692820922,713.7108554256738,4046.74055026357,446.0692846410461,0.0,0.0,14127.906383151212
2026-05,emp-0036,Software Engineer,R&D,R&D,False,Paris,roster,1.0,72,8921.385692820922,713.7108554256738,4046.74055026357,446.0692846410461,0.0,0.0,14127.906383151212
2026-06,emp-0036,Software Engineer,R&D,R&D,False,Paris,roster,1.0,73,8921.385692820922,713.7108554256738,4046.74055026357,446.0692846410461,0.0,0.0,14127.906383151212
2026-07,emp-0036,Software Engineer,R&D,R&D,False,Paris,roster,1.0,74,8921.385692820922,713.7108554256738,4046.74055026357,446.0692846410461,0.0,0.0,14127.906383151212
2026-08,emp-0036,Software Engineer,R&D,R&D,False,Paris,roster,1.0,75,8921.385692820922,713.7108554256738,4046.74055026357,446.0692846410461,0.0,0.0,14127.906383151212
2026-09,emp-0036,Software Engineer,R&D,R&D,False,Paris,roster,1.0,76,8921.385692820922,713.7108554256738,4046.74055026357,446.0692846410461,0.0,0.0,14127.906383151212
2026-10,emp-0036,Software Engineer,R&D,R&D,False,Paris,roster,1.0,77,8921.385692820922,713.7108554256738,4046.74055026357,446.0692846410461,0.0,0.0,14127.906383151212
2026-11,emp-0036,Software Engineer,R&D,R&D,False,Paris,roster,1.0,78,8921.385692820922,713.7108554256738,4046.74055026357,446.0692846410461,0.0,0.0,14127.906383151212
2026-12,emp-0036,Software Engineer,R&D,R&D,False,Paris,roster,1.0,79,8921.385692820922,713.7108554256738,4046.74055026357,446.0692846410461,0.0,0.0,14127.906383151212
2026-01,emp-0037,Software Engineer,R&D,R&D,False,Paris,roster,1.0,51,7429.907885313963,594.3926308251171,3370.2062167784134,371.49539426569817,0.0,0.0,11766.00212718319
2026-02,emp-0037,Software Engineer,R&D,R&D,False,Paris,roster,1.0,52,7429.907885313963,594.3926308251171,3370.2062167784134,371.49539426569817,0.0,0.0,11766.00212718319
2026-03,emp-0037,Software Engineer,R&D,R&D,False,Paris,roster,1.0,53,7429.907885313963,594.3926308251171,3370.2062167784134,371.49539426569817,0.0,0.0,11766.00212718319
2026-04,emp-0037,Software Engineer,R&D,R&D,False,Paris,roster,1.0,54,7429.907885313963,594.3926308251171,3370.2062167784134,371.49539426569817,0.0,0.0,11766.00212718319
2026-05,emp-0037,Software Engineer,R&D,R&D,False,Paris,roster,1.0,55,7429.907885313963,594.3926308251171,3370.2062167784134,371.49539426569817,0.0,0.0,11766.00212718319
2026-06,emp-0037,Software Engineer,R&D,R&D,False,Paris,roster,1.0,56,7429.907885313963,594.3926308251171,3370.2062167784134,371.49539426569817,0.0,0.0,11766.00212718319
2026-07,emp-0037,Software Engineer,R&D,R&D,False,Paris,roster,1.0,57,7429.907885313963,594.3926308251171,3370.2062167784134,371.49539426569817,0.0,0.0,11766.00212718319
2026-08,emp-0037,Software Engineer,R&D,R&D,False,Paris,roster,1.0,58,7429.907885313963,594.3926308251171,3370.2062167784134,371.49539426569817,0.0,0.0,11766.00212718319
2026-09,emp-0037,Software Engineer,R&D,R&D,False,Paris,roster,1.0,59,7429.907885313963,594.3926308251171,3370.2062167784134,371.49539426569817,0.0,0.0,11766.00212718319
2026-10,emp-0037,Software Engineer,R&D,R&D,False,Paris,roster,1.0,60,7429.907885313963,594.3926308251171,3370.2062167784134,371.49539426569817,0.0,0.0,11766.00212718319
2026-11,emp-0037,Software Engineer,R&D,R&D,False,Paris,roster,1.0,61,7429.907885313963,594.3926308251171,3370.2062167784134,371.49539426569817,0.0,0.0,11766.00212718319
2026-12,emp-0037,Software Engineer,R&D,R&D,False,Paris,roster,1.0,62,7429.907885313963,594.3926308251171,3370.2062167784134,371.49539426569817,0.0,0.0,11766.00212718319
2026-01,emp-0038,Software Engineer,R&D,R&D,False,Paris,roster,1.0,28,8088.513520167454,647.0810816133963,3668.949732747957,404.4256760083727,0.0,0.0,12808.970010537181
2026-02,emp-0038,Software Engineer,R&D,R&D,False,Paris,roster,1.0,29,8088.513520167454,647.0810816133963,3668.949732747957,404.4256760083727,0.0,0.0,12808.970010537181
2026-03,emp-0038,Software Engineer,R&D,R&D,False,Paris,roster,1.0,30,8088.513520167454,647.0810816133963,3668.949732747957,404.4256760083727,0.0,0.0,12808.970010537181
2026-04,emp-0038,Software Engineer,R&D,R&D,False,Paris,roster,1.0,31,8088.513520167454,647.0810816133963,3668.949732747957,404.4256760083727,0.0,0.0,12808.970010537181
2026-05,emp-0038,Software Engineer,R&D,R&D,False,Paris,roster,1.0,32,8088.513520167454,647.0810816133963,3668.949732747957,404.4256760083727,0.0,0.0,12808.970010537181
2026-06,emp-0038,Software Engineer,R&D,R&D,False,Paris,roster,1.0,33,8088.513520167454,647.0810816133963,3668.949732747957,404.4256760083727,0.0,0.0,12808.970010537181
2026-07,emp-0038,Software Engineer,R&D,R&D,False,Paris,roster,1.0,34,8088.513520167454,647.0810816133963,3668.949732747957,404.4256760083727,0.0,0.0,12808.970010537181
2026-08,emp-0038,Software Engineer,R&D,R&D,False,Paris,roster,1.0,35,8088.513520167454,647.0810816133963,3668.949732747957,404.4256760083727,0.0,0.0,12808.970010537181
2026-09,emp-0038,Software Engineer,R&D,R&D,False,Paris,roster,1.0,36,8088.513520167454,647.0810816133963,3668.949732747957,404.4256760083727,0.0,0.0,12808.970010537181
2026-10,emp-0038,Software Engineer,R&D,R&D,False,Paris,roster,1.0,37,8088.513520167454,647.0810816133963,3668.949732747957,404.4256760083727,0.0,0.0,12808.970010537181
2026-11,emp-0038,Software Engineer,R&D,R&D,False,Paris,roster,1.0,38,8088.513520167454,647.0810816133963,3668.949732747957,404.4256760083727,0.0,0.0,12808.970010537181
2026-12,emp-0038,Software Engineer,R&D,R&D,False,Paris,roster,1.0,39,8088.513520167454,647.0810816133963,3668.949732747957,404.4256760083727,0.0,0.0,12808.970010537181
2026-01,emp-0039,Software Engineer,R&D,R&D,False,Paris,roster,1.0,25,6985.4875460593985,558.8390036847519,3168.617150892543,349.2743773029699,0.0,0.0,11062.218077939664
2026-02,emp-0039,Software Engineer,R&D,R&D,False,Paris,roster,1.0,26,6985.4875460593985,558.8390036847519,3168.617150892543,349.2743773029699,0.0,0.0,11062.218077939664
2026-03,emp-0039,Software Engineer,R&D,R&D,False,Paris,roster,1.0,27,6985.4875460593985,558.8390036847519,3168.617150892543,349.2743773029699,0.0,0.0,11062.218077939664
2026-04,emp-0039,Software Engineer,R&D,R&D,False,Paris,roster,1.0,28,6985.4875460593985,558.8390036847519,3168.617150892543,349.2743773029699,0.0,0.0,11062.218077939664
2026-05,emp-0039,Software Engineer,R&D,R&D,False,Paris,roster,1.0,29,6985.4875460593985,558.8390036847519,3168.617150892543,349.2743773029699,0.0,0.0,11062.218077939664
2026-06,emp-0039,Software Engineer,R&D,R&D,False,Paris,roster,1.0,30,6985.4875460593985,558.8390036847519,3168.617150892543,349.2743773029699,0.0,0.0,11062.218077939664
2026-07,emp-0039,Software Engineer,R&D,R&D,False,Paris,roster,1.0,31,6985.4875460593985,558.8390036847519,3168.617150892543,349.2743773029699,0.0,0.0,11062.218077939664
2026-08,emp-0039,Software Engineer,R&D,R&D,False,Paris,roster,1.0,32,6985.4875460593985,558.8390036847519,3168.617150892543,349.2743773029699,0.0,0.0,11062.218077939664
2026-09,emp-0039,Software Engineer,R&D,R&D,False,Paris,roster,1.0,33,6985.4875460593985,558.8390036847519,3168.617150892543,349.2743773029699,0.0,0.0,11062.218077939664
2026-10,emp-0039,Software Engineer,R&D,R&D,False,Paris,roster,1.0,34,6985.4875460593985,558.8390036847519,3168.617150892543,349.2743773029699,0.0,0.0,11062.218077939664
2026-11,emp-0039,Software Engineer,R&D,R&D,False,Paris,roster,1.0,35,6985.4875460593985,558.8390036847519,3168.617150892543,349.2743773029699,0.0,0.0,11062.218077939664
2026-12,emp-0039,Software Engineer,R&D,R&D,False,Paris,roster,1.0,36,6985.4875460593985,558.8390036847519,3168.617150892543,349.2743773029699,0.0,0.0,11062.218077939664
2026-01,emp-0040,Software Engineer,R&D,R&D,False,Paris,roster,1.0,53,7723.2717662274445,617.8617412981956,3503.276073160768,386.1635883113722,0.0,0.0,12230.57316899778
2026-02,emp-0040,Software Engineer,R&D,R&D,False,Paris,roster,1.0,54,7723.2717662274445,617.8617412981956,3503.276073160768,386.1635883113722,0.0,0.0,12230.57316899778
2026-03,emp-0040,Software Engineer,R&D,R&D,False,Paris,roster,1.0,55,7723.2717662274445,617.8617412981956,3503.276073160768,386.1635883113722,0.0,0.0,12230.57316899778
2026-04,emp-0040,Software Engineer,R&D,R&D,False,Paris,roster,1.0,56,7723.2717662274445,617.8617412981956,3503.276073160768,386.1635883113722,0.0,0.0,12230.57316899778
2026-05,emp-0040,Software Engineer,R&D,R&D,False,Paris,roster,1.0,57,7723.2717662274445,617.8617412981956,3503.276073160768,386.1635883113722,0.0,0.0,12230.57316899778
2026-06,emp-0040,Software Engineer,R&D,R&D,False,Paris,roster,1.0,58,7723.2717662274445,617.8617412981956,3503.276073160768,386.1635883113722,0.0,0.0,12230.57316899778
2026-07,emp-0040,Software Engineer,R&D,R&D,False,Paris,roster,1.0,59,7723.2717662274445,617.8617412981956,3503.276073160768,386.1635883113722,0.0,0.0,12230.57316899778
2026-08,emp-0040,Software Engineer,R&D,R&D,False,Paris,roster,1.0,60,7723.2717662274445,617.8617412981956,3503.276073160768,386.1635883113722,0.0,0.0,12230.57316899778
2026-09,emp-0040,Software Engineer,R&D,R&D,False,Paris,roster,1.0,61,7723.2717662274445,617.8617412981956,3503.276073160768,386.1635883113722,0.0,0.0,12230.57316899778
2026-10,emp-0040,Software Engineer,R&D,R&D,False,Paris,roster,1.0,62,7723.2717662274445,617.8617412981956,3503.276073160768,386.1635883113722,0.0,0.0,12230.57316899778
2026-11,emp-0040,Software Engineer,R&D,R&D,False,Paris,roster,1.0,63,7723.2717662274445,617.8617412981956,3503.276073160768,386.1635883113722,0.0,0.0,12230.57316899778
2026-12,emp-0040,Software Engineer,R&D,R&D,False,Paris,roster,1.0,64,7723.2717662274445,617.8617412981956,3503.276073160768,386.1635883113722,0.0,0.0,12230.57316899778
2026-01,emp-0041,Senior Software Engineer,R&D,R&D,False,Paris,roster,1.0,44,9505.354989558595,760.4283991646876,4311.629023263778,475.2677494779298,0.0,0.0,15052.68016146499
2026-02,emp-0041,Senior Software Engineer,R&D,R&D,False,Paris,roster,1.0,45,9505.354989558595,760.4283991646876,4311.629023263778,475.2677494779298,0.0,0.0,15052.68016146499
2026-03,emp-0041,Senior Software Engineer,R&D,R&D,False,Paris,roster,1.0,46,9505.354989558595,760.4283991646876,4311.629023263778,475.2677494779298,0.0,0.0,15052.68016146499
2026-04,emp-0041,Senior Software Engineer,R&D,R&D,False,Paris,roster,1.0,47,9505.354989558595,760.4283991646876,4311.629023263778,475.2677494779298,0.0,0.0,15052.68016146499
2026-05,emp-0041,Senior Software Engineer,R&D,R&D,False,Paris,roster,1.0,48,9505.354989558595,760.4283991646876,4311.629023263778,475.2677494779298,0.0,0.0,15052.68016146499
2026-06,emp-0041,Senior Software Engineer,R&D,R&D,False,Paris,roster,1.0,49,9505.354989558595,760.4283991646876,4311.629023263778,475.2677494779298,0.0,0.0,15052.68016146499
2026-07,emp-0041,Senior Software Engineer,R&D,R&D,False,Paris,roster,1.0,50,9505.354989558595,760.4283991646876,4311.629023263778,475.2677494779298,0.0,0.0,15052.68016146499
2026-08,emp-0041,Senior Software Engineer,R&D,R&D,False,Paris,roster,1.0,51,9505.354989558595,760.4283991646876,4311.629023263778,475.2677494779298,0.0,0.0,15052.68016146499
2026-09,emp-0041,Senior Software Engineer,R&D,R&D,False,Paris,roster,1.0,52,9505.354989558595,760.4283991646876,4311.629023263778,475.2677494779298,0.0,0.0,15052.68016146499
2026-10,emp-0041,Senior Software Engineer,R&D,R&D,False,Paris,roster,1.0,53,9505.354989558595,760.4283991646876,4311.629023263778,475.2677494779298,0.0,0.0,15052.68016146499
2026-11,emp-0041,Senior Software Engineer,R&D,R&D,False,Paris,roster,1.0,54,9505.354989558595,760.4283991646876,4311.629023263778,475.2677494779298,0.0,0.0,15052.68016146499
2026-12,emp-0041,Senior Software Engineer,R&D,R&D,False,Paris,roster,1.0,55,9505.354989558595,760.4283991646876,4311.629023263778,475.2677494779298,0.0,0.0,15052.68016146499
2026-01,emp-0042,Senior Software Engineer,R&D,R&D,False,Paris,roster,1.0,26,10021.738574542887,801.739085963431,4545.8606174126535,501.08692872714437,0.0,0.0,15870.425206646116
2026-02,emp-0042,Senior Software Engineer,R&D,R&D,False,Paris,roster,1.0,27,10021.738574542887,801.739085963431,4545.8606174126535,501.08692872714437,0.0,0.0,15870.425206646116
2026-03,emp-0042,Senior Software Engineer,R&D,R&D,False,Paris,roster,1.0,28,10021.738574542887,801.739085963431,4545.8606174126535,501.08692872714437,0.0,0.0,15870.425206646116
2026-04,emp-0042,Senior Software Engineer,R&D,R&D,False,Paris,roster,1.0,29,10021.738574542887,801.739085963431,4545.8606174126535,501.08692872714437,0.0,0.0,15870.425206646116
2026-05,emp-0042,Senior Software Engineer,R&D,R&D,False,Paris,roster,1.0,30,10021.738574542887,801.739085963431,4545.8606174126535,501.08692872714437,0.0,0.0,15870.425206646116
2026-06,emp-0042,Senior Software Engineer,R&D,R&D,False,Paris,roster,1.0,31,10021.738574542887,801.739085963431,4545.8606174126535,501.08692872714437,0.0,0.0,15870.425206646116
2026-07,emp-0042,Senior Software Engineer,R&D,R&D,False,Paris,roster,1.0,32,10021.738574542887,801.739085963431,4545.8606174126535,501.08692872714437,0.0,0.0,15870.425206646116
2026-08,emp-0042,Senior Software Engineer,R&D,R&D,False,Paris,roster,1.0,33,10021.738574542887,801.739085963431,4545.8606174126535,501.08692872714437,0.0,0.0,15870.425206646116
2026-09,emp-0042,Senior Software Engineer,R&D,R&D,False,Paris,roster,1.0,34,10021.738574542887,801.739085963431,4545.8606174126535,501.08692872714437,0.0,0.0,15870.425206646116
2026-10,emp-0042,Senior Software Engineer,R&D,R&D,False,Paris,roster,1.0,35,10021.738574542887,801.739085963431,4545.8606174126535,501.08692872714437,0.0,0.0,15870.425206646116
2026-11,emp-0042,Senior Software Engineer,R&D,R&D,False,Paris,roster,1.0,36,10021.738574542887,801.739085963431,4545.8606174126535,501.08692872714437,0.0,0.0,15870.425206646116
2026-12,emp-0042,Senior Software Engineer,R&D,R&D,False,Paris,roster,1.0,37,10021.738574542887,801.739085963431,4545.8606174126535,501.08692872714437,0.0,0.0,15870.425206646116
2026-01,emp-0043,Senior Software Engineer,R&D,R&D,False,Paris,roster,1.0,82,11030.924748911819,882.4739799129455,5003.627466106401,551.5462374455909,0.0,0.0,17468.572432376754
2026-02,emp-0043,Senior Software Engineer,R&D,R&D,False,Paris,roster,1.0,83,11030.924748911819,882.4739799129455,5003.627466106401,551.5462374455909,0.0,0.0,17468.572432376754
2026-03,emp-0043,Senior Software Engineer,R&D,R&D,False,Paris,roster,1.0,84,11030.924748911819,882.4739799129455,5003.627466106401,551.5462374455909,0.0,0.0,17468.572432376754
2026-04,emp-0043,Senior Software Engineer,R&D,R&D,False,Paris,roster,1.0,85,11030.924748911819,882.4739799129455,5003.627466106401,551.5462374455909,0.0,0.0,17468.572432376754
2026-05,emp-0043,Senior Software Engineer,R&D,R&D,False,Paris,roster,1.0,86,11030.924748911819,882.4739799129455,5003.627466106401,551.5462374455909,0.0,0.0,17468.572432376754
2026-06,emp-0043,Senior Software Engineer,R&D,R&D,False,Paris,roster,1.0,87,11030.924748911819,882.4739799129455,5003.627466106401,551.5462374455909,0.0,0.0,17468.572432376754
2026-07,emp-0043,Senior Software Engineer,R&D,R&D,False,Paris,roster,1.0,88,11030.924748911819,882.4739799129455,5003.627466106401,551.5462374455909,0.0,0.0,17468.572432376754
2026-08,emp-0043,Senior Software Engineer,R&D,R&D,False,Paris,roster,1.0,89,11030.924748911819,882.4739799129455,5003.627466106401,551.5462374455909,0.0,0.0,17468.572432376754
2026-09,emp-0043,Senior Software Engineer,R&D,R&D,False,Paris,roster,1.0,90,11030.924748911819,882.4739799129455,5003.627466106401,551.5462374455909,0.0,0.0,17468.572432376754
2026-10,emp-0043,Senior Software Engineer,R&D,R&D,False,Paris,roster,1.0,91,11030.924748911819,882.4739799129455,5003.627466106401,551.5462374455909,0.0,0.0,17468.572432376754
2026-11,emp-0043,Senior Software Engineer,R&D,R&D,False,Paris,roster,1.0,92,11030.924748911819,882.4739799129455,5003.627466106401,551.5462374455909,0.0,0.0,17468.572432376754
2026-12,emp-0043,Senior Software Engineer,R&D,R&D,False,Paris,roster,1.0,93,11030.924748911819,882.4739799129455,5003.627466106401,551.5462374455909,0.0,0.0,17468.572432376754
2026-01,emp-0044,Senior Software Engineer,R&D,R&D,False,Paris,roster,1.0,39,9924.029511085479,793.9223608868383,4501.539786228373,496.20147555427394,0.0,0.0,15715.693133754961
2026-02,emp-0044,Senior Software Engineer,R&D,R&D,False,Paris,roster,1.0,40,9924.029511085479,793.9223608868383,4501.539786228373,496.20147555427394,0.0,0.0,15715.693133754961
2026-03,emp-0044,Senior Software Engineer,R&D,R&D,False,Paris,roster,1.0,41,9924.029511085479,793.9223608868383,4501.539786228373,496.20147555427394,0.0,0.0,15715.693133754961
2026-04,emp-0044,Senior Software Engineer,R&D,R&D,False,Paris,roster,1.0,42,9924.029511085479,793.9223608868383,4501.539786228373,496.20147555427394,0.0,0.0,15715.693133754961
2026-05,emp-0044,Senior Software Engineer,R&D,R&D,False,Paris,roster,1.0,43,9924.029511085479,793.9223608868383,4501.539786228373,496.20147555427394,0.0,0.0,15715.693133754961
2026-06,emp-0044,Senior Software Engineer,R&D,R&D,False,Paris,roster,1.0,44,9924.029511085479,793.9223608868383,4501.539786228373,496.20147555427394,0.0,0.0,15715.693133754961
2026-07,emp-0044,Senior Software Engineer,R&D,R&D,False,Paris,roster,1.0,45,9924.029511085479,793.9223608868383,4501.539786228373,496.20147555427394,0.0,0.0,15715.693133754961
2026-08,emp-0044,Senior Software Engineer,R&D,R&D,False,Paris,roster,1.0,46,9924.029511085479,793.9223608868383,4501.539786228373,496.20147555427394,0.0,0.0,15715.693133754961
2026-09,emp-0044,Senior Software Engineer,R&D,R&D,False,Paris,roster,1.0,47,9924.029511085479,793.9223608868383,4501.539786228373,496.20147555427394,0.0,0.0,15715.693133754961
2026-10,emp-0044,Senior Software Engineer,R&D,R&D,False,Paris,roster,1.0,48,9924.029511085479,793.9223608868383,4501.539786228373,496.20147555427394,0.0,0.0,15715.693133754961
2026-11,emp-0044,Senior Software Engineer,R&D,R&D,False,Paris,roster,1.0,49,9924.029511085479,793.9223608868383,4501.539786228373,496.20147555427394,0.0,0.0,15715.693133754961
2026-12,emp-0044,Senior Software Engineer,R&D,R&D,False,Paris,roster,1.0,50,9924.029511085479,793.9223608868383,4501.539786228373,496.20147555427394,0.0,0.0,15715.693133754961
2026-01,emp-0045,Senior Software Engineer,R&D,R&D,False,Paris,roster,1.0,40,10889.799600568911,871.1839680455129,4939.613098818058,544.4899800284455,0.0,0.0,17245.086647460925
2026-02,emp-0045,Senior Software Engineer,R&D,R&D,False,Paris,roster,1.0,41,10889.799600568911,871.1839680455129,4939.613098818058,544.4899800284455,0.0,0.0,17245.086647460925
2026-03,emp-0045,Senior Software Engineer,R&D,R&D,False,Paris,roster,1.0,42,10889.799600568911,871.1839680455129,4939.613098818058,544.4899800284455,0.0,0.0,17245.086647460925
2026-04,emp-0045,Senior Software Engineer,R&D,R&D,False,Paris,roster,1.0,43,10889.799600568911,871.1839680455129,4939.613098818058,544.4899800284455,0.0,0.0,17245.086647460925
2026-05,emp-0045,Senior Software Engineer,R&D,R&D,False,Paris,roster,1.0,44,10889.799600568911,871.1839680455129,4939.613098818058,544.4899800284455,0.0,0.0,17245.086647460925
2026-06,emp-0045,Senior Software Engineer,R&D,R&D,False,Paris,roster,1.0,45,10889.799600568911,871.1839680455129,4939.613098818058,544.4899800284455,0.0,0.0,17245.086647460925
2026-07,emp-0045,Senior Software Engineer,R&D,R&D,False,Paris,roster,1.0,46,10889.799600568911,871.1839680455129,4939.613098818058,544.4899800284455,0.0,0.0,17245.086647460925
2026-08,emp-0045,Senior Software Engineer,R&D,R&D,False,Paris,roster,1.0,47,10889.799600568911,871.1839680455129,4939.613098818058,544.4899800284455,0.0,0.0,17245.086647460925
2026-09,emp-0045,Senior Software Engineer,R&D,R&D,False,Paris,roster,1.0,48,10889.799600568911,871.1839680455129,4939.613098818058,544.4899800284455,0.0,0.0,17245.086647460925
2026-10,emp-0045,Senior Software Engineer,R&D,R&D,False,Paris,roster,1.0,49,10889.799600568911,871.1839680455129,4939.613098818058,544.4899800284455,0.0,0.0,17245.086647460925
2026-11,emp-0045,Senior Software Engineer,R&D,R&D,False,Paris,roster,1.0,50,10889.799600568911,871.1839680455129,4939.613098818058,544.4899800284455,0.0,0.0,17245.086647460925
2026-12,emp-0045,Senior Software Engineer,R&D,R&D,False,Paris,roster,1.0,51,10889.799600568911,871.1839680455129,4939.613098818058,544.4899800284455,0.0,0.0,17245.086647460925
2026-01,emp-0046,Senior Software Engineer,R&D,R&D,False,Paris,roster,1.0,49,9940.370565887855,795.2296452710284,4508.952088686731,497.0185282943928,0.0,0.0,15741.570828140008
2026-02,emp-0046,Senior Software Engineer,R&D,R&D,False,Paris,roster,1.0,50,9940.370565887855,795.2296452710284,4508.952088686731,497.0185282943928,0.0,0.0,15741.570828140008
2026-03,emp-0046,Senior Software Engineer,R&D,R&D,False,Paris,roster,1.0,51,9940.370565887855,795.2296452710284,4508.952088686731,497.0185282943928,0.0,0.0,15741.570828140008
2026-04,emp-0046,Senior Software Engineer,R&D,R&D,False,Paris,roster,1.0,52,9940.370565887855,795.2296452710284,4508.952088686731,497.0185282943928,0.0,0.0,15741.570828140008
2026-05,emp-0046,Senior Software Engineer,R&D,R&D,False,Paris,roster,1.0,53,9940.370565887855,795.2296452710284,4508.952088686731,497.0185282943928,0.0,0.0,15741.570828140008
2026-06,emp-0046,Senior Software Engineer,R&D,R&D,False,Paris,roster,1.0,54,9940.370565887855,795.2296452710284,4508.952088686731,497.0185282943928,0.0,0.0,15741.570828140008
2026-07,emp-0046,Senior Software Engineer,R&D,R&D,False,Paris,roster,1.0,55,9940.370565887855,795.2296452710284,4508.952088686731,497.0185282943928,0.0,0.0,15741.570828140008
2026-08,emp-0046,Senior Software Engineer,R&D,R&D,False,Paris,roster,1.0,56,9940.370565887855,795.2296452710284,4508.952088686731,497.0185282943928,0.0,0.0,15741.570828140008
2026-09,emp-0046,Senior Software Engineer,R&D,R&D,False,Paris,roster,1.0,57,9940.370565887855,795.2296452710284,4508.952088686731,497.0185282943928,0.0,0.0,15741.570828140008
2026-10,emp-0046,Senior Software Engineer,R&D,R&D,False,Paris,roster,1.0,58,9940.370565887855,795.2296452710284,4508.952088686731,497.0185282943928,0.0,0.0,15741.570828140008
2026-11,emp-0046,Senior Software Engineer,R&D,R&D,False,Paris,roster,1.0,59,9940.370565887855,795.2296452710284,4508.952088686731,497.0185282943928,0.0,0.0,15741.570828140008
2026-12,emp-0046,Senior Software Engineer,R&D,R&D,False,Paris,roster,1.0,60,9940.370565887855,795.2296452710284,4508.952088686731,497.0185282943928,0.0,0.0,15741.570828140008
2026-01,emp-0047,Engineering Manager,R&D,R&D,False,Paris,roster,1.0,48,11525.08045132797,922.0064361062377,5227.776492722367,576.2540225663986,0.0,0.0,18251.11740272297
2026-02,emp-0047,Engineering Manager,R&D,R&D,False,Paris,roster,1.0,49,11525.08045132797,922.0064361062377,5227.776492722367,576.2540225663986,0.0,0.0,18251.11740272297
2026-03,emp-0047,Engineering Manager,R&D,R&D,False,Paris,roster,1.0,50,11525.08045132797,922.0064361062377,5227.776492722367,576.2540225663986,0.0,0.0,18251.11740272297
2026-04,emp-0047,Engineering Manager,R&D,R&D,False,Paris,roster,1.0,51,11525.08045132797,922.0064361062377,5227.776492722367,576.2540225663986,0.0,0.0,18251.11740272297
2026-05,emp-0047,Engineering Manager,R&D,R&D,False,Paris,roster,1.0,52,11525.08045132797,922.0064361062377,5227.776492722367,576.2540225663986,0.0,0.0,18251.11740272297
2026-06,emp-0047,Engineering Manager,R&D,R&D,False,Paris,roster,1.0,53,11525.08045132797,922.0064361062377,5227.776492722367,576.2540225663986,0.0,0.0,18251.11740272297
2026-07,emp-0047,Engineering Manager,R&D,R&D,False,Paris,roster,1.0,54,11525.08045132797,922.0064361062377,5227.776492722367,576.2540225663986,0.0,0.0,18251.11740272297
2026-08,emp-0047,Engineering Manager,R&D,R&D,False,Paris,roster,1.0,55,11525.08045132797,922.0064361062377,5227.776492722367,576.2540225663986,0.0,0.0,18251.11740272297
2026-09,emp-0047,Engineering Manager,R&D,R&D,False,Paris,roster,1.0,56,11525.08045132797,922.0064361062377,5227.776492722367,576.2540225663986,0.0,0.0,18251.11740272297
2026-10,emp-0047,Engineering Manager,R&D,R&D,False,Paris,roster,1.0,57,11525.08045132797,922.0064361062377,5227.776492722367,576.2540225663986,0.0,0.0,18251.11740272297
2026-11,emp-0047,Engineering Manager,R&D,R&D,False,Paris,roster,1.0,58,11525.08045132797,922.0064361062377,5227.776492722367,576.2540225663986,0.0,0.0,18251.11740272297
2026-12,emp-0047,Engineering Manager,R&D,R&D,False,Paris,roster,1.0,59,11525.08045132797,922.0064361062377,5227.776492722367,576.2540225663986,0.0,0.0,18251.11740272297
2026-01,emp-0048,Product Manager,R&D,R&D,False,Paris,roster,1.0,35,9268.942734806305,741.5154187845045,4204.39242450814,463.4471367403153,0.0,0.0,14678.297714839264
2026-02,emp-0048,Product Manager,R&D,R&D,False,Paris,roster,1.0,36,9268.942734806305,741.5154187845045,4204.39242450814,463.4471367403153,0.0,0.0,14678.297714839264
2026-03,emp-0048,Product Manager,R&D,R&D,False,Paris,roster,1.0,37,9268.942734806305,741.5154187845045,4204.39242450814,463.4471367403153,0.0,0.0,14678.297714839264
2026-04,emp-0048,Product Manager,R&D,R&D,False,Paris,roster,1.0,38,9268.942734806305,741.5154187845045,4204.39242450814,463.4471367403153,0.0,0.0,14678.297714839264
2026-05,emp-0048,Product Manager,R&D,R&D,False,Paris,roster,1.0,39,9268.942734806305,741.5154187845045,4204.39242450814,463.4471367403153,0.0,0.0,14678.297714839264
2026-06,emp-0048,Product Manager,R&D,R&D,False,Paris,roster,1.0,40,9268.942734806305,741.5154187845045,4204.39242450814,463.4471367403153,0.0,0.0,14678.297714839264
2026-07,emp-0048,Product Manager,R&D,R&D,False,Paris,roster,1.0,41,9268.942734806305,741.5154187845045,4204.39242450814,463.4471367403153,0.0,0.0,14678.297714839264
2026-08,emp-0048,Product Manager,R&D,R&D,False,Paris,roster,1.0,42,9268.942734806305,741.5154187845045,4204.39242450814,463.4471367403153,0.0,0.0,14678.297714839264
2026-09,emp-0048,Product Manager,R&D,R&D,False,Paris,roster,1.0,43,9268.942734806305,741.5154187845045,4204.39242450814,463.4471367403153,0.0,0.0,14678.297714839264
2026-10,emp-0048,Product Manager,R&D,R&D,False,Paris,roster,1.0,44,9268.942734806305,741.5154187845045,4204.39242450814,463.4471367403153,0.0,0.0,14678.297714839264
2026-11,emp-0048,Product Manager,R&D,R&D,False,Paris,roster,1.0,45,9268.942734806305,741.5154187845045,4204.39242450814,463.4471367403153,0.0,0.0,14678.297714839264
2026-12,emp-0048,Product Manager,R&D,R&D,False,Paris,roster,1.0,46,9268.942734806305,741.5154187845045,4204.39242450814,463.4471367403153,0.0,0.0,14678.297714839264
2026-01,emp-0049,Data Engineer,R&D,R&D,False,Paris,roster,1.0,22,8516.872989177571,681.3498391342057,3863.253587890946,425.8436494588786,0.0,0.0,13487.3200656616
2026-02,emp-0049,Data Engineer,R&D,R&D,False,Paris,roster,1.0,23,8516.872989177571,681.3498391342057,3863.253587890946,425.8436494588786,0.0,0.0,13487.3200656616
2026-03,emp-0049,Data Engineer,R&D,R&D,False,Paris,roster,1.0,24,8516.872989177571,681.3498391342057,3863.253587890946,425.8436494588786,0.0,0.0,13487.3200656616
2026-04,emp-0049,Data Engineer,R&D,R&D,False,Paris,roster,1.0,25,8516.872989177571,681.3498391342057,3863.253587890946,425.8436494588786,0.0,0.0,13487.3200656616
2026-05,emp-0049,Data Engineer,R&D,R&D,False,Paris,roster,1.0,26,8516.872989177571,681.3498391342057,3863.253587890946,425.8436494588786,0.0,0.0,13487.3200656616
2026-06,emp-0049,Data Engineer,R&D,R&D,False,Paris,roster,1.0,27,8516.872989177571,681.3498391342057,3863.253587890946,425.8436494588786,0.0,0.0,13487.3200656616
2026-07,emp-0049,Data Engineer,R&D,R&D,False,Paris,roster,1.0,28,8516.872989177571,681.3498391342057,3863.253587890946,425.8436494588786,0.0,0.0,13487.3200656616
2026-08,emp-0049,Data Engineer,R&D,R&D,False,Paris,roster,1.0,29,8516.872989177571,681.3498391342057,3863.253587890946,425.8436494588786,0.0,0.0,13487.3200656616
2026-09,emp-0049,Data Engineer,R&D,R&D,False,Paris,roster,1.0,30,8516.872989177571,681.3498391342057,3863.253587890946,425.8436494588786,0.0,0.0,13487.3200656616
2026-10,emp-0049,Data Engineer,R&D,R&D,False,Paris,roster,1.0,31,8516.872989177571,681.3498391342057,3863.253587890946,425.8436494588786,0.0,0.0,13487.3200656616
2026-11,emp-0049,Data Engineer,R&D,R&D,False,Paris,roster,1.0,32,8516.872989177571,681.3498391342057,3863.253587890946,425.8436494588786,0.0,0.0,13487.3200656616
2026-12,emp-0049,Data Engineer,R&D,R&D,False,Paris,roster,1.0,33,8516.872989177571,681.3498391342057,3863.253587890946,425.8436494588786,0.0,0.0,13487.3200656616
2026-01,emp-0050,Data Engineer,R&D,R&D,False,Paris,roster,1.0,50,10158.016320117182,812.6413056093745,4607.6762028051535,507.9008160058591,0.0,0.0,16086.23464453757
2026-02,emp-0050,Data Engineer,R&D,R&D,False,Paris,roster,1.0,51,10158.016320117182,812.6413056093745,4607.6762028051535,507.9008160058591,0.0,0.0,16086.23464453757
2026-03,emp-0050,Data Engineer,R&D,R&D,False,Paris,roster,1.0,52,10158.016320117182,812.6413056093745,4607.6762028051535,507.9008160058591,0.0,0.0,16086.23464453757
2026-04,emp-0050,Data Engineer,R&D,R&D,False,Paris,roster,1.0,53,10158.016320117182,812.6413056093745,4607.6762028051535,507.9008160058591,0.0,0.0,16086.23464453757
2026-05,emp-0050,Data Engineer,R&D,R&D,False,Paris,roster,1.0,54,10158.016320117182,812.6413056093745,4607.6762028051535,507.9008160058591,0.0,0.0,16086.23464453757
2026-06,emp-0050,Data Engineer,R&D,R&D,False,Paris,roster,1.0,55,10158.016320117182,812.6413056093745,4607.6762028051535,507.9008160058591,0.0,0.0,16086.23464453757
2026-07,emp-0050,Data Engineer,R&D,R&D,False,Paris,roster,1.0,56,10158.016320117182,812.6413056093745,4607.6762028051535,507.9008160058591,0.0,0.0,16086.23464453757
2026-08,emp-0050,Data Engineer,R&D,R&D,False,Paris,roster,1.0,57,10158.016320117182,812.6413056093745,4607.6762028051535,507.9008160058591,0.0,0.0,16086.23464453757
2026-09,emp-0050,Data Engineer,R&D,R&D,False,Paris,roster,1.0,58,10158.016320117182,812.6413056093745,4607.6762028051535,507.9008160058591,0.0,0.0,16086.23464453757
2026-10,emp-0050,Data Engineer,R&D,R&D,False,Paris,roster,1.0,59,10158.016320117182,812.6413056093745,4607.6762028051535,507.9008160058591,0.0,0.0,16086.23464453757
2026-11,emp-0050,Data Engineer,R&D,R&D,False,Paris,roster,1.0,60,10158.016320117182,812.6413056093745,4607.6762028051535,507.9008160058591,0.0,0.0,16086.23464453757
2026-12,emp-0050,Data Engineer,R&D,R&D,False,Paris,roster,1.0,61,10158.016320117182,812.6413056093745,4607.6762028051535,507.9008160058591,0.0,0.0,16086.23464453757
2026-01,emp-0051,Site Reliability Engineer,Customer Operations,COGS,False,Montreal,roster,1.0,63,12915.558488883558,1033.2446791106847,1534.3683484793667,774.9335093330135,0.0,0.0,16258.105025806624
2026-02,emp-0051,Site Reliability Engineer,Customer Operations,COGS,False,Montreal,roster,1.0,64,12915.558488883558,1033.2446791106847,1534.3683484793667,774.9335093330135,0.0,0.0,16258.105025806624
2026-03,emp-0051,Site Reliability Engineer,Customer Operations,COGS,False,Montreal,roster,1.0,65,12915.558488883558,1033.2446791106847,1534.3683484793667,774.9335093330135,0.0,0.0,16258.105025806624
2026-04,emp-0051,Site Reliability Engineer,Customer Operations,COGS,False,Montreal,roster,1.0,66,12915.558488883558,1033.2446791106847,1534.3683484793667,774.9335093330135,0.0,0.0,16258.105025806624
2026-05,emp-0051,Site Reliability Engineer,Customer Operations,COGS,False,Montreal,roster,1.0,67,12915.558488883558,1033.2446791106847,1534.3683484793667,774.9335093330135,0.0,0.0,16258.105025806624
2026-06,emp-0051,Site Reliability Engineer,Customer Operations,COGS,False,Montreal,roster,1.0,68,12915.558488883558,1033.2446791106847,1534.3683484793667,774.9335093330135,0.0,0.0,16258.105025806624
2026-07,emp-0051,Site Reliability Engineer,Customer Operations,COGS,False,Montreal,roster,1.0,69,12915.558488883558,1033.2446791106847,1534.3683484793667,774.9335093330135,0.0,0.0,16258.105025806624
2026-08,emp-0051,Site Reliability Engineer,Customer Operations,COGS,False,Montreal,roster,1.0,70,12915.558488883558,1033.2446791106847,1534.3683484793667,774.9335093330135,0.0,0.0,16258.105025806624
2026-09,emp-0051,Site Reliability Engineer,Customer Operations,COGS,False,Montreal,roster,1.0,71,12915.558488883558,1033.2446791106847,1534.3683484793667,774.9335093330135,0.0,0.0,16258.105025806624
2026-10,emp-0051,Site Reliability Engineer,Customer Operations,COGS,False,Montreal,roster,1.0,72,12915.558488883558,1033.2446791106847,1534.3683484793667,774.9335093330135,0.0,0.0,16258.105025806624
2026-11,emp-0051,Site Reliability Engineer,Customer Operations,COGS,False,Montreal,roster,1.0,73,12915.558488883558,1033.2446791106847,1534.3683484793667,774.9335093330135,0.0,0.0,16258.105025806624
2026-12,emp-0051,Site Reliability Engineer,Customer Operations,COGS,False,Montreal,roster,1.0,74,12915.558488883558,1033.2446791106847,1534.3683484793667,774.9335093330135,0.0,0.0,16258.105025806624
2026-01,emp-0052,Site Reliability Engineer,Customer Operations,COGS,False,Montreal,roster,1.0,84,13069.083930894543,1045.5267144715635,1552.6071709902717,784.1450358536725,0.0,0.0,16451.36285221005
2026-02,emp-0052,Site Reliability Engineer,Customer Operations,COGS,False,Montreal,roster,1.0,85,13069.083930894543,1045.5267144715635,1552.6071709902717,784.1450358536725,0.0,0.0,16451.36285221005
2026-03,emp-0052,Site Reliability Engineer,Customer Operations,COGS,False,Montreal,roster,1.0,86,13069.083930894543,1045.5267144715635,1552.6071709902717,784.1450358536725,0.0,0.0,16451.36285221005
2026-04,emp-0052,Site Reliability Engineer,Customer Operations,COGS,False,Montreal,roster,1.0,87,13069.083930894543,1045.5267144715635,1552.6071709902717,784.1450358536725,0.0,0.0,16451.36285221005
2026-05,emp-0052,Site Reliability Engineer,Customer Operations,COGS,False,Montreal,roster,1.0,88,13069.083930894543,1045.5267144715635,1552.6071709902717,784.1450358536725,0.0,0.0,16451.36285221005
2026-06,emp-0052,Site Reliability Engineer,Customer Operations,COGS,False,Montreal,roster,1.0,89,13069.083930894543,1045.5267144715635,1552.6071709902717,784.1450358536725,0.0,0.0,16451.36285221005
2026-07,emp-0052,Site Reliability Engineer,Customer Operations,COGS,False,Montreal,roster,1.0,90,13069.083930894543,1045.5267144715635,1552.6071709902717,784.1450358536725,0.0,0.0,16451.36285221005
2026-08,emp-0052,Site Reliability Engineer,Customer Operations,COGS,False,Montreal,roster,1.0,91,13069.083930894543,1045.5267144715635,1552.6071709902717,784.1450358536725,0.0,0.0,16451.36285221005
2026-09,emp-0052,Site Reliability Engineer,Customer Operations,COGS,False,Montreal,roster,1.0,92,13069.083930894543,1045.5267144715635,1552.6071709902717,784.1450358536725,0.0,0.0,16451.36285221005
2026-10,emp-0052,Site Reliability Engineer,Customer Operations,COGS,False,Montreal,roster,1.0,93,13069.083930894543,1045.5267144715635,1552.6071709902717,784.1450358536725,0.0,0.0,16451.36285221005
2026-11,emp-0052,Site Reliability Engineer,Customer Operations,COGS,False,Montreal,roster,1.0,94,13069.083930894543,1045.5267144715635,1552.6071709902717,784.1450358536725,0.0,0.0,16451.36285221005
2026-12,emp-0052,Site Reliability Engineer,Customer Operations,COGS,False,Montreal,roster,1.0,95,13069.083930894543,1045.5267144715635,1552.6071709902717,784.1450358536725,0.0,0.0,16451.36285221005
2026-01,emp-0053,Site Reliability Engineer,Customer Operations,COGS,False,Montreal,roster,1.0,75,13786.0152613542,1102.881220908336,1637.778613048879,827.1609156812519,0.0,0.0,17353.836010992665
2026-02,emp-0053,Site Reliability Engineer,Customer Operations,COGS,False,Montreal,roster,1.0,76,13786.0152613542,1102.881220908336,1637.778613048879,827.1609156812519,0.0,0.0,17353.836010992665
2026-03,emp-0053,Site Reliability Engineer,Customer Operations,COGS,False,Montreal,roster,1.0,77,13786.0152613542,1102.881220908336,1637.778613048879,827.1609156812519,0.0,0.0,17353.836010992665
2026-04,emp-0053,Site Reliability Engineer,Customer Operations,COGS,False,Montreal,roster,1.0,78,13786.0152613542,1102.881220908336,1637.778613048879,827.1609156812519,0.0,0.0,17353.836010992665
2026-05,emp-0053,Site Reliability Engineer,Customer Operations,COGS,False,Montreal,roster,1.0,79,13786.0152613542,1102.881220908336,1637.778613048879,827.1609156812519,0.0,0.0,17353.836010992665
2026-06,emp-0053,Site Reliability Engineer,Customer Operations,COGS,False,Montreal,roster,1.0,80,13786.0152613542,1102.881220908336,1637.778613048879,827.1609156812519,0.0,0.0,17353.836010992665
2026-07,emp-0053,Site Reliability Engineer,Customer Operations,COGS,False,Montreal,roster,1.0,81,13786.0152613542,1102.881220908336,1637.778613048879,827.1609156812519,0.0,0.0,17353.836010992665
2026-08,emp-0053,Site Reliability Engineer,Customer Operations,COGS,False,Montreal,roster,1.0,82,13786.0152613542,1102.881220908336,1637.778613048879,827.1609156812519,0.0,0.0,17353.836010992665
2026-09,emp-0053,Site Reliability Engineer,Customer Operations,COGS,False,Montreal,roster,1.0,83,13786.0152613542,1102.881220908336,1637.778613048879,827.1609156812519,0.0,0.0,17353.836010992665
2026-10,emp-0053,Site Reliability Engineer,Customer Operations,COGS,False,Montreal,roster,1.0,84,13786.0152613542,1102.881220908336,1637.778613048879,827.1609156812519,0.0,0.0,17353.836010992665
2026-11,emp-0053,Site Reliability Engineer,Customer Operations,COGS,False,Montreal,roster,1.0,85,13786.0152613542,1102.881220908336,1637.778613048879,827.1609156812519,0.0,0.0,17353.836010992665
2026-12,emp-0053,Site Reliability Engineer,Customer Operations,COGS,False,Montreal,roster,1.0,86,13786.0152613542,1102.881220908336,1637.778613048879,827.1609156812519,0.0,0.0,17353.836010992665
2026-01,emp-0054,Site Reliability Engineer,Customer Operations,COGS,False,Paris,roster,1.0,66,10373.435939797702,829.8748751838162,4705.390542292237,518.6717969898851,0.0,0.0,16427.37315426364
2026-02,emp-0054,Site Reliability Engineer,Customer Operations,COGS,False,Paris,roster,1.0,67,10373.435939797702,829.8748751838162,4705.390542292237,518.6717969898851,0.0,0.0,16427.37315426364
2026-03,emp-0054,Site Reliability Engineer,Customer Operations,COGS,False,Paris,roster,1.0,68,10373.435939797702,829.8748751838162,4705.390542292237,518.6717969898851,0.0,0.0,16427.37315426364
2026-04,emp-0054,Site Reliability Engineer,Customer Operations,COGS,False,Paris,roster,1.0,69,10373.435939797702,829.8748751838162,4705.390542292237,518.6717969898851,0.0,0.0,16427.37315426364
2026-05,emp-0054,Site Reliability Engineer,Customer Operations,COGS,False,Paris,roster,1.0,70,10373.435939797702,829.8748751838162,4705.390542292237,518.6717969898851,0.0,0.0,16427.37315426364
2026-06,emp-0054,Site Reliability Engineer,Customer Operations,COGS,False,Paris,roster,1.0,71,10373.435939797702,829.8748751838162,4705.390542292237,518.6717969898851,0.0,0.0,16427.37315426364
2026-07,emp-0054,Site Reliability Engineer,Customer Operations,COGS,False,Paris,roster,1.0,72,10373.435939797702,829.8748751838162,4705.390542292237,518.6717969898851,0.0,0.0,16427.37315426364
2026-08,emp-0054,Site Reliability Engineer,Customer Operations,COGS,False,Paris,roster,1.0,73,10373.435939797702,829.8748751838162,4705.390542292237,518.6717969898851,0.0,0.0,16427.37315426364
2026-09,emp-0054,Site Reliability Engineer,Customer Operations,COGS,False,Paris,roster,1.0,74,10373.435939797702,829.8748751838162,4705.390542292237,518.6717969898851,0.0,0.0,16427.37315426364
2026-10,emp-0054,Site Reliability Engineer,Customer Operations,COGS,False,Paris,roster,1.0,75,10373.435939797702,829.8748751838162,4705.390542292237,518.6717969898851,0.0,0.0,16427.37315426364
2026-11,emp-0054,Site Reliability Engineer,Customer Operations,COGS,False,Paris,roster,1.0,76,10373.435939797702,829.8748751838162,4705.390542292237,518.6717969898851,0.0,0.0,16427.37315426364
2026-12,emp-0054,Site Reliability Engineer,Customer Operations,COGS,False,Paris,roster,1.0,77,10373.435939797702,829.8748751838162,4705.390542292237,518.6717969898851,0.0,0.0,16427.37315426364
2026-01,emp-0055,Customer Success Manager,Customer Operations,COGS,False,Austin,roster,1.0,56,8263.02168217885,661.0417345743081,758.5453904240186,1156.8230355050391,0.0,0.0,10839.431842682217
2026-02,emp-0055,Customer Success Manager,Customer Operations,COGS,False,Austin,roster,1.0,57,8263.02168217885,661.0417345743081,758.5453904240186,1156.8230355050391,0.0,0.0,10839.431842682217
2026-03,emp-0055,Customer Success Manager,Customer Operations,COGS,False,Austin,roster,1.0,58,8263.02168217885,661.0417345743081,758.5453904240186,1156.8230355050391,0.0,0.0,10839.431842682217
2026-04,emp-0055,Customer Success Manager,Customer Operations,COGS,False,Austin,roster,1.0,59,8263.02168217885,661.0417345743081,758.5453904240186,1156.8230355050391,0.0,0.0,10839.431842682217
2026-05,emp-0055,Customer Success Manager,Customer Operations,COGS,False,Austin,roster,1.0,60,8263.02168217885,661.0417345743081,758.5453904240186,1156.8230355050391,0.0,0.0,10839.431842682217
2026-06,emp-0055,Customer Success Manager,Customer Operations,COGS,False,Austin,roster,1.0,61,8263.02168217885,661.0417345743081,758.5453904240186,1156.8230355050391,0.0,0.0,10839.431842682217
2026-07,emp-0055,Customer Success Manager,Customer Operations,COGS,False,Austin,roster,1.0,62,8263.02168217885,661.0417345743081,758.5453904240186,1156.8230355050391,0.0,0.0,10839.431842682217
2026-08,emp-0055,Customer Success Manager,Customer Operations,COGS,False,Austin,roster,1.0,63,8263.02168217885,661.0417345743081,758.5453904240186,1156.8230355050391,0.0,0.0,10839.431842682217
2026-09,emp-0055,Customer Success Manager,Customer Operations,COGS,False,Austin,roster,1.0,64,8263.02168217885,661.0417345743081,758.5453904240186,1156.8230355050391,0.0,0.0,10839.431842682217
2026-10,emp-0055,Customer Success Manager,Customer Operations,COGS,False,Austin,roster,1.0,65,8263.02168217885,661.0417345743081,758.5453904240186,1156.8230355050391,0.0,0.0,10839.431842682217
2026-11,emp-0055,Customer Success Manager,Customer Operations,COGS,False,Austin,roster,1.0,66,8263.02168217885,661.0417345743081,758.5453904240186,1156.8230355050391,0.0,0.0,10839.431842682217
2026-12,emp-0055,Customer Success Manager,Customer Operations,COGS,False,Austin,roster,1.0,67,8263.02168217885,661.0417345743081,758.5453904240186,1156.8230355050391,0.0,0.0,10839.431842682217
2026-01,emp-0056,Customer Success Manager,Customer Operations,COGS,False,Austin,roster,1.0,60,8578.96672487001,686.3173379896008,787.549145343067,1201.0553414818014,0.0,0.0,11253.888549684481
2026-02,emp-0056,Customer Success Manager,Customer Operations,COGS,False,Austin,roster,1.0,61,8578.96672487001,686.3173379896008,787.549145343067,1201.0553414818014,0.0,0.0,11253.888549684481
2026-03,emp-0056,Customer Success Manager,Customer Operations,COGS,False,Austin,roster,1.0,62,8578.96672487001,686.3173379896008,787.549145343067,1201.0553414818014,0.0,0.0,11253.888549684481
2026-04,emp-0056,Customer Success Manager,Customer Operations,COGS,False,Austin,roster,1.0,63,8578.96672487001,686.3173379896008,787.549145343067,1201.0553414818014,0.0,0.0,11253.888549684481
2026-05,emp-0056,Customer Success Manager,Customer Operations,COGS,False,Austin,roster,1.0,64,8578.96672487001,686.3173379896008,787.549145343067,1201.0553414818014,0.0,0.0,11253.888549684481
2026-06,emp-0056,Customer Success Manager,Customer Operations,COGS,False,Austin,roster,1.0,65,8578.96672487001,686.3173379896008,787.549145343067,1201.0553414818014,0.0,0.0,11253.888549684481
2026-07,emp-0056,Customer Success Manager,Customer Operations,COGS,False,Austin,roster,1.0,66,8578.96672487001,686.3173379896008,787.549145343067,1201.0553414818014,0.0,0.0,11253.888549684481
2026-08,emp-0056,Customer Success Manager,Customer Operations,COGS,False,Austin,roster,1.0,67,8578.96672487001,686.3173379896008,787.549145343067,1201.0553414818014,0.0,0.0,11253.888549684481
2026-09,emp-0056,Customer Success Manager,Customer Operations,COGS,False,Austin,roster,1.0,68,8578.96672487001,686.3173379896008,787.549145343067,1201.0553414818014,0.0,0.0,11253.888549684481
2026-10,emp-0056,Customer Success Manager,Customer Operations,COGS,False,Austin,roster,1.0,69,8578.96672487001,686.3173379896008,787.549145343067,1201.0553414818014,0.0,0.0,11253.888549684481
2026-11,emp-0056,Customer Success Manager,Customer Operations,COGS,False,Austin,roster,1.0,70,8578.96672487001,686.3173379896008,787.549145343067,1201.0553414818014,0.0,0.0,11253.888549684481
2026-12,emp-0056,Customer Success Manager,Customer Operations,COGS,False,Austin,roster,1.0,71,8578.96672487001,686.3173379896008,787.549145343067,1201.0553414818014,0.0,0.0,11253.888549684481
2026-01,emp-0057,Customer Success Manager,Customer Operations,COGS,False,Austin,roster,1.0,52,8774.934703716912,701.9947762973529,805.5390058012126,1228.4908585203677,0.0,0.0,11510.959344335846
2026-02,emp-0057,Customer Success Manager,Customer Operations,COGS,False,Austin,roster,1.0,53,8774.934703716912,701.9947762973529,805.5390058012126,1228.4908585203677,0.0,0.0,11510.959344335846
2026-03,emp-0057,Customer Success Manager,Customer Operations,COGS,False,Austin,roster,1.0,54,8774.934703716912,701.9947762973529,805.5390058012126,1228.4908585203677,0.0,0.0,11510.959344335846
2026-04,emp-0057,Customer Success Manager,Customer Operations,COGS,False,Austin,roster,1.0,55,8774.934703716912,701.9947762973529,805.5390058012126,1228.4908585203677,0.0,0.0,11510.959344335846
2026-05,emp-0057,Customer Success Manager,Customer Operations,COGS,False,Austin,roster,1.0,56,8774.934703716912,701.9947762973529,805.5390058012126,1228.4908585203677,0.0,0.0,11510.959344335846
2026-06,emp-0057,Customer Success Manager,Customer Operations,COGS,False,Austin,roster,1.0,57,8774.934703716912,701.9947762973529,805.5390058012126,1228.4908585203677,0.0,0.0,11510.959344335846
2026-07,emp-0057,Customer Success Manager,Customer Operations,COGS,False,Austin,roster,1.0,58,8774.934703716912,701.9947762973529,805.5390058012126,1228.4908585203677,0.0,0.0,11510.959344335846
2026-08,emp-0057,Customer Success Manager,Customer Operations,COGS,False,Austin,roster,1.0,59,8774.934703716912,701.9947762973529,805.5390058012126,1228.4908585203677,0.0,0.0,11510.959344335846
2026-09,emp-0057,Customer Success Manager,Customer Operations,COGS,False,Austin,roster,1.0,60,8774.934703716912,701.9947762973529,805.5390058012126,1228.4908585203677,0.0,0.0,11510.959344335846
2026-10,emp-0057,Customer Success Manager,Customer Operations,COGS,False,Austin,roster,1.0,61,8774.934703716912,701.9947762973529,805.5390058012126,1228.4908585203677,0.0,0.0,11510.959344335846
2026-11,emp-0057,Customer Success Manager,Customer Operations,COGS,False,Austin,roster,1.0,62,8774.934703716912,701.9947762973529,805.5390058012126,1228.4908585203677,0.0,0.0,11510.959344335846
2026-12,emp-0057,Customer Success Manager,Customer Operations,COGS,False,Austin,roster,1.0,63,8774.934703716912,701.9947762973529,805.5390058012126,1228.4908585203677,0.0,0.0,11510.959344335846
2026-01,emp-0058,Customer Success Manager,Customer Operations,COGS,False,Austin,roster,1.0,20,8153.535109879431,652.2828087903545,748.4945230869318,1141.4949153831203,0.0,0.0,10695.807357139838
2026-02,emp-0058,Customer Success Manager,Customer Operations,COGS,False,Austin,roster,1.0,21,8153.535109879431,652.2828087903545,748.4945230869318,1141.4949153831203,0.0,0.0,10695.807357139838
2026-03,emp-0058,Customer Success Manager,Customer Operations,COGS,False,Austin,roster,1.0,22,8153.535109879431,652.2828087903545,748.4945230869318,1141.4949153831203,0.0,0.0,10695.807357139838
2026-04,emp-0058,Customer Success Manager,Customer Operations,COGS,False,Austin,roster,1.0,23,8153.535109879431,652.2828087903545,748.4945230869318,1141.4949153831203,0.0,0.0,10695.807357139838
2026-05,emp-0058,Customer Success Manager,Customer Operations,COGS,False,Austin,roster,1.0,24,8153.535109879431,652.2828087903545,748.4945230869318,1141.4949153831203,0.0,0.0,10695.807357139838
2026-06,emp-0058,Customer Success Manager,Customer Operations,COGS,False,Austin,roster,1.0,25,8153.535109879431,652.2828087903545,748.4945230869318,1141.4949153831203,0.0,0.0,10695.807357139838
2026-07,emp-0058,Customer Success Manager,Customer Operations,COGS,False,Austin,roster,1.0,26,8153.535109879431,652.2828087903545,748.4945230869318,1141.4949153831203,0.0,0.0,10695.807357139838
2026-08,emp-0058,Customer Success Manager,Customer Operations,COGS,False,Austin,roster,1.0,27,8153.535109879431,652.2828087903545,748.4945230869318,1141.4949153831203,0.0,0.0,10695.807357139838
2026-09,emp-0058,Customer Success Manager,Customer Operations,COGS,False,Austin,roster,1.0,28,8153.535109879431,652.2828087903545,748.4945230869318,1141.4949153831203,0.0,0.0,10695.807357139838
2026-10,emp-0058,Customer Success Manager,Customer Operations,COGS,False,Austin,roster,1.0,29,8153.535109879431,652.2828087903545,748.4945230869318,1141.4949153831203,0.0,0.0,10695.807357139838
2026-11,emp-0058,Customer Success Manager,Customer Operations,COGS,False,Austin,roster,1.0,30,8153.535109879431,652.2828087903545,748.4945230869318,1141.4949153831203,0.0,0.0,10695.807357139838
2026-12,emp-0058,Customer Success Manager,Customer Operations,COGS,False,Austin,roster,1.0,31,8153.535109879431,652.2828087903545,748.4945230869318,1141.4949153831203,0.0,0.0,10695.807357139838
2026-01,emp-0059,Customer Success Manager,Customer Operations,COGS,False,Austin,roster,1.0,64,9993.454014759634,799.4763211807708,917.3990785549346,1399.083562066349,0.0,0.0,13109.412976561689
2026-02,emp-0059,Customer Success Manager,Customer Operations,COGS,False,Austin,roster,1.0,65,9993.454014759634,799.4763211807708,917.3990785549346,1399.083562066349,0.0,0.0,13109.412976561689
2026-03,emp-0059,Customer Success Manager,Customer Operations,COGS,False,Austin,roster,1.0,66,9993.454014759634,799.4763211807708,917.3990785549346,1399.083562066349,0.0,0.0,13109.412976561689
2026-04,emp-0059,Customer Success Manager,Customer Operations,COGS,False,Austin,roster,1.0,67,9993.454014759634,799.4763211807708,917.3990785549346,1399.083562066349,0.0,0.0,13109.412976561689
2026-05,emp-0059,Customer Success Manager,Customer Operations,COGS,False,Austin,roster,1.0,68,9993.454014759634,799.4763211807708,917.3990785549346,1399.083562066349,0.0,0.0,13109.412976561689
2026-06,emp-0059,Customer Success Manager,Customer Operations,COGS,False,Austin,roster,1.0,69,9993.454014759634,799.4763211807708,917.3990785549346,1399.083562066349,0.0,0.0,13109.412976561689
2026-07,emp-0059,Customer Success Manager,Customer Operations,COGS,False,Austin,roster,1.0,70,9993.454014759634,799.4763211807708,917.3990785549346,1399.083562066349,0.0,0.0,13109.412976561689
2026-08,emp-0059,Customer Success Manager,Customer Operations,COGS,False,Austin,roster,1.0,71,9993.454014759634,799.4763211807708,917.3990785549346,1399.083562066349,0.0,0.0,13109.412976561689
2026-09,emp-0059,Customer Success Manager,Customer Operations,COGS,False,Austin,roster,1.0,72,9993.454014759634,799.4763211807708,917.3990785549346,1399.083562066349,0.0,0.0,13109.412976561689
2026-10,emp-0059,Customer Success Manager,Customer Operations,COGS,False,Austin,roster,1.0,73,9993.454014759634,799.4763211807708,917.3990785549346,1399.083562066349,0.0,0.0,13109.412976561689
2026-11,emp-0059,Customer Success Manager,Customer Operations,COGS,False,Austin,roster,1.0,74,9993.454014759634,799.4763211807708,917.3990785549346,1399.083562066349,0.0,0.0,13109.412976561689
2026-12,emp-0059,Customer Success Manager,Customer Operations,COGS,False,Austin,roster,1.0,75,9993.454014759634,799.4763211807708,917.3990785549346,1399.083562066349,0.0,0.0,13109.412976561689
2026-01,emp-0060,Customer Success Manager,Customer Operations,COGS,False,Austin,roster,1.0,29,7840.730635682929,627.2584508546342,719.779072355693,1097.7022889956102,0.0,0.0,10285.470447888867
2026-02,emp-0060,Customer Success Manager,Customer Operations,COGS,False,Austin,roster,1.0,30,7840.730635682929,627.2584508546342,719.779072355693,1097.7022889956102,0.0,0.0,10285.470447888867
2026-03,emp-0060,Customer Success Manager,Customer Operations,COGS,False,Austin,roster,1.0,31,7840.730635682929,627.2584508546342,719.779072355693,1097.7022889956102,0.0,0.0,10285.470447888867
2026-04,emp-0060,Customer Success Manager,Customer Operations,COGS,False,Austin,roster,1.0,32,7840.730635682929,627.2584508546342,719.779072355693,1097.7022889956102,0.0,0.0,10285.470447888867
2026-05,emp-0060,Customer Success Manager,Customer Operations,COGS,False,Austin,roster,1.0,33,7840.730635682929,627.2584508546342,719.779072355693,1097.7022889956102,0.0,0.0,10285.470447888867
2026-06,emp-0060,Customer Success Manager,Customer Operations,COGS,False,Austin,roster,1.0,34,7840.730635682929,627.2584508546342,719.779072355693,1097.7022889956102,0.0,0.0,10285.470447888867
2026-07,emp-0060,Customer Success Manager,Customer Operations,COGS,False,Austin,roster,1.0,35,7840.730635682929,627.2584508546342,719.779072355693,1097.7022889956102,0.0,0.0,10285.470447888867
2026-08,emp-0060,Customer Success Manager,Customer Operations,COGS,False,Austin,roster,1.0,36,7840.730635682929,627.2584508546342,719.779072355693,1097.7022889956102,0.0,0.0,10285.470447888867
2026-09,emp-0060,Customer Success Manager,Customer Operations,COGS,False,Austin,roster,1.0,37,7840.730635682929,627.2584508546342,719.779072355693,1097.7022889956102,0.0,0.0,10285.470447888867
2026-10,emp-0060,Customer Success Manager,Customer Operations,COGS,False,Austin,roster,1.0,38,7840.730635682929,627.2584508546342,719.779072355693,1097.7022889956102,0.0,0.0,10285.470447888867
2026-11,emp-0060,Customer Success Manager,Customer Operations,COGS,False,Austin,roster,1.0,39,7840.730635682929,627.2584508546342,719.779072355693,1097.7022889956102,0.0,0.0,10285.470447888867
2026-12,emp-0060,Customer Success Manager,Customer Operations,COGS,False,Austin,roster,1.0,40,7840.730635682929,627.2584508546342,719.779072355693,1097.7022889956102,0.0,0.0,10285.470447888867
2026-01,emp-0062,Customer Success Manager,Customer Operations,COGS,False,Montreal,roster,1.0,72,8214.91007233248,657.1928057865983,975.9313165930986,492.8946043399487,0.0,0.0,10340.928799052124
2026-02,emp-0062,Customer Success Manager,Customer Operations,COGS,False,Montreal,roster,1.0,73,8214.91007233248,657.1928057865983,975.9313165930986,492.8946043399487,0.0,0.0,10340.928799052124
2026-03,emp-0062,Customer Success Manager,Customer Operations,COGS,False,Montreal,roster,1.0,74,8214.91007233248,657.1928057865983,975.9313165930986,492.8946043399487,0.0,0.0,10340.928799052124
2026-04,emp-0062,Customer Success Manager,Customer Operations,COGS,False,Montreal,roster,1.0,75,8214.91007233248,657.1928057865983,975.9313165930986,492.8946043399487,0.0,0.0,10340.928799052124
2026-05,emp-0062,Customer Success Manager,Customer Operations,COGS,False,Montreal,roster,1.0,76,8214.91007233248,657.1928057865983,975.9313165930986,492.8946043399487,0.0,0.0,10340.928799052124
2026-06,emp-0062,Customer Success Manager,Customer Operations,COGS,False,Montreal,roster,1.0,77,8214.91007233248,657.1928057865983,975.9313165930986,492.8946043399487,0.0,0.0,10340.928799052124
2026-07,emp-0062,Customer Success Manager,Customer Operations,COGS,False,Montreal,roster,1.0,78,8214.91007233248,657.1928057865983,975.9313165930986,492.8946043399487,0.0,0.0,10340.928799052124
2026-08,emp-0062,Customer Success Manager,Customer Operations,COGS,False,Montreal,roster,1.0,79,8214.91007233248,657.1928057865983,975.9313165930986,492.8946043399487,0.0,0.0,10340.928799052124
2026-09,emp-0062,Customer Success Manager,Customer Operations,COGS,False,Montreal,roster,1.0,80,8214.91007233248,657.1928057865983,975.9313165930986,492.8946043399487,0.0,0.0,10340.928799052124
2026-10,emp-0062,Customer Success Manager,Customer Operations,COGS,False,Montreal,roster,1.0,81,8214.91007233248,657.1928057865983,975.9313165930986,492.8946043399487,0.0,0.0,10340.928799052124
2026-11,emp-0062,Customer Success Manager,Customer Operations,COGS,False,Montreal,roster,1.0,82,8214.91007233248,657.1928057865983,975.9313165930986,492.8946043399487,0.0,0.0,10340.928799052124
2026-12,emp-0062,Customer Success Manager,Customer Operations,COGS,False,Montreal,roster,1.0,83,8214.91007233248,657.1928057865983,975.9313165930986,492.8946043399487,0.0,0.0,10340.928799052124
2026-01,emp-0063,Customer Success Manager,Customer Operations,COGS,False,Montreal,roster,1.0,46,7025.855779411234,562.0684623528987,834.6716665940546,421.551346764674,0.0,0.0,8844.147255122862
2026-02,emp-0063,Customer Success Manager,Customer Operations,COGS,False,Montreal,roster,1.0,47,7025.855779411234,562.0684623528987,834.6716665940546,421.551346764674,0.0,0.0,8844.147255122862
2026-03,emp-0063,Customer Success Manager,Customer Operations,COGS,False,Montreal,roster,1.0,48,7025.855779411234,562.0684623528987,834.6716665940546,421.551346764674,0.0,0.0,8844.147255122862
2026-04,emp-0063,Customer Success Manager,Customer Operations,COGS,False,Montreal,roster,1.0,49,7025.855779411234,562.0684623528987,834.6716665940546,421.551346764674,0.0,0.0,8844.147255122862
2026-05,emp-0063,Customer Success Manager,Customer Operations,COGS,False,Montreal,roster,1.0,50,7025.855779411234,562.0684623528987,834.6716665940546,421.551346764674,0.0,0.0,8844.147255122862
2026-06,emp-0063,Customer Success Manager,Customer Operations,COGS,False,Montreal,roster,1.0,51,7025.855779411234,562.0684623528987,834.6716665940546,421.551346764674,0.0,0.0,8844.147255122862
2026-07,emp-0063,Customer Success Manager,Customer Operations,COGS,False,Montreal,roster,1.0,52,7025.855779411234,562.0684623528987,834.6716665940546,421.551346764674,0.0,0.0,8844.147255122862
2026-08,emp-0063,Customer Success Manager,Customer Operations,COGS,False,Montreal,roster,1.0,53,7025.855779411234,562.0684623528987,834.6716665940546,421.551346764674,0.0,0.0,8844.147255122862
2026-09,emp-0063,Customer Success Manager,Customer Operations,COGS,False,Montreal,roster,1.0,54,7025.855779411234,562.0684623528987,834.6716665940546,421.551346764674,0.0,0.0,8844.147255122862
2026-10,emp-0063,Customer Success Manager,Customer Operations,COGS,False,Montreal,roster,1.0,55,7025.855779411234,562.0684623528987,834.6716665940546,421.551346764674,0.0,0.0,8844.147255122862
2026-11,emp-0063,Customer Success Manager,Customer Operations,COGS,False,Montreal,roster,1.0,56,7025.855779411234,562.0684623528987,834.6716665940546,421.551346764674,0.0,0.0,8844.147255122862
2026-12,emp-0063,Customer Success Manager,Customer Operations,COGS,False,Montreal,roster,1.0,57,7025.855779411234,562.0684623528987,834.6716665940546,421.551346764674,0.0,0.0,8844.147255122862
2026-01,emp-0064,Customer Success Manager,Customer Operations,COGS,False,Montreal,roster,1.0,58,7759.464634074017,620.7571707259214,921.8243985279934,465.56787804444104,0.0,0.0,9767.614081372374
2026-02,emp-0064,Customer Success Manager,Customer Operations,COGS,False,Montreal,roster,1.0,59,7759.464634074017,620.7571707259214,921.8243985279934,465.56787804444104,0.0,0.0,9767.614081372374
2026-03,emp-0064,Customer Success Manager,Customer Operations,COGS,False,Montreal,roster,1.0,60,7759.464634074017,620.7571707259214,921.8243985279934,465.56787804444104,0.0,0.0,9767.614081372374
2026-04,emp-0064,Customer Success Manager,Customer Operations,COGS,False,Montreal,roster,1.0,61,7759.464634074017,620.7571707259214,921.8243985279934,465.56787804444104,0.0,0.0,9767.614081372374
2026-05,emp-0064,Customer Success Manager,Customer Operations,COGS,False,Montreal,roster,1.0,62,7759.464634074017,620.7571707259214,921.8243985279934,465.56787804444104,0.0,0.0,9767.614081372374
2026-06,emp-0064,Customer Success Manager,Customer Operations,COGS,False,Montreal,roster,1.0,63,7759.464634074017,620.7571707259214,921.8243985279934,465.56787804444104,0.0,0.0,9767.614081372374
2026-07,emp-0064,Customer Success Manager,Customer Operations,COGS,False,Montreal,roster,1.0,64,7759.464634074017,620.7571707259214,921.8243985279934,465.56787804444104,0.0,0.0,9767.614081372374
2026-08,emp-0064,Customer Success Manager,Customer Operations,COGS,False,Montreal,roster,1.0,65,7759.464634074017,620.7571707259214,921.8243985279934,465.56787804444104,0.0,0.0,9767.614081372374
2026-09,emp-0064,Customer Success Manager,Customer Operations,COGS,False,Montreal,roster,1.0,66,7759.464634074017,620.7571707259214,921.8243985279934,465.56787804444104,0.0,0.0,9767.614081372374
2026-10,emp-0064,Customer Success Manager,Customer Operations,COGS,False,Montreal,roster,1.0,67,7759.464634074017,620.7571707259214,921.8243985279934,465.56787804444104,0.0,0.0,9767.614081372374
2026-11,emp-0064,Customer Success Manager,Customer Operations,COGS,False,Montreal,roster,1.0,68,7759.464634074017,620.7571707259214,921.8243985279934,465.56787804444104,0.0,0.0,9767.614081372374
2026-12,emp-0064,Customer Success Manager,Customer Operations,COGS,False,Montreal,roster,1.0,69,7759.464634074017,620.7571707259214,921.8243985279934,465.56787804444104,0.0,0.0,9767.614081372374
2026-01,emp-0065,Customer Success Manager,Customer Operations,COGS,False,Montreal,roster,1.0,21,6307.612799876303,504.6090239901043,749.3444006253048,378.4567679925782,0.0,0.0,7940.022992484291
2026-02,emp-0065,Customer Success Manager,Customer Operations,COGS,False,Montreal,roster,1.0,22,6307.612799876303,504.6090239901043,749.3444006253048,378.4567679925782,0.0,0.0,7940.022992484291
2026-03,emp-0065,Customer Success Manager,Customer Operations,COGS,False,Montreal,roster,1.0,23,6307.612799876303,504.6090239901043,749.3444006253048,378.4567679925782,0.0,0.0,7940.022992484291
2026-04,emp-0065,Customer Success Manager,Customer Operations,COGS,False,Montreal,roster,1.0,24,6307.612799876303,504.6090239901043,749.3444006253048,378.4567679925782,0.0,0.0,7940.022992484291
2026-05,emp-0065,Customer Success Manager,Customer Operations,COGS,False,Montreal,roster,1.0,25,6307.612799876303,504.6090239901043,749.3444006253048,378.4567679925782,0.0,0.0,7940.022992484291
2026-06,emp-0065,Customer Success Manager,Customer Operations,COGS,False,Montreal,roster,1.0,26,6307.612799876303,504.6090239901043,749.3444006253048,378.4567679925782,0.0,0.0,7940.022992484291
2026-07,emp-0065,Customer Success Manager,Customer Operations,COGS,False,Montreal,roster,1.0,27,6307.612799876303,504.6090239901043,749.3444006253048,378.4567679925782,0.0,0.0,7940.022992484291
2026-08,emp-0065,Customer Success Manager,Customer Operations,COGS,False,Montreal,roster,1.0,28,6307.612799876303,504.6090239901043,749.3444006253048,378.4567679925782,0.0,0.0,7940.022992484291
2026-09,emp-0065,Customer Success Manager,Customer Operations,COGS,False,Montreal,roster,1.0,29,6307.612799876303,504.6090239901043,749.3444006253048,378.4567679925782,0.0,0.0,7940.022992484291
2026-10,emp-0065,Customer Success Manager,Customer Operations,COGS,False,Montreal,roster,1.0,30,6307.612799876303,504.6090239901043,749.3444006253048,378.4567679925782,0.0,0.0,7940.022992484291
2026-11,emp-0065,Customer Success Manager,Customer Operations,COGS,False,Montreal,roster,1.0,31,6307.612799876303,504.6090239901043,749.3444006253048,378.4567679925782,0.0,0.0,7940.022992484291
2026-12,emp-0065,Customer Success Manager,Customer Operations,COGS,False,Montreal,roster,1.0,32,6307.612799876303,504.6090239901043,749.3444006253048,378.4567679925782,0.0,0.0,7940.022992484291
2026-01,emp-0066,Support Engineer,Customer Operations,COGS,False,Montreal,roster,1.0,48,6286.933403563988,502.95467228511905,746.8876883434018,377.21600421383926,0.0,0.0,7913.9917684063485
2026-02,emp-0066,Support Engineer,Customer Operations,COGS,False,Montreal,roster,1.0,49,6286.933403563988,502.95467228511905,746.8876883434018,377.21600421383926,0.0,0.0,7913.9917684063485
2026-03,emp-0066,Support Engineer,Customer Operations,COGS,False,Montreal,roster,1.0,50,6286.933403563988,502.95467228511905,746.8876883434018,377.21600421383926,0.0,0.0,7913.9917684063485
2026-04,emp-0066,Support Engineer,Customer Operations,COGS,False,Montreal,roster,1.0,51,6286.933403563988,502.95467228511905,746.8876883434018,377.21600421383926,0.0,0.0,7913.9917684063485
2026-05,emp-0066,Support Engineer,Customer Operations,COGS,False,Montreal,roster,1.0,52,6286.933403563988,502.95467228511905,746.8876883434018,377.21600421383926,0.0,0.0,7913.9917684063485
2026-06,emp-0066,Support Engineer,Customer Operations,COGS,False,Montreal,roster,1.0,53,6286.933403563988,502.95467228511905,746.8876883434018,377.21600421383926,0.0,0.0,7913.9917684063485
2026-07,emp-0066,Support Engineer,Customer Operations,COGS,False,Montreal,roster,1.0,54,6286.933403563988,502.95467228511905,746.8876883434018,377.21600421383926,0.0,0.0,7913.9917684063485
2026-08,emp-0066,Support Engineer,Customer Operations,COGS,False,Montreal,roster,1.0,55,6286.933403563988,502.95467228511905,746.8876883434018,377.21600421383926,0.0,0.0,7913.9917684063485
2026-09,emp-0066,Support Engineer,Customer Operations,COGS,False,Montreal,roster,1.0,56,6286.933403563988,502.95467228511905,746.8876883434018,377.21600421383926,0.0,0.0,7913.9917684063485
2026-10,emp-0066,Support Engineer,Customer Operations,COGS,False,Montreal,roster,1.0,57,6286.933403563988,502.95467228511905,746.8876883434018,377.21600421383926,0.0,0.0,7913.9917684063485
2026-11,emp-0066,Support Engineer,Customer Operations,COGS,False,Montreal,roster,1.0,58,6286.933403563988,502.95467228511905,746.8876883434018,377.21600421383926,0.0,0.0,7913.9917684063485
2026-12,emp-0066,Support Engineer,Customer Operations,COGS,False,Montreal,roster,1.0,59,6286.933403563988,502.95467228511905,746.8876883434018,377.21600421383926,0.0,0.0,7913.9917684063485
2026-01,emp-0067,Support Engineer,Customer Operations,COGS,False,Montreal,roster,1.0,74,6440.623698905895,515.2498959124716,765.1460954300203,386.4374219343537,0.0,0.0,8107.45711218274
2026-02,emp-0067,Support Engineer,Customer Operations,COGS,False,Montreal,roster,1.0,75,6440.623698905895,515.2498959124716,765.1460954300203,386.4374219343537,0.0,0.0,8107.45711218274
2026-03,emp-0067,Support Engineer,Customer Operations,COGS,False,Montreal,roster,1.0,76,6440.623698905895,515.2498959124716,765.1460954300203,386.4374219343537,0.0,0.0,8107.45711218274
2026-04,emp-0067,Support Engineer,Customer Operations,COGS,False,Montreal,roster,1.0,77,6440.623698905895,515.2498959124716,765.1460954300203,386.4374219343537,0.0,0.0,8107.45711218274
2026-05,emp-0067,Support Engineer,Customer Operations,COGS,False,Montreal,roster,1.0,78,6440.623698905895,515.2498959124716,765.1460954300203,386.4374219343537,0.0,0.0,8107.45711218274
2026-06,emp-0067,Support Engineer,Customer Operations,COGS,False,Montreal,roster,1.0,79,6440.623698905895,515.2498959124716,765.1460954300203,386.4374219343537,0.0,0.0,8107.45711218274
2026-07,emp-0067,Support Engineer,Customer Operations,COGS,False,Montreal,roster,1.0,80,6440.623698905895,515.2498959124716,765.1460954300203,386.4374219343537,0.0,0.0,8107.45711218274
2026-08,emp-0067,Support Engineer,Customer Operations,COGS,False,Montreal,roster,1.0,81,6440.623698905895,515.2498959124716,765.1460954300203,386.4374219343537,0.0,0.0,8107.45711218274
2026-09,emp-0067,Support Engineer,Customer Operations,COGS,False,Montreal,roster,1.0,82,6440.623698905895,515.2498959124716,765.1460954300203,386.4374219343537,0.0,0.0,8107.45711218274
2026-10,emp-0067,Support Engineer,Customer Operations,COGS,False,Montreal,roster,1.0,83,6440.623698905895,515.2498959124716,765.1460954300203,386.4374219343537,0.0,0.0,8107.45711218274
2026-11,emp-0067,Support Engineer,Customer Operations,COGS,False,Montreal,roster,1.0,84,6440.623698905895,515.2498959124716,765.1460954300203,386.4374219343537,0.0,0.0,8107.45711218274
2026-12,emp-0067,Support Engineer,Customer Operations,COGS,False,Montreal,roster,1.0,85,6440.623698905895,515.2498959124716,765.1460954300203,386.4374219343537,0.0,0.0,8107.45711218274
2026-01,emp-0068,Support Engineer,Customer Operations,COGS,False,Montreal,roster,1.0,71,6202.759133665156,496.2207306932125,736.8877850794205,372.16554801990935,0.0,0.0,7808.033197457698
2026-02,emp-0068,Support Engineer,Customer Operations,COGS,False,Montreal,roster,1.0,72,6202.759133665156,496.2207306932125,736.8877850794205,372.16554801990935,0.0,0.0,7808.033197457698
2026-03,emp-0068,Support Engineer,Customer Operations,COGS,False,Montreal,roster,1.0,73,6202.759133665156,496.2207306932125,736.8877850794205,372.16554801990935,0.0,0.0,7808.033197457698
2026-04,emp-0068,Support Engineer,Customer Operations,COGS,False,Montreal,roster,1.0,74,6202.759133665156,496.2207306932125,736.8877850794205,372.16554801990935,0.0,0.0,7808.033197457698
2026-05,emp-0068,Support Engineer,Customer Operations,COGS,False,Montreal,roster,1.0,75,6202.759133665156,496.2207306932125,736.8877850794205,372.16554801990935,0.0,0.0,7808.033197457698
2026-06,emp-0068,Support Engineer,Customer Operations,COGS,False,Montreal,roster,1.0,76,6202.759133665156,496.2207306932125,736.8877850794205,372.16554801990935,0.0,0.0,7808.033197457698
2026-07,emp-0068,Support Engineer,Customer Operations,COGS,False,Montreal,roster,1.0,77,6202.759133665156,496.2207306932125,736.8877850794205,372.16554801990935,0.0,0.0,7808.033197457698
2026-08,emp-0068,Support Engineer,Customer Operations,COGS,False,Montreal,roster,1.0,78,6202.759133665156,496.2207306932125,736.8877850794205,372.16554801990935,0.0,0.0,7808.033197457698
2026-09,emp-0068,Support Engineer,Customer Operations,COGS,False,Montreal,roster,1.0,79,6202.759133665156,496.2207306932125,736.8877850794205,372.16554801990935,0.0,0.0,7808.033197457698
2026-10,emp-0068,Support Engineer,Customer Operations,COGS,False,Montreal,roster,1.0,80,6202.759133665156,496.2207306932125,736.8877850794205,372.16554801990935,0.0,0.0,7808.033197457698
2026-11,emp-0068,Support Engineer,Customer Operations,COGS,False,Montreal,roster,1.0,81,6202.759133665156,496.2207306932125,736.8877850794205,372.16554801990935,0.0,0.0,7808.033197457698
2026-12,emp-0068,Support Engineer,Customer Operations,COGS,False,Montreal,roster,1.0,82,6202.759133665156,496.2207306932125,736.8877850794205,372.16554801990935,0.0,0.0,7808.033197457698
2026-01,emp-0069,Support Engineer,Customer Operations,COGS,False,Montreal,roster,1.0,42,6018.876554498057,481.51012435984455,715.0425346743692,361.1325932698834,0.0,0.0,7576.561806802155
2026-02,emp-0069,Support Engineer,Customer Operations,COGS,False,Montreal,roster,1.0,43,6018.876554498057,481.51012435984455,715.0425346743692,361.1325932698834,0.0,0.0,7576.561806802155
2026-03,emp-0069,Support Engineer,Customer Operations,COGS,False,Montreal,roster,1.0,44,6018.876554498057,481.51012435984455,715.0425346743692,361.1325932698834,0.0,0.0,7576.561806802155
2026-04,emp-0069,Support Engineer,Customer Operations,COGS,False,Montreal,roster,1.0,45,6018.876554498057,481.51012435984455,715.0425346743692,361.1325932698834,0.0,0.0,7576.561806802155
2026-05,emp-0069,Support Engineer,Customer Operations,COGS,False,Montreal,roster,1.0,46,6018.876554498057,481.51012435984455,715.0425346743692,361.1325932698834,0.0,0.0,7576.561806802155
2026-06,emp-0069,Support Engineer,Customer Operations,COGS,False,Montreal,roster,1.0,47,6018.876554498057,481.51012435984455,715.0425346743692,361.1325932698834,0.0,0.0,7576.561806802155
2026-07,emp-0069,Support Engineer,Customer Operations,COGS,False,Montreal,roster,1.0,48,6018.876554498057,481.51012435984455,715.0425346743692,361.1325932698834,0.0,0.0,7576.561806802155
2026-08,emp-0069,Support Engineer,Customer Operations,COGS,False,Montreal,roster,1.0,49,6018.876554498057,481.51012435984455,715.0425346743692,361.1325932698834,0.0,0.0,7576.561806802155
2026-09,emp-0069,Support Engineer,Customer Operations,COGS,False,Montreal,roster,1.0,50,6018.876554498057,481.51012435984455,715.0425346743692,361.1325932698834,0.0,0.0,7576.561806802155
2026-10,emp-0069,Support Engineer,Customer Operations,COGS,False,Montreal,roster,1.0,51,6018.876554498057,481.51012435984455,715.0425346743692,361.1325932698834,0.0,0.0,7576.561806802155
2026-11,emp-0069,Support Engineer,Customer Operations,COGS,False,Montreal,roster,1.0,52,6018.876554498057,481.51012435984455,715.0425346743692,361.1325932698834,0.0,0.0,7576.561806802155
2026-12,emp-0069,Support Engineer,Customer Operations,COGS,False,Montreal,roster,1.0,53,6018.876554498057,481.51012435984455,715.0425346743692,361.1325932698834,0.0,0.0,7576.561806802155
2026-01,emp-0071,Support Engineer,Customer Operations,COGS,False,Montreal,roster,1.0,25,5717.774487541784,457.4219590033427,679.271609119964,343.06646925250703,0.0,0.0,7197.534524917597
2026-02,emp-0071,Support Engineer,Customer Operations,COGS,False,Montreal,roster,1.0,26,5717.774487541784,457.4219590033427,679.271609119964,343.06646925250703,0.0,0.0,7197.534524917597
2026-03,emp-0071,Support Engineer,Customer Operations,COGS,False,Montreal,roster,1.0,27,5717.774487541784,457.4219590033427,679.271609119964,343.06646925250703,0.0,0.0,7197.534524917597
2026-04,emp-0071,Support Engineer,Customer Operations,COGS,False,Montreal,roster,1.0,28,5717.774487541784,457.4219590033427,679.271609119964,343.06646925250703,0.0,0.0,7197.534524917597
2026-05,emp-0071,Support Engineer,Customer Operations,COGS,False,Montreal,roster,1.0,29,5717.774487541784,457.4219590033427,679.271609119964,343.06646925250703,0.0,0.0,7197.534524917597
2026-06,emp-0071,Support Engineer,Customer Operations,COGS,False,Montreal,roster,1.0,30,5717.774487541784,457.4219590033427,679.271609119964,343.06646925250703,0.0,0.0,7197.534524917597
2026-07,emp-0071,Support Engineer,Customer Operations,COGS,False,Montreal,roster,1.0,31,5717.774487541784,457.4219590033427,679.271609119964,343.06646925250703,0.0,0.0,7197.534524917597
2026-08,emp-0071,Support Engineer,Customer Operations,COGS,False,Montreal,roster,1.0,32,5717.774487541784,457.4219590033427,679.271609119964,343.06646925250703,0.0,0.0,7197.534524917597
2026-09,emp-0071,Support Engineer,Customer Operations,COGS,False,Montreal,roster,1.0,33,5717.774487541784,457.4219590033427,679.271609119964,343.06646925250703,0.0,0.0,7197.534524917597
2026-10,emp-0071,Support Engineer,Customer Operations,COGS,False,Montreal,roster,1.0,34,5717.774487541784,457.4219590033427,679.271609119964,343.06646925250703,0.0,0.0,7197.534524917597
2026-11,emp-0071,Support Engineer,Customer Operations,COGS,False,Montreal,roster,1.0,35,5717.774487541784,457.4219590033427,679.271609119964,343.06646925250703,0.0,0.0,7197.534524917597
2026-12,emp-0071,Support Engineer,Customer Operations,COGS,False,Montreal,roster,1.0,36,5717.774487541784,457.4219590033427,679.271609119964,343.06646925250703,0.0,0.0,7197.534524917597
2026-01,emp-0072,Support Engineer,Customer Operations,COGS,False,Montreal,roster,1.0,67,7168.727162846161,573.4981730276929,851.644786946124,430.12362977076964,0.0,0.0,9023.993752590748
2026-02,emp-0072,Support Engineer,Customer Operations,COGS,False,Montreal,roster,1.0,68,7168.727162846161,573.4981730276929,851.644786946124,430.12362977076964,0.0,0.0,9023.993752590748
2026-03,emp-0072,Support Engineer,Customer Operations,COGS,False,Montreal,roster,1.0,69,7168.727162846161,573.4981730276929,851.644786946124,430.12362977076964,0.0,0.0,9023.993752590748
2026-04,emp-0072,Support Engineer,Customer Operations,COGS,False,Montreal,roster,1.0,70,7168.727162846161,573.4981730276929,851.644786946124,430.12362977076964,0.0,0.0,9023.993752590748
2026-05,emp-0072,Support Engineer,Customer Operations,COGS,False,Montreal,roster,1.0,71,7168.727162846161,573.4981730276929,851.644786946124,430.12362977076964,0.0,0.0,9023.993752590748
2026-06,emp-0072,Support Engineer,Customer Operations,COGS,False,Montreal,roster,1.0,72,7168.727162846161,573.4981730276929,851.644786946124,430.12362977076964,0.0,0.0,9023.993752590748
2026-07,emp-0072,Support Engineer,Customer Operations,COGS,False,Montreal,roster,1.0,73,7168.727162846161,573.4981730276929,851.644786946124,430.12362977076964,0.0,0.0,9023.993752590748
2026-08,emp-0072,Support Engineer,Customer Operations,COGS,False,Montreal,roster,1.0,74,7168.727162846161,573.4981730276929,851.644786946124,430.12362977076964,0.0,0.0,9023.993752590748
2026-09,emp-0072,Support Engineer,Customer Operations,COGS,False,Montreal,roster,1.0,75,7168.727162846161,573.4981730276929,851.644786946124,430.12362977076964,0.0,0.0,9023.993752590748
2026-10,emp-0072,Support Engineer,Customer Operations,COGS,False,Montreal,roster,1.0,76,7168.727162846161,573.4981730276929,851.644786946124,430.12362977076964,0.0,0.0,9023.993752590748
2026-11,emp-0072,Support Engineer,Customer Operations,COGS,False,Montreal,roster,1.0,77,7168.727162846161,573.4981730276929,851.644786946124,430.12362977076964,0.0,0.0,9023.993752590748
2026-12,emp-0072,Support Engineer,Customer Operations,COGS,False,Montreal,roster,1.0,78,7168.727162846161,573.4981730276929,851.644786946124,430.12362977076964,0.0,0.0,9023.993752590748
2026-01,emp-0073,Account Executive,S&M,S&M,True,Austin,roster,1.0,67,11787.619501449139,0.0,1001.9476576231768,1650.2667302028797,0.0,0.0,14439.833889275196
2026-02,emp-0073,Account Executive,S&M,S&M,True,Austin,roster,1.0,68,11787.619501449139,0.0,1001.9476576231768,1650.2667302028797,0.0,0.0,14439.833889275196
2026-03,emp-0073,Account Executive,S&M,S&M,True,Austin,roster,1.0,69,11787.619501449139,0.0,1001.9476576231768,1650.2667302028797,0.0,0.0,14439.833889275196
2026-04,emp-0073,Account Executive,S&M,S&M,True,Austin,roster,1.0,70,11787.619501449139,0.0,1001.9476576231768,1650.2667302028797,0.0,0.0,14439.833889275196
2026-05,emp-0073,Account Executive,S&M,S&M,True,Austin,roster,1.0,71,11787.619501449139,0.0,1001.9476576231768,1650.2667302028797,0.0,0.0,14439.833889275196
2026-06,emp-0073,Account Executive,S&M,S&M,True,Austin,roster,1.0,72,11787.619501449139,0.0,1001.9476576231768,1650.2667302028797,0.0,0.0,14439.833889275196
2026-07,emp-0073,Account Executive,S&M,S&M,True,Austin,roster,1.0,73,11787.619501449139,0.0,1001.9476576231768,1650.2667302028797,0.0,0.0,14439.833889275196
2026-08,emp-0073,Account Executive,S&M,S&M,True,Austin,roster,1.0,74,11787.619501449139,0.0,1001.9476576231768,1650.2667302028797,0.0,0.0,14439.833889275196
2026-09,emp-0073,Account Executive,S&M,S&M,True,Austin,roster,1.0,75,11787.619501449139,0.0,1001.9476576231768,1650.2667302028797,0.0,0.0,14439.833889275196
2026-10,emp-0073,Account Executive,S&M,S&M,True,Austin,roster,1.0,76,11787.619501449139,0.0,1001.9476576231768,1650.2667302028797,0.0,0.0,14439.833889275196
2026-11,emp-0073,Account Executive,S&M,S&M,True,Austin,roster,1.0,77,11787.619501449139,0.0,1001.9476576231768,1650.2667302028797,0.0,0.0,14439.833889275196
2026-12,emp-0073,Account Executive,S&M,S&M,True,Austin,roster,1.0,78,11787.619501449139,0.0,1001.9476576231768,1650.2667302028797,0.0,0.0,14439.833889275196
2026-01,emp-0074,Account Executive,S&M,S&M,True,Austin,roster,1.0,73,12729.62686294644,0.0,1082.0182833504475,1782.1477608125017,0.0,0.0,15593.79290710939
2026-02,emp-0074,Account Executive,S&M,S&M,True,Austin,roster,1.0,74,12729.62686294644,0.0,1082.0182833504475,1782.1477608125017,0.0,0.0,15593.79290710939
2026-03,emp-0074,Account Executive,S&M,S&M,True,Austin,roster,1.0,75,12729.62686294644,0.0,1082.0182833504475,1782.1477608125017,0.0,0.0,15593.79290710939
2026-04,emp-0074,Account Executive,S&M,S&M,True,Austin,roster,1.0,76,12729.62686294644,0.0,1082.0182833504475,1782.1477608125017,0.0,0.0,15593.79290710939
2026-05,emp-0074,Account Executive,S&M,S&M,True,Austin,roster,1.0,77,12729.62686294644,0.0,1082.0182833504475,1782.1477608125017,0.0,0.0,15593.79290710939
2026-06,emp-0074,Account Executive,S&M,S&M,True,Austin,roster,1.0,78,12729.62686294644,0.0,1082.0182833504475,1782.1477608125017,0.0,0.0,15593.79290710939
2026-07,emp-0074,Account Executive,S&M,S&M,True,Austin,roster,1.0,79,12729.62686294644,0.0,1082.0182833504475,1782.1477608125017,0.0,0.0,15593.79290710939
2026-08,emp-0074,Account Executive,S&M,S&M,True,Austin,roster,1.0,80,12729.62686294644,0.0,1082.0182833504475,1782.1477608125017,0.0,0.0,15593.79290710939
2026-09,emp-0074,Account Executive,S&M,S&M,True,Austin,roster,1.0,81,12729.62686294644,0.0,1082.0182833504475,1782.1477608125017,0.0,0.0,15593.79290710939
2026-10,emp-0074,Account Executive,S&M,S&M,True,Austin,roster,1.0,82,12729.62686294644,0.0,1082.0182833504475,1782.1477608125017,0.0,0.0,15593.79290710939
2026-11,emp-0074,Account Executive,S&M,S&M,True,Austin,roster,1.0,83,12729.62686294644,0.0,1082.0182833504475,1782.1477608125017,0.0,0.0,15593.79290710939
2026-12,emp-0074,Account Executive,S&M,S&M,True,Austin,roster,1.0,84,12729.62686294644,0.0,1082.0182833504475,1782.1477608125017,0.0,0.0,15593.79290710939
2026-01,emp-0075,Account Executive,S&M,S&M,True,Austin,roster,1.0,45,10837.342616604003,0.0,921.1741224113402,1517.2279663245606,0.0,0.0,13275.744705339905
2026-02,emp-0075,Account Executive,S&M,S&M,True,Austin,roster,1.0,46,10837.342616604003,0.0,921.1741224113402,1517.2279663245606,0.0,0.0,13275.744705339905
2026-03,emp-0075,Account Executive,S&M,S&M,True,Austin,roster,1.0,47,10837.342616604003,0.0,921.1741224113402,1517.2279663245606,0.0,0.0,13275.744705339905
2026-04,emp-0075,Account Executive,S&M,S&M,True,Austin,roster,1.0,48,10837.342616604003,0.0,921.1741224113402,1517.2279663245606,0.0,0.0,13275.744705339905
2026-05,emp-0075,Account Executive,S&M,S&M,True,Austin,roster,1.0,49,10837.342616604003,0.0,921.1741224113402,1517.2279663245606,0.0,0.0,13275.744705339905
2026-06,emp-0075,Account Executive,S&M,S&M,True,Austin,roster,1.0,50,10837.342616604003,0.0,921.1741224113402,1517.2279663245606,0.0,0.0,13275.744705339905
2026-07,emp-0075,Account Executive,S&M,S&M,True,Austin,roster,1.0,51,10837.342616604003,0.0,921.1741224113402,1517.2279663245606,0.0,0.0,13275.744705339905
2026-08,emp-0075,Account Executive,S&M,S&M,True,Austin,roster,1.0,52,10837.342616604003,0.0,921.1741224113402,1517.2279663245606,0.0,0.0,13275.744705339905
2026-09,emp-0075,Account Executive,S&M,S&M,True,Austin,roster,1.0,53,10837.342616604003,0.0,921.1741224113402,1517.2279663245606,0.0,0.0,13275.744705339905
2026-10,emp-0075,Account Executive,S&M,S&M,True,Austin,roster,1.0,54,10837.342616604003,0.0,921.1741224113402,1517.2279663245606,0.0,0.0,13275.744705339905
2026-11,emp-0075,Account Executive,S&M,S&M,True,Austin,roster,1.0,55,10837.342616604003,0.0,921.1741224113402,1517.2279663245606,0.0,0.0,13275.744705339905
2026-12,emp-0075,Account Executive,S&M,S&M,True,Austin,roster,1.0,56,10837.342616604003,0.0,921.1741224113402,1517.2279663245606,0.0,0.0,13275.744705339905
2026-01,emp-0076,Account Executive,S&M,S&M,True,Austin,roster,1.0,78,10907.065435243845,0.0,927.1005619957269,1526.9891609341385,0.0,0.0,13361.155158173711
2026-02,emp-0076,Account Executive,S&M,S&M,True,Austin,roster,1.0,79,10907.065435243845,0.0,927.1005619957269,1526.9891609341385,0.0,0.0,13361.155158173711
2026-03,emp-0076,Account Executive,S&M,S&M,True,Austin,roster,1.0,80,10907.065435243845,0.0,927.1005619957269,1526.9891609341385,0.0,0.0,13361.155158173711
2026-04,emp-0076,Account Executive,S&M,S&M,True,Austin,roster,1.0,81,10907.065435243845,0.0,927.1005619957269,1526.9891609341385,0.0,0.0,13361.155158173711
2026-05,emp-0076,Account Executive,S&M,S&M,True,Austin,roster,1.0,82,10907.065435243845,0.0,927.1005619957269,1526.9891609341385,0.0,0.0,13361.155158173711
2026-06,emp-0076,Account Executive,S&M,S&M,True,Austin,roster,1.0,83,10907.065435243845,0.0,927.1005619957269,1526.9891609341385,0.0,0.0,13361.155158173711
2026-07,emp-0076,Account Executive,S&M,S&M,True,Austin,roster,1.0,84,10907.065435243845,0.0,927.1005619957269,1526.9891609341385,0.0,0.0,13361.155158173711
2026-08,emp-0076,Account Executive,S&M,S&M,True,Austin,roster,1.0,85,10907.065435243845,0.0,927.1005619957269,1526.9891609341385,0.0,0.0,13361.155158173711
2026-09,emp-0076,Account Executive,S&M,S&M,True,Austin,roster,1.0,86,10907.065435243845,0.0,927.1005619957269,1526.9891609341385,0.0,0.0,13361.155158173711
2026-10,emp-0076,Account Executive,S&M,S&M,True,Austin,roster,1.0,87,10907.065435243845,0.0,927.1005619957269,1526.9891609341385,0.0,0.0,13361.155158173711
2026-11,emp-0076,Account Executive,S&M,S&M,True,Austin,roster,1.0,88,10907.065435243845,0.0,927.1005619957269,1526.9891609341385,0.0,0.0,13361.155158173711
2026-12,emp-0076,Account Executive,S&M,S&M,True,Austin,roster,1.0,89,10907.065435243845,0.0,927.1005619957269,1526.9891609341385,0.0,0.0,13361.155158173711
2026-01,emp-0077,Account Executive,S&M,S&M,True,Austin,roster,1.0,62,11164.013920965088,0.0,948.9411832820325,1562.9619489351126,0.0,0.0,13675.917053182235
2026-02,emp-0077,Account Executive,S&M,S&M,True,Austin,roster,1.0,63,11164.013920965088,0.0,948.9411832820325,1562.9619489351126,0.0,0.0,13675.917053182235
2026-03,emp-0077,Account Executive,S&M,S&M,True,Austin,roster,1.0,64,11164.013920965088,0.0,948.9411832820325,1562.9619489351126,0.0,0.0,13675.917053182235
2026-04,emp-0077,Account Executive,S&M,S&M,True,Austin,roster,1.0,65,11164.013920965088,0.0,948.9411832820325,1562.9619489351126,0.0,0.0,13675.917053182235
2026-05,emp-0077,Account Executive,S&M,S&M,True,Austin,roster,1.0,66,11164.013920965088,0.0,948.9411832820325,1562.9619489351126,0.0,0.0,13675.917053182235
2026-06,emp-0077,Account Executive,S&M,S&M,True,Austin,roster,1.0,67,11164.013920965088,0.0,948.9411832820325,1562.9619489351126,0.0,0.0,13675.917053182235
2026-07,emp-0077,Account Executive,S&M,S&M,True,Austin,roster,1.0,68,11164.013920965088,0.0,948.9411832820325,1562.9619489351126,0.0,0.0,13675.917053182235
2026-08,emp-0077,Account Executive,S&M,S&M,True,Austin,roster,1.0,69,11164.013920965088,0.0,948.9411832820325,1562.9619489351126,0.0,0.0,13675.917053182235
2026-09,emp-0077,Account Executive,S&M,S&M,True,Austin,roster,1.0,70,11164.013920965088,0.0,948.9411832820325,1562.9619489351126,0.0,0.0,13675.917053182235
2026-10,emp-0077,Account Executive,S&M,S&M,True,Austin,roster,1.0,71,11164.013920965088,0.0,948.9411832820325,1562.9619489351126,0.0,0.0,13675.917053182235
2026-11,emp-0077,Account Executive,S&M,S&M,True,Austin,roster,1.0,72,11164.013920965088,0.0,948.9411832820325,1562.9619489351126,0.0,0.0,13675.917053182235
2026-12,emp-0077,Account Executive,S&M,S&M,True,Austin,roster,1.0,73,11164.013920965088,0.0,948.9411832820325,1562.9619489351126,0.0,0.0,13675.917053182235
2026-01,emp-0078,Account Executive,S&M,S&M,True,Austin,roster,1.0,77,10812.699614146075,0.0,919.0794672024165,1513.7779459804506,0.0,0.0,13245.557027328941
2026-02,emp-0078,Account Executive,S&M,S&M,True,Austin,roster,1.0,78,10812.699614146075,0.0,919.0794672024165,1513.7779459804506,0.0,0.0,13245.557027328941
2026-03,emp-0078,Account Executive,S&M,S&M,True,Austin,roster,1.0,79,10812.699614146075,0.0,919.0794672024165,1513.7779459804506,0.0,0.0,13245.557027328941
2026-04,emp-0078,Account Executive,S&M,S&M,True,Austin,roster,1.0,80,10812.699614146075,0.0,919.0794672024165,1513.7779459804506,0.0,0.0,13245.557027328941
2026-05,emp-0078,Account Executive,S&M,S&M,True,Austin,roster,1.0,81,10812.699614146075,0.0,919.0794672024165,1513.7779459804506,0.0,0.0,13245.557027328941
2026-06,emp-0078,Account Executive,S&M,S&M,True,Austin,roster,1.0,82,10812.699614146075,0.0,919.0794672024165,1513.7779459804506,0.0,0.0,13245.557027328941
2026-07,emp-0078,Account Executive,S&M,S&M,True,Austin,roster,1.0,83,10812.699614146075,0.0,919.0794672024165,1513.7779459804506,0.0,0.0,13245.557027328941
2026-08,emp-0078,Account Executive,S&M,S&M,True,Austin,roster,1.0,84,10812.699614146075,0.0,919.0794672024165,1513.7779459804506,0.0,0.0,13245.557027328941
2026-09,emp-0078,Account Executive,S&M,S&M,True,Austin,roster,1.0,85,10812.699614146075,0.0,919.0794672024165,1513.7779459804506,0.0,0.0,13245.557027328941
2026-10,emp-0078,Account Executive,S&M,S&M,True,Austin,roster,1.0,86,10812.699614146075,0.0,919.0794672024165,1513.7779459804506,0.0,0.0,13245.557027328941
2026-11,emp-0078,Account Executive,S&M,S&M,True,Austin,roster,1.0,87,10812.699614146075,0.0,919.0794672024165,1513.7779459804506,0.0,0.0,13245.557027328941
2026-12,emp-0078,Account Executive,S&M,S&M,True,Austin,roster,1.0,88,10812.699614146075,0.0,919.0794672024165,1513.7779459804506,0.0,0.0,13245.557027328941
2026-01,emp-0079,Account Executive,S&M,S&M,True,Austin,roster,1.0,39,10470.350052011107,0.0,889.9797544209441,1465.849007281555,0.0,0.0,12826.178813713606
2026-02,emp-0079,Account Executive,S&M,S&M,True,Austin,roster,1.0,40,10470.350052011107,0.0,889.9797544209441,1465.849007281555,0.0,0.0,12826.178813713606
2026-03,emp-0079,Account Executive,S&M,S&M,True,Austin,roster,1.0,41,10470.350052011107,0.0,889.9797544209441,1465.849007281555,0.0,0.0,12826.178813713606
2026-04,emp-0079,Account Executive,S&M,S&M,True,Austin,roster,1.0,42,10470.350052011107,0.0,889.9797544209441,1465.849007281555,0.0,0.0,12826.178813713606
2026-05,emp-0079,Account Executive,S&M,S&M,True,Austin,roster,1.0,43,10470.350052011107,0.0,889.9797544209441,1465.849007281555,0.0,0.0,12826.178813713606
2026-06,emp-0079,Account Executive,S&M,S&M,True,Austin,roster,1.0,44,10470.350052011107,0.0,889.9797544209441,1465.849007281555,0.0,0.0,12826.178813713606
2026-07,emp-0079,Account Executive,S&M,S&M,True,Austin,roster,1.0,45,10470.350052011107,0.0,889.9797544209441,1465.849007281555,0.0,0.0,12826.178813713606
2026-08,emp-0079,Account Executive,S&M,S&M,True,Austin,roster,1.0,46,10470.350052011107,0.0,889.9797544209441,1465.849007281555,0.0,0.0,12826.178813713606
2026-09,emp-0079,Account Executive,S&M,S&M,True,Austin,roster,1.0,47,10470.350052011107,0.0,889.9797544209441,1465.849007281555,0.0,0.0,12826.178813713606
2026-10,emp-0079,Account Executive,S&M,S&M,True,Austin,roster,1.0,48,10470.350052011107,0.0,889.9797544209441,1465.849007281555,0.0,0.0,12826.178813713606
2026-11,emp-0079,Account Executive,S&M,S&M,True,Austin,roster,1.0,49,10470.350052011107,0.0,889.9797544209441,1465.849007281555,0.0,0.0,12826.178813713606
2026-12,emp-0079,Account Executive,S&M,S&M,True,Austin,roster,1.0,50,10470.350052011107,0.0,889.9797544209441,1465.849007281555,0.0,0.0,12826.178813713606
2026-01,emp-0080,Sales Development Rep,S&M,S&M,True,Austin,roster,1.0,20,5684.555368933378,0.0,483.1872063593372,795.837751650673,0.0,0.0,6963.580326943389
2026-02,emp-0080,Sales Development Rep,S&M,S&M,True,Austin,roster,1.0,21,5684.555368933378,0.0,483.1872063593372,795.837751650673,0.0,0.0,6963.580326943389
2026-03,emp-0080,Sales Development Rep,S&M,S&M,True,Austin,roster,1.0,22,5684.555368933378,0.0,483.1872063593372,795.837751650673,0.0,0.0,6963.580326943389
2026-04,emp-0080,Sales Development Rep,S&M,S&M,True,Austin,roster,1.0,23,5684.555368933378,0.0,483.1872063593372,795.837751650673,0.0,0.0,6963.580326943389
2026-05,emp-0080,Sales Development Rep,S&M,S&M,True,Austin,roster,1.0,24,5684.555368933378,0.0,483.1872063593372,795.837751650673,0.0,0.0,6963.580326943389
2026-06,emp-0080,Sales Development Rep,S&M,S&M,True,Austin,roster,1.0,25,5684.555368933378,0.0,483.1872063593372,795.837751650673,0.0,0.0,6963.580326943389
2026-07,emp-0080,Sales Development Rep,S&M,S&M,True,Austin,roster,1.0,26,5684.555368933378,0.0,483.1872063593372,795.837751650673,0.0,0.0,6963.580326943389
2026-08,emp-0080,Sales Development Rep,S&M,S&M,True,Austin,roster,1.0,27,5684.555368933378,0.0,483.1872063593372,795.837751650673,0.0,0.0,6963.580326943389
2026-09,emp-0080,Sales Development Rep,S&M,S&M,True,Austin,roster,1.0,28,5684.555368933378,0.0,483.1872063593372,795.837751650673,0.0,0.0,6963.580326943389
2026-10,emp-0080,Sales Development Rep,S&M,S&M,True,Austin,roster,1.0,29,5684.555368933378,0.0,483.1872063593372,795.837751650673,0.0,0.0,6963.580326943389
2026-11,emp-0080,Sales Development Rep,S&M,S&M,True,Austin,roster,1.0,30,5684.555368933378,0.0,483.1872063593372,795.837751650673,0.0,0.0,6963.580326943389
2026-12,emp-0080,Sales Development Rep,S&M,S&M,True,Austin,roster,1.0,31,5684.555368933378,0.0,483.1872063593372,795.837751650673,0.0,0.0,6963.580326943389
2026-01,emp-0081,Sales Development Rep,S&M,S&M,True,Austin,roster,1.0,60,6691.263161045196,0.0,568.7573686888418,936.7768425463275,0.0,0.0,8196.797372280365
2026-02,emp-0081,Sales Development Rep,S&M,S&M,True,Austin,roster,1.0,61,6691.263161045196,0.0,568.7573686888418,936.7768425463275,0.0,0.0,8196.797372280365
2026-03,emp-0081,Sales Development Rep,S&M,S&M,True,Austin,roster,1.0,62,6691.263161045196,0.0,568.7573686888418,936.7768425463275,0.0,0.0,8196.797372280365
2026-04,emp-0081,Sales Development Rep,S&M,S&M,True,Austin,roster,1.0,63,6691.263161045196,0.0,568.7573686888418,936.7768425463275,0.0,0.0,8196.797372280365
2026-05,emp-0081,Sales Development Rep,S&M,S&M,True,Austin,roster,1.0,64,6691.263161045196,0.0,568.7573686888418,936.7768425463275,0.0,0.0,8196.797372280365
2026-06,emp-0081,Sales Development Rep,S&M,S&M,True,Austin,roster,1.0,65,6691.263161045196,0.0,568.7573686888418,936.7768425463275,0.0,0.0,8196.797372280365
2026-07,emp-0081,Sales Development Rep,S&M,S&M,True,Austin,roster,1.0,66,6691.263161045196,0.0,568.7573686888418,936.7768425463275,0.0,0.0,8196.797372280365
2026-08,emp-0081,Sales Development Rep,S&M,S&M,True,Austin,roster,1.0,67,6691.263161045196,0.0,568.7573686888418,936.7768425463275,0.0,0.0,8196.797372280365
2026-09,emp-0081,Sales Development Rep,S&M,S&M,True,Austin,roster,1.0,68,6691.263161045196,0.0,568.7573686888418,936.7768425463275,0.0,0.0,8196.797372280365
2026-10,emp-0081,Sales Development Rep,S&M,S&M,True,Austin,roster,1.0,69,6691.263161045196,0.0,568.7573686888418,936.7768425463275,0.0,0.0,8196.797372280365
2026-11,emp-0081,Sales Development Rep,S&M,S&M,True,Austin,roster,1.0,70,6691.263161045196,0.0,568.7573686888418,936.7768425463275,0.0,0.0,8196.797372280365
2026-12,emp-0081,Sales Development Rep,S&M,S&M,True,Austin,roster,1.0,71,6691.263161045196,0.0,568.7573686888418,936.7768425463275,0.0,0.0,8196.797372280365
2026-01,emp-0084,Sales Development Rep,S&M,S&M,True,Austin,roster,1.0,54,6548.229756521163,0.0,556.5995293042989,916.7521659129629,0.0,0.0,8021.581451738424
2026-02,emp-0084,Sales Development Rep,S&M,S&M,True,Austin,roster,1.0,55,6548.229756521163,0.0,556.5995293042989,916.7521659129629,0.0,0.0,8021.581451738424
2026-03,emp-0084,Sales Development Rep,S&M,S&M,True,Austin,roster,1.0,56,6548.229756521163,0.0,556.5995293042989,916.7521659129629,0.0,0.0,8021.581451738424
2026-04,emp-0084,Sales Development Rep,S&M,S&M,True,Austin,roster,1.0,57,6548.229756521163,0.0,556.5995293042989,916.7521659129629,0.0,0.0,8021.581451738424
2026-05,emp-0084,Sales Development Rep,S&M,S&M,True,Austin,roster,1.0,58,6548.229756521163,0.0,556.5995293042989,916.7521659129629,0.0,0.0,8021.581451738424
2026-06,emp-0084,Sales Development Rep,S&M,S&M,True,Austin,roster,1.0,59,6548.229756521163,0.0,556.5995293042989,916.7521659129629,0.0,0.0,8021.581451738424
2026-07,emp-0084,Sales Development Rep,S&M,S&M,True,Austin,roster,1.0,60,6548.229756521163,0.0,556.5995293042989,916.7521659129629,0.0,0.0,8021.581451738424
2026-08,emp-0084,Sales Development Rep,S&M,S&M,True,Austin,roster,1.0,61,6548.229756521163,0.0,556.5995293042989,916.7521659129629,0.0,0.0,8021.581451738424
2026-09,emp-0084,Sales Development Rep,S&M,S&M,True,Austin,roster,1.0,62,6548.229756521163,0.0,556.5995293042989,916.7521659129629,0.0,0.0,8021.581451738424
2026-10,emp-0084,Sales Development Rep,S&M,S&M,True,Austin,roster,1.0,63,6548.229756521163,0.0,556.5995293042989,916.7521659129629,0.0,0.0,8021.581451738424
2026-11,emp-0084,Sales Development Rep,S&M,S&M,True,Austin,roster,1.0,64,6548.229756521163,0.0,556.5995293042989,916.7521659129629,0.0,0.0,8021.581451738424
2026-12,emp-0084,Sales Development Rep,S&M,S&M,True,Austin,roster,1.0,65,6548.229756521163,0.0,556.5995293042989,916.7521659129629,0.0,0.0,8021.581451738424
2026-01,emp-0085,Marketing Manager,S&M,S&M,False,Austin,roster,1.0,33,11015.616534675288,881.2493227740231,1011.2335978831915,1542.1863148545403,0.0,0.0,14450.285770187042
2026-02,emp-0085,Marketing Manager,S&M,S&M,False,Austin,roster,1.0,34,11015.616534675288,881.2493227740231,1011.2335978831915,1542.1863148545403,0.0,0.0,14450.285770187042
2026-03,emp-0085,Marketing Manager,S&M,S&M,False,Austin,roster,1.0,35,11015.616534675288,881.2493227740231,1011.2335978831915,1542.1863148545403,0.0,0.0,14450.285770187042
2026-04,emp-0085,Marketing Manager,S&M,S&M,False,Austin,roster,1.0,36,11015.616534675288,881.2493227740231,1011.2335978831915,1542.1863148545403,0.0,0.0,14450.285770187042
2026-05,emp-0085,Marketing Manager,S&M,S&M,False,Austin,roster,1.0,37,11015.616534675288,881.2493227740231,1011.2335978831915,1542.1863148545403,0.0,0.0,14450.285770187042
2026-06,emp-0085,Marketing Manager,S&M,S&M,False,Austin,roster,1.0,38,11015.616534675288,881.2493227740231,1011.2335978831915,1542.1863148545403,0.0,0.0,14450.285770187042
2026-07,emp-0085,Marketing Manager,S&M,S&M,False,Austin,roster,1.0,39,11015.616534675288,881.2493227740231,1011.2335978831915,1542.1863148545403,0.0,0.0,14450.285770187042
2026-08,emp-0085,Marketing Manager,S&M,S&M,False,Austin,roster,1.0,40,11015.616534675288,881.2493227740231,1011.2335978831915,1542.1863148545403,0.0,0.0,14450.285770187042
2026-09,emp-0085,Marketing Manager,S&M,S&M,False,Austin,roster,1.0,41,11015.616534675288,881.2493227740231,1011.2335978831915,1542.1863148545403,0.0,0.0,14450.285770187042
2026-10,emp-0085,Marketing Manager,S&M,S&M,False,Austin,roster,1.0,42,11015.616534675288,881.2493227740231,1011.2335978831915,1542.1863148545403,0.0,0.0,14450.285770187042
2026-11,emp-0085,Marketing Manager,S&M,S&M,False,Austin,roster,1.0,43,11015.616534675288,881.2493227740231,1011.2335978831915,1542.1863148545403,0.0,0.0,14450.285770187042
2026-12,emp-0085,Marketing Manager,S&M,S&M,False,Austin,roster,1.0,44,11015.616534675288,881.2493227740231,1011.2335978831915,1542.1863148545403,0.0,0.0,14450.285770187042
2026-01,emp-0086,Marketing Manager,S&M,S&M,False,Austin,roster,1.0,31,11928.593304372413,954.287464349793,1095.0448653413875,1670.003062612138,0.0,0.0,15647.928696675732
2026-02,emp-0086,Marketing Manager,S&M,S&M,False,Austin,roster,1.0,32,11928.593304372413,954.287464349793,1095.0448653413875,1670.003062612138,0.0,0.0,15647.928696675732
2026-03,emp-0086,Marketing Manager,S&M,S&M,False,Austin,roster,1.0,33,11928.593304372413,954.287464349793,1095.0448653413875,1670.003062612138,0.0,0.0,15647.928696675732
2026-04,emp-0086,Marketing Manager,S&M,S&M,False,Austin,roster,1.0,34,11928.593304372413,954.287464349793,1095.0448653413875,1670.003062612138,0.0,0.0,15647.928696675732
2026-05,emp-0086,Marketing Manager,S&M,S&M,False,Austin,roster,1.0,35,11928.593304372413,954.287464349793,1095.0448653413875,1670.003062612138,0.0,0.0,15647.928696675732
2026-06,emp-0086,Marketing Manager,S&M,S&M,False,Austin,roster,1.0,36,11928.593304372413,954.287464349793,1095.0448653413875,1670.003062612138,0.0,0.0,15647.928696675732
2026-07,emp-0086,Marketing Manager,S&M,S&M,False,Austin,roster,1.0,37,11928.593304372413,954.287464349793,1095.0448653413875,1670.003062612138,0.0,0.0,15647.928696675732
2026-08,emp-0086,Marketing Manager,S&M,S&M,False,Austin,roster,1.0,38,11928.593304372413,954.287464349793,1095.0448653413875,1670.003062612138,0.0,0.0,15647.928696675732
2026-09,emp-0086,Marketing Manager,S&M,S&M,False,Austin,roster,1.0,39,11928.593304372413,954.287464349793,1095.0448653413875,1670.003062612138,0.0,0.0,15647.928696675732
2026-10,emp-0086,Marketing Manager,S&M,S&M,False,Austin,roster,1.0,40,11928.593304372413,954.287464349793,1095.0448653413875,1670.003062612138,0.0,0.0,15647.928696675732
2026-11,emp-0086,Marketing Manager,S&M,S&M,False,Austin,roster,1.0,41,11928.593304372413,954.287464349793,1095.0448653413875,1670.003062612138,0.0,0.0,15647.928696675732
2026-12,emp-0086,Marketing Manager,S&M,S&M,False,Austin,roster,1.0,42,11928.593304372413,954.287464349793,1095.0448653413875,1670.003062612138,0.0,0.0,15647.928696675732
2026-01,emp-0087,Marketing Manager,S&M,S&M,False,Austin,roster,1.0,49,12677.490018411378,1014.1992014729102,1163.7935836901645,1774.848602577593,0.0,0.0,16630.331406152047
2026-02,emp-0087,Marketing Manager,S&M,S&M,False,Austin,roster,1.0,50,12677.490018411378,1014.1992014729102,1163.7935836901645,1774.848602577593,0.0,0.0,16630.331406152047
2026-03,emp-0087,Marketing Manager,S&M,S&M,False,Austin,roster,1.0,51,12677.490018411378,1014.1992014729102,1163.7935836901645,1774.848602577593,0.0,0.0,16630.331406152047
2026-04,emp-0087,Marketing Manager,S&M,S&M,False,Austin,roster,1.0,52,12677.490018411378,1014.1992014729102,1163.7935836901645,1774.848602577593,0.0,0.0,16630.331406152047
2026-05,emp-0087,Marketing Manager,S&M,S&M,False,Austin,roster,1.0,53,12677.490018411378,1014.1992014729102,1163.7935836901645,1774.848602577593,0.0,0.0,16630.331406152047
2026-06,emp-0087,Marketing Manager,S&M,S&M,False,Austin,roster,1.0,54,12677.490018411378,1014.1992014729102,1163.7935836901645,1774.848602577593,0.0,0.0,16630.331406152047
2026-07,emp-0087,Marketing Manager,S&M,S&M,False,Austin,roster,1.0,55,12677.490018411378,1014.1992014729102,1163.7935836901645,1774.848602577593,0.0,0.0,16630.331406152047
2026-08,emp-0087,Marketing Manager,S&M,S&M,False,Austin,roster,1.0,56,12677.490018411378,1014.1992014729102,1163.7935836901645,1774.848602577593,0.0,0.0,16630.331406152047
2026-09,emp-0087,Marketing Manager,S&M,S&M,False,Austin,roster,1.0,57,12677.490018411378,1014.1992014729102,1163.7935836901645,1774.848602577593,0.0,0.0,16630.331406152047
2026-10,emp-0087,Marketing Manager,S&M,S&M,False,Austin,roster,1.0,58,12677.490018411378,1014.1992014729102,1163.7935836901645,1774.848602577593,0.0,0.0,16630.331406152047
2026-11,emp-0087,Marketing Manager,S&M,S&M,False,Austin,roster,1.0,59,12677.490018411378,1014.1992014729102,1163.7935836901645,1774.848602577593,0.0,0.0,16630.331406152047
2026-12,emp-0087,Marketing Manager,S&M,S&M,False,Austin,roster,1.0,60,12677.490018411378,1014.1992014729102,1163.7935836901645,1774.848602577593,0.0,0.0,16630.331406152047
2026-01,emp-0088,Marketing Manager,S&M,S&M,False,Austin,roster,1.0,34,10347.93508496033,827.8348067968265,949.9404407993585,1448.7109118944463,0.0,0.0,13574.421244450963
2026-02,emp-0088,Marketing Manager,S&M,S&M,False,Austin,roster,1.0,35,10347.93508496033,827.8348067968265,949.9404407993585,1448.7109118944463,0.0,0.0,13574.421244450963
2026-03,emp-0088,Marketing Manager,S&M,S&M,False,Austin,roster,1.0,36,10347.93508496033,827.8348067968265,949.9404407993585,1448.7109118944463,0.0,0.0,13574.421244450963
2026-04,emp-0088,Marketing Manager,S&M,S&M,False,Austin,roster,1.0,37,10347.93508496033,827.8348067968265,949.9404407993585,1448.7109118944463,0.0,0.0,13574.421244450963
2026-05,emp-0088,Marketing Manager,S&M,S&M,False,Austin,roster,1.0,38,10347.93508496033,827.8348067968265,949.9404407993585,1448.7109118944463,0.0,0.0,13574.421244450963
2026-06,emp-0088,Marketing Manager,S&M,S&M,False,Austin,roster,1.0,39,10347.93508496033,827.8348067968265,949.9404407993585,1448.7109118944463,0.0,0.0,13574.421244450963
2026-07,emp-0088,Marketing Manager,S&M,S&M,False,Austin,roster,1.0,40,10347.93508496033,827.8348067968265,949.9404407993585,1448.7109118944463,0.0,0.0,13574.421244450963
2026-08,emp-0088,Marketing Manager,S&M,S&M,False,Austin,roster,1.0,41,10347.93508496033,827.8348067968265,949.9404407993585,1448.7109118944463,0.0,0.0,13574.421244450963
2026-09,emp-0088,Marketing Manager,S&M,S&M,False,Austin,roster,1.0,42,10347.93508496033,827.8348067968265,949.9404407993585,1448.7109118944463,0.0,0.0,13574.421244450963
2026-10,emp-0088,Marketing Manager,S&M,S&M,False,Austin,roster,1.0,43,10347.93508496033,827.8348067968265,949.9404407993585,1448.7109118944463,0.0,0.0,13574.421244450963
2026-11,emp-0088,Marketing Manager,S&M,S&M,False,Austin,roster,1.0,44,10347.93508496033,827.8348067968265,949.9404407993585,1448.7109118944463,0.0,0.0,13574.421244450963
2026-12,emp-0088,Marketing Manager,S&M,S&M,False,Austin,roster,1.0,45,10347.93508496033,827.8348067968265,949.9404407993585,1448.7109118944463,0.0,0.0,13574.421244450963
2026-01,emp-0089,Marketing Manager,S&M,S&M,False,Austin,roster,1.0,17,10825.844045604315,866.0675236483453,993.8124833864763,1515.6181663846044,0.0,0.0,14201.342219023742
2026-02,emp-0089,Marketing Manager,S&M,S&M,False,Austin,roster,1.0,18,10825.844045604315,866.0675236483453,993.8124833864763,1515.6181663846044,0.0,0.0,14201.342219023742
2026-03,emp-0089,Marketing Manager,S&M,S&M,False,Austin,roster,1.0,19,10825.844045604315,866.0675236483453,993.8124833864763,1515.6181663846044,0.0,0.0,14201.342219023742
2026-04,emp-0089,Marketing Manager,S&M,S&M,False,Austin,roster,1.0,20,10825.844045604315,866.0675236483453,993.8124833864763,1515.6181663846044,0.0,0.0,14201.342219023742
2026-05,emp-0089,Marketing Manager,S&M,S&M,False,Austin,roster,1.0,21,10825.844045604315,866.0675236483453,993.8124833864763,1515.6181663846044,0.0,0.0,14201.342219023742
2026-06,emp-0089,Marketing Manager,S&M,S&M,False,Austin,roster,1.0,22,10825.844045604315,866.0675236483453,993.8124833864763,1515.6181663846044,0.0,0.0,14201.342219023742
2026-07,emp-0089,Marketing Manager,S&M,S&M,False,Austin,roster,1.0,23,10825.844045604315,866.0675236483453,993.8124833864763,1515.6181663846044,0.0,0.0,14201.342219023742
2026-08,emp-0089,Marketing Manager,S&M,S&M,False,Austin,roster,1.0,24,10825.844045604315,866.0675236483453,993.8124833864763,1515.6181663846044,0.0,0.0,14201.342219023742
2026-09,emp-0089,Marketing Manager,S&M,S&M,False,Austin,roster,1.0,25,10825.844045604315,866.0675236483453,993.8124833864763,1515.6181663846044,0.0,0.0,14201.342219023742
2026-10,emp-0089,Marketing Manager,S&M,S&M,False,Austin,roster,1.0,26,10825.844045604315,866.0675236483453,993.8124833864763,1515.6181663846044,0.0,0.0,14201.342219023742
2026-11,emp-0089,Marketing Manager,S&M,S&M,False,Austin,roster,1.0,27,10825.844045604315,866.0675236483453,993.8124833864763,1515.6181663846044,0.0,0.0,14201.342219023742
2026-12,emp-0089,Marketing Manager,S&M,S&M,False,Austin,roster,1.0,28,10825.844045604315,866.0675236483453,993.8124833864763,1515.6181663846044,0.0,0.0,14201.342219023742
2026-01,emp-0090,Marketing Manager,S&M,S&M,False,Montreal,roster,1.0,18,8741.955857620858,699.3564686096687,1038.544355885358,524.5173514572515,0.0,0.0,11004.374033573136
2026-02,emp-0090,Marketing Manager,S&M,S&M,False,Montreal,roster,1.0,19,8741.955857620858,699.3564686096687,1038.544355885358,524.5173514572515,0.0,0.0,11004.374033573136
2026-03,emp-0090,Marketing Manager,S&M,S&M,False,Montreal,roster,1.0,20,8741.955857620858,699.3564686096687,1038.544355885358,524.5173514572515,0.0,0.0,11004.374033573136
2026-04,emp-0090,Marketing Manager,S&M,S&M,False,Montreal,roster,1.0,21,8741.955857620858,699.3564686096687,1038.544355885358,524.5173514572515,0.0,0.0,11004.374033573136
2026-05,emp-0090,Marketing Manager,S&M,S&M,False,Montreal,roster,1.0,22,8741.955857620858,699.3564686096687,1038.544355885358,524.5173514572515,0.0,0.0,11004.374033573136
2026-06,emp-0090,Marketing Manager,S&M,S&M,False,Montreal,roster,1.0,23,8741.955857620858,699.3564686096687,1038.544355885358,524.5173514572515,0.0,0.0,11004.374033573136
2026-07,emp-0090,Marketing Manager,S&M,S&M,False,Montreal,roster,1.0,24,8741.955857620858,699.3564686096687,1038.544355885358,524.5173514572515,0.0,0.0,11004.374033573136
2026-08,emp-0090,Marketing Manager,S&M,S&M,False,Montreal,roster,1.0,25,8741.955857620858,699.3564686096687,1038.544355885358,524.5173514572515,0.0,0.0,11004.374033573136
2026-09,emp-0090,Marketing Manager,S&M,S&M,False,Montreal,roster,1.0,26,8741.955857620858,699.3564686096687,1038.544355885358,524.5173514572515,0.0,0.0,11004.374033573136
2026-10,emp-0090,Marketing Manager,S&M,S&M,False,Montreal,roster,1.0,27,8741.955857620858,699.3564686096687,1038.544355885358,524.5173514572515,0.0,0.0,11004.374033573136
2026-11,emp-0090,Marketing Manager,S&M,S&M,False,Montreal,roster,1.0,28,8741.955857620858,699.3564686096687,1038.544355885358,524.5173514572515,0.0,0.0,11004.374033573136
2026-12,emp-0090,Marketing Manager,S&M,S&M,False,Montreal,roster,1.0,29,8741.955857620858,699.3564686096687,1038.544355885358,524.5173514572515,0.0,0.0,11004.374033573136
2026-01,emp-0091,Finance & Operations,G&A,G&A,False,Montreal,roster,1.0,36,8566.01629475509,685.2813035804073,1017.6427358169047,513.9609776853055,0.0,0.0,10782.901311837706
2026-02,emp-0091,Finance & Operations,G&A,G&A,False,Montreal,roster,1.0,37,8566.01629475509,685.2813035804073,1017.6427358169047,513.9609776853055,0.0,0.0,10782.901311837706
2026-03,emp-0091,Finance & Operations,G&A,G&A,False,Montreal,roster,1.0,38,8566.01629475509,685.2813035804073,1017.6427358169047,513.9609776853055,0.0,0.0,10782.901311837706
2026-04,emp-0091,Finance & Operations,G&A,G&A,False,Montreal,roster,1.0,39,8566.01629475509,685.2813035804073,1017.6427358169047,513.9609776853055,0.0,0.0,10782.901311837706
2026-05,emp-0091,Finance & Operations,G&A,G&A,False,Montreal,roster,1.0,40,8566.01629475509,685.2813035804073,1017.6427358169047,513.9609776853055,0.0,0.0,10782.901311837706
2026-06,emp-0091,Finance & Operations,G&A,G&A,False,Montreal,roster,1.0,41,8566.01629475509,685.2813035804073,1017.6427358169047,513.9609776853055,0.0,0.0,10782.901311837706
2026-07,emp-0091,Finance & Operations,G&A,G&A,False,Montreal,roster,1.0,42,8566.01629475509,685.2813035804073,1017.6427358169047,513.9609776853055,0.0,0.0,10782.901311837706
2026-08,emp-0091,Finance & Operations,G&A,G&A,False,Montreal,roster,1.0,43,8566.01629475509,685.2813035804073,1017.6427358169047,513.9609776853055,0.0,0.0,10782.901311837706
2026-09,emp-0091,Finance & Operations,G&A,G&A,False,Montreal,roster,1.0,44,8566.01629475509,685.2813035804073,1017.6427358169047,513.9609776853055,0.0,0.0,10782.901311837706
2026-10,emp-0091,Finance & Operations,G&A,G&A,False,Montreal,roster,1.0,45,8566.01629475509,685.2813035804073,1017.6427358169047,513.9609776853055,0.0,0.0,10782.901311837706
2026-11,emp-0091,Finance & Operations,G&A,G&A,False,Montreal,roster,1.0,46,8566.01629475509,685.2813035804073,1017.6427358169047,513.9609776853055,0.0,0.0,10782.901311837706
2026-12,emp-0091,Finance & Operations,G&A,G&A,False,Montreal,roster,1.0,47,8566.01629475509,685.2813035804073,1017.6427358169047,513.9609776853055,0.0,0.0,10782.901311837706
2026-01,emp-0093,Finance & Operations,G&A,G&A,False,Montreal,roster,1.0,30,8191.512728418136,655.3210182734509,973.1517121360746,491.49076370508817,0.0,0.0,10311.476222532749
2026-02,emp-0093,Finance & Operations,G&A,G&A,False,Montreal,roster,1.0,31,8191.512728418136,655.3210182734509,973.1517121360746,491.49076370508817,0.0,0.0,10311.476222532749
2026-03,emp-0093,Finance & Operations,G&A,G&A,False,Montreal,roster,1.0,32,8191.512728418136,655.3210182734509,973.1517121360746,491.49076370508817,0.0,0.0,10311.476222532749
2026-04,emp-0093,Finance & Operations,G&A,G&A,False,Montreal,roster,1.0,33,8191.512728418136,655.3210182734509,973.1517121360746,491.49076370508817,0.0,0.0,10311.476222532749
2026-05,emp-0093,Finance & Operations,G&A,G&A,False,Montreal,roster,1.0,34,8191.512728418136,655.3210182734509,973.1517121360746,491.49076370508817,0.0,0.0,10311.476222532749
2026-06,emp-0093,Finance & Operations,G&A,G&A,False,Montreal,roster,1.0,35,8191.512728418136,655.3210182734509,973.1517121360746,491.49076370508817,0.0,0.0,10311.476222532749
2026-07,emp-0093,Finance & Operations,G&A,G&A,False,Montreal,roster,1.0,36,8191.512728418136,655.3210182734509,973.1517121360746,491.49076370508817,0.0,0.0,10311.476222532749
2026-08,emp-0093,Finance & Operations,G&A,G&A,False,Montreal,roster,1.0,37,8191.512728418136,655.3210182734509,973.1517121360746,491.49076370508817,0.0,0.0,10311.476222532749
2026-09,emp-0093,Finance & Operations,G&A,G&A,False,Montreal,roster,1.0,38,8191.512728418136,655.3210182734509,973.1517121360746,491.49076370508817,0.0,0.0,10311.476222532749
2026-10,emp-0093,Finance & Operations,G&A,G&A,False,Montreal,roster,1.0,39,8191.512728418136,655.3210182734509,973.1517121360746,491.49076370508817,0.0,0.0,10311.476222532749
2026-11,emp-0093,Finance & Operations,G&A,G&A,False,Montreal,roster,1.0,40,8191.512728418136,655.3210182734509,973.1517121360746,491.49076370508817,0.0,0.0,10311.476222532749
2026-12,emp-0093,Finance & Operations,G&A,G&A,False,Montreal,roster,1.0,41,8191.512728418136,655.3210182734509,973.1517121360746,491.49076370508817,0.0,0.0,10311.476222532749
2026-01,emp-0094,Finance & Operations,G&A,G&A,False,Montreal,roster,1.0,80,10425.390887393663,834.0312709914931,1238.536437422367,625.5234532436198,0.0,0.0,13123.482049051141
2026-02,emp-0094,Finance & Operations,G&A,G&A,False,Montreal,roster,1.0,81,10425.390887393663,834.0312709914931,1238.536437422367,625.5234532436198,0.0,0.0,13123.482049051141
2026-03,emp-0094,Finance & Operations,G&A,G&A,False,Montreal,roster,1.0,82,10425.390887393663,834.0312709914931,1238.536437422367,625.5234532436198,0.0,0.0,13123.482049051141
2026-04,emp-0094,Finance & Operations,G&A,G&A,False,Montreal,roster,1.0,83,10425.390887393663,834.0312709914931,1238.536437422367,625.5234532436198,0.0,0.0,13123.482049051141
2026-05,emp-0094,Finance & Operations,G&A,G&A,False,Montreal,roster,1.0,84,10425.390887393663,834.0312709914931,1238.536437422367,625.5234532436198,0.0,0.0,13123.482049051141
2026-06,emp-0094,Finance & Operations,G&A,G&A,False,Montreal,roster,1.0,85,10425.390887393663,834.0312709914931,1238.536437422367,625.5234532436198,0.0,0.0,13123.482049051141
2026-07,emp-0094,Finance & Operations,G&A,G&A,False,Montreal,roster,1.0,86,10425.390887393663,834.0312709914931,1238.536437422367,625.5234532436198,0.0,0.0,13123.482049051141
2026-08,emp-0094,Finance & Operations,G&A,G&A,False,Montreal,roster,1.0,87,10425.390887393663,834.0312709914931,1238.536437422367,625.5234532436198,0.0,0.0,13123.482049051141
2026-09,emp-0094,Finance & Operations,G&A,G&A,False,Montreal,roster,1.0,88,10425.390887393663,834.0312709914931,1238.536437422367,625.5234532436198,0.0,0.0,13123.482049051141
2026-10,emp-0094,Finance & Operations,G&A,G&A,False,Montreal,roster,1.0,89,10425.390887393663,834.0312709914931,1238.536437422367,625.5234532436198,0.0,0.0,13123.482049051141
2026-11,emp-0094,Finance & Operations,G&A,G&A,False,Montreal,roster,1.0,90,10425.390887393663,834.0312709914931,1238.536437422367,625.5234532436198,0.0,0.0,13123.482049051141
2026-12,emp-0094,Finance & Operations,G&A,G&A,False,Montreal,roster,1.0,91,10425.390887393663,834.0312709914931,1238.536437422367,625.5234532436198,0.0,0.0,13123.482049051141
2026-01,emp-0095,Finance & Operations,G&A,G&A,False,Montreal,roster,1.0,32,8019.928886008317,641.5943108806654,952.767551657788,481.195733160499,0.0,0.0,10095.486481707268
2026-02,emp-0095,Finance & Operations,G&A,G&A,False,Montreal,roster,1.0,33,8019.928886008317,641.5943108806654,952.767551657788,481.195733160499,0.0,0.0,10095.486481707268
2026-03,emp-0095,Finance & Operations,G&A,G&A,False,Montreal,roster,1.0,34,8019.928886008317,641.5943108806654,952.767551657788,481.195733160499,0.0,0.0,10095.486481707268
2026-04,emp-0095,Finance & Operations,G&A,G&A,False,Montreal,roster,1.0,35,8019.928886008317,641.5943108806654,952.767551657788,481.195733160499,0.0,0.0,10095.486481707268
2026-05,emp-0095,Finance & Operations,G&A,G&A,False,Montreal,roster,1.0,36,8019.928886008317,641.5943108806654,952.767551657788,481.195733160499,0.0,0.0,10095.486481707268
2026-06,emp-0095,Finance & Operations,G&A,G&A,False,Montreal,roster,1.0,37,8019.928886008317,641.5943108806654,952.767551657788,481.195733160499,0.0,0.0,10095.486481707268
2026-07,emp-0095,Finance & Operations,G&A,G&A,False,Montreal,roster,1.0,38,8019.928886008317,641.5943108806654,952.767551657788,481.195733160499,0.0,0.0,10095.486481707268
2026-08,emp-0095,Finance & Operations,G&A,G&A,False,Montreal,roster,1.0,39,8019.928886008317,641.5943108806654,952.767551657788,481.195733160499,0.0,0.0,10095.486481707268
2026-09,emp-0095,Finance & Operations,G&A,G&A,False,Montreal,roster,1.0,40,8019.928886008317,641.5943108806654,952.767551657788,481.195733160499,0.0,0.0,10095.486481707268
2026-10,emp-0095,Finance & Operations,G&A,G&A,False,Montreal,roster,1.0,41,8019.928886008317,641.5943108806654,952.767551657788,481.195733160499,0.0,0.0,10095.486481707268
2026-11,emp-0095,Finance & Operations,G&A,G&A,False,Montreal,roster,1.0,42,8019.928886008317,641.5943108806654,952.767551657788,481.195733160499,0.0,0.0,10095.486481707268
2026-12,emp-0095,Finance & Operations,G&A,G&A,False,Montreal,roster,1.0,43,8019.928886008317,641.5943108806654,952.767551657788,481.195733160499,0.0,0.0,10095.486481707268
2026-01,emp-0096,People & Talent,G&A,G&A,False,Montreal,roster,1.0,57,8857.895482766002,708.6316386212801,1052.317983352601,531.47372896596,0.0,0.0,11150.318833705844
2026-02,emp-0096,People & Talent,G&A,G&A,False,Montreal,roster,1.0,58,8857.895482766002,708.6316386212801,1052.317983352601,531.47372896596,0.0,0.0,11150.318833705844
2026-03,emp-0096,People & Talent,G&A,G&A,False,Montreal,roster,1.0,59,8857.895482766002,708.6316386212801,1052.317983352601,531.47372896596,0.0,0.0,11150.318833705844
2026-04,emp-0096,People & Talent,G&A,G&A,False,Montreal,roster,1.0,60,8857.895482766002,708.6316386212801,1052.317983352601,531.47372896596,0.0,0.0,11150.318833705844
2026-05,emp-0096,People & Talent,G&A,G&A,False,Montreal,roster,1.0,61,8857.895482766002,708.6316386212801,1052.317983352601,531.47372896596,0.0,0.0,11150.318833705844
2026-06,emp-0096,People & Talent,G&A,G&A,False,Montreal,roster,1.0,62,8857.895482766002,708.6316386212801,1052.317983352601,531.47372896596,0.0,0.0,11150.318833705844
2026-07,emp-0096,People & Talent,G&A,G&A,False,Montreal,roster,1.0,63,8857.895482766002,708.6316386212801,1052.317983352601,531.47372896596,0.0,0.0,11150.318833705844
2026-08,emp-0096,People & Talent,G&A,G&A,False,Montreal,roster,1.0,64,8857.895482766002,708.6316386212801,1052.317983352601,531.47372896596,0.0,0.0,11150.318833705844
2026-09,emp-0096,People & Talent,G&A,G&A,False,Montreal,roster,1.0,65,8857.895482766002,708.6316386212801,1052.317983352601,531.47372896596,0.0,0.0,11150.318833705844
2026-10,emp-0096,People & Talent,G&A,G&A,False,Montreal,roster,1.0,66,8857.895482766002,708.6316386212801,1052.317983352601,531.47372896596,0.0,0.0,11150.318833705844
2026-11,emp-0096,People & Talent,G&A,G&A,False,Montreal,roster,1.0,67,8857.895482766002,708.6316386212801,1052.317983352601,531.47372896596,0.0,0.0,11150.318833705844
2026-12,emp-0096,People & Talent,G&A,G&A,False,Montreal,roster,1.0,68,8857.895482766002,708.6316386212801,1052.317983352601,531.47372896596,0.0,0.0,11150.318833705844
2026-01,emp-0097,People & Talent,G&A,G&A,False,Montreal,roster,1.0,47,8645.101163002093,691.6080930401674,1027.0380181646487,518.7060697801255,0.0,0.0,10882.453343987036
2026-02,emp-0097,People & Talent,G&A,G&A,False,Montreal,roster,1.0,48,8645.101163002093,691.6080930401674,1027.0380181646487,518.7060697801255,0.0,0.0,10882.453343987036
2026-03,emp-0097,People & Talent,G&A,G&A,False,Montreal,roster,1.0,49,8645.101163002093,691.6080930401674,1027.0380181646487,518.7060697801255,0.0,0.0,10882.453343987036
2026-04,emp-0097,People & Talent,G&A,G&A,False,Montreal,roster,1.0,50,8645.101163002093,691.6080930401674,1027.0380181646487,518.7060697801255,0.0,0.0,10882.453343987036
2026-05,emp-0097,People & Talent,G&A,G&A,False,Montreal,roster,1.0,51,8645.101163002093,691.6080930401674,1027.0380181646487,518.7060697801255,0.0,0.0,10882.453343987036
2026-06,emp-0097,People & Talent,G&A,G&A,False,Montreal,roster,1.0,52,8645.101163002093,691.6080930401674,1027.0380181646487,518.7060697801255,0.0,0.0,10882.453343987036
2026-07,emp-0097,People & Talent,G&A,G&A,False,Montreal,roster,1.0,53,8645.101163002093,691.6080930401674,1027.0380181646487,518.7060697801255,0.0,0.0,10882.453343987036
2026-08,emp-0097,People & Talent,G&A,G&A,False,Montreal,roster,1.0,54,8645.101163002093,691.6080930401674,1027.0380181646487,518.7060697801255,0.0,0.0,10882.453343987036
2026-09,emp-0097,People & Talent,G&A,G&A,False,Montreal,roster,1.0,55,8645.101163002093,691.6080930401674,1027.0380181646487,518.7060697801255,0.0,0.0,10882.453343987036
2026-10,emp-0097,People & Talent,G&A,G&A,False,Montreal,roster,1.0,56,8645.101163002093,691.6080930401674,1027.0380181646487,518.7060697801255,0.0,0.0,10882.453343987036
2026-11,emp-0097,People & Talent,G&A,G&A,False,Montreal,roster,1.0,57,8645.101163002093,691.6080930401674,1027.0380181646487,518.7060697801255,0.0,0.0,10882.453343987036
2026-12,emp-0097,People & Talent,G&A,G&A,False,Montreal,roster,1.0,58,8645.101163002093,691.6080930401674,1027.0380181646487,518.7060697801255,0.0,0.0,10882.453343987036
2026-01,emp-0098,People & Talent,G&A,G&A,False,Montreal,roster,1.0,79,9470.96202104179,757.6769616833433,1125.1502880997646,568.2577212625074,0.0,0.0,11922.046992087406
2026-02,emp-0098,People & Talent,G&A,G&A,False,Montreal,roster,1.0,80,9470.96202104179,757.6769616833433,1125.1502880997646,568.2577212625074,0.0,0.0,11922.046992087406
2026-03,emp-0098,People & Talent,G&A,G&A,False,Montreal,roster,1.0,81,9470.96202104179,757.6769616833433,1125.1502880997646,568.2577212625074,0.0,0.0,11922.046992087406
2026-04,emp-0098,People & Talent,G&A,G&A,False,Montreal,roster,1.0,82,9470.96202104179,757.6769616833433,1125.1502880997646,568.2577212625074,0.0,0.0,11922.046992087406
2026-05,emp-0098,People & Talent,G&A,G&A,False,Montreal,roster,1.0,83,9470.96202104179,757.6769616833433,1125.1502880997646,568.2577212625074,0.0,0.0,11922.046992087406
2026-06,emp-0098,People & Talent,G&A,G&A,False,Montreal,roster,1.0,84,9470.96202104179,757.6769616833433,1125.1502880997646,568.2577212625074,0.0,0.0,11922.046992087406
2026-07,emp-0098,People & Talent,G&A,G&A,False,Montreal,roster,1.0,85,9470.96202104179,757.6769616833433,1125.1502880997646,568.2577212625074,0.0,0.0,11922.046992087406
2026-08,emp-0098,People & Talent,G&A,G&A,False,Montreal,roster,1.0,86,9470.96202104179,757.6769616833433,1125.1502880997646,568.2577212625074,0.0,0.0,11922.046992087406
2026-09,emp-0098,People & Talent,G&A,G&A,False,Montreal,roster,1.0,87,9470.96202104179,757.6769616833433,1125.1502880997646,568.2577212625074,0.0,0.0,11922.046992087406
2026-10,emp-0098,People & Talent,G&A,G&A,False,Montreal,roster,1.0,88,9470.96202104179,757.6769616833433,1125.1502880997646,568.2577212625074,0.0,0.0,11922.046992087406
2026-11,emp-0098,People & Talent,G&A,G&A,False,Montreal,roster,1.0,89,9470.96202104179,757.6769616833433,1125.1502880997646,568.2577212625074,0.0,0.0,11922.046992087406
2026-12,emp-0098,People & Talent,G&A,G&A,False,Montreal,roster,1.0,90,9470.96202104179,757.6769616833433,1125.1502880997646,568.2577212625074,0.0,0.0,11922.046992087406
2026-01,emp-0099,Executive,G&A,G&A,False,Montreal,roster,1.0,72,24341.634650333104,1947.3307720266484,2891.7861964595727,1460.498079019986,0.0,0.0,30641.24969783931
2026-02,emp-0099,Executive,G&A,G&A,False,Montreal,roster,1.0,73,24341.634650333104,1947.3307720266484,2891.7861964595727,1460.498079019986,0.0,0.0,30641.24969783931
2026-03,emp-0099,Executive,G&A,G&A,False,Montreal,roster,1.0,74,24341.634650333104,1947.3307720266484,2891.7861964595727,1460.498079019986,0.0,0.0,30641.24969783931
2026-04,emp-0099,Executive,G&A,G&A,False,Montreal,roster,1.0,75,24341.634650333104,1947.3307720266484,2891.7861964595727,1460.498079019986,0.0,0.0,30641.24969783931
2026-05,emp-0099,Executive,G&A,G&A,False,Montreal,roster,1.0,76,24341.634650333104,1947.3307720266484,2891.7861964595727,1460.498079019986,0.0,0.0,30641.24969783931
2026-06,emp-0099,Executive,G&A,G&A,False,Montreal,roster,1.0,77,24341.634650333104,1947.3307720266484,2891.7861964595727,1460.498079019986,0.0,0.0,30641.24969783931
2026-07,emp-0099,Executive,G&A,G&A,False,Montreal,roster,1.0,78,24341.634650333104,1947.3307720266484,2891.7861964595727,1460.498079019986,0.0,0.0,30641.24969783931
2026-08,emp-0099,Executive,G&A,G&A,False,Montreal,roster,1.0,79,24341.634650333104,1947.3307720266484,2891.7861964595727,1460.498079019986,0.0,0.0,30641.24969783931
2026-09,emp-0099,Executive,G&A,G&A,False,Montreal,roster,1.0,80,24341.634650333104,1947.3307720266484,2891.7861964595727,1460.498079019986,0.0,0.0,30641.24969783931
2026-10,emp-0099,Executive,G&A,G&A,False,Montreal,roster,1.0,81,24341.634650333104,1947.3307720266484,2891.7861964595727,1460.498079019986,0.0,0.0,30641.24969783931
2026-11,emp-0099,Executive,G&A,G&A,False,Montreal,roster,1.0,82,24341.634650333104,1947.3307720266484,2891.7861964595727,1460.498079019986,0.0,0.0,30641.24969783931
2026-12,emp-0099,Executive,G&A,G&A,False,Montreal,roster,1.0,83,24341.634650333104,1947.3307720266484,2891.7861964595727,1460.498079019986,0.0,0.0,30641.24969783931
2026-01,emp-0100,Executive,G&A,G&A,False,Montreal,roster,1.0,23,20198.330606247782,1615.8664484998226,2399.5616760222365,1211.899836374867,0.0,0.0,25425.65856714471
2026-02,emp-0100,Executive,G&A,G&A,False,Montreal,roster,1.0,24,20198.330606247782,1615.8664484998226,2399.5616760222365,1211.899836374867,0.0,0.0,25425.65856714471
2026-03,emp-0100,Executive,G&A,G&A,False,Montreal,roster,1.0,25,20198.330606247782,1615.8664484998226,2399.5616760222365,1211.899836374867,0.0,0.0,25425.65856714471
2026-04,emp-0100,Executive,G&A,G&A,False,Montreal,roster,1.0,26,20198.330606247782,1615.8664484998226,2399.5616760222365,1211.899836374867,0.0,0.0,25425.65856714471
2026-05,emp-0100,Executive,G&A,G&A,False,Montreal,roster,1.0,27,20198.330606247782,1615.8664484998226,2399.5616760222365,1211.899836374867,0.0,0.0,25425.65856714471
2026-06,emp-0100,Executive,G&A,G&A,False,Montreal,roster,1.0,28,20198.330606247782,1615.8664484998226,2399.5616760222365,1211.899836374867,0.0,0.0,25425.65856714471
2026-07,emp-0100,Executive,G&A,G&A,False,Montreal,roster,1.0,29,20198.330606247782,1615.8664484998226,2399.5616760222365,1211.899836374867,0.0,0.0,25425.65856714471
2026-08,emp-0100,Executive,G&A,G&A,False,Montreal,roster,1.0,30,20198.330606247782,1615.8664484998226,2399.5616760222365,1211.899836374867,0.0,0.0,25425.65856714471
2026-09,emp-0100,Executive,G&A,G&A,False,Montreal,roster,1.0,31,20198.330606247782,1615.8664484998226,2399.5616760222365,1211.899836374867,0.0,0.0,25425.65856714471
2026-10,emp-0100,Executive,G&A,G&A,False,Montreal,roster,1.0,32,20198.330606247782,1615.8664484998226,2399.5616760222365,1211.899836374867,0.0,0.0,25425.65856714471
2026-11,emp-0100,Executive,G&A,G&A,False,Montreal,roster,1.0,33,20198.330606247782,1615.8664484998226,2399.5616760222365,1211.899836374867,0.0,0.0,25425.65856714471
2026-12,emp-0100,Executive,G&A,G&A,False,Montreal,roster,1.0,34,20198.330606247782,1615.8664484998226,2399.5616760222365,1211.899836374867,0.0,0.0,25425.65856714471
2026-01,emp-0101,Executive,G&A,G&A,False,Montreal,roster,1.0,54,22547.003285096052,1803.7602628076843,2678.583990269411,1352.820197105763,0.0,0.0,28382.167735278912
2026-02,emp-0101,Executive,G&A,G&A,False,Montreal,roster,1.0,55,22547.003285096052,1803.7602628076843,2678.583990269411,1352.820197105763,0.0,0.0,28382.167735278912
2026-03,emp-0101,Executive,G&A,G&A,False,Montreal,roster,1.0,56,22547.003285096052,1803.7602628076843,2678.583990269411,1352.820197105763,0.0,0.0,28382.167735278912
2026-04,emp-0101,Executive,G&A,G&A,False,Montreal,roster,1.0,57,22547.003285096052,1803.7602628076843,2678.583990269411,1352.820197105763,0.0,0.0,28382.167735278912
2026-05,emp-0101,Executive,G&A,G&A,False,Montreal,roster,1.0,58,22547.003285096052,1803.7602628076843,2678.583990269411,1352.820197105763,0.0,0.0,28382.167735278912
2026-06,emp-0101,Executive,G&A,G&A,False,Montreal,roster,1.0,59,22547.003285096052,1803.7602628076843,2678.583990269411,1352.820197105763,0.0,0.0,28382.167735278912
2026-07,emp-0101,Executive,G&A,G&A,False,Montreal,roster,1.0,60,22547.003285096052,1803.7602628076843,2678.583990269411,1352.820197105763,0.0,0.0,28382.167735278912
2026-08,emp-0101,Executive,G&A,G&A,False,Montreal,roster,1.0,61,22547.003285096052,1803.7602628076843,2678.583990269411,1352.820197105763,0.0,0.0,28382.167735278912
2026-09,emp-0101,Executive,G&A,G&A,False,Montreal,roster,1.0,62,22547.003285096052,1803.7602628076843,2678.583990269411,1352.820197105763,0.0,0.0,28382.167735278912
2026-10,emp-0101,Executive,G&A,G&A,False,Montreal,roster,1.0,63,22547.003285096052,1803.7602628076843,2678.583990269411,1352.820197105763,0.0,0.0,28382.167735278912
2026-11,emp-0101,Executive,G&A,G&A,False,Montreal,roster,1.0,64,22547.003285096052,1803.7602628076843,2678.583990269411,1352.820197105763,0.0,0.0,28382.167735278912
2026-12,emp-0101,Executive,G&A,G&A,False,Montreal,roster,1.0,65,22547.003285096052,1803.7602628076843,2678.583990269411,1352.820197105763,0.0,0.0,28382.167735278912
2026-01,emp-0102,Executive,G&A,G&A,False,Montreal,roster,1.0,28,20868.88359211568,1669.5106873692544,2479.2233707433425,1252.1330155269407,0.0,0.0,26269.750665755215
2026-02,emp-0102,Executive,G&A,G&A,False,Montreal,roster,1.0,29,20868.88359211568,1669.5106873692544,2479.2233707433425,1252.1330155269407,0.0,0.0,26269.750665755215
2026-03,emp-0102,Executive,G&A,G&A,False,Montreal,roster,1.0,30,20868.88359211568,1669.5106873692544,2479.2233707433425,1252.1330155269407,0.0,0.0,26269.750665755215
2026-04,emp-0102,Executive,G&A,G&A,False,Montreal,roster,1.0,31,20868.88359211568,1669.5106873692544,2479.2233707433425,1252.1330155269407,0.0,0.0,26269.750665755215
2026-05,emp-0102,Executive,G&A,G&A,False,Montreal,roster,1.0,32,20868.88359211568,1669.5106873692544,2479.2233707433425,1252.1330155269407,0.0,0.0,26269.750665755215
2026-06,emp-0102,Executive,G&A,G&A,False,Montreal,roster,1.0,33,20868.88359211568,1669.5106873692544,2479.2233707433425,1252.1330155269407,0.0,0.0,26269.750665755215
2026-07,emp-0102,Executive,G&A,G&A,False,Montreal,roster,1.0,34,20868.88359211568,1669.5106873692544,2479.2233707433425,1252.1330155269407,0.0,0.0,26269.750665755215
2026-08,emp-0102,Executive,G&A,G&A,False,Montreal,roster,1.0,35,20868.88359211568,1669.5106873692544,2479.2233707433425,1252.1330155269407,0.0,0.0,26269.750665755215
2026-09,emp-0102,Executive,G&A,G&A,False,Montreal,roster,1.0,36,20868.88359211568,1669.5106873692544,2479.2233707433425,1252.1330155269407,0.0,0.0,26269.750665755215
2026-10,emp-0102,Executive,G&A,G&A,False,Montreal,roster,1.0,37,20868.88359211568,1669.5106873692544,2479.2233707433425,1252.1330155269407,0.0,0.0,26269.750665755215
2026-11,emp-0102,Executive,G&A,G&A,False,Montreal,roster,1.0,38,20868.88359211568,1669.5106873692544,2479.2233707433425,1252.1330155269407,0.0,0.0,26269.750665755215
2026-12,emp-0102,Executive,G&A,G&A,False,Montreal,roster,1.0,39,20868.88359211568,1669.5106873692544,2479.2233707433425,1252.1330155269407,0.0,0.0,26269.750665755215
2026-01,emp-0103,Executive,G&A,G&A,False,Austin,roster,1.0,69,28258.91881270648,2260.7135050165184,2594.1687470064553,3956.248633778908,0.0,0.0,37070.04969850837
2026-02,emp-0103,Executive,G&A,G&A,False,Austin,roster,1.0,70,28258.91881270648,2260.7135050165184,2594.1687470064553,3956.248633778908,0.0,0.0,37070.04969850837
2026-03,emp-0103,Executive,G&A,G&A,False,Austin,roster,1.0,71,28258.91881270648,2260.7135050165184,2594.1687470064553,3956.248633778908,0.0,0.0,37070.04969850837
2026-04,emp-0103,Executive,G&A,G&A,False,Austin,roster,1.0,72,28258.91881270648,2260.7135050165184,2594.1687470064553,3956.248633778908,0.0,0.0,37070.04969850837
2026-05,emp-0103,Executive,G&A,G&A,False,Austin,roster,1.0,73,28258.91881270648,2260.7135050165184,2594.1687470064553,3956.248633778908,0.0,0.0,37070.04969850837
2026-06,emp-0103,Executive,G&A,G&A,False,Austin,roster,1.0,74,28258.91881270648,2260.7135050165184,2594.1687470064553,3956.248633778908,0.0,0.0,37070.04969850837
2026-07,emp-0103,Executive,G&A,G&A,False,Austin,roster,1.0,75,28258.91881270648,2260.7135050165184,2594.1687470064553,3956.248633778908,0.0,0.0,37070.04969850837
2026-08,emp-0103,Executive,G&A,G&A,False,Austin,roster,1.0,76,28258.91881270648,2260.7135050165184,2594.1687470064553,3956.248633778908,0.0,0.0,37070.04969850837
2026-09,emp-0103,Executive,G&A,G&A,False,Austin,roster,1.0,77,28258.91881270648,2260.7135050165184,2594.1687470064553,3956.248633778908,0.0,0.0,37070.04969850837
2026-10,emp-0103,Executive,G&A,G&A,False,Austin,roster,1.0,78,28258.91881270648,2260.7135050165184,2594.1687470064553,3956.248633778908,0.0,0.0,37070.04969850837
2026-11,emp-0103,Executive,G&A,G&A,False,Austin,roster,1.0,79,28258.91881270648,2260.7135050165184,2594.1687470064553,3956.248633778908,0.0,0.0,37070.04969850837
2026-12,emp-0103,Executive,G&A,G&A,False,Austin,roster,1.0,80,28258.91881270648,2260.7135050165184,2594.1687470064553,3956.248633778908,0.0,0.0,37070.04969850837
2026-01,emp-0104,Software Engineer,R&D,R&D,False,Montreal,roster,1.0,15,8311.679826132571,664.9343860906057,987.4275633445495,498.70078956795425,0.0,0.0,10462.74256513568
2026-02,emp-0104,Software Engineer,R&D,R&D,False,Montreal,roster,1.0,16,8311.679826132571,664.9343860906057,987.4275633445495,498.70078956795425,0.0,0.0,10462.74256513568
2026-03,emp-0104,Software Engineer,R&D,R&D,False,Montreal,roster,1.0,17,8311.679826132571,664.9343860906057,987.4275633445495,498.70078956795425,0.0,0.0,10462.74256513568
2026-04,emp-0104,Software Engineer,R&D,R&D,False,Montreal,roster,1.0,18,8311.679826132571,664.9343860906057,987.4275633445495,498.70078956795425,0.0,0.0,10462.74256513568
2026-05,emp-0104,Software Engineer,R&D,R&D,False,Montreal,roster,1.0,19,8311.679826132571,664.9343860906057,987.4275633445495,498.70078956795425,0.0,0.0,10462.74256513568
2026-06,emp-0104,Software Engineer,R&D,R&D,False,Montreal,roster,1.0,20,8311.679826132571,664.9343860906057,987.4275633445495,498.70078956795425,0.0,0.0,10462.74256513568
2026-07,emp-0104,Software Engineer,R&D,R&D,False,Montreal,roster,1.0,21,8311.679826132571,664.9343860906057,987.4275633445495,498.70078956795425,0.0,0.0,10462.74256513568
2026-08,emp-0104,Software Engineer,R&D,R&D,False,Montreal,roster,1.0,22,8311.679826132571,664.9343860906057,987.4275633445495,498.70078956795425,0.0,0.0,10462.74256513568
2026-09,emp-0104,Software Engineer,R&D,R&D,False,Montreal,roster,1.0,23,8311.679826132571,664.9343860906057,987.4275633445495,498.70078956795425,0.0,0.0,10462.74256513568
2026-10,emp-0104,Software Engineer,R&D,R&D,False,Montreal,roster,1.0,24,8311.679826132571,664.9343860906057,987.4275633445495,498.70078956795425,0.0,0.0,10462.74256513568
2026-11,emp-0104,Software Engineer,R&D,R&D,False,Montreal,roster,1.0,25,8311.679826132571,664.9343860906057,987.4275633445495,498.70078956795425,0.0,0.0,10462.74256513568
2026-12,emp-0104,Software Engineer,R&D,R&D,False,Montreal,roster,1.0,26,8311.679826132571,664.9343860906057,987.4275633445495,498.70078956795425,0.0,0.0,10462.74256513568
2026-01,emp-0105,Account Executive,S&M,S&M,True,Austin,roster,1.0,14,10192.66941934249,0.0,866.3769006441117,1426.9737187079488,0.0,0.0,12486.02003869455
2026-02,emp-0105,Account Executive,S&M,S&M,True,Austin,roster,1.0,15,10192.66941934249,0.0,866.3769006441117,1426.9737187079488,0.0,0.0,12486.02003869455
2026-03,emp-0105,Account Executive,S&M,S&M,True,Austin,roster,1.0,16,10192.66941934249,0.0,866.3769006441117,1426.9737187079488,0.0,0.0,12486.02003869455
2026-04,emp-0105,Account Executive,S&M,S&M,True,Austin,roster,1.0,17,10192.66941934249,0.0,866.3769006441117,1426.9737187079488,0.0,0.0,12486.02003869455
2026-05,emp-0105,Account Executive,S&M,S&M,True,Austin,roster,1.0,18,10192.66941934249,0.0,866.3769006441117,1426.9737187079488,0.0,0.0,12486.02003869455
2026-06,emp-0105,Account Executive,S&M,S&M,True,Austin,roster,1.0,19,10192.66941934249,0.0,866.3769006441117,1426.9737187079488,0.0,0.0,12486.02003869455
2026-07,emp-0105,Account Executive,S&M,S&M,True,Austin,roster,1.0,20,10192.66941934249,0.0,866.3769006441117,1426.9737187079488,0.0,0.0,12486.02003869455
2026-08,emp-0105,Account Executive,S&M,S&M,True,Austin,roster,1.0,21,10192.66941934249,0.0,866.3769006441117,1426.9737187079488,0.0,0.0,12486.02003869455
2026-09,emp-0105,Account Executive,S&M,S&M,True,Austin,roster,1.0,22,10192.66941934249,0.0,866.3769006441117,1426.9737187079488,0.0,0.0,12486.02003869455
2026-10,emp-0105,Account Executive,S&M,S&M,True,Austin,roster,1.0,23,10192.66941934249,0.0,866.3769006441117,1426.9737187079488,0.0,0.0,12486.02003869455
2026-11,emp-0105,Account Executive,S&M,S&M,True,Austin,roster,1.0,24,10192.66941934249,0.0,866.3769006441117,1426.9737187079488,0.0,0.0,12486.02003869455
2026-12,emp-0105,Account Executive,S&M,S&M,True,Austin,roster,1.0,25,10192.66941934249,0.0,866.3769006441117,1426.9737187079488,0.0,0.0,12486.02003869455
2026-01,emp-0106,Software Engineer,R&D,R&D,False,Paris,roster,1.0,14,7350.875476944039,588.0700381555232,3334.3571163418164,367.543773847202,0.0,0.0,11640.846405288583
2026-02,emp-0106,Software Engineer,R&D,R&D,False,Paris,roster,1.0,15,7350.875476944039,588.0700381555232,3334.3571163418164,367.543773847202,0.0,0.0,11640.846405288583
2026-03,emp-0106,Software Engineer,R&D,R&D,False,Paris,roster,1.0,16,7350.875476944039,588.0700381555232,3334.3571163418164,367.543773847202,0.0,0.0,11640.846405288583
2026-04,emp-0106,Software Engineer,R&D,R&D,False,Paris,roster,1.0,17,7350.875476944039,588.0700381555232,3334.3571163418164,367.543773847202,0.0,0.0,11640.846405288583
2026-05,emp-0106,Software Engineer,R&D,R&D,False,Paris,roster,1.0,18,7350.875476944039,588.0700381555232,3334.3571163418164,367.543773847202,0.0,0.0,11640.846405288583
2026-06,emp-0106,Software Engineer,R&D,R&D,False,Paris,roster,1.0,19,7350.875476944039,588.0700381555232,3334.3571163418164,367.543773847202,0.0,0.0,11640.846405288583
2026-07,emp-0106,Software Engineer,R&D,R&D,False,Paris,roster,1.0,20,7350.875476944039,588.0700381555232,3334.3571163418164,367.543773847202,0.0,0.0,11640.846405288583
2026-08,emp-0106,Software Engineer,R&D,R&D,False,Paris,roster,1.0,21,7350.875476944039,588.0700381555232,3334.3571163418164,367.543773847202,0.0,0.0,11640.846405288583
2026-09,emp-0106,Software Engineer,R&D,R&D,False,Paris,roster,1.0,22,7350.875476944039,588.0700381555232,3334.3571163418164,367.543773847202,0.0,0.0,11640.846405288583
2026-10,emp-0106,Software Engineer,R&D,R&D,False,Paris,roster,1.0,23,7350.875476944039,588.0700381555232,3334.3571163418164,367.543773847202,0.0,0.0,11640.846405288583
2026-11,emp-0106,Software Engineer,R&D,R&D,False,Paris,roster,1.0,24,7350.875476944039,588.0700381555232,3334.3571163418164,367.543773847202,0.0,0.0,11640.846405288583
2026-12,emp-0106,Software Engineer,R&D,R&D,False,Paris,roster,1.0,25,7350.875476944039,588.0700381555232,3334.3571163418164,367.543773847202,0.0,0.0,11640.846405288583
2026-01,emp-0107,Software Engineer,R&D,R&D,False,Montreal,roster,1.0,12,8443.063209524194,675.4450567619356,1003.0359092914742,506.5837925714516,0.0,0.0,10628.127968149056
2026-02,emp-0107,Software Engineer,R&D,R&D,False,Montreal,roster,1.0,13,8443.063209524194,675.4450567619356,1003.0359092914742,506.5837925714516,0.0,0.0,10628.127968149056
2026-03,emp-0107,Software Engineer,R&D,R&D,False,Montreal,roster,1.0,14,8443.063209524194,675.4450567619356,1003.0359092914742,506.5837925714516,0.0,0.0,10628.127968149056
2026-04,emp-0107,Software Engineer,R&D,R&D,False,Montreal,roster,1.0,15,8443.063209524194,675.4450567619356,1003.0359092914742,506.5837925714516,0.0,0.0,10628.127968149056
2026-05,emp-0107,Software Engineer,R&D,R&D,False,Montreal,roster,1.0,16,8443.063209524194,675.4450567619356,1003.0359092914742,506.5837925714516,0.0,0.0,10628.127968149056
2026-06,emp-0107,Software Engineer,R&D,R&D,False,Montreal,roster,1.0,17,8443.063209524194,675.4450567619356,1003.0359092914742,506.5837925714516,0.0,0.0,10628.127968149056
2026-07,emp-0107,Software Engineer,R&D,R&D,False,Montreal,roster,1.0,18,8443.063209524194,675.4450567619356,1003.0359092914742,506.5837925714516,0.0,0.0,10628.127968149056
2026-08,emp-0107,Software Engineer,R&D,R&D,False,Montreal,roster,1.0,19,8443.063209524194,675.4450567619356,1003.0359092914742,506.5837925714516,0.0,0.0,10628.127968149056
2026-09,emp-0107,Software Engineer,R&D,R&D,False,Montreal,roster,1.0,20,8443.063209524194,675.4450567619356,1003.0359092914742,506.5837925714516,0.0,0.0,10628.127968149056
2026-10,emp-0107,Software Engineer,R&D,R&D,False,Montreal,roster,1.0,21,8443.063209524194,675.4450567619356,1003.0359092914742,506.5837925714516,0.0,0.0,10628.127968149056
2026-11,emp-0107,Software Engineer,R&D,R&D,False,Montreal,roster,1.0,22,8443.063209524194,675.4450567619356,1003.0359092914742,506.5837925714516,0.0,0.0,10628.127968149056
2026-12,emp-0107,Software Engineer,R&D,R&D,False,Montreal,roster,1.0,23,8443.063209524194,675.4450567619356,1003.0359092914742,506.5837925714516,0.0,0.0,10628.127968149056
2026-01,emp-0108,Software Engineer,R&D,R&D,False,Montreal,roster,1.0,12,8297.347115204791,663.7877692163834,985.7248372863293,497.84082691228747,0.0,0.0,10444.700548619792
2026-02,emp-0108,Software Engineer,R&D,R&D,False,Montreal,roster,1.0,13,8297.347115204791,663.7877692163834,985.7248372863293,497.84082691228747,0.0,0.0,10444.700548619792
2026-03,emp-0108,Software Engineer,R&D,R&D,False,Montreal,roster,1.0,14,8297.347115204791,663.7877692163834,985.7248372863293,497.84082691228747,0.0,0.0,10444.700548619792
2026-04,emp-0108,Software Engineer,R&D,R&D,False,Montreal,roster,1.0,15,8297.347115204791,663.7877692163834,985.7248372863293,497.84082691228747,0.0,0.0,10444.700548619792
2026-05,emp-0108,Software Engineer,R&D,R&D,False,Montreal,roster,1.0,16,8297.347115204791,663.7877692163834,985.7248372863293,497.84082691228747,0.0,0.0,10444.700548619792
2026-06,emp-0108,Software Engineer,R&D,R&D,False,Montreal,roster,1.0,17,8297.347115204791,663.7877692163834,985.7248372863293,497.84082691228747,0.0,0.0,10444.700548619792
2026-07,emp-0108,Software Engineer,R&D,R&D,False,Montreal,roster,1.0,18,8297.347115204791,663.7877692163834,985.7248372863293,497.84082691228747,0.0,0.0,10444.700548619792
2026-08,emp-0108,Software Engineer,R&D,R&D,False,Montreal,roster,1.0,19,8297.347115204791,663.7877692163834,985.7248372863293,497.84082691228747,0.0,0.0,10444.700548619792
2026-09,emp-0108,Software Engineer,R&D,R&D,False,Montreal,roster,1.0,20,8297.347115204791,663.7877692163834,985.7248372863293,497.84082691228747,0.0,0.0,10444.700548619792
2026-10,emp-0108,Software Engineer,R&D,R&D,False,Montreal,roster,1.0,21,8297.347115204791,663.7877692163834,985.7248372863293,497.84082691228747,0.0,0.0,10444.700548619792
2026-11,emp-0108,Software Engineer,R&D,R&D,False,Montreal,roster,1.0,22,8297.347115204791,663.7877692163834,985.7248372863293,497.84082691228747,0.0,0.0,10444.700548619792
2026-12,emp-0108,Software Engineer,R&D,R&D,False,Montreal,roster,1.0,23,8297.347115204791,663.7877692163834,985.7248372863293,497.84082691228747,0.0,0.0,10444.700548619792
2026-01,emp-0109,Customer Success Manager,Customer Operations,COGS,False,Austin,roster,1.0,12,7844.300092380876,627.54400739047,720.1067484805644,1098.2020129333227,0.0,0.0,10290.152861185234
2026-02,emp-0109,Customer Success Manager,Customer Operations,COGS,False,Austin,roster,1.0,13,7844.300092380876,627.54400739047,720.1067484805644,1098.2020129333227,0.0,0.0,10290.152861185234
2026-03,emp-0109,Customer Success Manager,Customer Operations,COGS,False,Austin,roster,1.0,14,7844.300092380876,627.54400739047,720.1067484805644,1098.2020129333227,0.0,0.0,10290.152861185234
2026-04,emp-0109,Customer Success Manager,Customer Operations,COGS,False,Austin,roster,1.0,15,7844.300092380876,627.54400739047,720.1067484805644,1098.2020129333227,0.0,0.0,10290.152861185234
2026-05,emp-0109,Customer Success Manager,Customer Operations,COGS,False,Austin,roster,1.0,16,7844.300092380876,627.54400739047,720.1067484805644,1098.2020129333227,0.0,0.0,10290.152861185234
2026-06,emp-0109,Customer Success Manager,Customer Operations,COGS,False,Austin,roster,1.0,17,7844.300092380876,627.54400739047,720.1067484805644,1098.2020129333227,0.0,0.0,10290.152861185234
2026-07,emp-0109,Customer Success Manager,Customer Operations,COGS,False,Austin,roster,1.0,18,7844.300092380876,627.54400739047,720.1067484805644,1098.2020129333227,0.0,0.0,10290.152861185234
2026-08,emp-0109,Customer Success Manager,Customer Operations,COGS,False,Austin,roster,1.0,19,7844.300092380876,627.54400739047,720.1067484805644,1098.2020129333227,0.0,0.0,10290.152861185234
2026-09,emp-0109,Customer Success Manager,Customer Operations,COGS,False,Austin,roster,1.0,20,7844.300092380876,627.54400739047,720.1067484805644,1098.2020129333227,0.0,0.0,10290.152861185234
2026-10,emp-0109,Customer Success Manager,Customer Operations,COGS,False,Austin,roster,1.0,21,7844.300092380876,627.54400739047,720.1067484805644,1098.2020129333227,0.0,0.0,10290.152861185234
2026-11,emp-0109,Customer Success Manager,Customer Operations,COGS,False,Austin,roster,1.0,22,7844.300092380876,627.54400739047,720.1067484805644,1098.2020129333227,0.0,0.0,10290.152861185234
2026-12,emp-0109,Customer Success Manager,Customer Operations,COGS,False,Austin,roster,1.0,23,7844.300092380876,627.54400739047,720.1067484805644,1098.2020129333227,0.0,0.0,10290.152861185234
2026-01,emp-0111,Senior Software Engineer,R&D,R&D,False,Paris,roster,1.0,11,8915.047959646188,713.203836771695,4043.8657544955113,445.75239798230945,0.0,0.0,14117.869948895705
2026-02,emp-0111,Senior Software Engineer,R&D,R&D,False,Paris,roster,1.0,12,8915.047959646188,713.203836771695,4043.8657544955113,445.75239798230945,0.0,0.0,14117.869948895705
2026-03,emp-0111,Senior Software Engineer,R&D,R&D,False,Paris,roster,1.0,13,8915.047959646188,713.203836771695,4043.8657544955113,445.75239798230945,0.0,0.0,14117.869948895705
2026-04,emp-0111,Senior Software Engineer,R&D,R&D,False,Paris,roster,1.0,14,8915.047959646188,713.203836771695,4043.8657544955113,445.75239798230945,0.0,0.0,14117.869948895705
2026-05,emp-0111,Senior Software Engineer,R&D,R&D,False,Paris,roster,1.0,15,8915.047959646188,713.203836771695,4043.8657544955113,445.75239798230945,0.0,0.0,14117.869948895705
2026-06,emp-0111,Senior Software Engineer,R&D,R&D,False,Paris,roster,1.0,16,8915.047959646188,713.203836771695,4043.8657544955113,445.75239798230945,0.0,0.0,14117.869948895705
2026-07,emp-0111,Senior Software Engineer,R&D,R&D,False,Paris,roster,1.0,17,8915.047959646188,713.203836771695,4043.8657544955113,445.75239798230945,0.0,0.0,14117.869948895705
2026-08,emp-0111,Senior Software Engineer,R&D,R&D,False,Paris,roster,1.0,18,8915.047959646188,713.203836771695,4043.8657544955113,445.75239798230945,0.0,0.0,14117.869948895705
2026-09,emp-0111,Senior Software Engineer,R&D,R&D,False,Paris,roster,1.0,19,8915.047959646188,713.203836771695,4043.8657544955113,445.75239798230945,0.0,0.0,14117.869948895705
2026-10,emp-0111,Senior Software Engineer,R&D,R&D,False,Paris,roster,1.0,20,8915.047959646188,713.203836771695,4043.8657544955113,445.75239798230945,0.0,0.0,14117.869948895705
2026-11,emp-0111,Senior Software Engineer,R&D,R&D,False,Paris,roster,1.0,21,8915.047959646188,713.203836771695,4043.8657544955113,445.75239798230945,0.0,0.0,14117.869948895705
2026-12,emp-0111,Senior Software Engineer,R&D,R&D,False,Paris,roster,1.0,22,8915.047959646188,713.203836771695,4043.8657544955113,445.75239798230945,0.0,0.0,14117.869948895705
2026-01,emp-0112,Account Executive,S&M,S&M,True,Austin,roster,1.0,11,9846.35395303279,0.0,836.9400860077873,1378.489553424591,0.0,0.0,12061.78359246517
2026-02,emp-0112,Account Executive,S&M,S&M,True,Austin,roster,1.0,12,9846.35395303279,0.0,836.9400860077873,1378.489553424591,0.0,0.0,12061.78359246517
2026-03,emp-0112,Account Executive,S&M,S&M,True,Austin,roster,1.0,13,9846.35395303279,0.0,836.9400860077873,1378.489553424591,0.0,0.0,12061.78359246517
2026-04,emp-0112,Account Executive,S&M,S&M,True,Austin,roster,1.0,14,9846.35395303279,0.0,836.9400860077873,1378.489553424591,0.0,0.0,12061.78359246517
2026-05,emp-0112,Account Executive,S&M,S&M,True,Austin,roster,1.0,15,9846.35395303279,0.0,836.9400860077873,1378.489553424591,0.0,0.0,12061.78359246517
2026-06,emp-0112,Account Executive,S&M,S&M,True,Austin,roster,1.0,16,9846.35395303279,0.0,836.9400860077873,1378.489553424591,0.0,0.0,12061.78359246517
2026-07,emp-0112,Account Executive,S&M,S&M,True,Austin,roster,1.0,17,9846.35395303279,0.0,836.9400860077873,1378.489553424591,0.0,0.0,12061.78359246517
2026-08,emp-0112,Account Executive,S&M,S&M,True,Austin,roster,1.0,18,9846.35395303279,0.0,836.9400860077873,1378.489553424591,0.0,0.0,12061.78359246517
2026-09,emp-0112,Account Executive,S&M,S&M,True,Austin,roster,1.0,19,9846.35395303279,0.0,836.9400860077873,1378.489553424591,0.0,0.0,12061.78359246517
2026-10,emp-0112,Account Executive,S&M,S&M,True,Austin,roster,1.0,20,9846.35395303279,0.0,836.9400860077873,1378.489553424591,0.0,0.0,12061.78359246517
2026-11,emp-0112,Account Executive,S&M,S&M,True,Austin,roster,1.0,21,9846.35395303279,0.0,836.9400860077873,1378.489553424591,0.0,0.0,12061.78359246517
2026-12,emp-0112,Account Executive,S&M,S&M,True,Austin,roster,1.0,22,9846.35395303279,0.0,836.9400860077873,1378.489553424591,0.0,0.0,12061.78359246517
2026-01,emp-0113,Software Engineer,R&D,R&D,False,Paris,roster,1.0,10,6699.3374303353585,535.9469944268287,3038.8194584001185,334.9668715167679,0.0,0.0,10609.070754679073
2026-02,emp-0113,Software Engineer,R&D,R&D,False,Paris,roster,1.0,11,6699.3374303353585,535.9469944268287,3038.8194584001185,334.9668715167679,0.0,0.0,10609.070754679073
2026-03,emp-0113,Software Engineer,R&D,R&D,False,Paris,roster,1.0,12,6699.3374303353585,535.9469944268287,3038.8194584001185,334.9668715167679,0.0,0.0,10609.070754679073
2026-04,emp-0113,Software Engineer,R&D,R&D,False,Paris,roster,1.0,13,6699.3374303353585,535.9469944268287,3038.8194584001185,334.9668715167679,0.0,0.0,10609.070754679073
2026-05,emp-0113,Software Engineer,R&D,R&D,False,Paris,roster,1.0,14,6699.3374303353585,535.9469944268287,3038.8194584001185,334.9668715167679,0.0,0.0,10609.070754679073
2026-06,emp-0113,Software Engineer,R&D,R&D,False,Paris,roster,1.0,15,6699.3374303353585,535.9469944268287,3038.8194584001185,334.9668715167679,0.0,0.0,10609.070754679073
2026-07,emp-0113,Software Engineer,R&D,R&D,False,Paris,roster,1.0,16,6699.3374303353585,535.9469944268287,3038.8194584001185,334.9668715167679,0.0,0.0,10609.070754679073
2026-08,emp-0113,Software Engineer,R&D,R&D,False,Paris,roster,1.0,17,6699.3374303353585,535.9469944268287,3038.8194584001185,334.9668715167679,0.0,0.0,10609.070754679073
2026-09,emp-0113,Software Engineer,R&D,R&D,False,Paris,roster,1.0,18,6699.3374303353585,535.9469944268287,3038.8194584001185,334.9668715167679,0.0,0.0,10609.070754679073
2026-10,emp-0113,Software Engineer,R&D,R&D,False,Paris,roster,1.0,19,6699.3374303353585,535.9469944268287,3038.8194584001185,334.9668715167679,0.0,0.0,10609.070754679073
2026-11,emp-0113,Software Engineer,R&D,R&D,False,Paris,roster,1.0,20,6699.3374303353585,535.9469944268287,3038.8194584001185,334.9668715167679,0.0,0.0,10609.070754679073
2026-12,emp-0113,Software Engineer,R&D,R&D,False,Paris,roster,1.0,21,6699.3374303353585,535.9469944268287,3038.8194584001185,334.9668715167679,0.0,0.0,10609.070754679073
2026-01,emp-0114,Software Engineer,R&D,R&D,False,Paris,roster,1.0,10,7222.254709725944,577.7803767780755,3276.014736331688,361.1127354862972,0.0,0.0,11437.162558322003
2026-02,emp-0114,Software Engineer,R&D,R&D,False,Paris,roster,1.0,11,7222.254709725944,577.7803767780755,3276.014736331688,361.1127354862972,0.0,0.0,11437.162558322003
2026-03,emp-0114,Software Engineer,R&D,R&D,False,Paris,roster,1.0,12,7222.254709725944,577.7803767780755,3276.014736331688,361.1127354862972,0.0,0.0,11437.162558322003
2026-04,emp-0114,Software Engineer,R&D,R&D,False,Paris,roster,1.0,13,7222.254709725944,577.7803767780755,3276.014736331688,361.1127354862972,0.0,0.0,11437.162558322003
2026-05,emp-0114,Software Engineer,R&D,R&D,False,Paris,roster,1.0,14,7222.254709725944,577.7803767780755,3276.014736331688,361.1127354862972,0.0,0.0,11437.162558322003
2026-06,emp-0114,Software Engineer,R&D,R&D,False,Paris,roster,1.0,15,7222.254709725944,577.7803767780755,3276.014736331688,361.1127354862972,0.0,0.0,11437.162558322003
2026-07,emp-0114,Software Engineer,R&D,R&D,False,Paris,roster,1.0,16,7222.254709725944,577.7803767780755,3276.014736331688,361.1127354862972,0.0,0.0,11437.162558322003
2026-08,emp-0114,Software Engineer,R&D,R&D,False,Paris,roster,1.0,17,7222.254709725944,577.7803767780755,3276.014736331688,361.1127354862972,0.0,0.0,11437.162558322003
2026-09,emp-0114,Software Engineer,R&D,R&D,False,Paris,roster,1.0,18,7222.254709725944,577.7803767780755,3276.014736331688,361.1127354862972,0.0,0.0,11437.162558322003
2026-10,emp-0114,Software Engineer,R&D,R&D,False,Paris,roster,1.0,19,7222.254709725944,577.7803767780755,3276.014736331688,361.1127354862972,0.0,0.0,11437.162558322003
2026-11,emp-0114,Software Engineer,R&D,R&D,False,Paris,roster,1.0,20,7222.254709725944,577.7803767780755,3276.014736331688,361.1127354862972,0.0,0.0,11437.162558322003
2026-12,emp-0114,Software Engineer,R&D,R&D,False,Paris,roster,1.0,21,7222.254709725944,577.7803767780755,3276.014736331688,361.1127354862972,0.0,0.0,11437.162558322003
2026-01,emp-0115,Product Manager,R&D,R&D,False,Montreal,roster,1.0,10,10584.057967796327,846.7246374237062,1257.3860865742035,635.0434780677796,0.0,0.0,13323.212169862014
2026-02,emp-0115,Product Manager,R&D,R&D,False,Montreal,roster,1.0,11,10584.057967796327,846.7246374237062,1257.3860865742035,635.0434780677796,0.0,0.0,13323.212169862014
2026-03,emp-0115,Product Manager,R&D,R&D,False,Montreal,roster,1.0,12,10584.057967796327,846.7246374237062,1257.3860865742035,635.0434780677796,0.0,0.0,13323.212169862014
2026-04,emp-0115,Product Manager,R&D,R&D,False,Montreal,roster,1.0,13,10584.057967796327,846.7246374237062,1257.3860865742035,635.0434780677796,0.0,0.0,13323.212169862014
2026-05,emp-0115,Product Manager,R&D,R&D,False,Montreal,roster,1.0,14,10584.057967796327,846.7246374237062,1257.3860865742035,635.0434780677796,0.0,0.0,13323.212169862014
2026-06,emp-0115,Product Manager,R&D,R&D,False,Montreal,roster,1.0,15,10584.057967796327,846.7246374237062,1257.3860865742035,635.0434780677796,0.0,0.0,13323.212169862014
2026-07,emp-0115,Product Manager,R&D,R&D,False,Montreal,roster,1.0,16,10584.057967796327,846.7246374237062,1257.3860865742035,635.0434780677796,0.0,0.0,13323.212169862014
2026-08,emp-0115,Product Manager,R&D,R&D,False,Montreal,roster,1.0,17,10584.057967796327,846.7246374237062,1257.3860865742035,635.0434780677796,0.0,0.0,13323.212169862014
2026-09,emp-0115,Product Manager,R&D,R&D,False,Montreal,roster,1.0,18,10584.057967796327,846.7246374237062,1257.3860865742035,635.0434780677796,0.0,0.0,13323.212169862014
2026-10,emp-0115,Product Manager,R&D,R&D,False,Montreal,roster,1.0,19,10584.057967796327,846.7246374237062,1257.3860865742035,635.0434780677796,0.0,0.0,13323.212169862014
2026-11,emp-0115,Product Manager,R&D,R&D,False,Montreal,roster,1.0,20,10584.057967796327,846.7246374237062,1257.3860865742035,635.0434780677796,0.0,0.0,13323.212169862014
2026-12,emp-0115,Product Manager,R&D,R&D,False,Montreal,roster,1.0,21,10584.057967796327,846.7246374237062,1257.3860865742035,635.0434780677796,0.0,0.0,13323.212169862014
2026-01,emp-0116,Account Executive,S&M,S&M,True,Austin,roster,1.0,9,9546.519773832104,0.0,811.4541807757289,1336.5127683364947,0.0,0.0,11694.486722944328
2026-02,emp-0116,Account Executive,S&M,S&M,True,Austin,roster,1.0,10,9546.519773832104,0.0,811.4541807757289,1336.5127683364947,0.0,0.0,11694.486722944328
2026-03,emp-0116,Account Executive,S&M,S&M,True,Austin,roster,1.0,11,9546.519773832104,0.0,811.4541807757289,1336.5127683364947,0.0,0.0,11694.486722944328
2026-04,emp-0116,Account Executive,S&M,S&M,True,Austin,roster,1.0,12,9546.519773832104,0.0,811.4541807757289,1336.5127683364947,0.0,0.0,11694.486722944328
2026-05,emp-0116,Account Executive,S&M,S&M,True,Austin,roster,1.0,13,9546.519773832104,0.0,811.4541807757289,1336.5127683364947,0.0,0.0,11694.486722944328
2026-06,emp-0116,Account Executive,S&M,S&M,True,Austin,roster,1.0,14,9546.519773832104,0.0,811.4541807757289,1336.5127683364947,0.0,0.0,11694.486722944328
2026-07,emp-0116,Account Executive,S&M,S&M,True,Austin,roster,1.0,15,9546.519773832104,0.0,811.4541807757289,1336.5127683364947,0.0,0.0,11694.486722944328
2026-08,emp-0116,Account Executive,S&M,S&M,True,Austin,roster,1.0,16,9546.519773832104,0.0,811.4541807757289,1336.5127683364947,0.0,0.0,11694.486722944328
2026-09,emp-0116,Account Executive,S&M,S&M,True,Austin,roster,1.0,17,9546.519773832104,0.0,811.4541807757289,1336.5127683364947,0.0,0.0,11694.486722944328
2026-10,emp-0116,Account Executive,S&M,S&M,True,Austin,roster,1.0,18,9546.519773832104,0.0,811.4541807757289,1336.5127683364947,0.0,0.0,11694.486722944328
2026-11,emp-0116,Account Executive,S&M,S&M,True,Austin,roster,1.0,19,9546.519773832104,0.0,811.4541807757289,1336.5127683364947,0.0,0.0,11694.486722944328
2026-12,emp-0116,Account Executive,S&M,S&M,True,Austin,roster,1.0,20,9546.519773832104,0.0,811.4541807757289,1336.5127683364947,0.0,0.0,11694.486722944328
2026-01,emp-0117,Support Engineer,Customer Operations,COGS,False,Montreal,roster,1.0,9,5492.230863243941,439.3784690595153,652.4770265533803,329.53385179463646,0.0,0.0,6913.620210651474
2026-02,emp-0117,Support Engineer,Customer Operations,COGS,False,Montreal,roster,1.0,10,5492.230863243941,439.3784690595153,652.4770265533803,329.53385179463646,0.0,0.0,6913.620210651474
2026-03,emp-0117,Support Engineer,Customer Operations,COGS,False,Montreal,roster,1.0,11,5492.230863243941,439.3784690595153,652.4770265533803,329.53385179463646,0.0,0.0,6913.620210651474
2026-04,emp-0117,Support Engineer,Customer Operations,COGS,False,Montreal,roster,1.0,12,5492.230863243941,439.3784690595153,652.4770265533803,329.53385179463646,0.0,0.0,6913.620210651474
2026-05,emp-0117,Support Engineer,Customer Operations,COGS,False,Montreal,roster,1.0,13,5492.230863243941,439.3784690595153,652.4770265533803,329.53385179463646,0.0,0.0,6913.620210651474
2026-06,emp-0117,Support Engineer,Customer Operations,COGS,False,Montreal,roster,1.0,14,5492.230863243941,439.3784690595153,652.4770265533803,329.53385179463646,0.0,0.0,6913.620210651474
2026-07,emp-0117,Support Engineer,Customer Operations,COGS,False,Montreal,roster,1.0,15,5492.230863243941,439.3784690595153,652.4770265533803,329.53385179463646,0.0,0.0,6913.620210651474
2026-08,emp-0117,Support Engineer,Customer Operations,COGS,False,Montreal,roster,1.0,16,5492.230863243941,439.3784690595153,652.4770265533803,329.53385179463646,0.0,0.0,6913.620210651474
2026-09,emp-0117,Support Engineer,Customer Operations,COGS,False,Montreal,roster,1.0,17,5492.230863243941,439.3784690595153,652.4770265533803,329.53385179463646,0.0,0.0,6913.620210651474
2026-10,emp-0117,Support Engineer,Customer Operations,COGS,False,Montreal,roster,1.0,18,5492.230863243941,439.3784690595153,652.4770265533803,329.53385179463646,0.0,0.0,6913.620210651474
2026-11,emp-0117,Support Engineer,Customer Operations,COGS,False,Montreal,roster,1.0,19,5492.230863243941,439.3784690595153,652.4770265533803,329.53385179463646,0.0,0.0,6913.620210651474
2026-12,emp-0117,Support Engineer,Customer Operations,COGS,False,Montreal,roster,1.0,20,5492.230863243941,439.3784690595153,652.4770265533803,329.53385179463646,0.0,0.0,6913.620210651474
2026-01,emp-0118,Software Engineer,R&D,R&D,False,Montreal,roster,1.0,8,8491.534539358243,679.3227631486594,1008.7943032757591,509.49207236149454,0.0,0.0,10689.143678144155
2026-02,emp-0118,Software Engineer,R&D,R&D,False,Montreal,roster,1.0,9,8491.534539358243,679.3227631486594,1008.7943032757591,509.49207236149454,0.0,0.0,10689.143678144155
2026-03,emp-0118,Software Engineer,R&D,R&D,False,Montreal,roster,1.0,10,8491.534539358243,679.3227631486594,1008.7943032757591,509.49207236149454,0.0,0.0,10689.143678144155
2026-04,emp-0118,Software Engineer,R&D,R&D,False,Montreal,roster,1.0,11,8491.534539358243,679.3227631486594,1008.7943032757591,509.49207236149454,0.0,0.0,10689.143678144155
2026-05,emp-0118,Software Engineer,R&D,R&D,False,Montreal,roster,1.0,12,8491.534539358243,679.3227631486594,1008.7943032757591,509.49207236149454,0.0,0.0,10689.143678144155
2026-06,emp-0118,Software Engineer,R&D,R&D,False,Montreal,roster,1.0,13,8491.534539358243,679.3227631486594,1008.7943032757591,509.49207236149454,0.0,0.0,10689.143678144155
2026-07,emp-0118,Software Engineer,R&D,R&D,False,Montreal,roster,1.0,14,8491.534539358243,679.3227631486594,1008.7943032757591,509.49207236149454,0.0,0.0,10689.143678144155
2026-08,emp-0118,Software Engineer,R&D,R&D,False,Montreal,roster,1.0,15,8491.534539358243,679.3227631486594,1008.7943032757591,509.49207236149454,0.0,0.0,10689.143678144155
2026-09,emp-0118,Software Engineer,R&D,R&D,False,Montreal,roster,1.0,16,8491.534539358243,679.3227631486594,1008.7943032757591,509.49207236149454,0.0,0.0,10689.143678144155
2026-10,emp-0118,Software Engineer,R&D,R&D,False,Montreal,roster,1.0,17,8491.534539358243,679.3227631486594,1008.7943032757591,509.49207236149454,0.0,0.0,10689.143678144155
2026-11,emp-0118,Software Engineer,R&D,R&D,False,Montreal,roster,1.0,18,8491.534539358243,679.3227631486594,1008.7943032757591,509.49207236149454,0.0,0.0,10689.143678144155
2026-12,emp-0118,Software Engineer,R&D,R&D,False,Montreal,roster,1.0,19,8491.534539358243,679.3227631486594,1008.7943032757591,509.49207236149454,0.0,0.0,10689.143678144155
2026-01,emp-0119,Software Engineer,R&D,R&D,False,Montreal,roster,1.0,8,8037.3614001007,642.988912008056,954.8385343319632,482.24168400604196,0.0,0.0,10117.43053044676
2026-02,emp-0119,Software Engineer,R&D,R&D,False,Montreal,roster,1.0,9,8037.3614001007,642.988912008056,954.8385343319632,482.24168400604196,0.0,0.0,10117.43053044676
2026-03,emp-0119,Software Engineer,R&D,R&D,False,Montreal,roster,1.0,10,8037.3614001007,642.988912008056,954.8385343319632,482.24168400604196,0.0,0.0,10117.43053044676
2026-04,emp-0119,Software Engineer,R&D,R&D,False,Montreal,roster,1.0,11,8037.3614001007,642.988912008056,954.8385343319632,482.24168400604196,0.0,0.0,10117.43053044676
2026-05,emp-0119,Software Engineer,R&D,R&D,False,Montreal,roster,1.0,12,8037.3614001007,642.988912008056,954.8385343319632,482.24168400604196,0.0,0.0,10117.43053044676
2026-06,emp-0119,Software Engineer,R&D,R&D,False,Montreal,roster,1.0,13,8037.3614001007,642.988912008056,954.8385343319632,482.24168400604196,0.0,0.0,10117.43053044676
2026-07,emp-0119,Software Engineer,R&D,R&D,False,Montreal,roster,1.0,14,8037.3614001007,642.988912008056,954.8385343319632,482.24168400604196,0.0,0.0,10117.43053044676
2026-08,emp-0119,Software Engineer,R&D,R&D,False,Montreal,roster,1.0,15,8037.3614001007,642.988912008056,954.8385343319632,482.24168400604196,0.0,0.0,10117.43053044676
2026-09,emp-0119,Software Engineer,R&D,R&D,False,Montreal,roster,1.0,16,8037.3614001007,642.988912008056,954.8385343319632,482.24168400604196,0.0,0.0,10117.43053044676
2026-10,emp-0119,Software Engineer,R&D,R&D,False,Montreal,roster,1.0,17,8037.3614001007,642.988912008056,954.8385343319632,482.24168400604196,0.0,0.0,10117.43053044676
2026-11,emp-0119,Software Engineer,R&D,R&D,False,Montreal,roster,1.0,18,8037.3614001007,642.988912008056,954.8385343319632,482.24168400604196,0.0,0.0,10117.43053044676
2026-12,emp-0119,Software Engineer,R&D,R&D,False,Montreal,roster,1.0,19,8037.3614001007,642.988912008056,954.8385343319632,482.24168400604196,0.0,0.0,10117.43053044676
2026-01,emp-0120,Data Engineer,R&D,R&D,False,Paris,roster,1.0,8,8356.177630419392,668.4942104335513,3790.362173158236,417.80888152096963,0.0,0.0,13232.84289553215
2026-02,emp-0120,Data Engineer,R&D,R&D,False,Paris,roster,1.0,9,8356.177630419392,668.4942104335513,3790.362173158236,417.80888152096963,0.0,0.0,13232.84289553215
2026-03,emp-0120,Data Engineer,R&D,R&D,False,Paris,roster,1.0,10,8356.177630419392,668.4942104335513,3790.362173158236,417.80888152096963,0.0,0.0,13232.84289553215
2026-04,emp-0120,Data Engineer,R&D,R&D,False,Paris,roster,1.0,11,8356.177630419392,668.4942104335513,3790.362173158236,417.80888152096963,0.0,0.0,13232.84289553215
2026-05,emp-0120,Data Engineer,R&D,R&D,False,Paris,roster,1.0,12,8356.177630419392,668.4942104335513,3790.362173158236,417.80888152096963,0.0,0.0,13232.84289553215
2026-06,emp-0120,Data Engineer,R&D,R&D,False,Paris,roster,1.0,13,8356.177630419392,668.4942104335513,3790.362173158236,417.80888152096963,0.0,0.0,13232.84289553215
2026-07,emp-0120,Data Engineer,R&D,R&D,False,Paris,roster,1.0,14,8356.177630419392,668.4942104335513,3790.362173158236,417.80888152096963,0.0,0.0,13232.84289553215
2026-08,emp-0120,Data Engineer,R&D,R&D,False,Paris,roster,1.0,15,8356.177630419392,668.4942104335513,3790.362173158236,417.80888152096963,0.0,0.0,13232.84289553215
2026-09,emp-0120,Data Engineer,R&D,R&D,False,Paris,roster,1.0,16,8356.177630419392,668.4942104335513,3790.362173158236,417.80888152096963,0.0,0.0,13232.84289553215
2026-10,emp-0120,Data Engineer,R&D,R&D,False,Paris,roster,1.0,17,8356.177630419392,668.4942104335513,3790.362173158236,417.80888152096963,0.0,0.0,13232.84289553215
2026-11,emp-0120,Data Engineer,R&D,R&D,False,Paris,roster,1.0,18,8356.177630419392,668.4942104335513,3790.362173158236,417.80888152096963,0.0,0.0,13232.84289553215
2026-12,emp-0120,Data Engineer,R&D,R&D,False,Paris,roster,1.0,19,8356.177630419392,668.4942104335513,3790.362173158236,417.80888152096963,0.0,0.0,13232.84289553215
2026-01,emp-0121,Customer Success Manager,Customer Operations,COGS,False,Austin,roster,1.0,7,7694.614725242431,615.5691780193945,706.3656317772551,1077.2460615339403,0.0,0.0,10093.79559657302
2026-02,emp-0121,Customer Success Manager,Customer Operations,COGS,False,Austin,roster,1.0,8,7694.614725242431,615.5691780193945,706.3656317772551,1077.2460615339403,0.0,0.0,10093.79559657302
2026-03,emp-0121,Customer Success Manager,Customer Operations,COGS,False,Austin,roster,1.0,9,7694.614725242431,615.5691780193945,706.3656317772551,1077.2460615339403,0.0,0.0,10093.79559657302
2026-04,emp-0121,Customer Success Manager,Customer Operations,COGS,False,Austin,roster,1.0,10,7694.614725242431,615.5691780193945,706.3656317772551,1077.2460615339403,0.0,0.0,10093.79559657302
2026-05,emp-0121,Customer Success Manager,Customer Operations,COGS,False,Austin,roster,1.0,11,7694.614725242431,615.5691780193945,706.3656317772551,1077.2460615339403,0.0,0.0,10093.79559657302
2026-06,emp-0121,Customer Success Manager,Customer Operations,COGS,False,Austin,roster,1.0,12,7694.614725242431,615.5691780193945,706.3656317772551,1077.2460615339403,0.0,0.0,10093.79559657302
2026-07,emp-0121,Customer Success Manager,Customer Operations,COGS,False,Austin,roster,1.0,13,7694.614725242431,615.5691780193945,706.3656317772551,1077.2460615339403,0.0,0.0,10093.79559657302
2026-08,emp-0121,Customer Success Manager,Customer Operations,COGS,False,Austin,roster,1.0,14,7694.614725242431,615.5691780193945,706.3656317772551,1077.2460615339403,0.0,0.0,10093.79559657302
2026-09,emp-0121,Customer Success Manager,Customer Operations,COGS,False,Austin,roster,1.0,15,7694.614725242431,615.5691780193945,706.3656317772551,1077.2460615339403,0.0,0.0,10093.79559657302
2026-10,emp-0121,Customer Success Manager,Customer Operations,COGS,False,Austin,roster,1.0,16,7694.614725242431,615.5691780193945,706.3656317772551,1077.2460615339403,0.0,0.0,10093.79559657302
2026-11,emp-0121,Customer Success Manager,Customer Operations,COGS,False,Austin,roster,1.0,17,7694.614725242431,615.5691780193945,706.3656317772551,1077.2460615339403,0.0,0.0,10093.79559657302
2026-12,emp-0121,Customer Success Manager,Customer Operations,COGS,False,Austin,roster,1.0,18,7694.614725242431,615.5691780193945,706.3656317772551,1077.2460615339403,0.0,0.0,10093.79559657302
2026-01,emp-0122,Marketing Manager,S&M,S&M,False,Austin,roster,1.0,7,10490.081460046971,839.2065168037577,962.9894780323119,1468.6114044065762,0.0,0.0,13760.888859289616
2026-02,emp-0122,Marketing Manager,S&M,S&M,False,Austin,roster,1.0,8,10490.081460046971,839.2065168037577,962.9894780323119,1468.6114044065762,0.0,0.0,13760.888859289616
2026-03,emp-0122,Marketing Manager,S&M,S&M,False,Austin,roster,1.0,9,10490.081460046971,839.2065168037577,962.9894780323119,1468.6114044065762,0.0,0.0,13760.888859289616
2026-04,emp-0122,Marketing Manager,S&M,S&M,False,Austin,roster,1.0,10,10490.081460046971,839.2065168037577,962.9894780323119,1468.6114044065762,0.0,0.0,13760.888859289616
2026-05,emp-0122,Marketing Manager,S&M,S&M,False,Austin,roster,1.0,11,10490.081460046971,839.2065168037577,962.9894780323119,1468.6114044065762,0.0,0.0,13760.888859289616
2026-06,emp-0122,Marketing Manager,S&M,S&M,False,Austin,roster,1.0,12,10490.081460046971,839.2065168037577,962.9894780323119,1468.6114044065762,0.0,0.0,13760.888859289616
2026-07,emp-0122,Marketing Manager,S&M,S&M,False,Austin,roster,1.0,13,10490.081460046971,839.2065168037577,962.9894780323119,1468.6114044065762,0.0,0.0,13760.888859289616
2026-08,emp-0122,Marketing Manager,S&M,S&M,False,Austin,roster,1.0,14,10490.081460046971,839.2065168037577,962.9894780323119,1468.6114044065762,0.0,0.0,13760.888859289616
2026-09,emp-0122,Marketing Manager,S&M,S&M,False,Austin,roster,1.0,15,10490.081460046971,839.2065168037577,962.9894780323119,1468.6114044065762,0.0,0.0,13760.888859289616
2026-10,emp-0122,Marketing Manager,S&M,S&M,False,Austin,roster,1.0,16,10490.081460046971,839.2065168037577,962.9894780323119,1468.6114044065762,0.0,0.0,13760.888859289616
2026-11,emp-0122,Marketing Manager,S&M,S&M,False,Austin,roster,1.0,17,10490.081460046971,839.2065168037577,962.9894780323119,1468.6114044065762,0.0,0.0,13760.888859289616
2026-12,emp-0122,Marketing Manager,S&M,S&M,False,Austin,roster,1.0,18,10490.081460046971,839.2065168037577,962.9894780323119,1468.6114044065762,0.0,0.0,13760.888859289616
2026-01,emp-0123,Account Executive,S&M,S&M,True,Austin,roster,1.0,6,9498.805696417323,0.0,807.3984841954725,1329.8327974984254,0.0,0.0,11636.036978111222
2026-02,emp-0123,Account Executive,S&M,S&M,True,Austin,roster,1.0,7,9498.805696417323,0.0,807.3984841954725,1329.8327974984254,0.0,0.0,11636.036978111222
2026-03,emp-0123,Account Executive,S&M,S&M,True,Austin,roster,1.0,8,9498.805696417323,0.0,807.3984841954725,1329.8327974984254,0.0,0.0,11636.036978111222
2026-04,emp-0123,Account Executive,S&M,S&M,True,Austin,roster,1.0,9,9498.805696417323,0.0,807.3984841954725,1329.8327974984254,0.0,0.0,11636.036978111222
2026-05,emp-0123,Account Executive,S&M,S&M,True,Austin,roster,1.0,10,9498.805696417323,0.0,807.3984841954725,1329.8327974984254,0.0,0.0,11636.036978111222
2026-06,emp-0123,Account Executive,S&M,S&M,True,Austin,roster,1.0,11,9498.805696417323,0.0,807.3984841954725,1329.8327974984254,0.0,0.0,11636.036978111222
2026-07,emp-0123,Account Executive,S&M,S&M,True,Austin,roster,1.0,12,9498.805696417323,0.0,807.3984841954725,1329.8327974984254,0.0,0.0,11636.036978111222
2026-08,emp-0123,Account Executive,S&M,S&M,True,Austin,roster,1.0,13,9498.805696417323,0.0,807.3984841954725,1329.8327974984254,0.0,0.0,11636.036978111222
2026-09,emp-0123,Account Executive,S&M,S&M,True,Austin,roster,1.0,14,9498.805696417323,0.0,807.3984841954725,1329.8327974984254,0.0,0.0,11636.036978111222
2026-10,emp-0123,Account Executive,S&M,S&M,True,Austin,roster,1.0,15,9498.805696417323,0.0,807.3984841954725,1329.8327974984254,0.0,0.0,11636.036978111222
2026-11,emp-0123,Account Executive,S&M,S&M,True,Austin,roster,1.0,16,9498.805696417323,0.0,807.3984841954725,1329.8327974984254,0.0,0.0,11636.036978111222
2026-12,emp-0123,Account Executive,S&M,S&M,True,Austin,roster,1.0,17,9498.805696417323,0.0,807.3984841954725,1329.8327974984254,0.0,0.0,11636.036978111222
2026-01,emp-0124,Account Executive,S&M,S&M,True,Austin,roster,1.0,6,9300.147424188526,0.0,790.5125310560247,1302.020639386394,0.0,0.0,11392.680594630945
2026-02,emp-0124,Account Executive,S&M,S&M,True,Austin,roster,1.0,7,9300.147424188526,0.0,790.5125310560247,1302.020639386394,0.0,0.0,11392.680594630945
2026-03,emp-0124,Account Executive,S&M,S&M,True,Austin,roster,1.0,8,9300.147424188526,0.0,790.5125310560247,1302.020639386394,0.0,0.0,11392.680594630945
2026-04,emp-0124,Account Executive,S&M,S&M,True,Austin,roster,1.0,9,9300.147424188526,0.0,790.5125310560247,1302.020639386394,0.0,0.0,11392.680594630945
2026-05,emp-0124,Account Executive,S&M,S&M,True,Austin,roster,1.0,10,9300.147424188526,0.0,790.5125310560247,1302.020639386394,0.0,0.0,11392.680594630945
2026-06,emp-0124,Account Executive,S&M,S&M,True,Austin,roster,1.0,11,9300.147424188526,0.0,790.5125310560247,1302.020639386394,0.0,0.0,11392.680594630945
2026-07,emp-0124,Account Executive,S&M,S&M,True,Austin,roster,1.0,12,9300.147424188526,0.0,790.5125310560247,1302.020639386394,0.0,0.0,11392.680594630945
2026-08,emp-0124,Account Executive,S&M,S&M,True,Austin,roster,1.0,13,9300.147424188526,0.0,790.5125310560247,1302.020639386394,0.0,0.0,11392.680594630945
2026-09,emp-0124,Account Executive,S&M,S&M,True,Austin,roster,1.0,14,9300.147424188526,0.0,790.5125310560247,1302.020639386394,0.0,0.0,11392.680594630945
2026-10,emp-0124,Account Executive,S&M,S&M,True,Austin,roster,1.0,15,9300.147424188526,0.0,790.5125310560247,1302.020639386394,0.0,0.0,11392.680594630945
2026-11,emp-0124,Account Executive,S&M,S&M,True,Austin,roster,1.0,16,9300.147424188526,0.0,790.5125310560247,1302.020639386394,0.0,0.0,11392.680594630945
2026-12,emp-0124,Account Executive,S&M,S&M,True,Austin,roster,1.0,17,9300.147424188526,0.0,790.5125310560247,1302.020639386394,0.0,0.0,11392.680594630945
2026-01,emp-0125,Sales Development Rep,S&M,S&M,True,Austin,roster,1.0,6,5486.485816033196,0.0,466.3512943628217,768.1080142446475,0.0,0.0,6720.945124640665
2026-02,emp-0125,Sales Development Rep,S&M,S&M,True,Austin,roster,1.0,7,5486.485816033196,0.0,466.3512943628217,768.1080142446475,0.0,0.0,6720.945124640665
2026-03,emp-0125,Sales Development Rep,S&M,S&M,True,Austin,roster,1.0,8,5486.485816033196,0.0,466.3512943628217,768.1080142446475,0.0,0.0,6720.945124640665
2026-04,emp-0125,Sales Development Rep,S&M,S&M,True,Austin,roster,1.0,9,5486.485816033196,0.0,466.3512943628217,768.1080142446475,0.0,0.0,6720.945124640665
2026-05,emp-0125,Sales Development Rep,S&M,S&M,True,Austin,roster,1.0,10,5486.485816033196,0.0,466.3512943628217,768.1080142446475,0.0,0.0,6720.945124640665
2026-06,emp-0125,Sales Development Rep,S&M,S&M,True,Austin,roster,1.0,11,5486.485816033196,0.0,466.3512943628217,768.1080142446475,0.0,0.0,6720.945124640665
2026-07,emp-0125,Sales Development Rep,S&M,S&M,True,Austin,roster,1.0,12,5486.485816033196,0.0,466.3512943628217,768.1080142446475,0.0,0.0,6720.945124640665
2026-08,emp-0125,Sales Development Rep,S&M,S&M,True,Austin,roster,1.0,13,5486.485816033196,0.0,466.3512943628217,768.1080142446475,0.0,0.0,6720.945124640665
2026-09,emp-0125,Sales Development Rep,S&M,S&M,True,Austin,roster,1.0,14,5486.485816033196,0.0,466.3512943628217,768.1080142446475,0.0,0.0,6720.945124640665
2026-10,emp-0125,Sales Development Rep,S&M,S&M,True,Austin,roster,1.0,15,5486.485816033196,0.0,466.3512943628217,768.1080142446475,0.0,0.0,6720.945124640665
2026-11,emp-0125,Sales Development Rep,S&M,S&M,True,Austin,roster,1.0,16,5486.485816033196,0.0,466.3512943628217,768.1080142446475,0.0,0.0,6720.945124640665
2026-12,emp-0125,Sales Development Rep,S&M,S&M,True,Austin,roster,1.0,17,5486.485816033196,0.0,466.3512943628217,768.1080142446475,0.0,0.0,6720.945124640665
2026-01,emp-0126,Senior Software Engineer,R&D,R&D,False,Montreal,roster,1.0,5,11125.218700326635,890.0174960261309,1321.6759815988041,667.5131220195981,0.0,0.0,14004.425299971168
2026-02,emp-0126,Senior Software Engineer,R&D,R&D,False,Montreal,roster,1.0,6,11125.218700326635,890.0174960261309,1321.6759815988041,667.5131220195981,0.0,0.0,14004.425299971168
2026-03,emp-0126,Senior Software Engineer,R&D,R&D,False,Montreal,roster,1.0,7,11125.218700326635,890.0174960261309,1321.6759815988041,667.5131220195981,0.0,0.0,14004.425299971168
2026-04,emp-0126,Senior Software Engineer,R&D,R&D,False,Montreal,roster,1.0,8,11125.218700326635,890.0174960261309,1321.6759815988041,667.5131220195981,0.0,0.0,14004.425299971168
2026-05,emp-0126,Senior Software Engineer,R&D,R&D,False,Montreal,roster,1.0,9,11125.218700326635,890.0174960261309,1321.6759815988041,667.5131220195981,0.0,0.0,14004.425299971168
2026-06,emp-0126,Senior Software Engineer,R&D,R&D,False,Montreal,roster,1.0,10,11125.218700326635,890.0174960261309,1321.6759815988041,667.5131220195981,0.0,0.0,14004.425299971168
2026-07,emp-0126,Senior Software Engineer,R&D,R&D,False,Montreal,roster,1.0,11,11125.218700326635,890.0174960261309,1321.6759815988041,667.5131220195981,0.0,0.0,14004.425299971168
2026-08,emp-0126,Senior Software Engineer,R&D,R&D,False,Montreal,roster,1.0,12,11125.218700326635,890.0174960261309,1321.6759815988041,667.5131220195981,0.0,0.0,14004.425299971168
2026-09,emp-0126,Senior Software Engineer,R&D,R&D,False,Montreal,roster,1.0,13,11125.218700326635,890.0174960261309,1321.6759815988041,667.5131220195981,0.0,0.0,14004.425299971168
2026-10,emp-0126,Senior Software Engineer,R&D,R&D,False,Montreal,roster,1.0,14,11125.218700326635,890.0174960261309,1321.6759815988041,667.5131220195981,0.0,0.0,14004.425299971168
2026-11,emp-0126,Senior Software Engineer,R&D,R&D,False,Montreal,roster,1.0,15,11125.218700326635,890.0174960261309,1321.6759815988041,667.5131220195981,0.0,0.0,14004.425299971168
2026-12,emp-0126,Senior Software Engineer,R&D,R&D,False,Montreal,roster,1.0,16,11125.218700326635,890.0174960261309,1321.6759815988041,667.5131220195981,0.0,0.0,14004.425299971168
2026-01,emp-0127,Software Engineer,R&D,R&D,False,Paris,roster,1.0,4,6839.4505986689865,547.1560478935189,3102.374791556252,341.9725299334493,0.0,0.0,10830.953968052207
2026-02,emp-0127,Software Engineer,R&D,R&D,False,Paris,roster,1.0,5,6839.4505986689865,547.1560478935189,3102.374791556252,341.9725299334493,0.0,0.0,10830.953968052207
2026-03,emp-0127,Software Engineer,R&D,R&D,False,Paris,roster,1.0,6,6839.4505986689865,547.1560478935189,3102.374791556252,341.9725299334493,0.0,0.0,10830.953968052207
2026-04,emp-0127,Software Engineer,R&D,R&D,False,Paris,roster,1.0,7,6839.4505986689865,547.1560478935189,3102.374791556252,341.9725299334493,0.0,0.0,10830.953968052207
2026-05,emp-0127,Software Engineer,R&D,R&D,False,Paris,roster,1.0,8,6839.4505986689865,547.1560478935189,3102.374791556252,341.9725299334493,0.0,0.0,10830.953968052207
2026-06,emp-0127,Software Engineer,R&D,R&D,False,Paris,roster,1.0,9,6839.4505986689865,547.1560478935189,3102.374791556252,341.9725299334493,0.0,0.0,10830.953968052207
2026-07,emp-0127,Software Engineer,R&D,R&D,False,Paris,roster,1.0,10,6839.4505986689865,547.1560478935189,3102.374791556252,341.9725299334493,0.0,0.0,10830.953968052207
2026-08,emp-0127,Software Engineer,R&D,R&D,False,Paris,roster,1.0,11,6839.4505986689865,547.1560478935189,3102.374791556252,341.9725299334493,0.0,0.0,10830.953968052207
2026-09,emp-0127,Software Engineer,R&D,R&D,False,Paris,roster,1.0,12,6839.4505986689865,547.1560478935189,3102.374791556252,341.9725299334493,0.0,0.0,10830.953968052207
2026-10,emp-0127,Software Engineer,R&D,R&D,False,Paris,roster,1.0,13,6839.4505986689865,547.1560478935189,3102.374791556252,341.9725299334493,0.0,0.0,10830.953968052207
2026-11,emp-0127,Software Engineer,R&D,R&D,False,Paris,roster,1.0,14,6839.4505986689865,547.1560478935189,3102.374791556252,341.9725299334493,0.0,0.0,10830.953968052207
2026-12,emp-0127,Software Engineer,R&D,R&D,False,Paris,roster,1.0,15,6839.4505986689865,547.1560478935189,3102.374791556252,341.9725299334493,0.0,0.0,10830.953968052207
2026-01,emp-0128,Software Engineer,R&D,R&D,False,Paris,roster,1.0,4,6961.509030406588,556.9207224325271,3157.7404961924285,348.0754515203294,0.0,0.0,11024.245700551874
2026-02,emp-0128,Software Engineer,R&D,R&D,False,Paris,roster,1.0,5,6961.509030406588,556.9207224325271,3157.7404961924285,348.0754515203294,0.0,0.0,11024.245700551874
2026-03,emp-0128,Software Engineer,R&D,R&D,False,Paris,roster,1.0,6,6961.509030406588,556.9207224325271,3157.7404961924285,348.0754515203294,0.0,0.0,11024.245700551874
2026-04,emp-0128,Software Engineer,R&D,R&D,False,Paris,roster,1.0,7,6961.509030406588,556.9207224325271,3157.7404961924285,348.0754515203294,0.0,0.0,11024.245700551874
2026-05,emp-0128,Software Engineer,R&D,R&D,False,Paris,roster,1.0,8,6961.509030406588,556.9207224325271,3157.7404961924285,348.0754515203294,0.0,0.0,11024.245700551874
2026-06,emp-0128,Software Engineer,R&D,R&D,False,Paris,roster,1.0,9,6961.509030406588,556.9207224325271,3157.7404961924285,348.0754515203294,0.0,0.0,11024.245700551874
2026-07,emp-0128,Software Engineer,R&D,R&D,False,Paris,roster,1.0,10,6961.509030406588,556.9207224325271,3157.7404961924285,348.0754515203294,0.0,0.0,11024.245700551874
2026-08,emp-0128,Software Engineer,R&D,R&D,False,Paris,roster,1.0,11,6961.509030406588,556.9207224325271,3157.7404961924285,348.0754515203294,0.0,0.0,11024.245700551874
2026-09,emp-0128,Software Engineer,R&D,R&D,False,Paris,roster,1.0,12,6961.509030406588,556.9207224325271,3157.7404961924285,348.0754515203294,0.0,0.0,11024.245700551874
2026-10,emp-0128,Software Engineer,R&D,R&D,False,Paris,roster,1.0,13,6961.509030406588,556.9207224325271,3157.7404961924285,348.0754515203294,0.0,0.0,11024.245700551874
2026-11,emp-0128,Software Engineer,R&D,R&D,False,Paris,roster,1.0,14,6961.509030406588,556.9207224325271,3157.7404961924285,348.0754515203294,0.0,0.0,11024.245700551874
2026-12,emp-0128,Software Engineer,R&D,R&D,False,Paris,roster,1.0,15,6961.509030406588,556.9207224325271,3157.7404961924285,348.0754515203294,0.0,0.0,11024.245700551874
2026-01,emp-0129,Product Designer,R&D,R&D,False,Montreal,roster,1.0,4,9018.733213224505,721.4986570579604,1071.425505731071,541.1239927934703,0.0,0.0,11352.781368807005
2026-02,emp-0129,Product Designer,R&D,R&D,False,Montreal,roster,1.0,5,9018.733213224505,721.4986570579604,1071.425505731071,541.1239927934703,0.0,0.0,11352.781368807005
2026-03,emp-0129,Product Designer,R&D,R&D,False,Montreal,roster,1.0,6,9018.733213224505,721.4986570579604,1071.425505731071,541.1239927934703,0.0,0.0,11352.781368807005
2026-04,emp-0129,Product Designer,R&D,R&D,False,Montreal,roster,1.0,7,9018.733213224505,721.4986570579604,1071.425505731071,541.1239927934703,0.0,0.0,11352.781368807005
2026-05,emp-0129,Product Designer,R&D,R&D,False,Montreal,roster,1.0,8,9018.733213224505,721.4986570579604,1071.425505731071,541.1239927934703,0.0,0.0,11352.781368807005
2026-06,emp-0129,Product Designer,R&D,R&D,False,Montreal,roster,1.0,9,9018.733213224505,721.4986570579604,1071.425505731071,541.1239927934703,0.0,0.0,11352.781368807005
2026-07,emp-0129,Product Designer,R&D,R&D,False,Montreal,roster,1.0,10,9018.733213224505,721.4986570579604,1071.425505731071,541.1239927934703,0.0,0.0,11352.781368807005
2026-08,emp-0129,Product Designer,R&D,R&D,False,Montreal,roster,1.0,11,9018.733213224505,721.4986570579604,1071.425505731071,541.1239927934703,0.0,0.0,11352.781368807005
2026-09,emp-0129,Product Designer,R&D,R&D,False,Montreal,roster,1.0,12,9018.733213224505,721.4986570579604,1071.425505731071,541.1239927934703,0.0,0.0,11352.781368807005
2026-10,emp-0129,Product Designer,R&D,R&D,False,Montreal,roster,1.0,13,9018.733213224505,721.4986570579604,1071.425505731071,541.1239927934703,0.0,0.0,11352.781368807005
2026-11,emp-0129,Product Designer,R&D,R&D,False,Montreal,roster,1.0,14,9018.733213224505,721.4986570579604,1071.425505731071,541.1239927934703,0.0,0.0,11352.781368807005
2026-12,emp-0129,Product Designer,R&D,R&D,False,Montreal,roster,1.0,15,9018.733213224505,721.4986570579604,1071.425505731071,541.1239927934703,0.0,0.0,11352.781368807005
2026-01,emp-0130,Account Executive,S&M,S&M,True,Austin,roster,1.0,3,9894.285668621724,0.0,841.0142818328466,1385.1999936070415,0.0,0.0,12120.499944061612
2026-02,emp-0130,Account Executive,S&M,S&M,True,Austin,roster,1.0,4,9894.285668621724,0.0,841.0142818328466,1385.1999936070415,0.0,0.0,12120.499944061612
2026-03,emp-0130,Account Executive,S&M,S&M,True,Austin,roster,1.0,5,9894.285668621724,0.0,841.0142818328466,1385.1999936070415,0.0,0.0,12120.499944061612
2026-04,emp-0130,Account Executive,S&M,S&M,True,Austin,roster,1.0,6,9894.285668621724,0.0,841.0142818328466,1385.1999936070415,0.0,0.0,12120.499944061612
2026-05,emp-0130,Account Executive,S&M,S&M,True,Austin,roster,1.0,7,9894.285668621724,0.0,841.0142818328466,1385.1999936070415,0.0,0.0,12120.499944061612
2026-06,emp-0130,Account Executive,S&M,S&M,True,Austin,roster,1.0,8,9894.285668621724,0.0,841.0142818328466,1385.1999936070415,0.0,0.0,12120.499944061612
2026-07,emp-0130,Account Executive,S&M,S&M,True,Austin,roster,1.0,9,9894.285668621724,0.0,841.0142818328466,1385.1999936070415,0.0,0.0,12120.499944061612
2026-08,emp-0130,Account Executive,S&M,S&M,True,Austin,roster,1.0,10,9894.285668621724,0.0,841.0142818328466,1385.1999936070415,0.0,0.0,12120.499944061612
2026-09,emp-0130,Account Executive,S&M,S&M,True,Austin,roster,1.0,11,9894.285668621724,0.0,841.0142818328466,1385.1999936070415,0.0,0.0,12120.499944061612
2026-10,emp-0130,Account Executive,S&M,S&M,True,Austin,roster,1.0,12,9894.285668621724,0.0,841.0142818328466,1385.1999936070415,0.0,0.0,12120.499944061612
2026-11,emp-0130,Account Executive,S&M,S&M,True,Austin,roster,1.0,13,9894.285668621724,0.0,841.0142818328466,1385.1999936070415,0.0,0.0,12120.499944061612
2026-12,emp-0130,Account Executive,S&M,S&M,True,Austin,roster,1.0,14,9894.285668621724,0.0,841.0142818328466,1385.1999936070415,0.0,0.0,12120.499944061612
2026-01,emp-0131,Customer Success Manager,Customer Operations,COGS,False,Montreal,roster,1.0,3,6540.271852931724,523.2217482345379,776.9842961282889,392.41631117590345,0.0,0.0,8232.894208470454
2026-02,emp-0131,Customer Success Manager,Customer Operations,COGS,False,Montreal,roster,1.0,4,6540.271852931724,523.2217482345379,776.9842961282889,392.41631117590345,0.0,0.0,8232.894208470454
2026-03,emp-0131,Customer Success Manager,Customer Operations,COGS,False,Montreal,roster,1.0,5,6540.271852931724,523.2217482345379,776.9842961282889,392.41631117590345,0.0,0.0,8232.894208470454
2026-04,emp-0131,Customer Success Manager,Customer Operations,COGS,False,Montreal,roster,1.0,6,6540.271852931724,523.2217482345379,776.9842961282889,392.41631117590345,0.0,0.0,8232.894208470454
2026-05,emp-0131,Customer Success Manager,Customer Operations,COGS,False,Montreal,roster,1.0,7,6540.271852931724,523.2217482345379,776.9842961282889,392.41631117590345,0.0,0.0,8232.894208470454
2026-06,emp-0131,Customer Success Manager,Customer Operations,COGS,False,Montreal,roster,1.0,8,6540.271852931724,523.2217482345379,776.9842961282889,392.41631117590345,0.0,0.0,8232.894208470454
2026-07,emp-0131,Customer Success Manager,Customer Operations,COGS,False,Montreal,roster,1.0,9,6540.271852931724,523.2217482345379,776.9842961282889,392.41631117590345,0.0,0.0,8232.894208470454
2026-08,emp-0131,Customer Success Manager,Customer Operations,COGS,False,Montreal,roster,1.0,10,6540.271852931724,523.2217482345379,776.9842961282889,392.41631117590345,0.0,0.0,8232.894208470454
2026-09,emp-0131,Customer Success Manager,Customer Operations,COGS,False,Montreal,roster,1.0,11,6540.271852931724,523.2217482345379,776.9842961282889,392.41631117590345,0.0,0.0,8232.894208470454
2026-10,emp-0131,Customer Success Manager,Customer Operations,COGS,False,Montreal,roster,1.0,12,6540.271852931724,523.2217482345379,776.9842961282889,392.41631117590345,0.0,0.0,8232.894208470454
2026-11,emp-0131,Customer Success Manager,Customer Operations,COGS,False,Montreal,roster,1.0,13,6540.271852931724,523.2217482345379,776.9842961282889,392.41631117590345,0.0,0.0,8232.894208470454
2026-12,emp-0131,Customer Success Manager,Customer Operations,COGS,False,Montreal,roster,1.0,14,6540.271852931724,523.2217482345379,776.9842961282889,392.41631117590345,0.0,0.0,8232.894208470454
2026-01,emp-0132,Finance & Operations,G&A,G&A,False,Montreal,roster,1.0,3,7885.082025978543,630.8065620782835,936.7477446862509,473.1049215587126,0.0,0.0,9925.741254301789
2026-02,emp-0132,Finance & Operations,G&A,G&A,False,Montreal,roster,1.0,4,7885.082025978543,630.8065620782835,936.7477446862509,473.1049215587126,0.0,0.0,9925.741254301789
2026-03,emp-0132,Finance & Operations,G&A,G&A,False,Montreal,roster,1.0,5,7885.082025978543,630.8065620782835,936.7477446862509,473.1049215587126,0.0,0.0,9925.741254301789
2026-04,emp-0132,Finance & Operations,G&A,G&A,False,Montreal,roster,1.0,6,7885.082025978543,630.8065620782835,936.7477446862509,473.1049215587126,0.0,0.0,9925.741254301789
2026-05,emp-0132,Finance & Operations,G&A,G&A,False,Montreal,roster,1.0,7,7885.082025978543,630.8065620782835,936.7477446862509,473.1049215587126,0.0,0.0,9925.741254301789
2026-06,emp-0132,Finance & Operations,G&A,G&A,False,Montreal,roster,1.0,8,7885.082025978543,630.8065620782835,936.7477446862509,473.1049215587126,0.0,0.0,9925.741254301789
2026-07,emp-0132,Finance & Operations,G&A,G&A,False,Montreal,roster,1.0,9,7885.082025978543,630.8065620782835,936.7477446862509,473.1049215587126,0.0,0.0,9925.741254301789
2026-08,emp-0132,Finance & Operations,G&A,G&A,False,Montreal,roster,1.0,10,7885.082025978543,630.8065620782835,936.7477446862509,473.1049215587126,0.0,0.0,9925.741254301789
2026-09,emp-0132,Finance & Operations,G&A,G&A,False,Montreal,roster,1.0,11,7885.082025978543,630.8065620782835,936.7477446862509,473.1049215587126,0.0,0.0,9925.741254301789
2026-10,emp-0132,Finance & Operations,G&A,G&A,False,Montreal,roster,1.0,12,7885.082025978543,630.8065620782835,936.7477446862509,473.1049215587126,0.0,0.0,9925.741254301789
2026-11,emp-0132,Finance & Operations,G&A,G&A,False,Montreal,roster,1.0,13,7885.082025978543,630.8065620782835,936.7477446862509,473.1049215587126,0.0,0.0,9925.741254301789
2026-12,emp-0132,Finance & Operations,G&A,G&A,False,Montreal,roster,1.0,14,7885.082025978543,630.8065620782835,936.7477446862509,473.1049215587126,0.0,0.0,9925.741254301789
2026-01,emp-0133,Software Engineer,R&D,R&D,False,Montreal,roster,1.0,2,8008.522727256382,640.6818181805105,951.4124999980583,480.51136363538285,0.0,0.0,10081.128409070334
2026-02,emp-0133,Software Engineer,R&D,R&D,False,Montreal,roster,1.0,3,8008.522727256382,640.6818181805105,951.4124999980583,480.51136363538285,0.0,0.0,10081.128409070334
2026-03,emp-0133,Software Engineer,R&D,R&D,False,Montreal,roster,1.0,4,8008.522727256382,640.6818181805105,951.4124999980583,480.51136363538285,0.0,0.0,10081.128409070334
2026-04,emp-0133,Software Engineer,R&D,R&D,False,Montreal,roster,1.0,5,8008.522727256382,640.6818181805105,951.4124999980583,480.51136363538285,0.0,0.0,10081.128409070334
2026-05,emp-0133,Software Engineer,R&D,R&D,False,Montreal,roster,1.0,6,8008.522727256382,640.6818181805105,951.4124999980583,480.51136363538285,0.0,0.0,10081.128409070334
2026-06,emp-0133,Software Engineer,R&D,R&D,False,Montreal,roster,1.0,7,8008.522727256382,640.6818181805105,951.4124999980583,480.51136363538285,0.0,0.0,10081.128409070334
2026-07,emp-0133,Software Engineer,R&D,R&D,False,Montreal,roster,1.0,8,8008.522727256382,640.6818181805105,951.4124999980583,480.51136363538285,0.0,0.0,10081.128409070334
2026-08,emp-0133,Software Engineer,R&D,R&D,False,Montreal,roster,1.0,9,8008.522727256382,640.6818181805105,951.4124999980583,480.51136363538285,0.0,0.0,10081.128409070334
2026-09,emp-0133,Software Engineer,R&D,R&D,False,Montreal,roster,1.0,10,8008.522727256382,640.6818181805105,951.4124999980583,480.51136363538285,0.0,0.0,10081.128409070334
2026-10,emp-0133,Software Engineer,R&D,R&D,False,Montreal,roster,1.0,11,8008.522727256382,640.6818181805105,951.4124999980583,480.51136363538285,0.0,0.0,10081.128409070334
2026-11,emp-0133,Software Engineer,R&D,R&D,False,Montreal,roster,1.0,12,8008.522727256382,640.6818181805105,951.4124999980583,480.51136363538285,0.0,0.0,10081.128409070334
2026-12,emp-0133,Software Engineer,R&D,R&D,False,Montreal,roster,1.0,13,8008.522727256382,640.6818181805105,951.4124999980583,480.51136363538285,0.0,0.0,10081.128409070334
2026-01,emp-0134,Site Reliability Engineer,Customer Operations,COGS,False,Montreal,roster,1.0,2,10486.157222292497,838.8925777833998,1245.7554780083485,629.1694333375498,0.0,0.0,13199.974711421793
2026-02,emp-0134,Site Reliability Engineer,Customer Operations,COGS,False,Montreal,roster,1.0,3,10486.157222292497,838.8925777833998,1245.7554780083485,629.1694333375498,0.0,0.0,13199.974711421793
2026-03,emp-0134,Site Reliability Engineer,Customer Operations,COGS,False,Montreal,roster,1.0,4,10486.157222292497,838.8925777833998,1245.7554780083485,629.1694333375498,0.0,0.0,13199.974711421793
2026-04,emp-0134,Site Reliability Engineer,Customer Operations,COGS,False,Montreal,roster,1.0,5,10486.157222292497,838.8925777833998,1245.7554780083485,629.1694333375498,0.0,0.0,13199.974711421793
2026-05,emp-0134,Site Reliability Engineer,Customer Operations,COGS,False,Montreal,roster,1.0,6,10486.157222292497,838.8925777833998,1245.7554780083485,629.1694333375498,0.0,0.0,13199.974711421793
2026-06,emp-0134,Site Reliability Engineer,Customer Operations,COGS,False,Montreal,roster,1.0,7,10486.157222292497,838.8925777833998,1245.7554780083485,629.1694333375498,0.0,0.0,13199.974711421793
2026-07,emp-0134,Site Reliability Engineer,Customer Operations,COGS,False,Montreal,roster,1.0,8,10486.157222292497,838.8925777833998,1245.7554780083485,629.1694333375498,0.0,0.0,13199.974711421793
2026-08,emp-0134,Site Reliability Engineer,Customer Operations,COGS,False,Montreal,roster,1.0,9,10486.157222292497,838.8925777833998,1245.7554780083485,629.1694333375498,0.0,0.0,13199.974711421793
2026-09,emp-0134,Site Reliability Engineer,Customer Operations,COGS,False,Montreal,roster,1.0,10,10486.157222292497,838.8925777833998,1245.7554780083485,629.1694333375498,0.0,0.0,13199.974711421793
2026-10,emp-0134,Site Reliability Engineer,Customer Operations,COGS,False,Montreal,roster,1.0,11,10486.157222292497,838.8925777833998,1245.7554780083485,629.1694333375498,0.0,0.0,13199.974711421793
2026-11,emp-0134,Site Reliability Engineer,Customer Operations,COGS,False,Montreal,roster,1.0,12,10486.157222292497,838.8925777833998,1245.7554780083485,629.1694333375498,0.0,0.0,13199.974711421793
2026-12,emp-0134,Site Reliability Engineer,Customer Operations,COGS,False,Montreal,roster,1.0,13,10486.157222292497,838.8925777833998,1245.7554780083485,629.1694333375498,0.0,0.0,13199.974711421793
2026-01,emp-0135,People & Talent,G&A,G&A,False,Montreal,roster,1.0,1,7327.384685786717,586.1907748629374,870.493300671462,439.64308114720296,0.0,0.0,9223.71184246832
2026-02,emp-0135,People & Talent,G&A,G&A,False,Montreal,roster,1.0,2,7327.384685786717,586.1907748629374,870.493300671462,439.64308114720296,0.0,0.0,9223.71184246832
2026-03,emp-0135,People & Talent,G&A,G&A,False,Montreal,roster,1.0,3,7327.384685786717,586.1907748629374,870.493300671462,439.64308114720296,0.0,0.0,9223.71184246832
2026-04,emp-0135,People & Talent,G&A,G&A,False,Montreal,roster,1.0,4,7327.384685786717,586.1907748629374,870.493300671462,439.64308114720296,0.0,0.0,9223.71184246832
2026-05,emp-0135,People & Talent,G&A,G&A,False,Montreal,roster,1.0,5,7327.384685786717,586.1907748629374,870.493300671462,439.64308114720296,0.0,0.0,9223.71184246832
2026-06,emp-0135,People & Talent,G&A,G&A,False,Montreal,roster,1.0,6,7327.384685786717,586.1907748629374,870.493300671462,439.64308114720296,0.0,0.0,9223.71184246832
2026-07,emp-0135,People & Talent,G&A,G&A,False,Montreal,roster,1.0,7,7327.384685786717,586.1907748629374,870.493300671462,439.64308114720296,0.0,0.0,9223.71184246832
2026-08,emp-0135,People & Talent,G&A,G&A,False,Montreal,roster,1.0,8,7327.384685786717,586.1907748629374,870.493300671462,439.64308114720296,0.0,0.0,9223.71184246832
2026-09,emp-0135,People & Talent,G&A,G&A,False,Montreal,roster,1.0,9,7327.384685786717,586.1907748629374,870.493300671462,439.64308114720296,0.0,0.0,9223.71184246832
2026-10,emp-0135,People & Talent,G&A,G&A,False,Montreal,roster,1.0,10,7327.384685786717,586.1907748629374,870.493300671462,439.64308114720296,0.0,0.0,9223.71184246832
2026-11,emp-0135,People & Talent,G&A,G&A,False,Montreal,roster,1.0,11,7327.384685786717,586.1907748629374,870.493300671462,439.64308114720296,0.0,0.0,9223.71184246832
2026-12,emp-0135,People & Talent,G&A,G&A,False,Montreal,roster,1.0,12,7327.384685786717,586.1907748629374,870.493300671462,439.64308114720296,0.0,0.0,9223.71184246832
2026-01,emp-0151,Product Manager,R&D,R&D,False,Montreal,roster,1.0,9,10696.715652591458,855.7372522073166,1270.7698195278651,641.8029391554875,0.0,0.0,13465.025663482127
2026-02,emp-0151,Product Manager,R&D,R&D,False,Montreal,roster,1.0,10,10696.715652591458,855.7372522073166,1270.7698195278651,641.8029391554875,0.0,0.0,13465.025663482127
2026-03,emp-0151,Product Manager,R&D,R&D,False,Montreal,roster,1.0,11,10696.715652591458,855.7372522073166,1270.7698195278651,641.8029391554875,0.0,0.0,13465.025663482127
2026-04,emp-0151,Product Manager,R&D,R&D,False,Montreal,roster,1.0,12,10696.715652591458,855.7372522073166,1270.7698195278651,641.8029391554875,0.0,0.0,13465.025663482127
2026-05,emp-0151,Product Manager,R&D,R&D,False,Montreal,roster,1.0,13,10696.715652591458,855.7372522073166,1270.7698195278651,641.8029391554875,0.0,0.0,13465.025663482127
2026-06,emp-0151,Product Manager,R&D,R&D,False,Montreal,roster,1.0,14,10696.715652591458,855.7372522073166,1270.7698195278651,641.8029391554875,0.0,0.0,13465.025663482127
2026-07,emp-0151,Product Manager,R&D,R&D,False,Montreal,roster,1.0,15,10696.715652591458,855.7372522073166,1270.7698195278651,641.8029391554875,0.0,0.0,13465.025663482127
2026-08,emp-0151,Product Manager,R&D,R&D,False,Montreal,roster,1.0,16,10696.715652591458,855.7372522073166,1270.7698195278651,641.8029391554875,0.0,0.0,13465.025663482127
2026-09,emp-0151,Product Manager,R&D,R&D,False,Montreal,roster,1.0,17,10696.715652591458,855.7372522073166,1270.7698195278651,641.8029391554875,0.0,0.0,13465.025663482127
2026-10,emp-0151,Product Manager,R&D,R&D,False,Montreal,roster,1.0,18,10696.715652591458,855.7372522073166,1270.7698195278651,641.8029391554875,0.0,0.0,13465.025663482127
2026-11,emp-0151,Product Manager,R&D,R&D,False,Montreal,roster,1.0,19,10696.715652591458,855.7372522073166,1270.7698195278651,641.8029391554875,0.0,0.0,13465.025663482127
2026-12,emp-0151,Product Manager,R&D,R&D,False,Montreal,roster,1.0,20,10696.715652591458,855.7372522073166,1270.7698195278651,641.8029391554875,0.0,0.0,13465.025663482127
2026-01,emp-0152,Senior Software Engineer,R&D,R&D,False,Montreal,roster,1.0,6,10858.256905610075,868.660552448806,1289.9609203864768,651.4954143366044,0.0,0.0,13668.373792781962
2026-02,emp-0152,Senior Software Engineer,R&D,R&D,False,Montreal,roster,1.0,7,10858.256905610075,868.660552448806,1289.9609203864768,651.4954143366044,0.0,0.0,13668.373792781962
2026-03,emp-0152,Senior Software Engineer,R&D,R&D,False,Montreal,roster,1.0,8,10858.256905610075,868.660552448806,1289.9609203864768,651.4954143366044,0.0,0.0,13668.373792781962
2026-04,emp-0152,Senior Software Engineer,R&D,R&D,False,Montreal,roster,1.0,9,10858.256905610075,868.660552448806,1289.9609203864768,651.4954143366044,0.0,0.0,13668.373792781962
2026-05,emp-0152,Senior Software Engineer,R&D,R&D,False,Montreal,roster,1.0,10,10858.256905610075,868.660552448806,1289.9609203864768,651.4954143366044,0.0,0.0,13668.373792781962
2026-06,emp-0152,Senior Software Engineer,R&D,R&D,False,Montreal,roster,1.0,11,10858.256905610075,868.660552448806,1289.9609203864768,651.4954143366044,0.0,0.0,13668.373792781962
2026-07,emp-0152,Senior Software Engineer,R&D,R&D,False,Montreal,roster,1.0,12,10858.256905610075,868.660552448806,1289.9609203864768,651.4954143366044,0.0,0.0,13668.373792781962
2026-08,emp-0152,Senior Software Engineer,R&D,R&D,False,Montreal,roster,1.0,13,10858.256905610075,868.660552448806,1289.9609203864768,651.4954143366044,0.0,0.0,13668.373792781962
2026-09,emp-0152,Senior Software Engineer,R&D,R&D,False,Montreal,roster,1.0,14,10858.256905610075,868.660552448806,1289.9609203864768,651.4954143366044,0.0,0.0,13668.373792781962
2026-10,emp-0152,Senior Software Engineer,R&D,R&D,False,Montreal,roster,1.0,15,10858.256905610075,868.660552448806,1289.9609203864768,651.4954143366044,0.0,0.0,13668.373792781962
2026-11,emp-0152,Senior Software Engineer,R&D,R&D,False,Montreal,roster,1.0,16,10858.256905610075,868.660552448806,1289.9609203864768,651.4954143366044,0.0,0.0,13668.373792781962
2026-12,emp-0152,Senior Software Engineer,R&D,R&D,False,Montreal,roster,1.0,17,10858.256905610075,868.660552448806,1289.9609203864768,651.4954143366044,0.0,0.0,13668.373792781962
2026-01,emp-0153,Sales Development Rep,S&M,S&M,True,Austin,roster,1.0,6,5477.814661603411,0.0,465.61424623628994,766.8940526244776,0.0,0.0,6710.322960464178
2026-02,emp-0153,Sales Development Rep,S&M,S&M,True,Austin,roster,1.0,7,5477.814661603411,0.0,465.61424623628994,766.8940526244776,0.0,0.0,6710.322960464178
2026-03,emp-0153,Sales Development Rep,S&M,S&M,True,Austin,roster,1.0,8,5477.814661603411,0.0,465.61424623628994,766.8940526244776,0.0,0.0,6710.322960464178
2026-04,emp-0153,Sales Development Rep,S&M,S&M,True,Austin,roster,1.0,9,5477.814661603411,0.0,465.61424623628994,766.8940526244776,0.0,0.0,6710.322960464178
2026-05,emp-0153,Sales Development Rep,S&M,S&M,True,Austin,roster,1.0,10,5477.814661603411,0.0,465.61424623628994,766.8940526244776,0.0,0.0,6710.322960464178
2026-06,emp-0153,Sales Development Rep,S&M,S&M,True,Austin,roster,1.0,11,5477.814661603411,0.0,465.61424623628994,766.8940526244776,0.0,0.0,6710.322960464178
2026-07,emp-0153,Sales Development Rep,S&M,S&M,True,Austin,roster,1.0,12,5477.814661603411,0.0,465.61424623628994,766.8940526244776,0.0,0.0,6710.322960464178
2026-08,emp-0153,Sales Development Rep,S&M,S&M,True,Austin,roster,1.0,13,5477.814661603411,0.0,465.61424623628994,766.8940526244776,0.0,0.0,6710.322960464178
2026-09,emp-0153,Sales Development Rep,S&M,S&M,True,Austin,roster,1.0,14,5477.814661603411,0.0,465.61424623628994,766.8940526244776,0.0,0.0,6710.322960464178
2026-10,emp-0153,Sales Development Rep,S&M,S&M,True,Austin,roster,1.0,15,5477.814661603411,0.0,465.61424623628994,766.8940526244776,0.0,0.0,6710.322960464178
2026-11,emp-0153,Sales Development Rep,S&M,S&M,True,Austin,roster,1.0,16,5477.814661603411,0.0,465.61424623628994,766.8940526244776,0.0,0.0,6710.322960464178
2026-12,emp-0153,Sales Development Rep,S&M,S&M,True,Austin,roster,1.0,17,5477.814661603411,0.0,465.61424623628994,766.8940526244776,0.0,0.0,6710.322960464178
2026-01,emp-0154,Support Engineer,Customer Operations,COGS,False,Montreal,roster,1.0,5,5835.130711045735,466.8104568836588,693.2135284722333,350.1078426627441,0.0,0.0,7345.262539064371
2026-02,emp-0154,Support Engineer,Customer Operations,COGS,False,Montreal,roster,1.0,6,5835.130711045735,466.8104568836588,693.2135284722333,350.1078426627441,0.0,0.0,7345.262539064371
2026-03,emp-0154,Support Engineer,Customer Operations,COGS,False,Montreal,roster,1.0,7,5835.130711045735,466.8104568836588,693.2135284722333,350.1078426627441,0.0,0.0,7345.262539064371
2026-04,emp-0154,Support Engineer,Customer Operations,COGS,False,Montreal,roster,1.0,8,5835.130711045735,466.8104568836588,693.2135284722333,350.1078426627441,0.0,0.0,7345.262539064371
2026-05,emp-0154,Support Engineer,Customer Operations,COGS,False,Montreal,roster,1.0,9,5835.130711045735,466.8104568836588,693.2135284722333,350.1078426627441,0.0,0.0,7345.262539064371
2026-06,emp-0154,Support Engineer,Customer Operations,COGS,False,Montreal,roster,1.0,10,5835.130711045735,466.8104568836588,693.2135284722333,350.1078426627441,0.0,0.0,7345.262539064371
2026-07,emp-0154,Support Engineer,Customer Operations,COGS,False,Montreal,roster,1.0,11,5835.130711045735,466.8104568836588,693.2135284722333,350.1078426627441,0.0,0.0,7345.262539064371
2026-08,emp-0154,Support Engineer,Customer Operations,COGS,False,Montreal,roster,1.0,12,5835.130711045735,466.8104568836588,693.2135284722333,350.1078426627441,0.0,0.0,7345.262539064371
2026-09,emp-0154,Support Engineer,Customer Operations,COGS,False,Montreal,roster,1.0,13,5835.130711045735,466.8104568836588,693.2135284722333,350.1078426627441,0.0,0.0,7345.262539064371
2026-10,emp-0154,Support Engineer,Customer Operations,COGS,False,Montreal,roster,1.0,14,5835.130711045735,466.8104568836588,693.2135284722333,350.1078426627441,0.0,0.0,7345.262539064371
2026-11,emp-0154,Support Engineer,Customer Operations,COGS,False,Montreal,roster,1.0,15,5835.130711045735,466.8104568836588,693.2135284722333,350.1078426627441,0.0,0.0,7345.262539064371
2026-12,emp-0154,Support Engineer,Customer Operations,COGS,False,Montreal,roster,1.0,16,5835.130711045735,466.8104568836588,693.2135284722333,350.1078426627441,0.0,0.0,7345.262539064371
2026-01,emp-0155,Sales Development Rep,S&M,S&M,True,Austin,roster,1.0,4,5777.551063546875,0.0,491.09184040148443,808.8571488965626,0.0,0.0,7077.500052844923
2026-02,emp-0155,Sales Development Rep,S&M,S&M,True,Austin,roster,1.0,5,5777.551063546875,0.0,491.09184040148443,808.8571488965626,0.0,0.0,7077.500052844923
2026-03,emp-0155,Sales Development Rep,S&M,S&M,True,Austin,roster,1.0,6,5777.551063546875,0.0,491.09184040148443,808.8571488965626,0.0,0.0,7077.500052844923
2026-04,emp-0155,Sales Development Rep,S&M,S&M,True,Austin,roster,1.0,7,5777.551063546875,0.0,491.09184040148443,808.8571488965626,0.0,0.0,7077.500052844923
2026-05,emp-0155,Sales Development Rep,S&M,S&M,True,Austin,roster,1.0,8,5777.551063546875,0.0,491.09184040148443,808.8571488965626,0.0,0.0,7077.500052844923
2026-06,emp-0155,Sales Development Rep,S&M,S&M,True,Austin,roster,1.0,9,5777.551063546875,0.0,491.09184040148443,808.8571488965626,0.0,0.0,7077.500052844923
2026-07,emp-0155,Sales Development Rep,S&M,S&M,True,Austin,roster,1.0,10,5777.551063546875,0.0,491.09184040148443,808.8571488965626,0.0,0.0,7077.500052844923
2026-08,emp-0155,Sales Development Rep,S&M,S&M,True,Austin,roster,1.0,11,5777.551063546875,0.0,491.09184040148443,808.8571488965626,0.0,0.0,7077.500052844923
2026-09,emp-0155,Sales Development Rep,S&M,S&M,True,Austin,roster,1.0,12,5777.551063546875,0.0,491.09184040148443,808.8571488965626,0.0,0.0,7077.500052844923
2026-10,emp-0155,Sales Development Rep,S&M,S&M,True,Austin,roster,1.0,13,5777.551063546875,0.0,491.09184040148443,808.8571488965626,0.0,0.0,7077.500052844923
2026-11,emp-0155,Sales Development Rep,S&M,S&M,True,Austin,roster,1.0,14,5777.551063546875,0.0,491.09184040148443,808.8571488965626,0.0,0.0,7077.500052844923
2026-12,emp-0155,Sales Development Rep,S&M,S&M,True,Austin,roster,1.0,15,5777.551063546875,0.0,491.09184040148443,808.8571488965626,0.0,0.0,7077.500052844923
2026-01,emp-0156,Sales Development Rep,S&M,S&M,True,Austin,roster,1.0,3,5688.124093243783,0.0,483.4905479257216,796.3373730541297,0.0,0.0,6967.952014223634
2026-02,emp-0156,Sales Development Rep,S&M,S&M,True,Austin,roster,1.0,4,5688.124093243783,0.0,483.4905479257216,796.3373730541297,0.0,0.0,6967.952014223634
2026-03,emp-0156,Sales Development Rep,S&M,S&M,True,Austin,roster,1.0,5,5688.124093243783,0.0,483.4905479257216,796.3373730541297,0.0,0.0,6967.952014223634
2026-04,emp-0156,Sales Development Rep,S&M,S&M,True,Austin,roster,1.0,6,5688.124093243783,0.0,483.4905479257216,796.3373730541297,0.0,0.0,6967.952014223634
2026-05,emp-0156,Sales Development Rep,S&M,S&M,True,Austin,roster,1.0,7,5688.124093243783,0.0,483.4905479257216,796.3373730541297,0.0,0.0,6967.952014223634
2026-06,emp-0156,Sales Development Rep,S&M,S&M,True,Austin,roster,1.0,8,5688.124093243783,0.0,483.4905479257216,796.3373730541297,0.0,0.0,6967.952014223634
2026-07,emp-0156,Sales Development Rep,S&M,S&M,True,Austin,roster,1.0,9,5688.124093243783,0.0,483.4905479257216,796.3373730541297,0.0,0.0,6967.952014223634
2026-08,emp-0156,Sales Development Rep,S&M,S&M,True,Austin,roster,1.0,10,5688.124093243783,0.0,483.4905479257216,796.3373730541297,0.0,0.0,6967.952014223634
2026-09,emp-0156,Sales Development Rep,S&M,S&M,True,Austin,roster,1.0,11,5688.124093243783,0.0,483.4905479257216,796.3373730541297,0.0,0.0,6967.952014223634
2026-10,emp-0156,Sales Development Rep,S&M,S&M,True,Austin,roster,1.0,12,5688.124093243783,0.0,483.4905479257216,796.3373730541297,0.0,0.0,6967.952014223634
2026-11,emp-0156,Sales Development Rep,S&M,S&M,True,Austin,roster,1.0,13,5688.124093243783,0.0,483.4905479257216,796.3373730541297,0.0,0.0,6967.952014223634
2026-12,emp-0156,Sales Development Rep,S&M,S&M,True,Austin,roster,1.0,14,5688.124093243783,0.0,483.4905479257216,796.3373730541297,0.0,0.0,6967.952014223634
2026-01,plan:fy2026_budget-0000-0,Software Engineer,R&D,R&D,False,Montreal,plan:fy2026_budget,1.0,0,7916.666666666667,633.3333333333334,940.5,475.0,14250.0,3500.0,9965.5
2026-02,plan:fy2026_budget-0000-0,Software Engineer,R&D,R&D,False,Montreal,plan:fy2026_budget,1.0,1,7916.666666666667,633.3333333333334,940.5,475.0,0.0,0.0,9965.5
2026-03,plan:fy2026_budget-0000-0,Software Engineer,R&D,R&D,False,Montreal,plan:fy2026_budget,1.0,2,7916.666666666667,633.3333333333334,940.5,475.0,0.0,0.0,9965.5
2026-04,plan:fy2026_budget-0000-0,Software Engineer,R&D,R&D,False,Montreal,plan:fy2026_budget,1.0,3,7916.666666666667,633.3333333333334,940.5,475.0,0.0,0.0,9965.5
2026-05,plan:fy2026_budget-0000-0,Software Engineer,R&D,R&D,False,Montreal,plan:fy2026_budget,1.0,4,7916.666666666667,633.3333333333334,940.5,475.0,0.0,0.0,9965.5
2026-06,plan:fy2026_budget-0000-0,Software Engineer,R&D,R&D,False,Montreal,plan:fy2026_budget,1.0,5,7916.666666666667,633.3333333333334,940.5,475.0,0.0,0.0,9965.5
2026-07,plan:fy2026_budget-0000-0,Software Engineer,R&D,R&D,False,Montreal,plan:fy2026_budget,1.0,6,7916.666666666667,633.3333333333334,940.5,475.0,0.0,0.0,9965.5
2026-08,plan:fy2026_budget-0000-0,Software Engineer,R&D,R&D,False,Montreal,plan:fy2026_budget,1.0,7,7916.666666666667,633.3333333333334,940.5,475.0,0.0,0.0,9965.5
2026-09,plan:fy2026_budget-0000-0,Software Engineer,R&D,R&D,False,Montreal,plan:fy2026_budget,1.0,8,7916.666666666667,633.3333333333334,940.5,475.0,0.0,0.0,9965.5
2026-10,plan:fy2026_budget-0000-0,Software Engineer,R&D,R&D,False,Montreal,plan:fy2026_budget,1.0,9,7916.666666666667,633.3333333333334,940.5,475.0,0.0,0.0,9965.5
2026-11,plan:fy2026_budget-0000-0,Software Engineer,R&D,R&D,False,Montreal,plan:fy2026_budget,1.0,10,7916.666666666667,633.3333333333334,940.5,475.0,0.0,0.0,9965.5
2026-12,plan:fy2026_budget-0000-0,Software Engineer,R&D,R&D,False,Montreal,plan:fy2026_budget,1.0,11,7916.666666666667,633.3333333333334,940.5,475.0,0.0,0.0,9965.5
2026-01,plan:fy2026_budget-0000-1,Software Engineer,R&D,R&D,False,Montreal,plan:fy2026_budget,1.0,0,7916.666666666667,633.3333333333334,940.5,475.0,14250.0,3500.0,9965.5
2026-02,plan:fy2026_budget-0000-1,Software Engineer,R&D,R&D,False,Montreal,plan:fy2026_budget,1.0,1,7916.666666666667,633.3333333333334,940.5,475.0,0.0,0.0,9965.5
2026-03,plan:fy2026_budget-0000-1,Software Engineer,R&D,R&D,False,Montreal,plan:fy2026_budget,1.0,2,7916.666666666667,633.3333333333334,940.5,475.0,0.0,0.0,9965.5
2026-04,plan:fy2026_budget-0000-1,Software Engineer,R&D,R&D,False,Montreal,plan:fy2026_budget,1.0,3,7916.666666666667,633.3333333333334,940.5,475.0,0.0,0.0,9965.5
2026-05,plan:fy2026_budget-0000-1,Software Engineer,R&D,R&D,False,Montreal,plan:fy2026_budget,1.0,4,7916.666666666667,633.3333333333334,940.5,475.0,0.0,0.0,9965.5
2026-06,plan:fy2026_budget-0000-1,Software Engineer,R&D,R&D,False,Montreal,plan:fy2026_budget,1.0,5,7916.666666666667,633.3333333333334,940.5,475.0,0.0,0.0,9965.5
2026-07,plan:fy2026_budget-0000-1,Software Engineer,R&D,R&D,False,Montreal,plan:fy2026_budget,1.0,6,7916.666666666667,633.3333333333334,940.5,475.0,0.0,0.0,9965.5
2026-08,plan:fy2026_budget-0000-1,Software Engineer,R&D,R&D,False,Montreal,plan:fy2026_budget,1.0,7,7916.666666666667,633.3333333333334,940.5,475.0,0.0,0.0,9965.5
2026-09,plan:fy2026_budget-0000-1,Software Engineer,R&D,R&D,False,Montreal,plan:fy2026_budget,1.0,8,7916.666666666667,633.3333333333334,940.5,475.0,0.0,0.0,9965.5
2026-10,plan:fy2026_budget-0000-1,Software Engineer,R&D,R&D,False,Montreal,plan:fy2026_budget,1.0,9,7916.666666666667,633.3333333333334,940.5,475.0,0.0,0.0,9965.5
2026-11,plan:fy2026_budget-0000-1,Software Engineer,R&D,R&D,False,Montreal,plan:fy2026_budget,1.0,10,7916.666666666667,633.3333333333334,940.5,475.0,0.0,0.0,9965.5
2026-12,plan:fy2026_budget-0000-1,Software Engineer,R&D,R&D,False,Montreal,plan:fy2026_budget,1.0,11,7916.666666666667,633.3333333333334,940.5,475.0,0.0,0.0,9965.5
2026-01,plan:fy2026_budget-0000-2,Software Engineer,R&D,R&D,False,Montreal,plan:fy2026_budget,1.0,0,7916.666666666667,633.3333333333334,940.5,475.0,14250.0,3500.0,9965.5
2026-02,plan:fy2026_budget-0000-2,Software Engineer,R&D,R&D,False,Montreal,plan:fy2026_budget,1.0,1,7916.666666666667,633.3333333333334,940.5,475.0,0.0,0.0,9965.5
2026-03,plan:fy2026_budget-0000-2,Software Engineer,R&D,R&D,False,Montreal,plan:fy2026_budget,1.0,2,7916.666666666667,633.3333333333334,940.5,475.0,0.0,0.0,9965.5
2026-04,plan:fy2026_budget-0000-2,Software Engineer,R&D,R&D,False,Montreal,plan:fy2026_budget,1.0,3,7916.666666666667,633.3333333333334,940.5,475.0,0.0,0.0,9965.5
2026-05,plan:fy2026_budget-0000-2,Software Engineer,R&D,R&D,False,Montreal,plan:fy2026_budget,1.0,4,7916.666666666667,633.3333333333334,940.5,475.0,0.0,0.0,9965.5
2026-06,plan:fy2026_budget-0000-2,Software Engineer,R&D,R&D,False,Montreal,plan:fy2026_budget,1.0,5,7916.666666666667,633.3333333333334,940.5,475.0,0.0,0.0,9965.5
2026-07,plan:fy2026_budget-0000-2,Software Engineer,R&D,R&D,False,Montreal,plan:fy2026_budget,1.0,6,7916.666666666667,633.3333333333334,940.5,475.0,0.0,0.0,9965.5
2026-08,plan:fy2026_budget-0000-2,Software Engineer,R&D,R&D,False,Montreal,plan:fy2026_budget,1.0,7,7916.666666666667,633.3333333333334,940.5,475.0,0.0,0.0,9965.5
2026-09,plan:fy2026_budget-0000-2,Software Engineer,R&D,R&D,False,Montreal,plan:fy2026_budget,1.0,8,7916.666666666667,633.3333333333334,940.5,475.0,0.0,0.0,9965.5
2026-10,plan:fy2026_budget-0000-2,Software Engineer,R&D,R&D,False,Montreal,plan:fy2026_budget,1.0,9,7916.666666666667,633.3333333333334,940.5,475.0,0.0,0.0,9965.5
2026-11,plan:fy2026_budget-0000-2,Software Engineer,R&D,R&D,False,Montreal,plan:fy2026_budget,1.0,10,7916.666666666667,633.3333333333334,940.5,475.0,0.0,0.0,9965.5
2026-12,plan:fy2026_budget-0000-2,Software Engineer,R&D,R&D,False,Montreal,plan:fy2026_budget,1.0,11,7916.666666666667,633.3333333333334,940.5,475.0,0.0,0.0,9965.5
2026-02,plan:fy2026_budget-0001-0,Senior Software Engineer,R&D,R&D,False,Montreal,plan:fy2026_budget,1.0,0,10416.666666666666,833.3333333333333,1237.5,624.9999999999999,18750.0,3500.0,13112.5
2026-03,plan:fy2026_budget-0001-0,Senior Software Engineer,R&D,R&D,False,Montreal,plan:fy2026_budget,1.0,1,10416.666666666666,833.3333333333333,1237.5,624.9999999999999,0.0,0.0,13112.5
2026-04,plan:fy2026_budget-0001-0,Senior Software Engineer,R&D,R&D,False,Montreal,plan:fy2026_budget,1.0,2,10416.666666666666,833.3333333333333,1237.5,624.9999999999999,0.0,0.0,13112.5
2026-05,plan:fy2026_budget-0001-0,Senior Software Engineer,R&D,R&D,False,Montreal,plan:fy2026_budget,1.0,3,10416.666666666666,833.3333333333333,1237.5,624.9999999999999,0.0,0.0,13112.5
2026-06,plan:fy2026_budget-0001-0,Senior Software Engineer,R&D,R&D,False,Montreal,plan:fy2026_budget,1.0,4,10416.666666666666,833.3333333333333,1237.5,624.9999999999999,0.0,0.0,13112.5
2026-07,plan:fy2026_budget-0001-0,Senior Software Engineer,R&D,R&D,False,Montreal,plan:fy2026_budget,1.0,5,10416.666666666666,833.3333333333333,1237.5,624.9999999999999,0.0,0.0,13112.5
2026-08,plan:fy2026_budget-0001-0,Senior Software Engineer,R&D,R&D,False,Montreal,plan:fy2026_budget,1.0,6,10416.666666666666,833.3333333333333,1237.5,624.9999999999999,0.0,0.0,13112.5
2026-09,plan:fy2026_budget-0001-0,Senior Software Engineer,R&D,R&D,False,Montreal,plan:fy2026_budget,1.0,7,10416.666666666666,833.3333333333333,1237.5,624.9999999999999,0.0,0.0,13112.5
2026-10,plan:fy2026_budget-0001-0,Senior Software Engineer,R&D,R&D,False,Montreal,plan:fy2026_budget,1.0,8,10416.666666666666,833.3333333333333,1237.5,624.9999999999999,0.0,0.0,13112.5
2026-11,plan:fy2026_budget-0001-0,Senior Software Engineer,R&D,R&D,False,Montreal,plan:fy2026_budget,1.0,9,10416.666666666666,833.3333333333333,1237.5,624.9999999999999,0.0,0.0,13112.5
2026-12,plan:fy2026_budget-0001-0,Senior Software Engineer,R&D,R&D,False,Montreal,plan:fy2026_budget,1.0,10,10416.666666666666,833.3333333333333,1237.5,624.9999999999999,0.0,0.0,13112.5
2026-02,plan:fy2026_budget-0001-1,Senior Software Engineer,R&D,R&D,False,Montreal,plan:fy2026_budget,1.0,0,10416.666666666666,833.3333333333333,1237.5,624.9999999999999,18750.0,3500.0,13112.5
2026-03,plan:fy2026_budget-0001-1,Senior Software Engineer,R&D,R&D,False,Montreal,plan:fy2026_budget,1.0,1,10416.666666666666,833.3333333333333,1237.5,624.9999999999999,0.0,0.0,13112.5
2026-04,plan:fy2026_budget-0001-1,Senior Software Engineer,R&D,R&D,False,Montreal,plan:fy2026_budget,1.0,2,10416.666666666666,833.3333333333333,1237.5,624.9999999999999,0.0,0.0,13112.5
2026-05,plan:fy2026_budget-0001-1,Senior Software Engineer,R&D,R&D,False,Montreal,plan:fy2026_budget,1.0,3,10416.666666666666,833.3333333333333,1237.5,624.9999999999999,0.0,0.0,13112.5
2026-06,plan:fy2026_budget-0001-1,Senior Software Engineer,R&D,R&D,False,Montreal,plan:fy2026_budget,1.0,4,10416.666666666666,833.3333333333333,1237.5,624.9999999999999,0.0,0.0,13112.5
2026-07,plan:fy2026_budget-0001-1,Senior Software Engineer,R&D,R&D,False,Montreal,plan:fy2026_budget,1.0,5,10416.666666666666,833.3333333333333,1237.5,624.9999999999999,0.0,0.0,13112.5
2026-08,plan:fy2026_budget-0001-1,Senior Software Engineer,R&D,R&D,False,Montreal,plan:fy2026_budget,1.0,6,10416.666666666666,833.3333333333333,1237.5,624.9999999999999,0.0,0.0,13112.5
2026-09,plan:fy2026_budget-0001-1,Senior Software Engineer,R&D,R&D,False,Montreal,plan:fy2026_budget,1.0,7,10416.666666666666,833.3333333333333,1237.5,624.9999999999999,0.0,0.0,13112.5
2026-10,plan:fy2026_budget-0001-1,Senior Software Engineer,R&D,R&D,False,Montreal,plan:fy2026_budget,1.0,8,10416.666666666666,833.3333333333333,1237.5,624.9999999999999,0.0,0.0,13112.5
2026-11,plan:fy2026_budget-0001-1,Senior Software Engineer,R&D,R&D,False,Montreal,plan:fy2026_budget,1.0,9,10416.666666666666,833.3333333333333,1237.5,624.9999999999999,0.0,0.0,13112.5
2026-12,plan:fy2026_budget-0001-1,Senior Software Engineer,R&D,R&D,False,Montreal,plan:fy2026_budget,1.0,10,10416.666666666666,833.3333333333333,1237.5,624.9999999999999,0.0,0.0,13112.5
2026-02,plan:fy2026_budget-0002-0,Software Engineer,R&D,R&D,False,Paris,plan:fy2026_budget,1.0,0,6666.666666666667,533.3333333333334,3024.0,333.33333333333337,12000.0,3500.0,10557.333333333334
2026-03,plan:fy2026_budget-0002-0,Software Engineer,R&D,R&D,False,Paris,plan:fy2026_budget,1.0,1,6666.666666666667,533.3333333333334,3024.0,333.33333333333337,0.0,0.0,10557.333333333334
2026-04,plan:fy2026_budget-0002-0,Software Engineer,R&D,R&D,False,Paris,plan:fy2026_budget,1.0,2,6666.666666666667,533.3333333333334,3024.0,333.33333333333337,0.0,0.0,10557.333333333334
2026-05,plan:fy2026_budget-0002-0,Software Engineer,R&D,R&D,False,Paris,plan:fy2026_budget,1.0,3,6666.666666666667,533.3333333333334,3024.0,333.33333333333337,0.0,0.0,10557.333333333334
2026-06,plan:fy2026_budget-0002-0,Software Engineer,R&D,R&D,False,Paris,plan:fy2026_budget,1.0,4,6666.666666666667,533.3333333333334,3024.0,333.33333333333337,0.0,0.0,10557.333333333334
2026-07,plan:fy2026_budget-0002-0,Software Engineer,R&D,R&D,False,Paris,plan:fy2026_budget,1.0,5,6666.666666666667,533.3333333333334,3024.0,333.33333333333337,0.0,0.0,10557.333333333334
2026-08,plan:fy2026_budget-0002-0,Software Engineer,R&D,R&D,False,Paris,plan:fy2026_budget,1.0,6,6666.666666666667,533.3333333333334,3024.0,333.33333333333337,0.0,0.0,10557.333333333334
2026-09,plan:fy2026_budget-0002-0,Software Engineer,R&D,R&D,False,Paris,plan:fy2026_budget,1.0,7,6666.666666666667,533.3333333333334,3024.0,333.33333333333337,0.0,0.0,10557.333333333334
2026-10,plan:fy2026_budget-0002-0,Software Engineer,R&D,R&D,False,Paris,plan:fy2026_budget,1.0,8,6666.666666666667,533.3333333333334,3024.0,333.33333333333337,0.0,0.0,10557.333333333334
2026-11,plan:fy2026_budget-0002-0,Software Engineer,R&D,R&D,False,Paris,plan:fy2026_budget,1.0,9,6666.666666666667,533.3333333333334,3024.0,333.33333333333337,0.0,0.0,10557.333333333334
2026-12,plan:fy2026_budget-0002-0,Software Engineer,R&D,R&D,False,Paris,plan:fy2026_budget,1.0,10,6666.666666666667,533.3333333333334,3024.0,333.33333333333337,0.0,0.0,10557.333333333334
2026-02,plan:fy2026_budget-0002-1,Software Engineer,R&D,R&D,False,Paris,plan:fy2026_budget,1.0,0,6666.666666666667,533.3333333333334,3024.0,333.33333333333337,12000.0,3500.0,10557.333333333334
2026-03,plan:fy2026_budget-0002-1,Software Engineer,R&D,R&D,False,Paris,plan:fy2026_budget,1.0,1,6666.666666666667,533.3333333333334,3024.0,333.33333333333337,0.0,0.0,10557.333333333334
2026-04,plan:fy2026_budget-0002-1,Software Engineer,R&D,R&D,False,Paris,plan:fy2026_budget,1.0,2,6666.666666666667,533.3333333333334,3024.0,333.33333333333337,0.0,0.0,10557.333333333334
2026-05,plan:fy2026_budget-0002-1,Software Engineer,R&D,R&D,False,Paris,plan:fy2026_budget,1.0,3,6666.666666666667,533.3333333333334,3024.0,333.33333333333337,0.0,0.0,10557.333333333334
2026-06,plan:fy2026_budget-0002-1,Software Engineer,R&D,R&D,False,Paris,plan:fy2026_budget,1.0,4,6666.666666666667,533.3333333333334,3024.0,333.33333333333337,0.0,0.0,10557.333333333334
2026-07,plan:fy2026_budget-0002-1,Software Engineer,R&D,R&D,False,Paris,plan:fy2026_budget,1.0,5,6666.666666666667,533.3333333333334,3024.0,333.33333333333337,0.0,0.0,10557.333333333334
2026-08,plan:fy2026_budget-0002-1,Software Engineer,R&D,R&D,False,Paris,plan:fy2026_budget,1.0,6,6666.666666666667,533.3333333333334,3024.0,333.33333333333337,0.0,0.0,10557.333333333334
2026-09,plan:fy2026_budget-0002-1,Software Engineer,R&D,R&D,False,Paris,plan:fy2026_budget,1.0,7,6666.666666666667,533.3333333333334,3024.0,333.33333333333337,0.0,0.0,10557.333333333334
2026-10,plan:fy2026_budget-0002-1,Software Engineer,R&D,R&D,False,Paris,plan:fy2026_budget,1.0,8,6666.666666666667,533.3333333333334,3024.0,333.33333333333337,0.0,0.0,10557.333333333334
2026-11,plan:fy2026_budget-0002-1,Software Engineer,R&D,R&D,False,Paris,plan:fy2026_budget,1.0,9,6666.666666666667,533.3333333333334,3024.0,333.33333333333337,0.0,0.0,10557.333333333334
2026-12,plan:fy2026_budget-0002-1,Software Engineer,R&D,R&D,False,Paris,plan:fy2026_budget,1.0,10,6666.666666666667,533.3333333333334,3024.0,333.33333333333337,0.0,0.0,10557.333333333334
2026-02,plan:fy2026_budget-0002-2,Software Engineer,R&D,R&D,False,Paris,plan:fy2026_budget,1.0,0,6666.666666666667,533.3333333333334,3024.0,333.33333333333337,12000.0,3500.0,10557.333333333334
2026-03,plan:fy2026_budget-0002-2,Software Engineer,R&D,R&D,False,Paris,plan:fy2026_budget,1.0,1,6666.666666666667,533.3333333333334,3024.0,333.33333333333337,0.0,0.0,10557.333333333334
2026-04,plan:fy2026_budget-0002-2,Software Engineer,R&D,R&D,False,Paris,plan:fy2026_budget,1.0,2,6666.666666666667,533.3333333333334,3024.0,333.33333333333337,0.0,0.0,10557.333333333334
2026-05,plan:fy2026_budget-0002-2,Software Engineer,R&D,R&D,False,Paris,plan:fy2026_budget,1.0,3,6666.666666666667,533.3333333333334,3024.0,333.33333333333337,0.0,0.0,10557.333333333334
2026-06,plan:fy2026_budget-0002-2,Software Engineer,R&D,R&D,False,Paris,plan:fy2026_budget,1.0,4,6666.666666666667,533.3333333333334,3024.0,333.33333333333337,0.0,0.0,10557.333333333334
2026-07,plan:fy2026_budget-0002-2,Software Engineer,R&D,R&D,False,Paris,plan:fy2026_budget,1.0,5,6666.666666666667,533.3333333333334,3024.0,333.33333333333337,0.0,0.0,10557.333333333334
2026-08,plan:fy2026_budget-0002-2,Software Engineer,R&D,R&D,False,Paris,plan:fy2026_budget,1.0,6,6666.666666666667,533.3333333333334,3024.0,333.33333333333337,0.0,0.0,10557.333333333334
2026-09,plan:fy2026_budget-0002-2,Software Engineer,R&D,R&D,False,Paris,plan:fy2026_budget,1.0,7,6666.666666666667,533.3333333333334,3024.0,333.33333333333337,0.0,0.0,10557.333333333334
2026-10,plan:fy2026_budget-0002-2,Software Engineer,R&D,R&D,False,Paris,plan:fy2026_budget,1.0,8,6666.666666666667,533.3333333333334,3024.0,333.33333333333337,0.0,0.0,10557.333333333334
2026-11,plan:fy2026_budget-0002-2,Software Engineer,R&D,R&D,False,Paris,plan:fy2026_budget,1.0,9,6666.666666666667,533.3333333333334,3024.0,333.33333333333337,0.0,0.0,10557.333333333334
2026-12,plan:fy2026_budget-0002-2,Software Engineer,R&D,R&D,False,Paris,plan:fy2026_budget,1.0,10,6666.666666666667,533.3333333333334,3024.0,333.33333333333337,0.0,0.0,10557.333333333334
2026-03,plan:fy2026_budget-0003-0,Data Engineer,R&D,R&D,False,Paris,plan:fy2026_budget,1.0,0,7916.666666666667,633.3333333333334,3591.0,395.83333333333337,14250.0,3500.0,12536.833333333334
2026-04,plan:fy2026_budget-0003-0,Data Engineer,R&D,R&D,False,Paris,plan:fy2026_budget,1.0,1,7916.666666666667,633.3333333333334,3591.0,395.83333333333337,0.0,0.0,12536.833333333334
2026-05,plan:fy2026_budget-0003-0,Data Engineer,R&D,R&D,False,Paris,plan:fy2026_budget,1.0,2,7916.666666666667,633.3333333333334,3591.0,395.83333333333337,0.0,0.0,12536.833333333334
2026-06,plan:fy2026_budget-0003-0,Data Engineer,R&D,R&D,False,Paris,plan:fy2026_budget,1.0,3,7916.666666666667,633.3333333333334,3591.0,395.83333333333337,0.0,0.0,12536.833333333334
2026-07,plan:fy2026_budget-0003-0,Data Engineer,R&D,R&D,False,Paris,plan:fy2026_budget,1.0,4,7916.666666666667,633.3333333333334,3591.0,395.83333333333337,0.0,0.0,12536.833333333334
2026-08,plan:fy2026_budget-0003-0,Data Engineer,R&D,R&D,False,Paris,plan:fy2026_budget,1.0,5,7916.666666666667,633.3333333333334,3591.0,395.83333333333337,0.0,0.0,12536.833333333334
2026-09,plan:fy2026_budget-0003-0,Data Engineer,R&D,R&D,False,Paris,plan:fy2026_budget,1.0,6,7916.666666666667,633.3333333333334,3591.0,395.83333333333337,0.0,0.0,12536.833333333334
2026-10,plan:fy2026_budget-0003-0,Data Engineer,R&D,R&D,False,Paris,plan:fy2026_budget,1.0,7,7916.666666666667,633.3333333333334,3591.0,395.83333333333337,0.0,0.0,12536.833333333334
2026-11,plan:fy2026_budget-0003-0,Data Engineer,R&D,R&D,False,Paris,plan:fy2026_budget,1.0,8,7916.666666666667,633.3333333333334,3591.0,395.83333333333337,0.0,0.0,12536.833333333334
2026-12,plan:fy2026_budget-0003-0,Data Engineer,R&D,R&D,False,Paris,plan:fy2026_budget,1.0,9,7916.666666666667,633.3333333333334,3591.0,395.83333333333337,0.0,0.0,12536.833333333334
2026-03,plan:fy2026_budget-0003-1,Data Engineer,R&D,R&D,False,Paris,plan:fy2026_budget,1.0,0,7916.666666666667,633.3333333333334,3591.0,395.83333333333337,14250.0,3500.0,12536.833333333334
2026-04,plan:fy2026_budget-0003-1,Data Engineer,R&D,R&D,False,Paris,plan:fy2026_budget,1.0,1,7916.666666666667,633.3333333333334,3591.0,395.83333333333337,0.0,0.0,12536.833333333334
2026-05,plan:fy2026_budget-0003-1,Data Engineer,R&D,R&D,False,Paris,plan:fy2026_budget,1.0,2,7916.666666666667,633.3333333333334,3591.0,395.83333333333337,0.0,0.0,12536.833333333334
2026-06,plan:fy2026_budget-0003-1,Data Engineer,R&D,R&D,False,Paris,plan:fy2026_budget,1.0,3,7916.666666666667,633.3333333333334,3591.0,395.83333333333337,0.0,0.0,12536.833333333334
2026-07,plan:fy2026_budget-0003-1,Data Engineer,R&D,R&D,False,Paris,plan:fy2026_budget,1.0,4,7916.666666666667,633.3333333333334,3591.0,395.83333333333337,0.0,0.0,12536.833333333334
2026-08,plan:fy2026_budget-0003-1,Data Engineer,R&D,R&D,False,Paris,plan:fy2026_budget,1.0,5,7916.666666666667,633.3333333333334,3591.0,395.83333333333337,0.0,0.0,12536.833333333334
2026-09,plan:fy2026_budget-0003-1,Data Engineer,R&D,R&D,False,Paris,plan:fy2026_budget,1.0,6,7916.666666666667,633.3333333333334,3591.0,395.83333333333337,0.0,0.0,12536.833333333334
2026-10,plan:fy2026_budget-0003-1,Data Engineer,R&D,R&D,False,Paris,plan:fy2026_budget,1.0,7,7916.666666666667,633.3333333333334,3591.0,395.83333333333337,0.0,0.0,12536.833333333334
2026-11,plan:fy2026_budget-0003-1,Data Engineer,R&D,R&D,False,Paris,plan:fy2026_budget,1.0,8,7916.666666666667,633.3333333333334,3591.0,395.83333333333337,0.0,0.0,12536.833333333334
2026-12,plan:fy2026_budget-0003-1,Data Engineer,R&D,R&D,False,Paris,plan:fy2026_budget,1.0,9,7916.666666666667,633.3333333333334,3591.0,395.83333333333337,0.0,0.0,12536.833333333334
2026-01,plan:fy2026_budget-0004-0,Account Executive,S&M,S&M,True,Austin,plan:fy2026_budget,1.0,0,9166.666666666666,0.0,779.1666666666666,1283.3333333333333,16500.0,3500.0,11229.166666666666
2026-02,plan:fy2026_budget-0004-0,Account Executive,S&M,S&M,True,Austin,plan:fy2026_budget,1.0,1,9166.666666666666,0.0,779.1666666666666,1283.3333333333333,0.0,0.0,11229.166666666666
2026-03,plan:fy2026_budget-0004-0,Account Executive,S&M,S&M,True,Austin,plan:fy2026_budget,1.0,2,9166.666666666666,0.0,779.1666666666666,1283.3333333333333,0.0,0.0,11229.166666666666
2026-04,plan:fy2026_budget-0004-0,Account Executive,S&M,S&M,True,Austin,plan:fy2026_budget,1.0,3,9166.666666666666,0.0,779.1666666666666,1283.3333333333333,0.0,0.0,11229.166666666666
2026-05,plan:fy2026_budget-0004-0,Account Executive,S&M,S&M,True,Austin,plan:fy2026_budget,1.0,4,9166.666666666666,0.0,779.1666666666666,1283.3333333333333,0.0,0.0,11229.166666666666
2026-06,plan:fy2026_budget-0004-0,Account Executive,S&M,S&M,True,Austin,plan:fy2026_budget,1.0,5,9166.666666666666,0.0,779.1666666666666,1283.3333333333333,0.0,0.0,11229.166666666666
2026-07,plan:fy2026_budget-0004-0,Account Executive,S&M,S&M,True,Austin,plan:fy2026_budget,1.0,6,9166.666666666666,0.0,779.1666666666666,1283.3333333333333,0.0,0.0,11229.166666666666
2026-08,plan:fy2026_budget-0004-0,Account Executive,S&M,S&M,True,Austin,plan:fy2026_budget,1.0,7,9166.666666666666,0.0,779.1666666666666,1283.3333333333333,0.0,0.0,11229.166666666666
2026-09,plan:fy2026_budget-0004-0,Account Executive,S&M,S&M,True,Austin,plan:fy2026_budget,1.0,8,9166.666666666666,0.0,779.1666666666666,1283.3333333333333,0.0,0.0,11229.166666666666
2026-10,plan:fy2026_budget-0004-0,Account Executive,S&M,S&M,True,Austin,plan:fy2026_budget,1.0,9,9166.666666666666,0.0,779.1666666666666,1283.3333333333333,0.0,0.0,11229.166666666666
2026-11,plan:fy2026_budget-0004-0,Account Executive,S&M,S&M,True,Austin,plan:fy2026_budget,1.0,10,9166.666666666666,0.0,779.1666666666666,1283.3333333333333,0.0,0.0,11229.166666666666
2026-12,plan:fy2026_budget-0004-0,Account Executive,S&M,S&M,True,Austin,plan:fy2026_budget,1.0,11,9166.666666666666,0.0,779.1666666666666,1283.3333333333333,0.0,0.0,11229.166666666666
2026-01,plan:fy2026_budget-0004-1,Account Executive,S&M,S&M,True,Austin,plan:fy2026_budget,1.0,0,9166.666666666666,0.0,779.1666666666666,1283.3333333333333,16500.0,3500.0,11229.166666666666
2026-02,plan:fy2026_budget-0004-1,Account Executive,S&M,S&M,True,Austin,plan:fy2026_budget,1.0,1,9166.666666666666,0.0,779.1666666666666,1283.3333333333333,0.0,0.0,11229.166666666666
2026-03,plan:fy2026_budget-0004-1,Account Executive,S&M,S&M,True,Austin,plan:fy2026_budget,1.0,2,9166.666666666666,0.0,779.1666666666666,1283.3333333333333,0.0,0.0,11229.166666666666
2026-04,plan:fy2026_budget-0004-1,Account Executive,S&M,S&M,True,Austin,plan:fy2026_budget,1.0,3,9166.666666666666,0.0,779.1666666666666,1283.3333333333333,0.0,0.0,11229.166666666666
2026-05,plan:fy2026_budget-0004-1,Account Executive,S&M,S&M,True,Austin,plan:fy2026_budget,1.0,4,9166.666666666666,0.0,779.1666666666666,1283.3333333333333,0.0,0.0,11229.166666666666
2026-06,plan:fy2026_budget-0004-1,Account Executive,S&M,S&M,True,Austin,plan:fy2026_budget,1.0,5,9166.666666666666,0.0,779.1666666666666,1283.3333333333333,0.0,0.0,11229.166666666666
2026-07,plan:fy2026_budget-0004-1,Account Executive,S&M,S&M,True,Austin,plan:fy2026_budget,1.0,6,9166.666666666666,0.0,779.1666666666666,1283.3333333333333,0.0,0.0,11229.166666666666
2026-08,plan:fy2026_budget-0004-1,Account Executive,S&M,S&M,True,Austin,plan:fy2026_budget,1.0,7,9166.666666666666,0.0,779.1666666666666,1283.3333333333333,0.0,0.0,11229.166666666666
2026-09,plan:fy2026_budget-0004-1,Account Executive,S&M,S&M,True,Austin,plan:fy2026_budget,1.0,8,9166.666666666666,0.0,779.1666666666666,1283.3333333333333,0.0,0.0,11229.166666666666
2026-10,plan:fy2026_budget-0004-1,Account Executive,S&M,S&M,True,Austin,plan:fy2026_budget,1.0,9,9166.666666666666,0.0,779.1666666666666,1283.3333333333333,0.0,0.0,11229.166666666666
2026-11,plan:fy2026_budget-0004-1,Account Executive,S&M,S&M,True,Austin,plan:fy2026_budget,1.0,10,9166.666666666666,0.0,779.1666666666666,1283.3333333333333,0.0,0.0,11229.166666666666
2026-12,plan:fy2026_budget-0004-1,Account Executive,S&M,S&M,True,Austin,plan:fy2026_budget,1.0,11,9166.666666666666,0.0,779.1666666666666,1283.3333333333333,0.0,0.0,11229.166666666666
2026-02,plan:fy2026_budget-0005-0,Sales Development Rep,S&M,S&M,True,Austin,plan:fy2026_budget,1.0,0,5416.666666666667,0.0,460.41666666666674,758.3333333333335,9750.0,3500.0,6635.416666666668
2026-03,plan:fy2026_budget-0005-0,Sales Development Rep,S&M,S&M,True,Austin,plan:fy2026_budget,1.0,1,5416.666666666667,0.0,460.41666666666674,758.3333333333335,0.0,0.0,6635.416666666668
2026-04,plan:fy2026_budget-0005-0,Sales Development Rep,S&M,S&M,True,Austin,plan:fy2026_budget,1.0,2,5416.666666666667,0.0,460.41666666666674,758.3333333333335,0.0,0.0,6635.416666666668
2026-05,plan:fy2026_budget-0005-0,Sales Development Rep,S&M,S&M,True,Austin,plan:fy2026_budget,1.0,3,5416.666666666667,0.0,460.41666666666674,758.3333333333335,0.0,0.0,6635.416666666668
2026-06,plan:fy2026_budget-0005-0,Sales Development Rep,S&M,S&M,True,Austin,plan:fy2026_budget,1.0,4,5416.666666666667,0.0,460.41666666666674,758.3333333333335,0.0,0.0,6635.416666666668
2026-07,plan:fy2026_budget-0005-0,Sales Development Rep,S&M,S&M,True,Austin,plan:fy2026_budget,1.0,5,5416.666666666667,0.0,460.41666666666674,758.3333333333335,0.0,0.0,6635.416666666668
2026-08,plan:fy2026_budget-0005-0,Sales Development Rep,S&M,S&M,True,Austin,plan:fy2026_budget,1.0,6,5416.666666666667,0.0,460.41666666666674,758.3333333333335,0.0,0.0,6635.416666666668
2026-09,plan:fy2026_budget-0005-0,Sales Development Rep,S&M,S&M,True,Austin,plan:fy2026_budget,1.0,7,5416.666666666667,0.0,460.41666666666674,758.3333333333335,0.0,0.0,6635.416666666668
2026-10,plan:fy2026_budget-0005-0,Sales Development Rep,S&M,S&M,True,Austin,plan:fy2026_budget,1.0,8,5416.666666666667,0.0,460.41666666666674,758.3333333333335,0.0,0.0,6635.416666666668
2026-11,plan:fy2026_budget-0005-0,Sales Development Rep,S&M,S&M,True,Austin,plan:fy2026_budget,1.0,9,5416.666666666667,0.0,460.41666666666674,758.3333333333335,0.0,0.0,6635.416666666668
2026-12,plan:fy2026_budget-0005-0,Sales Development Rep,S&M,S&M,True,Austin,plan:fy2026_budget,1.0,10,5416.666666666667,0.0,460.41666666666674,758.3333333333335,0.0,0.0,6635.416666666668
2026-04,plan:fy2026_budget-0006-0,Marketing Manager,S&M,S&M,False,Austin,plan:fy2026_budget,1.0,0,10000.0,800.0,918.0000000000001,1400.0000000000002,18000.0,3500.0,13118.0
2026-05,plan:fy2026_budget-0006-0,Marketing Manager,S&M,S&M,False,Austin,plan:fy2026_budget,1.0,1,10000.0,800.0,918.0000000000001,1400.0000000000002,0.0,0.0,13118.0
2026-06,plan:fy2026_budget-0006-0,Marketing Manager,S&M,S&M,False,Austin,plan:fy2026_budget,1.0,2,10000.0,800.0,918.0000000000001,1400.0000000000002,0.0,0.0,13118.0
2026-07,plan:fy2026_budget-0006-0,Marketing Manager,S&M,S&M,False,Austin,plan:fy2026_budget,1.0,3,10000.0,800.0,918.0000000000001,1400.0000000000002,0.0,0.0,13118.0
2026-08,plan:fy2026_budget-0006-0,Marketing Manager,S&M,S&M,False,Austin,plan:fy2026_budget,1.0,4,10000.0,800.0,918.0000000000001,1400.0000000000002,0.0,0.0,13118.0
2026-09,plan:fy2026_budget-0006-0,Marketing Manager,S&M,S&M,False,Austin,plan:fy2026_budget,1.0,5,10000.0,800.0,918.0000000000001,1400.0000000000002,0.0,0.0,13118.0
2026-10,plan:fy2026_budget-0006-0,Marketing Manager,S&M,S&M,False,Austin,plan:fy2026_budget,1.0,6,10000.0,800.0,918.0000000000001,1400.0000000000002,0.0,0.0,13118.0
2026-11,plan:fy2026_budget-0006-0,Marketing Manager,S&M,S&M,False,Austin,plan:fy2026_budget,1.0,7,10000.0,800.0,918.0000000000001,1400.0000000000002,0.0,0.0,13118.0
2026-12,plan:fy2026_budget-0006-0,Marketing Manager,S&M,S&M,False,Austin,plan:fy2026_budget,1.0,8,10000.0,800.0,918.0000000000001,1400.0000000000002,0.0,0.0,13118.0
2026-03,plan:fy2026_budget-0007-0,Customer Success Manager,Customer Operations,COGS,False,Austin,plan:fy2026_budget,1.0,0,7500.0,600.0,688.5,1050.0,13500.0,3500.0,9838.5
2026-04,plan:fy2026_budget-0007-0,Customer Success Manager,Customer Operations,COGS,False,Austin,plan:fy2026_budget,1.0,1,7500.0,600.0,688.5,1050.0,0.0,0.0,9838.5
2026-05,plan:fy2026_budget-0007-0,Customer Success Manager,Customer Operations,COGS,False,Austin,plan:fy2026_budget,1.0,2,7500.0,600.0,688.5,1050.0,0.0,0.0,9838.5
2026-06,plan:fy2026_budget-0007-0,Customer Success Manager,Customer Operations,COGS,False,Austin,plan:fy2026_budget,1.0,3,7500.0,600.0,688.5,1050.0,0.0,0.0,9838.5
2026-07,plan:fy2026_budget-0007-0,Customer Success Manager,Customer Operations,COGS,False,Austin,plan:fy2026_budget,1.0,4,7500.0,600.0,688.5,1050.0,0.0,0.0,9838.5
2026-08,plan:fy2026_budget-0007-0,Customer Success Manager,Customer Operations,COGS,False,Austin,plan:fy2026_budget,1.0,5,7500.0,600.0,688.5,1050.0,0.0,0.0,9838.5
2026-09,plan:fy2026_budget-0007-0,Customer Success Manager,Customer Operations,COGS,False,Austin,plan:fy2026_budget,1.0,6,7500.0,600.0,688.5,1050.0,0.0,0.0,9838.5
2026-10,plan:fy2026_budget-0007-0,Customer Success Manager,Customer Operations,COGS,False,Austin,plan:fy2026_budget,1.0,7,7500.0,600.0,688.5,1050.0,0.0,0.0,9838.5
2026-11,plan:fy2026_budget-0007-0,Customer Success Manager,Customer Operations,COGS,False,Austin,plan:fy2026_budget,1.0,8,7500.0,600.0,688.5,1050.0,0.0,0.0,9838.5
2026-12,plan:fy2026_budget-0007-0,Customer Success Manager,Customer Operations,COGS,False,Austin,plan:fy2026_budget,1.0,9,7500.0,600.0,688.5,1050.0,0.0,0.0,9838.5
2026-03,plan:fy2026_budget-0007-1,Customer Success Manager,Customer Operations,COGS,False,Austin,plan:fy2026_budget,1.0,0,7500.0,600.0,688.5,1050.0,13500.0,3500.0,9838.5
2026-04,plan:fy2026_budget-0007-1,Customer Success Manager,Customer Operations,COGS,False,Austin,plan:fy2026_budget,1.0,1,7500.0,600.0,688.5,1050.0,0.0,0.0,9838.5
2026-05,plan:fy2026_budget-0007-1,Customer Success Manager,Customer Operations,COGS,False,Austin,plan:fy2026_budget,1.0,2,7500.0,600.0,688.5,1050.0,0.0,0.0,9838.5
2026-06,plan:fy2026_budget-0007-1,Customer Success Manager,Customer Operations,COGS,False,Austin,plan:fy2026_budget,1.0,3,7500.0,600.0,688.5,1050.0,0.0,0.0,9838.5
2026-07,plan:fy2026_budget-0007-1,Customer Success Manager,Customer Operations,COGS,False,Austin,plan:fy2026_budget,1.0,4,7500.0,600.0,688.5,1050.0,0.0,0.0,9838.5
2026-08,plan:fy2026_budget-0007-1,Customer Success Manager,Customer Operations,COGS,False,Austin,plan:fy2026_budget,1.0,5,7500.0,600.0,688.5,1050.0,0.0,0.0,9838.5
2026-09,plan:fy2026_budget-0007-1,Customer Success Manager,Customer Operations,COGS,False,Austin,plan:fy2026_budget,1.0,6,7500.0,600.0,688.5,1050.0,0.0,0.0,9838.5
2026-10,plan:fy2026_budget-0007-1,Customer Success Manager,Customer Operations,COGS,False,Austin,plan:fy2026_budget,1.0,7,7500.0,600.0,688.5,1050.0,0.0,0.0,9838.5
2026-11,plan:fy2026_budget-0007-1,Customer Success Manager,Customer Operations,COGS,False,Austin,plan:fy2026_budget,1.0,8,7500.0,600.0,688.5,1050.0,0.0,0.0,9838.5
2026-12,plan:fy2026_budget-0007-1,Customer Success Manager,Customer Operations,COGS,False,Austin,plan:fy2026_budget,1.0,9,7500.0,600.0,688.5,1050.0,0.0,0.0,9838.5
2026-02,plan:fy2026_budget-0008-0,Finance & Operations,G&A,G&A,False,Montreal,plan:fy2026_budget,1.0,0,7500.0,600.0,891.0,450.0,13500.0,3500.0,9441.0
2026-03,plan:fy2026_budget-0008-0,Finance & Operations,G&A,G&A,False,Montreal,plan:fy2026_budget,1.0,1,7500.0,600.0,891.0,450.0,0.0,0.0,9441.0
2026-04,plan:fy2026_budget-0008-0,Finance & Operations,G&A,G&A,False,Montreal,plan:fy2026_budget,1.0,2,7500.0,600.0,891.0,450.0,0.0,0.0,9441.0
2026-05,plan:fy2026_budget-0008-0,Finance & Operations,G&A,G&A,False,Montreal,plan:fy2026_budget,1.0,3,7500.0,600.0,891.0,450.0,0.0,0.0,9441.0
2026-06,plan:fy2026_budget-0008-0,Finance & Operations,G&A,G&A,False,Montreal,plan:fy2026_budget,1.0,4,7500.0,600.0,891.0,450.0,0.0,0.0,9441.0
2026-07,plan:fy2026_budget-0008-0,Finance & Operations,G&A,G&A,False,Montreal,plan:fy2026_budget,1.0,5,7500.0,600.0,891.0,450.0,0.0,0.0,9441.0
2026-08,plan:fy2026_budget-0008-0,Finance & Operations,G&A,G&A,False,Montreal,plan:fy2026_budget,1.0,6,7500.0,600.0,891.0,450.0,0.0,0.0,9441.0
2026-09,plan:fy2026_budget-0008-0,Finance & Operations,G&A,G&A,False,Montreal,plan:fy2026_budget,1.0,7,7500.0,600.0,891.0,450.0,0.0,0.0,9441.0
2026-10,plan:fy2026_budget-0008-0,Finance & Operations,G&A,G&A,False,Montreal,plan:fy2026_budget,1.0,8,7500.0,600.0,891.0,450.0,0.0,0.0,9441.0
2026-11,plan:fy2026_budget-0008-0,Finance & Operations,G&A,G&A,False,Montreal,plan:fy2026_budget,1.0,9,7500.0,600.0,891.0,450.0,0.0,0.0,9441.0
2026-12,plan:fy2026_budget-0008-0,Finance & Operations,G&A,G&A,False,Montreal,plan:fy2026_budget,1.0,10,7500.0,600.0,891.0,450.0,0.0,0.0,9441.0
2026-01,vacancy-allowance,Vacancy allowance,Customer Operations,COGS,False,Austin,vacancy,-0.16,0,-1342.8711537742213,-107.42969230193772,-123.27557191647355,-188.001961528391,0.0,0.0,-1761.5783795210236
2026-01,vacancy-allowance,Vacancy allowance,Customer Operations,COGS,False,Montreal,vacancy,-0.34,0,-2705.3597211472256,-216.42877769177807,-321.3967348722904,-162.32158326883354,0.0,0.0,-3405.5068169801275
2026-01,vacancy-allowance,Vacancy allowance,Customer Operations,COGS,False,Paris,vacancy,-0.02,0,-207.46871879595406,-16.597497503676326,-94.10781084584474,-10.373435939797703,0.0,0.0,-328.54746308527285
2026-01,vacancy-allowance,Vacancy allowance,G&A,G&A,False,Austin,vacancy,-0.02,0,-565.1783762541296,-45.21427010033037,-51.88337494012911,-79.12497267557816,0.0,0.0,-741.4009939701673
2026-01,vacancy-allowance,Vacancy allowance,G&A,G&A,False,Montreal,vacancy,-0.26,0,-3306.9025261788593,-264.55220209430877,-392.8600201100485,-198.41415157073155,0.0,0.0,-4162.728899953949
2026-01,vacancy-allowance,Vacancy allowance,R&D,R&D,False,Montreal,vacancy,-0.88,0,-9043.132059185271,-723.4505647348217,-1074.32408863121,-542.5879235511162,0.0,0.0,-11383.49463610242
2026-01,vacancy-allowance,Vacancy allowance,R&D,R&D,False,Paris,vacancy,-0.46,0,-4007.789640413666,-320.6231712330933,-1817.9333808916388,-200.3894820206833,0.0,0.0,-6346.735674559081
2026-01,vacancy-allowance,Vacancy allowance,S&M,S&M,False,Austin,vacancy,-0.56,0,-5279.208352822634,-107.65689671691311,-457.88354621086154,-739.0891693951687,0.0,0.0,-6583.837965145578
2026-01,vacancy-allowance,Vacancy allowance,S&M,S&M,False,Montreal,vacancy,-0.02,0,-174.83911715241717,-13.987129372193374,-20.77088711770716,-10.49034702914503,0.0,0.0,-220.08748067146274
2026-02,vacancy-allowance,Vacancy allowance,Customer Operations,COGS,False,Austin,vacancy,-0.16,0,-1342.8711537742213,-107.42969230193772,-123.27557191647355,-188.001961528391,0.0,0.0,-1761.5783795210236
2026-02,vacancy-allowance,Vacancy allowance,Customer Operations,COGS,False,Montreal,vacancy,-0.34,0,-2705.3597211472256,-216.42877769177807,-321.3967348722904,-162.32158326883354,0.0,0.0,-3405.5068169801275
2026-02,vacancy-allowance,Vacancy allowance,Customer Operations,COGS,False,Paris,vacancy,-0.02,0,-207.46871879595406,-16.597497503676326,-94.10781084584474,-10.373435939797703,0.0,0.0,-328.54746308527285
2026-02,vacancy-allowance,Vacancy allowance,G&A,G&A,False,Austin,vacancy,-0.02,0,-565.1783762541296,-45.21427010033037,-51.88337494012911,-79.12497267557816,0.0,0.0,-741.4009939701673
2026-02,vacancy-allowance,Vacancy allowance,G&A,G&A,False,Montreal,vacancy,-0.28,0,-3456.9025261788593,-276.55220209430877,-410.68002011004853,-207.41415157073155,0.0,0.0,-4351.548899953948
2026-02,vacancy-allowance,Vacancy allowance,R&D,R&D,False,Montreal,vacancy,-0.92,0,-9459.798725851937,-756.7838980681549,-1123.8240886312103,-567.5879235511162,0.0,0.0,-11907.99463610242
2026-02,vacancy-allowance,Vacancy allowance,R&D,R&D,False,Paris,vacancy,-0.52,0,-4407.789640413666,-352.6231712330932,-1999.3733808916388,-220.3894820206833,0.0,0.0,-6980.175674559082
2026-02,vacancy-allowance,Vacancy allowance,S&M,S&M,False,Austin,vacancy,-0.58,0,-5387.541686155967,-107.65689671691311,-467.09187954419485,-754.2558360618355,0.0,0.0,-6716.54629847891
2026-02,vacancy-allowance,Vacancy allowance,S&M,S&M,False,Montreal,vacancy,-0.02,0,-174.83911715241717,-13.987129372193374,-20.77088711770716,-10.49034702914503,0.0,0.0,-220.08748067146274
2026-03,vacancy-allowance,Vacancy allowance,Customer Operations,COGS,False,Austin,vacancy,-0.2,0,-1642.8711537742213,-131.42969230193773,-150.81557191647354,-230.001961528391,0.0,0.0,-2155.1183795210236
2026-03,vacancy-allowance,Vacancy allowance,Customer Operations,COGS,False,Montreal,vacancy,-0.34,0,-2705.3597211472256,-216.42877769177807,-321.3967348722904,-162.32158326883354,0.0,0.0,-3405.5068169801275
2026-03,vacancy-allowance,Vacancy allowance,Customer Operations,COGS,False,Paris,vacancy,-0.02,0,-207.46871879595406,-16.597497503676326,-94.10781084584474,-10.373435939797703,0.0,0.0,-328.54746308527285
2026-03,vacancy-allowance,Vacancy allowance,G&A,G&A,False,Austin,vacancy,-0.02,0,-565.1783762541296,-45.21427010033037,-51.88337494012911,-79.12497267557816,0.0,0.0,-741.4009939701673
2026-03,vacancy-allowance,Vacancy allowance,G&A,G&A,False,Montreal,vacancy,-0.28,0,-3456.9025261788593,-276.55220209430877,-410.68002011004853,-207.41415157073155,0.0,0.0,-4351.548899953948
2026-03,vacancy-allowance,Vacancy allowance,R&D,R&D,False,Montreal,vacancy,-0.92,0,-9459.798725851937,-756.7838980681549,-1123.8240886312103,-567.5879235511162,0.0,0.0,-11907.99463610242
2026-03,vacancy-allowance,Vacancy allowance,R&D,R&D,False,Paris,vacancy,-0.56,0,-4724.456307080332,-377.9565045664266,-2143.013380891639,-236.22281535401663,0.0,0.0,-7481.649007892414
2026-03,vacancy-allowance,Vacancy allowance,S&M,S&M,False,Austin,vacancy,-0.58,0,-5387.541686155967,-107.65689671691311,-467.09187954419485,-754.2558360618355,0.0,0.0,-6716.54629847891
2026-03,vacancy-allowance,Vacancy allowance,S&M,S&M,False,Montreal,vacancy,-0.02,0,-174.83911715241717,-13.987129372193374,-20.77088711770716,-10.49034702914503,0.0,0.0,-220.08748067146274
2026-04,vacancy-allowance,Vacancy allowance,Customer Operations,COGS,False,Austin,vacancy,-0.2,0,-1642.8711537742213,-131.42969230193773,-150.81557191647354,-230.001961528391,0.0,0.0,-2155.1183795210236
2026-04,vacancy-allowance,Vacancy allowance,Customer Operations,COGS,False,Montreal,vacancy,-0.34,0,-2705.3597211472256,-216.42877769177807,-321.3967348722904,-162.32158326883354,0.0,0.0,-3405.5068169801275
2026-04,vacancy-allowance,Vacancy allowance,Customer Operations,COGS,False,Paris,vacancy,-0.02,0,-207.46871879595406,-16.597497503676326,-94.10781084584474,-10.373435939797703,0.0,0.0,-328.54746308527285
2026-04,vacancy-allowance,Vacancy allowance,G&A,G&A,False,Austin,vacancy,-0.02,0,-565.1783762541296,-45.21427010033037,-51.88337494012911,-79.12497267557816,0.0,0.0,-741.4009939701673
2026-04,vacancy-allowance,Vacancy allowance,G&A,G&A,False,Montreal,vacancy,-0.28,0,-3456.9025261788593,-276.55220209430877,-410.68002011004853,-207.41415157073155,0.0,0.0,-4351.548899953948
2026-04,vacancy-allowance,Vacancy allowance,R&D,R&D,False,Montreal,vacancy,-0.92,0,-9459.798725851937,-756.7838980681549,-1123.8240886312103,-567.5879235511162,0.0,0.0,-11907.99463610242
2026-04,vacancy-allowance,Vacancy allowance,R&D,R&D,False,Paris,vacancy,-0.56,0,-4724.456307080332,-377.9565045664266,-2143.013380891639,-236.22281535401663,0.0,0.0,-7481.649007892414
2026-04,vacancy-allowance,Vacancy allowance,S&M,S&M,False,Austin,vacancy,-0.6,0,-5587.541686155967,-123.65689671691311,-485.4518795441948,-782.2558360618355,0.0,0.0,-6978.906298478911
2026-04,vacancy-allowance,Vacancy allowance,S&M,S&M,False,Montreal,vacancy,-0.02,0,-174.83911715241717,-13.987129372193374,-20.77088711770716,-10.49034702914503,0.0,0.0,-220.08748067146274
2026-05,vacancy-allowance,Vacancy allowance,Customer Operations,COGS,False,Austin,vacancy,-0.2,0,-1642.8711537742213,-131.42969230193773,-150.81557191647354,-230.001961528391,0.0,0.0,-2155.1183795210236
2026-05,vacancy-allowance,Vacancy allowance,Customer Operations,COGS,False,Montreal,vacancy,-0.34,0,-2705.3597211472256,-216.42877769177807,-321.3967348722904,-162.32158326883354,0.0,0.0,-3405.5068169801275
2026-05,vacancy-allowance,Vacancy allowance,Customer Operations,COGS,False,Paris,vacancy,-0.02,0,-207.46871879595406,-16.597497503676326,-94.10781084584474,-10.373435939797703,0.0,0.0,-328.54746308527285
2026-05,vacancy-allowance,Vacancy allowance,G&A,G&A,False,Austin,vacancy,-0.02,0,-565.1783762541296,-45.21427010033037,-51.88337494012911,-79.12497267557816,0.0,0.0,-741.4009939701673
2026-05,vacancy-allowance,Vacancy allowance,G&A,G&A,False,Montreal,vacancy,-0.28,0,-3456.9025261788593,-276.55220209430877,-410.68002011004853,-207.41415157073155,0.0,0.0,-4351.548899953948
2026-05,vacancy-allowance,Vacancy allowance,R&D,R&D,False,Montreal,vacancy,-0.92,0,-9459.798725851937,-756.7838980681549,-1123.8240886312103,-567.5879235511162,0.0,0.0,-11907.99463610242
2026-05,vacancy-allowance,Vacancy allowance,R&D,R&D,False,Paris,vacancy,-0.56,0,-4724.456307080332,-377.9565045664266,-2143.013380891639,-236.22281535401663,0.0,0.0,-7481.649007892414
2026-05,vacancy-allowance,Vacancy allowance,S&M,S&M,False,Austin,vacancy,-0.6,0,-5587.541686155967,-123.65689671691311,-485.4518795441948,-782.2558360618355,0.0,0.0,-6978.906298478911
2026-05,vacancy-allowance,Vacancy allowance,S&M,S&M,False,Montreal,vacancy,-0.02,0,-174.83911715241717,-13.987129372193374,-20.77088711770716,-10.49034702914503,0.0,0.0,-220.08748067146274
2026-06,vacancy-allowance,Vacancy allowance,Customer Operations,COGS,False,Austin,vacancy,-0.2,0,-1642.8711537742213,-131.42969230193773,-150.81557191647354,-230.001961528391,0.0,0.0,-2155.1183795210236
2026-06,vacancy-allowance,Vacancy allowance,Customer Operations,COGS,False,Montreal,vacancy,-0.34,0,-2705.3597211472256,-216.42877769177807,-321.3967348722904,-162.32158326883354,0.0,0.0,-3405.5068169801275
2026-06,vacancy-allowance,Vacancy allowance,Customer Operations,COGS,False,Paris,vacancy,-0.02,0,-207.46871879595406,-16.597497503676326,-94.10781084584474,-10.373435939797703,0.0,0.0,-328.54746308527285
2026-06,vacancy-allowance,Vacancy allowance,G&A,G&A,False,Austin,vacancy,-0.02,0,-565.1783762541296,-45.21427010033037,-51.88337494012911,-79.12497267557816,0.0,0.0,-741.4009939701673
2026-06,vacancy-allowance,Vacancy allowance,G&A,G&A,False,Montreal,vacancy,-0.28,0,-3456.9025261788593,-276.55220209430877,-410.68002011004853,-207.41415157073155,0.0,0.0,-4351.548899953948
2026-06,vacancy-allowance,Vacancy allowance,R&D,R&D,False,Montreal,vacancy,-0.92,0,-9459.798725851937,-756.7838980681549,-1123.8240886312103,-567.5879235511162,0.0,0.0,-11907.99463610242
2026-06,vacancy-allowance,Vacancy allowance,R&D,R&D,False,Paris,vacancy,-0.56,0,-4724.456307080332,-377.9565045664266,-2143.013380891639,-236.22281535401663,0.0,0.0,-7481.649007892414
2026-06,vacancy-allowance,Vacancy allowance,S&M,S&M,False,Austin,vacancy,-0.6,0,-5587.541686155967,-123.65689671691311,-485.4518795441948,-782.2558360618355,0.0,0.0,-6978.906298478911
2026-06,vacancy-allowance,Vacancy allowance,S&M,S&M,False,Montreal,vacancy,-0.02,0,-174.83911715241717,-13.987129372193374,-20.77088711770716,-10.49034702914503,0.0,0.0,-220.08748067146274
2026-07,vacancy-allowance,Vacancy allowance,Customer Operations,COGS,False,Austin,vacancy,-0.2,0,-1642.8711537742213,-131.42969230193773,-150.81557191647354,-230.001961528391,0.0,0.0,-2155.1183795210236
2026-07,vacancy-allowance,Vacancy allowance,Customer Operations,COGS,False,Montreal,vacancy,-0.34,0,-2705.3597211472256,-216.42877769177807,-321.3967348722904,-162.32158326883354,0.0,0.0,-3405.5068169801275
2026-07,vacancy-allowance,Vacancy allowance,Customer Operations,COGS,False,Paris,vacancy,-0.02,0,-207.46871879595406,-16.597497503676326,-94.10781084584474,-10.373435939797703,0.0,0.0,-328.54746308527285
2026-07,vacancy-allowance,Vacancy allowance,G&A,G&A,False,Austin,vacancy,-0.02,0,-565.1783762541296,-45.21427010033037,-51.88337494012911,-79.12497267557816,0.0,0.0,-741.4009939701673
2026-07,vacancy-allowance,Vacancy allowance,G&A,G&A,False,Montreal,vacancy,-0.28,0,-3456.9025261788593,-276.55220209430877,-410.68002011004853,-207.41415157073155,0.0,0.0,-4351.548899953948
2026-07,vacancy-allowance,Vacancy allowance,R&D,R&D,False,Montreal,vacancy,-0.92,0,-9459.798725851937,-756.7838980681549,-1123.8240886312103,-567.5879235511162,0.0,0.0,-11907.99463610242
2026-07,vacancy-allowance,Vacancy allowance,R&D,R&D,False,Paris,vacancy,-0.56,0,-4724.456307080332,-377.9565045664266,-2143.013380891639,-236.22281535401663,0.0,0.0,-7481.649007892414
2026-07,vacancy-allowance,Vacancy allowance,S&M,S&M,False,Austin,vacancy,-0.6,0,-5587.541686155967,-123.65689671691311,-485.4518795441948,-782.2558360618355,0.0,0.0,-6978.906298478911
2026-07,vacancy-allowance,Vacancy allowance,S&M,S&M,False,Montreal,vacancy,-0.02,0,-174.83911715241717,-13.987129372193374,-20.77088711770716,-10.49034702914503,0.0,0.0,-220.08748067146274
2026-08,vacancy-allowance,Vacancy allowance,Customer Operations,COGS,False,Austin,vacancy,-0.2,0,-1642.8711537742213,-131.42969230193773,-150.81557191647354,-230.001961528391,0.0,0.0,-2155.1183795210236
2026-08,vacancy-allowance,Vacancy allowance,Customer Operations,COGS,False,Montreal,vacancy,-0.34,0,-2705.3597211472256,-216.42877769177807,-321.3967348722904,-162.32158326883354,0.0,0.0,-3405.5068169801275
2026-08,vacancy-allowance,Vacancy allowance,Customer Operations,COGS,False,Paris,vacancy,-0.02,0,-207.46871879595406,-16.597497503676326,-94.10781084584474,-10.373435939797703,0.0,0.0,-328.54746308527285
2026-08,vacancy-allowance,Vacancy allowance,G&A,G&A,False,Austin,vacancy,-0.02,0,-565.1783762541296,-45.21427010033037,-51.88337494012911,-79.12497267557816,0.0,0.0,-741.4009939701673
2026-08,vacancy-allowance,Vacancy allowance,G&A,G&A,False,Montreal,vacancy,-0.28,0,-3456.9025261788593,-276.55220209430877,-410.68002011004853,-207.41415157073155,0.0,0.0,-4351.548899953948
2026-08,vacancy-allowance,Vacancy allowance,R&D,R&D,False,Montreal,vacancy,-0.92,0,-9459.798725851937,-756.7838980681549,-1123.8240886312103,-567.5879235511162,0.0,0.0,-11907.99463610242
2026-08,vacancy-allowance,Vacancy allowance,R&D,R&D,False,Paris,vacancy,-0.56,0,-4724.456307080332,-377.9565045664266,-2143.013380891639,-236.22281535401663,0.0,0.0,-7481.649007892414
2026-08,vacancy-allowance,Vacancy allowance,S&M,S&M,False,Austin,vacancy,-0.6,0,-5587.541686155967,-123.65689671691311,-485.4518795441948,-782.2558360618355,0.0,0.0,-6978.906298478911
2026-08,vacancy-allowance,Vacancy allowance,S&M,S&M,False,Montreal,vacancy,-0.02,0,-174.83911715241717,-13.987129372193374,-20.77088711770716,-10.49034702914503,0.0,0.0,-220.08748067146274
2026-09,vacancy-allowance,Vacancy allowance,Customer Operations,COGS,False,Austin,vacancy,-0.2,0,-1642.8711537742213,-131.42969230193773,-150.81557191647354,-230.001961528391,0.0,0.0,-2155.1183795210236
2026-09,vacancy-allowance,Vacancy allowance,Customer Operations,COGS,False,Montreal,vacancy,-0.34,0,-2705.3597211472256,-216.42877769177807,-321.3967348722904,-162.32158326883354,0.0,0.0,-3405.5068169801275
2026-09,vacancy-allowance,Vacancy allowance,Customer Operations,COGS,False,Paris,vacancy,-0.02,0,-207.46871879595406,-16.597497503676326,-94.10781084584474,-10.373435939797703,0.0,0.0,-328.54746308527285
2026-09,vacancy-allowance,Vacancy allowance,G&A,G&A,False,Austin,vacancy,-0.02,0,-565.1783762541296,-45.21427010033037,-51.88337494012911,-79.12497267557816,0.0,0.0,-741.4009939701673
2026-09,vacancy-allowance,Vacancy allowance,G&A,G&A,False,Montreal,vacancy,-0.28,0,-3456.9025261788593,-276.55220209430877,-410.68002011004853,-207.41415157073155,0.0,0.0,-4351.548899953948
2026-09,vacancy-allowance,Vacancy allowance,R&D,R&D,False,Montreal,vacancy,-0.92,0,-9459.798725851937,-756.7838980681549,-1123.8240886312103,-567.5879235511162,0.0,0.0,-11907.99463610242
2026-09,vacancy-allowance,Vacancy allowance,R&D,R&D,False,Paris,vacancy,-0.56,0,-4724.456307080332,-377.9565045664266,-2143.013380891639,-236.22281535401663,0.0,0.0,-7481.649007892414
2026-09,vacancy-allowance,Vacancy allowance,S&M,S&M,False,Austin,vacancy,-0.6,0,-5587.541686155967,-123.65689671691311,-485.4518795441948,-782.2558360618355,0.0,0.0,-6978.906298478911
2026-09,vacancy-allowance,Vacancy allowance,S&M,S&M,False,Montreal,vacancy,-0.02,0,-174.83911715241717,-13.987129372193374,-20.77088711770716,-10.49034702914503,0.0,0.0,-220.08748067146274
2026-10,vacancy-allowance,Vacancy allowance,Customer Operations,COGS,False,Austin,vacancy,-0.2,0,-1642.8711537742213,-131.42969230193773,-150.81557191647354,-230.001961528391,0.0,0.0,-2155.1183795210236
2026-10,vacancy-allowance,Vacancy allowance,Customer Operations,COGS,False,Montreal,vacancy,-0.34,0,-2705.3597211472256,-216.42877769177807,-321.3967348722904,-162.32158326883354,0.0,0.0,-3405.5068169801275
2026-10,vacancy-allowance,Vacancy allowance,Customer Operations,COGS,False,Paris,vacancy,-0.02,0,-207.46871879595406,-16.597497503676326,-94.10781084584474,-10.373435939797703,0.0,0.0,-328.54746308527285
2026-10,vacancy-allowance,Vacancy allowance,G&A,G&A,False,Austin,vacancy,-0.02,0,-565.1783762541296,-45.21427010033037,-51.88337494012911,-79.12497267557816,0.0,0.0,-741.4009939701673
2026-10,vacancy-allowance,Vacancy allowance,G&A,G&A,False,Montreal,vacancy,-0.28,0,-3456.9025261788593,-276.55220209430877,-410.68002011004853,-207.41415157073155,0.0,0.0,-4351.548899953948
2026-10,vacancy-allowance,Vacancy allowance,R&D,R&D,False,Montreal,vacancy,-0.92,0,-9459.798725851937,-756.7838980681549,-1123.8240886312103,-567.5879235511162,0.0,0.0,-11907.99463610242
2026-10,vacancy-allowance,Vacancy allowance,R&D,R&D,False,Paris,vacancy,-0.56,0,-4724.456307080332,-377.9565045664266,-2143.013380891639,-236.22281535401663,0.0,0.0,-7481.649007892414
2026-10,vacancy-allowance,Vacancy allowance,S&M,S&M,False,Austin,vacancy,-0.6,0,-5587.541686155967,-123.65689671691311,-485.4518795441948,-782.2558360618355,0.0,0.0,-6978.906298478911
2026-10,vacancy-allowance,Vacancy allowance,S&M,S&M,False,Montreal,vacancy,-0.02,0,-174.83911715241717,-13.987129372193374,-20.77088711770716,-10.49034702914503,0.0,0.0,-220.08748067146274
2026-11,vacancy-allowance,Vacancy allowance,Customer Operations,COGS,False,Austin,vacancy,-0.2,0,-1642.8711537742213,-131.42969230193773,-150.81557191647354,-230.001961528391,0.0,0.0,-2155.1183795210236
2026-11,vacancy-allowance,Vacancy allowance,Customer Operations,COGS,False,Montreal,vacancy,-0.34,0,-2705.3597211472256,-216.42877769177807,-321.3967348722904,-162.32158326883354,0.0,0.0,-3405.5068169801275
2026-11,vacancy-allowance,Vacancy allowance,Customer Operations,COGS,False,Paris,vacancy,-0.02,0,-207.46871879595406,-16.597497503676326,-94.10781084584474,-10.373435939797703,0.0,0.0,-328.54746308527285
2026-11,vacancy-allowance,Vacancy allowance,G&A,G&A,False,Austin,vacancy,-0.02,0,-565.1783762541296,-45.21427010033037,-51.88337494012911,-79.12497267557816,0.0,0.0,-741.4009939701673
2026-11,vacancy-allowance,Vacancy allowance,G&A,G&A,False,Montreal,vacancy,-0.28,0,-3456.9025261788593,-276.55220209430877,-410.68002011004853,-207.41415157073155,0.0,0.0,-4351.548899953948
2026-11,vacancy-allowance,Vacancy allowance,R&D,R&D,False,Montreal,vacancy,-0.92,0,-9459.798725851937,-756.7838980681549,-1123.8240886312103,-567.5879235511162,0.0,0.0,-11907.99463610242
2026-11,vacancy-allowance,Vacancy allowance,R&D,R&D,False,Paris,vacancy,-0.56,0,-4724.456307080332,-377.9565045664266,-2143.013380891639,-236.22281535401663,0.0,0.0,-7481.649007892414
2026-11,vacancy-allowance,Vacancy allowance,S&M,S&M,False,Austin,vacancy,-0.6,0,-5587.541686155967,-123.65689671691311,-485.4518795441948,-782.2558360618355,0.0,0.0,-6978.906298478911
2026-11,vacancy-allowance,Vacancy allowance,S&M,S&M,False,Montreal,vacancy,-0.02,0,-174.83911715241717,-13.987129372193374,-20.77088711770716,-10.49034702914503,0.0,0.0,-220.08748067146274
2026-12,vacancy-allowance,Vacancy allowance,Customer Operations,COGS,False,Austin,vacancy,-0.2,0,-1642.8711537742213,-131.42969230193773,-150.81557191647354,-230.001961528391,0.0,0.0,-2155.1183795210236
2026-12,vacancy-allowance,Vacancy allowance,Customer Operations,COGS,False,Montreal,vacancy,-0.34,0,-2705.3597211472256,-216.42877769177807,-321.3967348722904,-162.32158326883354,0.0,0.0,-3405.5068169801275
2026-12,vacancy-allowance,Vacancy allowance,Customer Operations,COGS,False,Paris,vacancy,-0.02,0,-207.46871879595406,-16.597497503676326,-94.10781084584474,-10.373435939797703,0.0,0.0,-328.54746308527285
2026-12,vacancy-allowance,Vacancy allowance,G&A,G&A,False,Austin,vacancy,-0.02,0,-565.1783762541296,-45.21427010033037,-51.88337494012911,-79.12497267557816,0.0,0.0,-741.4009939701673
2026-12,vacancy-allowance,Vacancy allowance,G&A,G&A,False,Montreal,vacancy,-0.28,0,-3456.9025261788593,-276.55220209430877,-410.68002011004853,-207.41415157073155,0.0,0.0,-4351.548899953948
2026-12,vacancy-allowance,Vacancy allowance,R&D,R&D,False,Montreal,vacancy,-0.92,0,-9459.798725851937,-756.7838980681549,-1123.8240886312103,-567.5879235511162,0.0,0.0,-11907.99463610242
2026-12,vacancy-allowance,Vacancy allowance,R&D,R&D,False,Paris,vacancy,-0.56,0,-4724.456307080332,-377.9565045664266,-2143.013380891639,-236.22281535401663,0.0,0.0,-7481.649007892414
2026-12,vacancy-allowance,Vacancy allowance,S&M,S&M,False,Austin,vacancy,-0.6,0,-5587.541686155967,-123.65689671691311,-485.4518795441948,-782.2558360618355,0.0,0.0,-6978.906298478911
2026-12,vacancy-allowance,Vacancy allowance,S&M,S&M,False,Montreal,vacancy,-0.02,0,-174.83911715241717,-13.987129372193374,-20.77088711770716,-10.49034702914503,0.0,0.0,-220.08748067146274
